ubigeo,DEPARTAMENTO,PROVINCIA,DISTRITO,r1_AEV,r1_AN,r1_APP,r1_APRA,r1_AvP,r1_CPP,r1_CoopP,r1_FE,r1_FE21,r1_FP,r1_FREPAP,r1_FyL,r1_JxP,r1_LP,r1_Morado,r1_Obras,r1_PBG,r1_PDF,r1_PDU,r1_PDV,r1_PID,r1_PL,r1_PLG,r1_PM4,r1_PP1,r1_PPA,r1_PPP,r1_PRG,r1_PRIN,r1_PTE,r1_Podemos,r1_PxT,r1_RP,r1_SAP,r1_SICREO,r1_SP20,r1_UCD,r1_UN,r1_total_valid,r1_blank,r1_null,r1_pct_AEV,r1_pct_AN,r1_pct_APP,r1_pct_APRA,r1_pct_AvP,r1_pct_CPP,r1_pct_CoopP,r1_pct_FE,r1_pct_FE21,r1_pct_FP,r1_pct_FREPAP,r1_pct_FyL,r1_pct_JxP,r1_pct_LP,r1_pct_Morado,r1_pct_Obras,r1_pct_PBG,r1_pct_PDF,r1_pct_PDU,r1_pct_PDV,r1_pct_PID,r1_pct_PL,r1_pct_PLG,r1_pct_PM4,r1_pct_PP1,r1_pct_PPA,r1_pct_PPP,r1_pct_PRG,r1_pct_PRIN,r1_pct_PTE,r1_pct_Podemos,r1_pct_PxT,r1_pct_RP,r1_pct_SAP,r1_pct_SICREO,r1_pct_SP20,r1_pct_UCD,r1_pct_UN,r1_winner
010101,AMAZONAS,CHACHAPOYAS,CHACHAPOYAS,177.0,1750.0,202.0,141.0,19.0,0.0,131.0,11.0,199.0,2395.0,0.0,28.0,1062.0,25.0,87.0,1395.0,1745.0,24.0,35.0,44.0,35.0,74.0,867.0,7.0,121.0,22.0,127.0,28.0,12.0,8.0,107.0,574.0,1141.0,8.0,455.0,335.0,39.0,50.0,13480,1891,1100,1.3131,12.9822,1.4985,1.046,0.1409,0.0,0.9718,0.0816,1.4763,17.7671,0.0,0.2077,7.8783,0.1855,0.6454,10.3487,12.9451,0.178,0.2596,0.3264,0.2596,0.549,6.4318,0.0519,0.8976,0.1632,0.9421,0.2077,0.089,0.0593,0.7938,4.2582,8.4644,0.0593,3.3754,2.4852,0.2893,0.3709,FP
010102,AMAZONAS,CHACHAPOYAS,ASUNCIÓN,4.0,20.0,3.0,0.0,0.0,0.0,0.0,0.0,1.0,13.0,0.0,0.0,15.0,0.0,0.0,16.0,14.0,1.0,2.0,0.0,0.0,2.0,2.0,0.0,0.0,2.0,1.0,0.0,1.0,0.0,0.0,1.0,5.0,1.0,3.0,13.0,1.0,0.0,121,40,12,3.3058,16.5289,2.4793,0.0,0.0,0.0,0.0,0.0,0.8264,10.7438,0.0,0.0,12.3967,0.0,0.0,13.2231,11.5702,0.8264,1.6529,0.0,0.0,1.6529,1.6529,0.0,0.0,1.6529,0.8264,0.0,0.8264,0.0,0.0,0.8264,4.1322,0.8264,2.4793,10.7438,0.8264,0.0,AN
010103,AMAZONAS,CHACHAPOYAS,BALSAS,3.0,31.0,20.0,3.0,0.0,0.0,0.0,1.0,1.0,120.0,0.0,0.0,188.0,0.0,2.0,66.0,8.0,0.0,1.0,1.0,1.0,4.0,4.0,0.0,18.0,3.0,7.0,3.0,3.0,1.0,9.0,16.0,11.0,1.0,12.0,74.0,0.0,0.0,612,137,27,0.4902,5.0654,3.268,0.4902,0.0,0.0,0.0,0.1634,0.1634,19.6078,0.0,0.0,30.719,0.0,0.3268,10.7843,1.3072,0.0,0.1634,0.1634,0.1634,0.6536,0.6536,0.0,2.9412,0.4902,1.1438,0.4902,0.4902,0.1634,1.4706,2.6144,1.7974,0.1634,1.9608,12.0915,0.0,0.0,JxP
010104,AMAZONAS,CHACHAPOYAS,CHETO,9.0,18.0,9.0,3.0,0.0,0.0,1.0,0.0,2.0,67.0,0.0,0.0,77.0,0.0,3.0,87.0,17.0,0.0,0.0,5.0,0.0,3.0,7.0,0.0,1.0,1.0,13.0,1.0,0.0,0.0,5.0,2.0,18.0,0.0,9.0,4.0,1.0,2.0,365,65,46,2.4658,4.9315,2.4658,0.8219,0.0,0.0,0.274,0.0,0.5479,18.3562,0.0,0.0,21.0959,0.0,0.8219,23.8356,4.6575,0.0,0.0,1.3699,0.0,0.8219,1.9178,0.0,0.274,0.274,3.5616,0.274,0.0,0.0,1.3699,0.5479,4.9315,0.0,2.4658,1.0959,0.274,0.5479,Obras
010105,AMAZONAS,CHACHAPOYAS,CHILIQUIN,3.0,20.0,14.0,0.0,0.0,0.0,3.0,1.0,0.0,138.0,0.0,0.0,82.0,3.0,0.0,54.0,15.0,0.0,0.0,2.0,0.0,5.0,6.0,0.0,1.0,0.0,2.0,2.0,1.0,0.0,1.0,6.0,8.0,0.0,3.0,9.0,1.0,0.0,380,105,34,0.7895,5.2632,3.6842,0.0,0.0,0.0,0.7895,0.2632,0.0,36.3158,0.0,0.0,21.5789,0.7895,0.0,14.2105,3.9474,0.0,0.0,0.5263,0.0,1.3158,1.5789,0.0,0.2632,0.0,0.5263,0.5263,0.2632,0.0,0.2632,1.5789,2.1053,0.0,0.7895,2.3684,0.2632,0.0,FP
010106,AMAZONAS,CHACHAPOYAS,CHUQUIBAMBA,6.0,38.0,10.0,10.0,0.0,0.0,2.0,0.0,2.0,157.0,0.0,2.0,88.0,1.0,3.0,32.0,7.0,2.0,0.0,6.0,1.0,8.0,6.0,1.0,2.0,0.0,0.0,1.0,1.0,1.0,6.0,6.0,21.0,2.0,5.0,43.0,0.0,0.0,470,154,75,1.2766,8.0851,2.1277,2.1277,0.0,0.0,0.4255,0.0,0.4255,33.4043,0.0,0.4255,18.7234,0.2128,0.6383,6.8085,1.4894,0.4255,0.0,1.2766,0.2128,1.7021,1.2766,0.2128,0.4255,0.0,0.0,0.2128,0.2128,0.2128,1.2766,1.2766,4.4681,0.4255,1.0638,9.1489,0.0,0.0,FP
010107,AMAZONAS,CHACHAPOYAS,GRANADA,5.0,36.0,0.0,1.0,0.0,0.0,2.0,0.0,3.0,52.0,0.0,2.0,57.0,0.0,4.0,80.0,20.0,1.0,4.0,0.0,0.0,2.0,0.0,0.0,1.0,1.0,1.0,0.0,3.0,0.0,3.0,8.0,5.0,1.0,9.0,14.0,3.0,3.0,321,45,17,1.5576,11.215,0.0,0.3115,0.0,0.0,0.6231,0.0,0.9346,16.1994,0.0,0.6231,17.757,0.0,1.2461,24.9221,6.2305,0.3115,1.2461,0.0,0.0,0.6231,0.0,0.0,0.3115,0.3115,0.3115,0.0,0.9346,0.0,0.9346,2.4922,1.5576,0.3115,2.8037,4.3614,0.9346,0.9346,Obras
010108,AMAZONAS,CHACHAPOYAS,HUANCAS,15.0,35.0,16.0,1.0,0.0,0.0,1.0,2.0,3.0,159.0,0.0,1.0,70.0,1.0,2.0,61.0,23.0,0.0,1.0,1.0,1.0,10.0,12.0,0.0,6.0,0.0,4.0,0.0,1.0,0.0,6.0,21.0,35.0,0.0,5.0,27.0,1.0,1.0,522,105,40,2.8736,6.705,3.0651,0.1916,0.0,0.0,0.1916,0.3831,0.5747,30.4598,0.0,0.1916,13.41,0.1916,0.3831,11.6858,4.4061,0.0,0.1916,0.1916,0.1916,1.9157,2.2989,0.0,1.1494,0.0,0.7663,0.0,0.1916,0.0,1.1494,4.023,6.705,0.0,0.9579,5.1724,0.1916,0.1916,FP
010109,AMAZONAS,CHACHAPOYAS,LA JALCA,24.0,69.0,25.0,7.0,3.0,0.0,2.0,1.0,16.0,142.0,0.0,2.0,1355.0,3.0,4.0,369.0,41.0,4.0,34.0,10.0,3.0,18.0,31.0,0.0,4.0,8.0,26.0,5.0,0.0,1.0,43.0,21.0,38.0,3.0,25.0,36.0,3.0,0.0,2376,535,251,1.0101,2.904,1.0522,0.2946,0.1263,0.0,0.0842,0.0421,0.6734,5.9764,0.0,0.0842,57.0286,0.1263,0.1684,15.5303,1.7256,0.1684,1.431,0.4209,0.1263,0.7576,1.3047,0.0,0.1684,0.3367,1.0943,0.2104,0.0,0.0421,1.8098,0.8838,1.5993,0.1263,1.0522,1.5152,0.1263,0.0,JxP
010110,AMAZONAS,CHACHAPOYAS,LEIMEBAMBA,6.0,131.0,29.0,103.0,2.0,0.0,5.0,2.0,10.0,218.0,0.0,1.0,284.0,1.0,7.0,127.0,117.0,3.0,27.0,4.0,1.0,13.0,23.0,1.0,7.0,0.0,8.0,3.0,0.0,0.0,17.0,41.0,98.0,1.0,27.0,120.0,4.0,7.0,1448,325,132,0.4144,9.047,2.0028,7.1133,0.1381,0.0,0.3453,0.1381,0.6906,15.0552,0.0,0.0691,19.6133,0.0691,0.4834,8.7707,8.0801,0.2072,1.8646,0.2762,0.0691,0.8978,1.5884,0.0691,0.4834,0.0,0.5525,0.2072,0.0,0.0,1.174,2.8315,6.768,0.0691,1.8646,8.2873,0.2762,0.4834,JxP
010111,AMAZONAS,CHACHAPOYAS,LEVANTO,10.0,74.0,5.0,4.0,0.0,0.0,1.0,1.0,2.0,209.0,0.0,0.0,165.0,2.0,2.0,66.0,25.0,1.0,0.0,2.0,0.0,7.0,8.0,0.0,3.0,1.0,12.0,1.0,1.0,0.0,10.0,30.0,24.0,0.0,17.0,25.0,2.0,0.0,710,102,35,1.4085,10.4225,0.7042,0.5634,0.0,0.0,0.1408,0.1408,0.2817,29.4366,0.0,0.0,23.2394,0.2817,0.2817,9.2958,3.5211,0.1408,0.0,0.2817,0.0,0.9859,1.1268,0.0,0.4225,0.1408,1.6901,0.1408,0.1408,0.0,1.4085,4.2254,3.3803,0.0,2.3944,3.5211,0.2817,0.0,FP
010112,AMAZONAS,CHACHAPOYAS,MAGDALENA,3.0,33.0,35.0,16.0,1.0,0.0,4.0,3.0,13.0,89.0,0.0,2.0,57.0,23.0,3.0,60.0,7.0,3.0,10.0,1.0,0.0,0.0,4.0,0.0,2.0,5.0,4.0,1.0,1.0,1.0,42.0,24.0,13.0,1.0,2.0,3.0,2.0,0.0,468,81,54,0.641,7.0513,7.4786,3.4188,0.2137,0.0,0.8547,0.641,2.7778,19.0171,0.0,0.4274,12.1795,4.9145,0.641,12.8205,1.4957,0.641,2.1368,0.2137,0.0,0.0,0.8547,0.0,0.4274,1.0684,0.8547,0.2137,0.2137,0.2137,8.9744,5.1282,2.7778,0.2137,0.4274,0.641,0.4274,0.0,FP
010113,AMAZONAS,CHACHAPOYAS,MARISCAL CASTILLA,8.0,48.0,10.0,0.0,0.0,0.0,5.0,0.0,2.0,145.0,0.0,1.0,113.0,1.0,2.0,46.0,5.0,1.0,0.0,2.0,4.0,2.0,11.0,1.0,2.0,0.0,4.0,0.0,0.0,0.0,7.0,16.0,15.0,1.0,7.0,8.0,2.0,0.0,469,114,25,1.7058,10.2345,2.1322,0.0,0.0,0.0,1.0661,0.0,0.4264,30.9168,0.0,0.2132,24.0938,0.2132,0.4264,9.8081,1.0661,0.2132,0.0,0.4264,0.8529,0.4264,2.3454,0.2132,0.4264,0.0,0.8529,0.0,0.0,0.0,1.4925,3.4115,3.1983,0.2132,1.4925,1.7058,0.4264,0.0,FP
010114,AMAZONAS,CHACHAPOYAS,MOLINOPAMPA,19.0,174.0,22.0,7.0,0.0,0.0,8.0,2.0,10.0,273.0,0.0,0.0,244.0,1.0,8.0,128.0,96.0,2.0,6.0,5.0,3.0,15.0,21.0,1.0,2.0,3.0,6.0,4.0,2.0,2.0,12.0,32.0,72.0,2.0,36.0,25.0,3.0,3.0,1249,223,98,1.5212,13.9311,1.7614,0.5604,0.0,0.0,0.6405,0.1601,0.8006,21.8575,0.0,0.0,19.5356,0.0801,0.6405,10.2482,7.6861,0.1601,0.4804,0.4003,0.2402,1.201,1.6813,0.0801,0.1601,0.2402,0.4804,0.3203,0.1601,0.1601,0.9608,2.562,5.7646,0.1601,2.8823,2.0016,0.2402,0.2402,FP
010115,AMAZONAS,CHACHAPOYAS,MONTEVIDEO,7.0,62.0,10.0,3.0,0.0,0.0,0.0,1.0,2.0,54.0,0.0,1.0,61.0,0.0,1.0,63.0,30.0,0.0,2.0,1.0,0.0,2.0,15.0,0.0,0.0,2.0,1.0,0.0,0.0,0.0,2.0,10.0,15.0,0.0,4.0,27.0,0.0,0.0,376,56,44,1.8617,16.4894,2.6596,0.7979,0.0,0.0,0.0,0.266,0.5319,14.3617,0.0,0.266,16.2234,0.0,0.266,16.7553,7.9787,0.0,0.5319,0.266,0.0,0.5319,3.9894,0.0,0.0,0.5319,0.266,0.0,0.0,0.0,0.5319,2.6596,3.9894,0.0,1.0638,7.1809,0.0,0.0,Obras
010116,AMAZONAS,CHACHAPOYAS,OLLEROS,7.0,35.0,6.0,0.0,0.0,0.0,3.0,0.0,2.0,33.0,0.0,0.0,58.0,1.0,1.0,38.0,9.0,0.0,2.0,1.0,0.0,0.0,5.0,0.0,2.0,1.0,9.0,1.0,0.0,1.0,2.0,2.0,4.0,0.0,3.0,12.0,1.0,0.0,239,34,20,2.9289,14.6444,2.5105,0.0,0.0,0.0,1.2552,0.0,0.8368,13.8075,0.0,0.0,24.2678,0.4184,0.4184,15.8996,3.7657,0.0,0.8368,0.4184,0.0,0.0,2.0921,0.0,0.8368,0.4184,3.7657,0.4184,0.0,0.4184,0.8368,0.8368,1.6736,0.0,1.2552,5.0209,0.4184,0.0,JxP
010117,AMAZONAS,CHACHAPOYAS,QUINJALCA,8.0,29.0,17.0,9.0,0.0,0.0,6.0,2.0,6.0,49.0,0.0,0.0,118.0,0.0,2.0,89.0,13.0,1.0,1.0,0.0,0.0,8.0,8.0,1.0,2.0,0.0,4.0,1.0,0.0,0.0,8.0,13.0,7.0,0.0,5.0,3.0,0.0,3.0,413,119,32,1.937,7.0218,4.1162,2.1792,0.0,0.0,1.4528,0.4843,1.4528,11.8644,0.0,0.0,28.5714,0.0,0.4843,21.5496,3.1477,0.2421,0.2421,0.0,0.0,1.937,1.937,0.2421,0.4843,0.0,0.9685,0.2421,0.0,0.0,1.937,3.1477,1.6949,0.0,1.2107,0.7264,0.0,0.7264,JxP
010118,AMAZONAS,CHACHAPOYAS,SAN FRANCISCO DE DAGUAS,9.0,34.0,5.0,0.0,4.0,0.0,1.0,0.0,2.0,34.0,0.0,0.0,20.0,0.0,1.0,37.0,21.0,0.0,1.0,1.0,0.0,3.0,8.0,0.0,1.0,0.0,3.0,1.0,0.0,0.0,1.0,2.0,18.0,0.0,6.0,3.0,0.0,0.0,216,47,19,4.1667,15.7407,2.3148,0.0,1.8519,0.0,0.463,0.0,0.9259,15.7407,0.0,0.0,9.2593,0.0,0.463,17.1296,9.7222,0.0,0.463,0.463,0.0,1.3889,3.7037,0.0,0.463,0.0,1.3889,0.463,0.0,0.0,0.463,0.9259,8.3333,0.0,2.7778,1.3889,0.0,0.0,Obras
010119,AMAZONAS,CHACHAPOYAS,SAN ISIDRO DE MAINO,4.0,35.0,12.0,12.0,0.0,0.0,0.0,0.0,1.0,141.0,0.0,0.0,90.0,0.0,0.0,38.0,12.0,2.0,1.0,2.0,3.0,4.0,8.0,0.0,2.0,0.0,2.0,0.0,0.0,0.0,5.0,8.0,8.0,3.0,17.0,11.0,0.0,1.0,422,74,28,0.9479,8.2938,2.8436,2.8436,0.0,0.0,0.0,0.0,0.237,33.4123,0.0,0.0,21.327,0.0,0.0,9.0047,2.8436,0.4739,0.237,0.4739,0.7109,0.9479,1.8957,0.0,0.4739,0.0,0.4739,0.0,0.0,0.0,1.1848,1.8957,1.8957,0.7109,4.0284,2.6066,0.0,0.237,FP
010120,AMAZONAS,CHACHAPOYAS,SOLOCO,32.0,34.0,19.0,1.0,0.0,0.0,6.0,0.0,9.0,124.0,0.0,4.0,150.0,3.0,7.0,123.0,27.0,0.0,12.0,5.0,4.0,8.0,13.0,0.0,13.0,1.0,4.0,2.0,1.0,0.0,7.0,12.0,32.0,1.0,15.0,48.0,1.0,1.0,719,205,98,4.4506,4.7288,2.6426,0.1391,0.0,0.0,0.8345,0.0,1.2517,17.2462,0.0,0.5563,20.8623,0.4172,0.9736,17.1071,3.7552,0.0,1.669,0.6954,0.5563,1.1127,1.8081,0.0,1.8081,0.1391,0.5563,0.2782,0.1391,0.0,0.9736,1.669,4.4506,0.1391,2.0862,6.6759,0.1391,0.1391,JxP
010121,AMAZONAS,CHACHAPOYAS,SONCHE,4.0,29.0,4.0,7.0,0.0,0.0,3.0,0.0,1.0,72.0,0.0,0.0,27.0,0.0,2.0,27.0,1.0,0.0,1.0,0.0,0.0,3.0,4.0,0.0,1.0,0.0,1.0,1.0,1.0,0.0,1.0,14.0,4.0,0.0,4.0,6.0,0.0,0.0,218,58,19,1.8349,13.3028,1.8349,3.211,0.0,0.0,1.3761,0.0,0.4587,33.0275,0.0,0.0,12.3853,0.0,0.9174,12.3853,0.4587,0.0,0.4587,0.0,0.0,1.3761,1.8349,0.0,0.4587,0.0,0.4587,0.4587,0.4587,0.0,0.4587,6.422,1.8349,0.0,1.8349,2.7523,0.0,0.0,FP
010201,AMAZONAS,BAGUA,BAGUA,22.0,152.0,72.0,54.0,3.0,0.0,43.0,7.0,29.0,695.0,0.0,3.0,1175.0,1.0,8.0,416.0,85.0,5.0,17.0,15.0,6.0,13.0,26.0,2.0,16.0,7.0,29.0,8.0,5.0,4.0,57.0,73.0,144.0,4.0,40.0,130.0,10.0,12.0,3388,766,286,0.6494,4.4864,2.1251,1.5939,0.0885,0.0,1.2692,0.2066,0.856,20.5136,0.0,0.0885,34.6812,0.0295,0.2361,12.2786,2.5089,0.1476,0.5018,0.4427,0.1771,0.3837,0.7674,0.059,0.4723,0.2066,0.856,0.2361,0.1476,0.1181,1.6824,2.1547,4.2503,0.1181,1.1806,3.8371,0.2952,0.3542,JxP
010202,AMAZONAS,BAGUA,ARAMANGO,23.0,108.0,80.0,23.0,2.0,0.0,22.0,3.0,30.0,801.0,0.0,1.0,1993.0,3.0,3.0,493.0,45.0,7.0,24.0,10.0,8.0,24.0,26.0,1.0,22.0,3.0,90.0,8.0,4.0,1.0,187.0,42.0,86.0,6.0,31.0,48.0,17.0,2.0,4277,1093,447,0.5378,2.5251,1.8705,0.5378,0.0468,0.0,0.5144,0.0701,0.7014,18.7281,0.0,0.0234,46.5981,0.0701,0.0701,11.5268,1.0521,0.1637,0.5611,0.2338,0.187,0.5611,0.6079,0.0234,0.5144,0.0701,2.1043,0.187,0.0935,0.0234,4.3722,0.982,2.0108,0.1403,0.7248,1.1223,0.3975,0.0468,JxP
010203,AMAZONAS,BAGUA,COPALLIN,15.0,80.0,123.0,16.0,2.0,0.0,60.0,7.0,15.0,339.0,0.0,4.0,1034.0,3.0,3.0,297.0,59.0,3.0,12.0,7.0,5.0,13.0,11.0,2.0,20.0,4.0,26.0,3.0,1.0,1.0,57.0,45.0,68.0,2.0,21.0,69.0,6.0,4.0,2437,591,215,0.6155,3.2827,5.0472,0.6565,0.0821,0.0,2.462,0.2872,0.6155,13.9105,0.0,0.1641,42.4292,0.1231,0.1231,12.1871,2.421,0.1231,0.4924,0.2872,0.2052,0.5334,0.4514,0.0821,0.8207,0.1641,1.0669,0.1231,0.041,0.041,2.3389,1.8465,2.7903,0.0821,0.8617,2.8314,0.2462,0.1641,JxP
010204,AMAZONAS,BAGUA,EL PARCO,6.0,44.0,34.0,2.0,1.0,0.0,12.0,1.0,6.0,122.0,0.0,0.0,462.0,0.0,0.0,93.0,16.0,2.0,8.0,2.0,1.0,9.0,5.0,0.0,5.0,1.0,9.0,1.0,0.0,0.0,13.0,18.0,30.0,2.0,9.0,39.0,3.0,0.0,956,171,41,0.6276,4.6025,3.5565,0.2092,0.1046,0.0,1.2552,0.1046,0.6276,12.7615,0.0,0.0,48.3264,0.0,0.0,9.728,1.6736,0.2092,0.8368,0.2092,0.1046,0.9414,0.523,0.0,0.523,0.1046,0.9414,0.1046,0.0,0.0,1.3598,1.8828,3.1381,0.2092,0.9414,4.0795,0.3138,0.0,JxP
010205,AMAZONAS,BAGUA,IMAZA,93.0,748.0,410.0,147.0,11.0,0.0,288.0,10.0,139.0,2454.0,0.0,33.0,3358.0,15.0,39.0,1175.0,498.0,20.0,63.0,26.0,27.0,66.0,305.0,3.0,118.0,22.0,172.0,30.0,4.0,12.0,175.0,611.0,584.0,15.0,241.0,129.0,76.0,55.0,12172,2126,1048,0.764,6.1453,3.3684,1.2077,0.0904,0.0,2.3661,0.0822,1.142,20.161,0.0,0.2711,27.5879,0.1232,0.3204,9.6533,4.0914,0.1643,0.5176,0.2136,0.2218,0.5422,2.5058,0.0246,0.9694,0.1807,1.4131,0.2465,0.0329,0.0986,1.4377,5.0197,4.7979,0.1232,1.98,1.0598,0.6244,0.4519,JxP
010206,AMAZONAS,BAGUA,LA PECA,71.0,150.0,51.0,14.0,5.0,0.0,41.0,8.0,24.0,433.0,0.0,2.0,6072.0,6.0,20.0,347.0,57.0,31.0,89.0,18.0,14.0,74.0,46.0,2.0,22.0,11.0,112.0,10.0,2.0,4.0,1142.0,51.0,113.0,7.0,27.0,47.0,11.0,12.0,9146,2027,719,0.7763,1.6401,0.5576,0.1531,0.0547,0.0,0.4483,0.0875,0.2624,4.7343,0.0,0.0219,66.3897,0.0656,0.2187,3.794,0.6232,0.3389,0.9731,0.1968,0.1531,0.8091,0.503,0.0219,0.2405,0.1203,1.2246,0.1093,0.0219,0.0437,12.4863,0.5576,1.2355,0.0765,0.2952,0.5139,0.1203,0.1312,JxP
010301,AMAZONAS,BONGARÁ,JUMBILLA,14.0,34.0,3.0,4.0,2.0,0.0,2.0,1.0,5.0,57.0,0.0,0.0,84.0,0.0,1.0,46.0,43.0,0.0,3.0,4.0,2.0,11.0,11.0,0.0,2.0,2.0,2.0,0.0,1.0,0.0,3.0,10.0,21.0,0.0,6.0,3.0,2.0,0.0,379,98,75,3.6939,8.971,0.7916,1.0554,0.5277,0.0,0.5277,0.2639,1.3193,15.0396,0.0,0.0,22.1636,0.0,0.2639,12.1372,11.3456,0.0,0.7916,1.0554,0.5277,2.9024,2.9024,0.0,0.5277,0.5277,0.5277,0.0,0.2639,0.0,0.7916,2.6385,5.5409,0.0,1.5831,0.7916,0.5277,0.0,JxP
010302,AMAZONAS,BONGARÁ,CHISQUILLA,8.0,13.0,11.0,2.0,0.0,0.0,1.0,0.0,2.0,53.0,0.0,0.0,178.0,1.0,0.0,59.0,6.0,2.0,0.0,2.0,0.0,2.0,6.0,0.0,2.0,1.0,6.0,0.0,0.0,0.0,8.0,4.0,9.0,0.0,7.0,4.0,1.0,1.0,389,61,35,2.0566,3.3419,2.8278,0.5141,0.0,0.0,0.2571,0.0,0.5141,13.6247,0.0,0.0,45.7584,0.2571,0.0,15.1671,1.5424,0.5141,0.0,0.5141,0.0,0.5141,1.5424,0.0,0.5141,0.2571,1.5424,0.0,0.0,0.0,2.0566,1.0283,2.3136,0.0,1.7995,1.0283,0.2571,0.2571,JxP
010303,AMAZONAS,BONGARÁ,CHURUJA,8.0,30.0,10.0,1.0,3.0,0.0,1.0,0.0,8.0,63.0,0.0,0.0,143.0,0.0,4.0,58.0,18.0,0.0,2.0,3.0,0.0,9.0,11.0,0.0,4.0,2.0,6.0,3.0,0.0,0.0,9.0,13.0,15.0,0.0,5.0,10.0,0.0,0.0,439,116,59,1.8223,6.8337,2.2779,0.2278,0.6834,0.0,0.2278,0.0,1.8223,14.3508,0.0,0.0,32.574,0.0,0.9112,13.2118,4.1002,0.0,0.4556,0.6834,0.0,2.0501,2.5057,0.0,0.9112,0.4556,1.3667,0.6834,0.0,0.0,2.0501,2.9613,3.4169,0.0,1.139,2.2779,0.0,0.0,JxP
010304,AMAZONAS,BONGARÁ,COROSHA,4.0,13.0,16.0,4.0,0.0,0.0,0.0,1.0,3.0,54.0,0.0,0.0,42.0,0.0,2.0,27.0,8.0,2.0,0.0,1.0,0.0,2.0,4.0,0.0,0.0,1.0,0.0,0.0,1.0,0.0,2.0,5.0,14.0,2.0,6.0,3.0,0.0,0.0,217,40,27,1.8433,5.9908,7.3733,1.8433,0.0,0.0,0.0,0.4608,1.3825,24.8848,0.0,0.0,19.3548,0.0,0.9217,12.4424,3.6866,0.9217,0.0,0.4608,0.0,0.9217,1.8433,0.0,0.0,0.4608,0.0,0.0,0.4608,0.0,0.9217,2.3041,6.4516,0.9217,2.765,1.3825,0.0,0.0,FP
010305,AMAZONAS,BONGARÁ,CUISPES,0.0,11.0,17.0,1.0,1.0,0.0,0.0,0.0,0.0,63.0,0.0,0.0,16.0,0.0,0.0,23.0,17.0,0.0,0.0,2.0,0.0,3.0,4.0,0.0,2.0,0.0,0.0,0.0,0.0,0.0,1.0,9.0,8.0,0.0,1.0,2.0,1.0,0.0,182,30,27,0.0,6.044,9.3407,0.5495,0.5495,0.0,0.0,0.0,0.0,34.6154,0.0,0.0,8.7912,0.0,0.0,12.6374,9.3407,0.0,0.0,1.0989,0.0,1.6484,2.1978,0.0,1.0989,0.0,0.0,0.0,0.0,0.0,0.5495,4.9451,4.3956,0.0,0.5495,1.0989,0.5495,0.0,FP
010306,AMAZONAS,BONGARÁ,FLORIDA,28.0,154.0,34.0,7.0,2.0,0.0,12.0,3.0,15.0,587.0,0.0,3.0,898.0,1.0,5.0,393.0,90.0,5.0,14.0,13.0,7.0,15.0,25.0,0.0,8.0,5.0,31.0,3.0,3.0,2.0,58.0,59.0,74.0,2.0,49.0,16.0,12.0,4.0,2637,568,302,1.0618,5.84,1.2893,0.2655,0.0758,0.0,0.4551,0.1138,0.5688,22.2601,0.0,0.1138,34.0538,0.0379,0.1896,14.9033,3.413,0.1896,0.5309,0.493,0.2655,0.5688,0.948,0.0,0.3034,0.1896,1.1756,0.1138,0.1138,0.0758,2.1995,2.2374,2.8062,0.0758,1.8582,0.6068,0.4551,0.1517,JxP
010307,AMAZONAS,BONGARÁ,JAZAN,2.0,8.0,2.0,1.0,0.0,0.0,0.0,0.0,2.0,36.0,0.0,1.0,39.0,0.0,0.0,31.0,7.0,2.0,0.0,3.0,0.0,2.0,6.0,0.0,1.0,1.0,4.0,2.0,0.0,0.0,6.0,2.0,4.0,0.0,3.0,2.0,1.0,3.0,171,42,15,1.1696,4.6784,1.1696,0.5848,0.0,0.0,0.0,0.0,1.1696,21.0526,0.0,0.5848,22.807,0.0,0.0,18.1287,4.0936,1.1696,0.0,1.7544,0.0,1.1696,3.5088,0.0,0.5848,0.5848,2.3392,1.1696,0.0,0.0,3.5088,1.1696,2.3392,0.0,1.7544,1.1696,0.5848,1.7544,JxP
010308,AMAZONAS,BONGARÁ,RECTA,3.0,42.0,7.0,1.0,1.0,0.0,4.0,1.0,4.0,59.0,0.0,0.0,80.0,1.0,1.0,32.0,17.0,1.0,2.0,2.0,1.0,4.0,7.0,0.0,0.0,0.0,3.0,2.0,0.0,0.0,2.0,7.0,8.0,2.0,6.0,7.0,0.0,1.0,308,80,34,0.974,13.6364,2.2727,0.3247,0.3247,0.0,1.2987,0.3247,1.2987,19.1558,0.0,0.0,25.974,0.3247,0.3247,10.3896,5.5195,0.3247,0.6494,0.6494,0.3247,1.2987,2.2727,0.0,0.0,0.0,0.974,0.6494,0.0,0.0,0.6494,2.2727,2.5974,0.6494,1.9481,2.2727,0.0,0.3247,JxP
010309,AMAZONAS,BONGARÁ,SAN CARLOS,13.0,71.0,14.0,1.0,0.0,0.0,2.0,0.0,10.0,119.0,0.0,2.0,291.0,1.0,2.0,84.0,45.0,0.0,4.0,1.0,4.0,11.0,5.0,1.0,1.0,2.0,15.0,0.0,1.0,0.0,22.0,16.0,32.0,1.0,7.0,13.0,7.0,1.0,799,156,87,1.627,8.8861,1.7522,0.1252,0.0,0.0,0.2503,0.0,1.2516,14.8936,0.0,0.2503,36.4205,0.1252,0.2503,10.5131,5.632,0.0,0.5006,0.1252,0.5006,1.3767,0.6258,0.1252,0.1252,0.2503,1.8773,0.0,0.1252,0.0,2.7534,2.0025,4.005,0.1252,0.8761,1.627,0.8761,0.1252,JxP
010310,AMAZONAS,BONGARÁ,SHIPASBAMBA,2.0,41.0,29.0,5.0,1.0,0.0,2.0,1.0,6.0,193.0,0.0,0.0,78.0,1.0,4.0,58.0,33.0,1.0,1.0,4.0,1.0,3.0,9.0,1.0,2.0,1.0,2.0,0.0,2.0,1.0,6.0,18.0,19.0,0.0,9.0,14.0,5.0,0.0,553,144,68,0.3617,7.4141,5.2441,0.9042,0.1808,0.0,0.3617,0.1808,1.085,34.9005,0.0,0.0,14.1049,0.1808,0.7233,10.4882,5.9675,0.1808,0.1808,0.7233,0.1808,0.5425,1.6275,0.1808,0.3617,0.1808,0.3617,0.0,0.3617,0.1808,1.085,3.255,3.4358,0.0,1.6275,2.5316,0.9042,0.0,FP
010311,AMAZONAS,BONGARÁ,VALERA,32.0,118.0,29.0,8.0,7.0,0.0,8.0,4.0,16.0,637.0,0.0,5.0,922.0,4.0,8.0,257.0,52.0,3.0,4.0,10.0,5.0,23.0,17.0,0.0,10.0,7.0,34.0,4.0,0.0,0.0,59.0,52.0,42.0,6.0,35.0,34.0,5.0,5.0,2462,592,215,1.2998,4.7929,1.1779,0.3249,0.2843,0.0,0.3249,0.1625,0.6499,25.8733,0.0,0.2031,37.4492,0.1625,0.3249,10.4387,2.1121,0.1219,0.1625,0.4062,0.2031,0.9342,0.6905,0.0,0.4062,0.2843,1.381,0.1625,0.0,0.0,2.3964,2.1121,1.7059,0.2437,1.4216,1.381,0.2031,0.2031,JxP
010312,AMAZONAS,BONGARÁ,YAMBRASBAMBA,28.0,306.0,61.0,17.0,7.0,0.0,17.0,4.0,36.0,818.0,0.0,10.0,409.0,4.0,10.0,377.0,225.0,4.0,33.0,12.0,5.0,35.0,72.0,0.0,17.0,6.0,24.0,4.0,2.0,1.0,26.0,87.0,134.0,2.0,54.0,34.0,19.0,5.0,2905,621,281,0.9639,10.5336,2.0998,0.5852,0.241,0.0,0.5852,0.1377,1.2392,28.1583,0.0,0.3442,14.0792,0.1377,0.3442,12.9776,7.7453,0.1377,1.136,0.4131,0.1721,1.2048,2.4785,0.0,0.5852,0.2065,0.8262,0.1377,0.0688,0.0344,0.895,2.9948,4.6127,0.0688,1.8589,1.1704,0.654,0.1721,FP
010401,AMAZONAS,CONDORCANQUI,NIEVA,7.0,107.0,23.0,16.0,1.0,0.0,3.0,2.0,11.0,158.0,0.0,7.0,150.0,3.0,2.0,122.0,53.0,1.0,5.0,6.0,1.0,16.0,17.0,0.0,6.0,1.0,9.0,7.0,0.0,0.0,14.0,39.0,61.0,1.0,25.0,36.0,2.0,1.0,913,226,89,0.7667,11.7196,2.5192,1.7525,0.1095,0.0,0.3286,0.2191,1.2048,17.3056,0.0,0.7667,16.4294,0.3286,0.2191,13.3625,5.805,0.1095,0.5476,0.6572,0.1095,1.7525,1.862,0.0,0.6572,0.1095,0.9858,0.7667,0.0,0.0,1.5334,4.2716,6.6813,0.1095,2.7382,3.943,0.2191,0.1095,FP
010402,AMAZONAS,CONDORCANQUI,EL CENEPA,25.0,204.0,103.0,1.0,3.0,0.0,16.0,6.0,13.0,389.0,0.0,1.0,1277.0,1.0,5.0,321.0,66.0,3.0,11.0,14.0,3.0,18.0,25.0,0.0,16.0,15.0,24.0,3.0,0.0,6.0,65.0,54.0,48.0,5.0,36.0,16.0,10.0,3.0,2806,690,325,0.8909,7.2701,3.6707,0.0356,0.1069,0.0,0.5702,0.2138,0.4633,13.8632,0.0,0.0356,45.5096,0.0356,0.1782,11.4398,2.3521,0.1069,0.392,0.4989,0.1069,0.6415,0.8909,0.0,0.5702,0.5346,0.8553,0.1069,0.0,0.2138,2.3165,1.9244,1.7106,0.1782,1.283,0.5702,0.3564,0.1069,JxP
010403,AMAZONAS,CONDORCANQUI,RÍO SANTIAGO,2.0,24.0,10.0,0.0,0.0,0.0,0.0,2.0,4.0,56.0,0.0,0.0,192.0,0.0,1.0,29.0,15.0,1.0,0.0,1.0,0.0,2.0,3.0,0.0,0.0,1.0,1.0,0.0,1.0,0.0,9.0,2.0,6.0,0.0,2.0,3.0,2.0,0.0,369,130,30,0.542,6.5041,2.71,0.0,0.0,0.0,0.0,0.542,1.084,15.1762,0.0,0.0,52.0325,0.0,0.271,7.8591,4.065,0.271,0.0,0.271,0.0,0.542,0.813,0.0,0.0,0.271,0.271,0.0,0.271,0.0,2.439,0.542,1.626,0.0,0.542,0.813,0.542,0.0,JxP
010404,Amazonas,Condorcanqui,,24.0,77.0,16.0,11.0,1.0,0.0,4.0,2.0,6.0,277.0,0.0,0.0,152.0,3.0,0.0,135.0,28.0,1.0,0.0,10.0,4.0,15.0,18.0,1.0,11.0,5.0,6.0,2.0,1.0,2.0,21.0,16.0,40.0,2.0,19.0,18.0,3.0,0.0,931,219,148,2.5779,8.2707,1.7186,1.1815,0.1074,0.0,0.4296,0.2148,0.6445,29.753,0.0,0.0,16.3265,0.3222,0.0,14.5005,3.0075,0.1074,0.0,1.0741,0.4296,1.6112,1.9334,0.1074,1.1815,0.5371,0.6445,0.2148,0.1074,0.2148,2.2556,1.7186,4.2965,0.2148,2.0408,1.9334,0.3222,0.0,FP
010405,Amazonas,Condorcanqui,,8.0,81.0,8.0,3.0,0.0,0.0,10.0,2.0,10.0,184.0,0.0,1.0,370.0,0.0,1.0,81.0,20.0,0.0,3.0,6.0,4.0,12.0,8.0,0.0,7.0,3.0,10.0,1.0,0.0,1.0,18.0,23.0,27.0,2.0,5.0,2.0,3.0,0.0,914,167,82,0.8753,8.8621,0.8753,0.3282,0.0,0.0,1.0941,0.2188,1.0941,20.1313,0.0,0.1094,40.4814,0.0,0.1094,8.8621,2.1882,0.0,0.3282,0.6565,0.4376,1.3129,0.8753,0.0,0.7659,0.3282,1.0941,0.1094,0.0,0.1094,1.9694,2.5164,2.954,0.2188,0.547,0.2188,0.3282,0.0,JxP
010406,Amazonas,Condorcanqui,,7.0,25.0,4.0,2.0,0.0,0.0,1.0,1.0,2.0,102.0,0.0,0.0,34.0,0.0,0.0,49.0,11.0,0.0,0.0,0.0,0.0,3.0,5.0,0.0,5.0,3.0,0.0,1.0,0.0,1.0,4.0,17.0,22.0,0.0,2.0,5.0,1.0,1.0,308,71,24,2.2727,8.1169,1.2987,0.6494,0.0,0.0,0.3247,0.3247,0.6494,33.1169,0.0,0.0,11.039,0.0,0.0,15.9091,3.5714,0.0,0.0,0.0,0.0,0.974,1.6234,0.0,1.6234,0.974,0.0,0.3247,0.0,0.3247,1.2987,5.5195,7.1429,0.0,0.6494,1.6234,0.3247,0.3247,FP
010407,Amazonas,Condorcanqui,,0.0,33.0,5.0,1.0,0.0,0.0,1.0,1.0,2.0,191.0,0.0,2.0,78.0,0.0,0.0,45.0,20.0,1.0,0.0,1.0,0.0,3.0,9.0,1.0,2.0,0.0,2.0,2.0,0.0,0.0,0.0,15.0,17.0,1.0,12.0,5.0,0.0,0.0,450,104,43,0.0,7.3333,1.1111,0.2222,0.0,0.0,0.2222,0.2222,0.4444,42.4444,0.0,0.4444,17.3333,0.0,0.0,10.0,4.4444,0.2222,0.0,0.2222,0.0,0.6667,2.0,0.2222,0.4444,0.0,0.4444,0.4444,0.0,0.0,0.0,3.3333,3.7778,0.2222,2.6667,1.1111,0.0,0.0,FP
010408,Amazonas,Condorcanqui,,3.0,50.0,15.0,1.0,1.0,0.0,2.0,0.0,3.0,105.0,0.0,1.0,59.0,1.0,0.0,38.0,16.0,0.0,0.0,0.0,0.0,9.0,3.0,0.0,3.0,3.0,1.0,0.0,0.0,1.0,3.0,10.0,18.0,0.0,4.0,13.0,3.0,0.0,366,98,43,0.8197,13.6612,4.0984,0.2732,0.2732,0.0,0.5464,0.0,0.8197,28.6885,0.0,0.2732,16.1202,0.2732,0.0,10.3825,4.3716,0.0,0.0,0.0,0.0,2.459,0.8197,0.0,0.8197,0.8197,0.2732,0.0,0.0,0.2732,0.8197,2.7322,4.918,0.0,1.0929,3.5519,0.8197,0.0,FP
010409,Amazonas,Condorcanqui,,16.0,153.0,33.0,7.0,3.0,0.0,5.0,9.0,16.0,447.0,0.0,5.0,416.0,1.0,9.0,240.0,107.0,3.0,8.0,8.0,3.0,18.0,55.0,0.0,9.0,6.0,14.0,7.0,2.0,1.0,31.0,51.0,56.0,5.0,37.0,57.0,4.0,6.0,1848,369,187,0.8658,8.2792,1.7857,0.3788,0.1623,0.0,0.2706,0.487,0.8658,24.1883,0.0,0.2706,22.5108,0.0541,0.487,12.987,5.79,0.1623,0.4329,0.4329,0.1623,0.974,2.9762,0.0,0.487,0.3247,0.7576,0.3788,0.1082,0.0541,1.6775,2.7597,3.0303,0.2706,2.0022,3.0844,0.2165,0.3247,FP
010410,Amazonas,Condorcanqui,,1.0,12.0,8.0,1.0,0.0,0.0,1.0,1.0,1.0,39.0,0.0,1.0,62.0,1.0,0.0,23.0,3.0,1.0,6.0,0.0,0.0,5.0,2.0,0.0,1.0,0.0,2.0,1.0,0.0,0.0,4.0,6.0,8.0,0.0,0.0,61.0,1.0,0.0,252,29,16,0.3968,4.7619,3.1746,0.3968,0.0,0.0,0.3968,0.3968,0.3968,15.4762,0.0,0.3968,24.6032,0.3968,0.0,9.127,1.1905,0.3968,2.381,0.0,0.0,1.9841,0.7937,0.0,0.3968,0.0,0.7937,0.3968,0.0,0.0,1.5873,2.381,3.1746,0.0,0.0,24.2063,0.3968,0.0,JxP
010411,Amazonas,Condorcanqui,,1.0,41.0,5.0,4.0,1.0,0.0,6.0,1.0,3.0,71.0,0.0,0.0,72.0,1.0,4.0,65.0,40.0,0.0,0.0,2.0,1.0,6.0,7.0,0.0,1.0,1.0,4.0,0.0,0.0,0.0,3.0,11.0,20.0,2.0,16.0,10.0,3.0,1.0,403,104,66,0.2481,10.1737,1.2407,0.9926,0.2481,0.0,1.4888,0.2481,0.7444,17.6179,0.0,0.0,17.866,0.2481,0.9926,16.129,9.9256,0.0,0.0,0.4963,0.2481,1.4888,1.737,0.0,0.2481,0.2481,0.9926,0.0,0.0,0.0,0.7444,2.7295,4.9628,0.4963,3.9702,2.4814,0.7444,0.2481,JxP
010412,Amazonas,Condorcanqui,,16.0,111.0,16.0,13.0,0.0,0.0,9.0,1.0,13.0,274.0,0.0,1.0,570.0,2.0,3.0,134.0,27.0,3.0,10.0,7.0,0.0,11.0,12.0,0.0,6.0,3.0,14.0,2.0,1.0,1.0,15.0,34.0,31.0,7.0,16.0,14.0,0.0,3.0,1380,425,188,1.1594,8.0435,1.1594,0.942,0.0,0.0,0.6522,0.0725,0.942,19.8551,0.0,0.0725,41.3043,0.1449,0.2174,9.7101,1.9565,0.2174,0.7246,0.5072,0.0,0.7971,0.8696,0.0,0.4348,0.2174,1.0145,0.1449,0.0725,0.0725,1.087,2.4638,2.2464,0.5072,1.1594,1.0145,0.0,0.2174,JxP
010413,Amazonas,Condorcanqui,,9.0,65.0,43.0,6.0,3.0,0.0,7.0,4.0,5.0,387.0,0.0,5.0,199.0,2.0,3.0,184.0,44.0,0.0,1.0,19.0,1.0,14.0,9.0,1.0,10.0,5.0,19.0,9.0,2.0,0.0,20.0,15.0,22.0,2.0,16.0,69.0,12.0,2.0,1214,535,191,0.7414,5.3542,3.542,0.4942,0.2471,0.0,0.5766,0.3295,0.4119,31.8781,0.0,0.4119,16.3921,0.1647,0.2471,15.1565,3.6244,0.0,0.0824,1.5651,0.0824,1.1532,0.7414,0.0824,0.8237,0.4119,1.5651,0.7414,0.1647,0.0,1.6474,1.2356,1.8122,0.1647,1.318,5.6837,0.9885,0.1647,FP
010414,Amazonas,Condorcanqui,,12.0,31.0,26.0,8.0,1.0,0.0,3.0,4.0,8.0,266.0,0.0,2.0,341.0,2.0,3.0,128.0,13.0,3.0,4.0,5.0,3.0,12.0,6.0,1.0,5.0,3.0,9.0,2.0,2.0,1.0,24.0,17.0,37.0,4.0,8.0,54.0,2.0,2.0,1052,448,161,1.1407,2.9468,2.4715,0.7605,0.0951,0.0,0.2852,0.3802,0.7605,25.2852,0.0,0.1901,32.4144,0.1901,0.2852,12.1673,1.2357,0.2852,0.3802,0.4753,0.2852,1.1407,0.5703,0.0951,0.4753,0.2852,0.8555,0.1901,0.1901,0.0951,2.2814,1.616,3.5171,0.3802,0.7605,5.1331,0.1901,0.1901,JxP
010415,Amazonas,Condorcanqui,,14.0,32.0,16.0,1.0,0.0,0.0,0.0,1.0,1.0,100.0,0.0,0.0,68.0,0.0,0.0,32.0,4.0,0.0,8.0,3.0,0.0,4.0,3.0,0.0,4.0,1.0,9.0,1.0,0.0,0.0,9.0,7.0,8.0,0.0,5.0,17.0,1.0,0.0,349,55,18,4.0115,9.1691,4.5845,0.2865,0.0,0.0,0.0,0.2865,0.2865,28.6533,0.0,0.0,19.4842,0.0,0.0,9.1691,1.1461,0.0,2.2923,0.8596,0.0,1.1461,0.8596,0.0,1.1461,0.2865,2.5788,0.2865,0.0,0.0,2.5788,2.0057,2.2923,0.0,1.4327,4.8711,0.2865,0.0,FP
010416,Amazonas,Condorcanqui,,6.0,18.0,19.0,5.0,0.0,0.0,2.0,2.0,4.0,41.0,0.0,0.0,56.0,0.0,2.0,23.0,3.0,1.0,2.0,2.0,0.0,4.0,7.0,0.0,0.0,1.0,13.0,1.0,0.0,0.0,9.0,9.0,4.0,0.0,3.0,32.0,1.0,1.0,271,87,34,2.214,6.6421,7.0111,1.845,0.0,0.0,0.738,0.738,1.476,15.1292,0.0,0.0,20.6642,0.0,0.738,8.4871,1.107,0.369,0.738,0.738,0.0,1.476,2.583,0.0,0.0,0.369,4.797,0.369,0.0,0.0,3.321,3.321,1.476,0.0,1.107,11.8081,0.369,0.369,JxP
010417,Amazonas,Condorcanqui,,7.0,22.0,53.0,0.0,0.0,0.0,2.0,0.0,7.0,157.0,0.0,2.0,117.0,0.0,1.0,56.0,17.0,0.0,2.0,2.0,0.0,4.0,6.0,0.0,2.0,0.0,7.0,1.0,0.0,0.0,13.0,13.0,16.0,0.0,4.0,5.0,2.0,0.0,518,135,29,1.3514,4.2471,10.2317,0.0,0.0,0.0,0.3861,0.0,1.3514,30.3089,0.0,0.3861,22.5869,0.0,0.1931,10.8108,3.2819,0.0,0.3861,0.3861,0.0,0.7722,1.1583,0.0,0.3861,0.0,1.3514,0.1931,0.0,0.0,2.5097,2.5097,3.0888,0.0,0.7722,0.9653,0.3861,0.0,FP
010418,Amazonas,Condorcanqui,,2.0,13.0,5.0,2.0,0.0,0.0,1.0,1.0,0.0,59.0,0.0,0.0,51.0,1.0,0.0,25.0,6.0,0.0,0.0,0.0,1.0,5.0,2.0,0.0,1.0,1.0,0.0,0.0,0.0,0.0,5.0,4.0,1.0,0.0,3.0,25.0,0.0,0.0,214,59,42,0.9346,6.0748,2.3364,0.9346,0.0,0.0,0.4673,0.4673,0.0,27.5701,0.0,0.0,23.8318,0.4673,0.0,11.6822,2.8037,0.0,0.0,0.0,0.4673,2.3364,0.9346,0.0,0.4673,0.4673,0.0,0.0,0.0,0.0,2.3364,1.8692,0.4673,0.0,1.4019,11.6822,0.0,0.0,FP
010419,Amazonas,Condorcanqui,,7.0,33.0,21.0,0.0,0.0,0.0,2.0,0.0,5.0,185.0,0.0,0.0,371.0,0.0,4.0,59.0,7.0,0.0,1.0,5.0,0.0,7.0,3.0,1.0,6.0,0.0,8.0,1.0,0.0,1.0,8.0,6.0,9.0,1.0,4.0,32.0,0.0,1.0,788,214,42,0.8883,4.1878,2.665,0.0,0.0,0.0,0.2538,0.0,0.6345,23.4772,0.0,0.0,47.0812,0.0,0.5076,7.4873,0.8883,0.0,0.1269,0.6345,0.0,0.8883,0.3807,0.1269,0.7614,0.0,1.0152,0.1269,0.0,0.1269,1.0152,0.7614,1.1421,0.1269,0.5076,4.0609,0.0,0.1269,JxP
010420,Amazonas,Condorcanqui,,11.0,53.0,23.0,13.0,1.0,0.0,2.0,2.0,5.0,290.0,0.0,1.0,248.0,3.0,24.0,161.0,28.0,1.0,10.0,7.0,6.0,10.0,8.0,0.0,5.0,2.0,10.0,1.0,1.0,1.0,13.0,22.0,39.0,2.0,13.0,78.0,1.0,1.0,1096,336,148,1.0036,4.8358,2.0985,1.1861,0.0912,0.0,0.1825,0.1825,0.4562,26.4599,0.0,0.0912,22.6277,0.2737,2.1898,14.6898,2.5547,0.0912,0.9124,0.6387,0.5474,0.9124,0.7299,0.0,0.4562,0.1825,0.9124,0.0912,0.0912,0.0912,1.1861,2.0073,3.5584,0.1825,1.1861,7.1168,0.0912,0.0912,FP
010421,Amazonas,Condorcanqui,,12.0,107.0,8.0,4.0,0.0,0.0,3.0,0.0,1.0,233.0,0.0,3.0,140.0,3.0,3.0,126.0,37.0,4.0,2.0,6.0,1.0,7.0,19.0,0.0,4.0,2.0,5.0,0.0,1.0,0.0,8.0,12.0,22.0,1.0,10.0,20.0,2.0,2.0,808,149,55,1.4851,13.2426,0.9901,0.495,0.0,0.0,0.3713,0.0,0.1238,28.8366,0.0,0.3713,17.3267,0.3713,0.3713,15.5941,4.5792,0.495,0.2475,0.7426,0.1238,0.8663,2.3515,0.0,0.495,0.2475,0.6188,0.0,0.1238,0.0,0.9901,1.4851,2.7228,0.1238,1.2376,2.4752,0.2475,0.2475,FP
010422,Amazonas,Condorcanqui,,5.0,67.0,9.0,12.0,1.0,0.0,1.0,1.0,5.0,87.0,0.0,1.0,254.0,2.0,1.0,94.0,12.0,0.0,9.0,3.0,1.0,10.0,2.0,0.0,3.0,1.0,8.0,1.0,1.0,0.0,8.0,8.0,19.0,1.0,12.0,29.0,0.0,1.0,669,142,54,0.7474,10.0149,1.3453,1.7937,0.1495,0.0,0.1495,0.1495,0.7474,13.0045,0.0,0.1495,37.9671,0.299,0.1495,14.0508,1.7937,0.0,1.3453,0.4484,0.1495,1.4948,0.299,0.0,0.4484,0.1495,1.1958,0.1495,0.1495,0.0,1.1958,1.1958,2.8401,0.1495,1.7937,4.3348,0.0,0.1495,JxP
010423,Amazonas,Condorcanqui,,7.0,30.0,18.0,3.0,2.0,0.0,5.0,1.0,2.0,37.0,0.0,0.0,175.0,2.0,0.0,83.0,18.0,1.0,0.0,10.0,0.0,3.0,2.0,0.0,3.0,4.0,5.0,5.0,1.0,1.0,20.0,7.0,8.0,0.0,8.0,20.0,0.0,0.0,481,157,53,1.4553,6.237,3.7422,0.6237,0.4158,0.0,1.0395,0.2079,0.4158,7.6923,0.0,0.0,36.3825,0.4158,0.0,17.2557,3.7422,0.2079,0.0,2.079,0.0,0.6237,0.4158,0.0,0.6237,0.8316,1.0395,1.0395,0.2079,0.2079,4.158,1.4553,1.6632,0.0,1.6632,4.158,0.0,0.0,JxP
010501,AMAZONAS,LUYA,LAMUD,28.0,265.0,44.0,68.0,1.0,0.0,21.0,1.0,17.0,410.0,0.0,6.0,209.0,3.0,10.0,245.0,167.0,2.0,5.0,10.0,8.0,12.0,72.0,2.0,11.0,8.0,22.0,6.0,1.0,0.0,23.0,121.0,248.0,3.0,49.0,37.0,14.0,6.0,2155,502,209,1.2993,12.297,2.0418,3.1555,0.0464,0.0,0.9745,0.0464,0.7889,19.0255,0.0,0.2784,9.6984,0.1392,0.464,11.3689,7.7494,0.0928,0.232,0.464,0.3712,0.5568,3.3411,0.0928,0.5104,0.3712,1.0209,0.2784,0.0464,0.0,1.0673,5.6148,11.5081,0.1392,2.2738,1.7169,0.6497,0.2784,FP
010502,AMAZONAS,LUYA,CAMPORREDONDO,8.0,36.0,13.0,8.0,0.0,0.0,3.0,2.0,6.0,78.0,0.0,1.0,69.0,0.0,3.0,60.0,23.0,2.0,0.0,3.0,6.0,7.0,10.0,0.0,0.0,1.0,2.0,3.0,0.0,0.0,7.0,25.0,24.0,2.0,7.0,12.0,0.0,0.0,421,67,56,1.9002,8.5511,3.0879,1.9002,0.0,0.0,0.7126,0.4751,1.4252,18.5273,0.0,0.2375,16.3895,0.0,0.7126,14.2518,5.4632,0.4751,0.0,0.7126,1.4252,1.6627,2.3753,0.0,0.0,0.2375,0.4751,0.7126,0.0,0.0,1.6627,5.9382,5.7007,0.4751,1.6627,2.8504,0.0,0.0,FP
010503,AMAZONAS,LUYA,COCABAMBA,45.0,63.0,5.0,4.0,2.0,0.0,1.0,2.0,4.0,127.0,0.0,1.0,283.0,1.0,1.0,56.0,15.0,0.0,1.0,3.0,2.0,7.0,2.0,0.0,0.0,0.0,5.0,3.0,0.0,0.0,16.0,15.0,22.0,0.0,6.0,10.0,4.0,4.0,710,237,120,6.338,8.8732,0.7042,0.5634,0.2817,0.0,0.1408,0.2817,0.5634,17.8873,0.0,0.1408,39.8592,0.1408,0.1408,7.8873,2.1127,0.0,0.1408,0.4225,0.2817,0.9859,0.2817,0.0,0.0,0.0,0.7042,0.4225,0.0,0.0,2.2535,2.1127,3.0986,0.0,0.8451,1.4085,0.5634,0.5634,JxP
010504,AMAZONAS,LUYA,COLCAMAR,15.0,103.0,20.0,10.0,2.0,0.0,12.0,1.0,13.0,311.0,0.0,1.0,69.0,3.0,2.0,124.0,88.0,4.0,1.0,9.0,11.0,13.0,34.0,0.0,1.0,7.0,12.0,4.0,1.0,4.0,19.0,68.0,165.0,0.0,14.0,64.0,6.0,6.0,1217,334,174,1.2325,8.4634,1.6434,0.8217,0.1643,0.0,0.986,0.0822,1.0682,25.5546,0.0,0.0822,5.6697,0.2465,0.1643,10.189,7.2309,0.3287,0.0822,0.7395,0.9039,1.0682,2.7938,0.0,0.0822,0.5752,0.986,0.3287,0.0822,0.3287,1.5612,5.5875,13.5579,0.0,1.1504,5.2588,0.493,0.493,FP
010505,AMAZONAS,LUYA,CONILA,2.0,80.0,8.0,5.0,1.0,0.0,4.0,0.0,1.0,97.0,0.0,0.0,91.0,2.0,2.0,71.0,28.0,1.0,11.0,7.0,23.0,4.0,3.0,1.0,1.0,3.0,5.0,1.0,0.0,2.0,5.0,25.0,97.0,0.0,4.0,35.0,7.0,1.0,628,225,92,0.3185,12.7389,1.2739,0.7962,0.1592,0.0,0.6369,0.0,0.1592,15.4459,0.0,0.0,14.4904,0.3185,0.3185,11.3057,4.4586,0.1592,1.7516,1.1146,3.6624,0.6369,0.4777,0.1592,0.1592,0.4777,0.7962,0.1592,0.0,0.3185,0.7962,3.9809,15.4459,0.0,0.6369,5.5732,1.1146,0.1592,FP
010506,AMAZONAS,LUYA,INGUILPATA,28.0,78.0,8.0,7.0,1.0,0.0,10.0,2.0,9.0,155.0,0.0,0.0,76.0,3.0,4.0,81.0,44.0,1.0,2.0,8.0,1.0,3.0,14.0,0.0,7.0,1.0,9.0,5.0,0.0,0.0,9.0,58.0,83.0,0.0,10.0,41.0,3.0,2.0,763,183,120,3.6697,10.2228,1.0485,0.9174,0.1311,0.0,1.3106,0.2621,1.1796,20.3145,0.0,0.0,9.9607,0.3932,0.5242,10.616,5.7667,0.1311,0.2621,1.0485,0.1311,0.3932,1.8349,0.0,0.9174,0.1311,1.1796,0.6553,0.0,0.0,1.1796,7.6016,10.8781,0.0,1.3106,5.3735,0.3932,0.2621,FP
010507,AMAZONAS,LUYA,LONGUITA,6.0,20.0,3.0,0.0,0.0,0.0,4.0,0.0,0.0,67.0,0.0,0.0,38.0,0.0,3.0,24.0,9.0,0.0,0.0,2.0,0.0,2.0,3.0,0.0,0.0,0.0,6.0,2.0,0.0,1.0,4.0,12.0,6.0,0.0,2.0,11.0,0.0,0.0,225,89,50,2.6667,8.8889,1.3333,0.0,0.0,0.0,1.7778,0.0,0.0,29.7778,0.0,0.0,16.8889,0.0,1.3333,10.6667,4.0,0.0,0.0,0.8889,0.0,0.8889,1.3333,0.0,0.0,0.0,2.6667,0.8889,0.0,0.4444,1.7778,5.3333,2.6667,0.0,0.8889,4.8889,0.0,0.0,FP
010508,AMAZONAS,LUYA,LONYA CHICO,7.0,118.0,19.0,8.0,1.0,0.0,6.0,0.0,4.0,233.0,0.0,0.0,107.0,0.0,4.0,90.0,56.0,1.0,10.0,4.0,2.0,11.0,18.0,0.0,3.0,3.0,4.0,0.0,3.0,1.0,22.0,39.0,76.0,2.0,16.0,21.0,6.0,2.0,897,191,78,0.7804,13.155,2.1182,0.8919,0.1115,0.0,0.6689,0.0,0.4459,25.9755,0.0,0.0,11.9287,0.0,0.4459,10.0334,6.243,0.1115,1.1148,0.4459,0.223,1.2263,2.0067,0.0,0.3344,0.3344,0.4459,0.0,0.3344,0.1115,2.4526,4.3478,8.4727,0.223,1.7837,2.3411,0.6689,0.223,FP
010509,AMAZONAS,LUYA,LUYA,70.0,152.0,44.0,12.0,4.0,0.0,30.0,8.0,21.0,528.0,0.0,1.0,1042.0,6.0,7.0,308.0,77.0,4.0,18.0,15.0,7.0,62.0,34.0,3.0,18.0,9.0,30.0,6.0,3.0,6.0,87.0,71.0,124.0,2.0,39.0,58.0,13.0,4.0,2923,872,417,2.3948,5.2001,1.5053,0.4105,0.1368,0.0,1.0263,0.2737,0.7184,18.0636,0.0,0.0342,35.6483,0.2053,0.2395,10.5371,2.6343,0.1368,0.6158,0.5132,0.2395,2.1211,1.1632,0.1026,0.6158,0.3079,1.0263,0.2053,0.1026,0.2053,2.9764,2.429,4.2422,0.0684,1.3342,1.9843,0.4447,0.1368,JxP
010510,AMAZONAS,LUYA,LUYA VIEJO,4.0,36.0,9.0,5.0,2.0,0.0,1.0,0.0,2.0,78.0,0.0,0.0,18.0,1.0,1.0,26.0,19.0,2.0,2.0,5.0,2.0,2.0,3.0,0.0,7.0,1.0,1.0,1.0,1.0,0.0,1.0,16.0,33.0,0.0,2.0,24.0,1.0,2.0,308,82,41,1.2987,11.6883,2.9221,1.6234,0.6494,0.0,0.3247,0.0,0.6494,25.3247,0.0,0.0,5.8442,0.3247,0.3247,8.4416,6.1688,0.6494,0.6494,1.6234,0.6494,0.6494,0.974,0.0,2.2727,0.3247,0.3247,0.3247,0.3247,0.0,0.3247,5.1948,10.7143,0.0,0.6494,7.7922,0.3247,0.6494,FP
010511,AMAZONAS,LUYA,MARÍA,15.0,10.0,1.0,2.0,0.0,0.0,0.0,0.0,1.0,54.0,0.0,0.0,27.0,0.0,0.0,20.0,6.0,0.0,0.0,2.0,0.0,3.0,5.0,0.0,1.0,2.0,0.0,0.0,0.0,0.0,3.0,13.0,32.0,0.0,2.0,14.0,0.0,0.0,213,36,30,7.0423,4.6948,0.4695,0.939,0.0,0.0,0.0,0.0,0.4695,25.3521,0.0,0.0,12.6761,0.0,0.0,9.3897,2.8169,0.0,0.0,0.939,0.0,1.4085,2.3474,0.0,0.4695,0.939,0.0,0.0,0.0,0.0,1.4085,6.1033,15.0235,0.0,0.939,6.5728,0.0,0.0,FP
010512,AMAZONAS,LUYA,OCALLI,2.0,11.0,20.0,1.0,1.0,0.0,2.0,1.0,3.0,153.0,0.0,1.0,535.0,1.0,37.0,104.0,7.0,1.0,4.0,5.0,1.0,7.0,6.0,1.0,4.0,2.0,14.0,7.0,1.0,0.0,38.0,10.0,15.0,10.0,3.0,11.0,2.0,2.0,1023,247,81,0.1955,1.0753,1.955,0.0978,0.0978,0.0,0.1955,0.0978,0.2933,14.956,0.0,0.0978,52.2972,0.0978,3.6168,10.1662,0.6843,0.0978,0.391,0.4888,0.0978,0.6843,0.5865,0.0978,0.391,0.1955,1.3685,0.6843,0.0978,0.0,3.7146,0.9775,1.4663,0.9775,0.2933,1.0753,0.1955,0.1955,JxP
010601,AMAZONAS,RODRÍGUEZ DE MENDOZA,SAN NICOLÁS,50.0,175.0,157.0,14.0,48.0,0.0,19.0,7.0,29.0,448.0,0.0,7.0,4971.0,7.0,14.0,276.0,36.0,12.0,24.0,21.0,8.0,45.0,32.0,0.0,47.0,6.0,49.0,9.0,7.0,5.0,334.0,49.0,103.0,9.0,36.0,221.0,9.0,22.0,7306,1977,663,0.6844,2.3953,2.1489,0.1916,0.657,0.0,0.2601,0.0958,0.3969,6.1319,0.0,0.0958,68.04,0.0958,0.1916,3.7777,0.4927,0.1642,0.3285,0.2874,0.1095,0.6159,0.438,0.0,0.6433,0.0821,0.6707,0.1232,0.0958,0.0684,4.5716,0.6707,1.4098,0.1232,0.4927,3.0249,0.1232,0.3011,JxP
010602,AMAZONAS,RODRÍGUEZ DE MENDOZA,CHIRIMOTO,27.0,29.0,75.0,4.0,5.0,0.0,9.0,3.0,17.0,121.0,0.0,0.0,2572.0,4.0,4.0,64.0,5.0,10.0,8.0,18.0,3.0,35.0,15.0,0.0,146.0,3.0,31.0,16.0,1.0,0.0,201.0,16.0,16.0,7.0,5.0,50.0,5.0,4.0,3529,998,323,0.7651,0.8218,2.1252,0.1133,0.1417,0.0,0.255,0.085,0.4817,3.4287,0.0,0.0,72.8818,0.1133,0.1133,1.8135,0.1417,0.2834,0.2267,0.5101,0.085,0.9918,0.425,0.0,4.1371,0.085,0.8784,0.4534,0.0283,0.0,5.6957,0.4534,0.4534,0.1984,0.1417,1.4168,0.1417,0.1133,JxP
010603,AMAZONAS,RODRÍGUEZ DE MENDOZA,COCHAMAL,120.0,11.0,11.0,2.0,0.0,0.0,6.0,10.0,6.0,58.0,0.0,2.0,3166.0,4.0,9.0,74.0,9.0,6.0,6.0,8.0,2.0,9.0,3.0,0.0,28.0,3.0,65.0,10.0,2.0,2.0,187.0,2.0,33.0,7.0,1.0,123.0,2.0,103.0,4090,818,442,2.934,0.2689,0.2689,0.0489,0.0,0.0,0.1467,0.2445,0.1467,1.4181,0.0,0.0489,77.4083,0.0978,0.22,1.8093,0.22,0.1467,0.1467,0.1956,0.0489,0.22,0.0733,0.0,0.6846,0.0733,1.5892,0.2445,0.0489,0.0489,4.5721,0.0489,0.8068,0.1711,0.0244,3.0073,0.0489,2.5183,JxP
010701,AMAZONAS,UTCUBAMBA,BAGUA GRANDE,290.0,1210.0,408.0,158.0,114.0,0.0,211.0,31.0,237.0,4385.0,0.0,18.0,7688.0,39.0,67.0,3080.0,749.0,32.0,118.0,82.0,68.0,277.0,329.0,10.0,180.0,45.0,293.0,37.0,41.0,9.0,426.0,682.0,807.0,46.0,360.0,400.0,143.0,86.0,23156,4659,1940,1.2524,5.2254,1.762,0.6823,0.4923,0.0,0.9112,0.1339,1.0235,18.9368,0.0,0.0777,33.2009,0.1684,0.2893,13.3011,3.2346,0.1382,0.5096,0.3541,0.2937,1.1962,1.4208,0.0432,0.7773,0.1943,1.2653,0.1598,0.1771,0.0389,1.8397,2.9452,3.4851,0.1987,1.5547,1.7274,0.6176,0.3714,JxP
010702,AMAZONAS,UTCUBAMBA,CAJARURO,159.0,376.0,250.0,78.0,21.0,0.0,56.0,10.0,83.0,1762.0,0.0,9.0,4746.0,10.0,18.0,1397.0,207.0,19.0,87.0,42.0,36.0,134.0,91.0,6.0,66.0,25.0,121.0,23.0,20.0,4.0,248.0,179.0,187.0,26.0,113.0,101.0,37.0,21.0,10768,2423,901,1.4766,3.4918,2.3217,0.7244,0.195,0.0,0.5201,0.0929,0.7708,16.3633,0.0,0.0836,44.075,0.0929,0.1672,12.9736,1.9224,0.1764,0.8079,0.39,0.3343,1.2444,0.8451,0.0557,0.6129,0.2322,1.1237,0.2136,0.1857,0.0371,2.3031,1.6623,1.7366,0.2415,1.0494,0.938,0.3436,0.195,JxP
010703,AMAZONAS,UTCUBAMBA,CUMBA,25.0,118.0,108.0,16.0,8.0,0.0,91.0,8.0,21.0,713.0,0.0,0.0,1633.0,3.0,5.0,470.0,52.0,7.0,7.0,18.0,4.0,20.0,20.0,6.0,31.0,2.0,25.0,6.0,1.0,2.0,70.0,36.0,82.0,4.0,24.0,63.0,12.0,9.0,3720,841,259,0.672,3.172,2.9032,0.4301,0.2151,0.0,2.4462,0.2151,0.5645,19.1667,0.0,0.0,43.8978,0.0806,0.1344,12.6344,1.3978,0.1882,0.1882,0.4839,0.1075,0.5376,0.5376,0.1613,0.8333,0.0538,0.672,0.1613,0.0269,0.0538,1.8817,0.9677,2.2043,0.1075,0.6452,1.6935,0.3226,0.2419,JxP
010704,AMAZONAS,UTCUBAMBA,EL MILAGRO,10.0,83.0,54.0,11.0,5.0,0.0,35.0,5.0,26.0,735.0,0.0,8.0,1105.0,2.0,6.0,259.0,23.0,5.0,25.0,12.0,4.0,23.0,21.0,0.0,28.0,6.0,26.0,6.0,2.0,0.0,66.0,80.0,104.0,5.0,39.0,22.0,20.0,18.0,2879,716,198,0.3473,2.8829,1.8757,0.3821,0.1737,0.0,1.2157,0.1737,0.9031,25.5297,0.0,0.2779,38.3814,0.0695,0.2084,8.9962,0.7989,0.1737,0.8684,0.4168,0.1389,0.7989,0.7294,0.0,0.9726,0.2084,0.9031,0.2084,0.0695,0.0,2.2925,2.7787,3.6124,0.1737,1.3546,0.7642,0.6947,0.6252,JxP
010705,AMAZONAS,UTCUBAMBA,JAMALCA,28.0,120.0,41.0,14.0,3.0,0.0,14.0,3.0,21.0,468.0,0.0,1.0,1575.0,3.0,1.0,368.0,56.0,4.0,13.0,12.0,4.0,21.0,15.0,3.0,14.0,3.0,31.0,3.0,5.0,0.0,47.0,31.0,52.0,5.0,20.0,86.0,21.0,4.0,3110,613,293,0.9003,3.8585,1.3183,0.4502,0.0965,0.0,0.4502,0.0965,0.6752,15.0482,0.0,0.0322,50.6431,0.0965,0.0322,11.8328,1.8006,0.1286,0.418,0.3859,0.1286,0.6752,0.4823,0.0965,0.4502,0.0965,0.9968,0.0965,0.1608,0.0,1.5113,0.9968,1.672,0.1608,0.6431,2.7653,0.6752,0.1286,JxP
010706,AMAZONAS,UTCUBAMBA,LONYA GRANDE,37.0,342.0,63.0,63.0,7.0,0.0,18.0,8.0,67.0,743.0,0.0,2.0,1568.0,7.0,7.0,497.0,112.0,5.0,44.0,22.0,13.0,42.0,28.0,1.0,18.0,8.0,42.0,13.0,2.0,3.0,75.0,112.0,131.0,10.0,37.0,21.0,21.0,15.0,4204,1126,368,0.8801,8.1351,1.4986,1.4986,0.1665,0.0,0.4282,0.1903,1.5937,17.6736,0.0,0.0476,37.2978,0.1665,0.1665,11.8221,2.6641,0.1189,1.0466,0.5233,0.3092,0.999,0.666,0.0238,0.4282,0.1903,0.999,0.3092,0.0476,0.0714,1.784,2.6641,3.1161,0.2379,0.8801,0.4995,0.4995,0.3568,JxP
010707,AMAZONAS,UTCUBAMBA,YAMON,16.0,92.0,28.0,12.0,0.0,0.0,21.0,7.0,9.0,277.0,0.0,1.0,607.0,2.0,7.0,185.0,14.0,6.0,2.0,11.0,1.0,10.0,9.0,1.0,9.0,1.0,16.0,6.0,1.0,0.0,41.0,29.0,58.0,6.0,6.0,24.0,6.0,2.0,1523,296,122,1.0506,6.0407,1.8385,0.7879,0.0,0.0,1.3789,0.4596,0.5909,18.1878,0.0,0.0657,39.8555,0.1313,0.4596,12.1471,0.9192,0.394,0.1313,0.7223,0.0657,0.6566,0.5909,0.0657,0.5909,0.0657,1.0506,0.394,0.0657,0.0,2.6921,1.9041,3.8083,0.394,0.394,1.5758,0.394,0.1313,JxP
020101,ÁNCASH,HUARAZ,HUARAZ,201.0,5224.0,502.0,206.0,47.0,0.0,276.0,40.0,794.0,4397.0,0.0,59.0,2768.0,139.0,234.0,3217.0,3933.0,41.0,175.0,181.0,149.0,184.0,1250.0,16.0,248.0,79.0,222.0,164.0,9.0,44.0,504.0,2830.0,2462.0,25.0,1297.0,236.0,94.0,136.0,32383,4198,2426,0.6207,16.1319,1.5502,0.6361,0.1451,0.0,0.8523,0.1235,2.4519,13.5781,0.0,0.1822,8.5477,0.4292,0.7226,9.9342,12.1453,0.1266,0.5404,0.5589,0.4601,0.5682,3.8601,0.0494,0.7658,0.244,0.6855,0.5064,0.0278,0.1359,1.5564,8.7392,7.6028,0.0772,4.0052,0.7288,0.2903,0.42,AN
020102,ÁNCASH,HUARAZ,COCHABAMBA,222.0,5755.0,589.0,185.0,42.0,0.0,263.0,53.0,884.0,5147.0,0.0,65.0,3615.0,161.0,249.0,3497.0,3798.0,44.0,173.0,245.0,114.0,191.0,1244.0,19.0,295.0,61.0,313.0,221.0,22.0,31.0,536.0,2918.0,2150.0,41.0,1275.0,268.0,104.0,87.0,34877,4728,2970,0.6365,16.5008,1.6888,0.5304,0.1204,0.0,0.7541,0.152,2.5346,14.7576,0.0,0.1864,10.365,0.4616,0.7139,10.0267,10.8897,0.1262,0.496,0.7025,0.3269,0.5476,3.5668,0.0545,0.8458,0.1749,0.8974,0.6337,0.0631,0.0889,1.5368,8.3665,6.1645,0.1176,3.6557,0.7684,0.2982,0.2494,AN
020103,ÁNCASH,HUARAZ,COLCABAMBA,8.0,81.0,41.0,3.0,0.0,0.0,0.0,2.0,5.0,159.0,0.0,1.0,203.0,2.0,1.0,53.0,6.0,1.0,6.0,6.0,0.0,5.0,2.0,0.0,0.0,4.0,6.0,4.0,0.0,0.0,15.0,26.0,19.0,4.0,1.0,2.0,1.0,1.0,668,184,39,1.1976,12.1257,6.1377,0.4491,0.0,0.0,0.0,0.2994,0.7485,23.8024,0.0,0.1497,30.3892,0.2994,0.1497,7.9341,0.8982,0.1497,0.8982,0.8982,0.0,0.7485,0.2994,0.0,0.0,0.5988,0.8982,0.5988,0.0,0.0,2.2455,3.8922,2.8443,0.5988,0.1497,0.2994,0.1497,0.1497,JxP
020104,ÁNCASH,HUARAZ,HUANCHAY,1.0,26.0,7.0,5.0,0.0,0.0,3.0,1.0,2.0,25.0,0.0,0.0,23.0,0.0,0.0,22.0,6.0,0.0,5.0,2.0,0.0,0.0,4.0,0.0,2.0,0.0,5.0,1.0,0.0,0.0,2.0,2.0,4.0,0.0,2.0,0.0,0.0,1.0,151,56,6,0.6623,17.2185,4.6358,3.3113,0.0,0.0,1.9868,0.6623,1.3245,16.5563,0.0,0.0,15.2318,0.0,0.0,14.5695,3.9735,0.0,3.3113,1.3245,0.0,0.0,2.649,0.0,1.3245,0.0,3.3113,0.6623,0.0,0.0,1.3245,1.3245,2.649,0.0,1.3245,0.0,0.0,0.6623,AN
020105,ÁNCASH,HUARAZ,INDEPENDENCIA,5.0,42.0,4.0,1.0,0.0,0.0,5.0,2.0,7.0,172.0,0.0,0.0,285.0,1.0,1.0,83.0,22.0,3.0,11.0,3.0,1.0,8.0,2.0,0.0,5.0,3.0,8.0,4.0,1.0,1.0,15.0,31.0,16.0,2.0,9.0,9.0,5.0,2.0,769,215,82,0.6502,5.4616,0.5202,0.13,0.0,0.0,0.6502,0.2601,0.9103,22.3667,0.0,0.0,37.0611,0.13,0.13,10.7932,2.8609,0.3901,1.4304,0.3901,0.13,1.0403,0.2601,0.0,0.6502,0.3901,1.0403,0.5202,0.13,0.13,1.9506,4.0312,2.0806,0.2601,1.1704,1.1704,0.6502,0.2601,JxP
020106,ÁNCASH,HUARAZ,JANGAS,7.0,394.0,48.0,3.0,1.0,0.0,13.0,7.0,73.0,542.0,0.0,5.0,680.0,7.0,11.0,429.0,109.0,5.0,12.0,12.0,6.0,12.0,52.0,3.0,10.0,3.0,30.0,11.0,5.0,3.0,68.0,170.0,102.0,5.0,37.0,13.0,8.0,4.0,2900,564,256,0.2414,13.5862,1.6552,0.1034,0.0345,0.0,0.4483,0.2414,2.5172,18.6897,0.0,0.1724,23.4483,0.2414,0.3793,14.7931,3.7586,0.1724,0.4138,0.4138,0.2069,0.4138,1.7931,0.1034,0.3448,0.1034,1.0345,0.3793,0.1724,0.1034,2.3448,5.8621,3.5172,0.1724,1.2759,0.4483,0.2759,0.1379,JxP
020107,ÁNCASH,HUARAZ,LA LIBERTAD,6.0,121.0,6.0,1.0,0.0,0.0,2.0,4.0,20.0,124.0,0.0,3.0,83.0,2.0,0.0,101.0,34.0,2.0,7.0,4.0,1.0,9.0,3.0,0.0,4.0,4.0,7.0,5.0,0.0,1.0,58.0,71.0,13.0,0.0,10.0,8.0,2.0,0.0,716,154,36,0.838,16.8994,0.838,0.1397,0.0,0.0,0.2793,0.5587,2.7933,17.3184,0.0,0.419,11.5922,0.2793,0.0,14.1061,4.7486,0.2793,0.9777,0.5587,0.1397,1.257,0.419,0.0,0.5587,0.5587,0.9777,0.6983,0.0,0.1397,8.1006,9.9162,1.8156,0.0,1.3966,1.1173,0.2793,0.0,FP
020108,ÁNCASH,HUARAZ,OLLEROS,14.0,257.0,25.0,6.0,0.0,0.0,11.0,1.0,29.0,268.0,0.0,1.0,440.0,18.0,11.0,168.0,72.0,2.0,6.0,9.0,3.0,7.0,18.0,1.0,12.0,2.0,8.0,8.0,0.0,1.0,49.0,136.0,36.0,1.0,32.0,10.0,3.0,2.0,1667,284,187,0.8398,15.4169,1.4997,0.3599,0.0,0.0,0.6599,0.06,1.7397,16.0768,0.0,0.06,26.3947,1.0798,0.6599,10.078,4.3191,0.12,0.3599,0.5399,0.18,0.4199,1.0798,0.06,0.7199,0.12,0.4799,0.4799,0.0,0.06,2.9394,8.1584,2.1596,0.06,1.9196,0.5999,0.18,0.12,JxP
020109,ÁNCASH,HUARAZ,PAMPAS,3.0,110.0,2.0,0.0,0.0,0.0,1.0,3.0,6.0,76.0,0.0,1.0,112.0,2.0,2.0,79.0,12.0,0.0,1.0,6.0,1.0,16.0,11.0,0.0,2.0,2.0,6.0,2.0,1.0,0.0,12.0,20.0,15.0,2.0,9.0,1.0,2.0,0.0,518,117,40,0.5792,21.2355,0.3861,0.0,0.0,0.0,0.1931,0.5792,1.1583,14.6718,0.0,0.1931,21.6216,0.3861,0.3861,15.251,2.3166,0.0,0.1931,1.1583,0.1931,3.0888,2.1236,0.0,0.3861,0.3861,1.1583,0.3861,0.1931,0.0,2.3166,3.861,2.8958,0.3861,1.7375,0.1931,0.3861,0.0,JxP
020110,ÁNCASH,HUARAZ,PARIACOTO,4.0,132.0,21.0,26.0,1.0,0.0,19.0,5.0,15.0,699.0,0.0,4.0,664.0,5.0,4.0,220.0,61.0,1.0,17.0,40.0,1.0,19.0,14.0,1.0,12.0,3.0,10.0,5.0,2.0,2.0,116.0,102.0,56.0,0.0,32.0,14.0,8.0,6.0,2341,563,204,0.1709,5.6386,0.8971,1.1106,0.0427,0.0,0.8116,0.2136,0.6408,29.859,0.0,0.1709,28.3639,0.2136,0.1709,9.3977,2.6057,0.0427,0.7262,1.7087,0.0427,0.8116,0.598,0.0427,0.5126,0.1282,0.4272,0.2136,0.0854,0.0854,4.9551,4.3571,2.3921,0.0,1.3669,0.598,0.3417,0.2563,FP
020111,ÁNCASH,HUARAZ,PIRA,11.0,259.0,24.0,4.0,0.0,0.0,6.0,4.0,47.0,430.0,0.0,3.0,518.0,21.0,5.0,226.0,49.0,1.0,9.0,18.0,5.0,21.0,11.0,1.0,8.0,4.0,21.0,11.0,0.0,2.0,125.0,99.0,35.0,9.0,21.0,10.0,3.0,1.0,2022,492,145,0.544,12.8091,1.1869,0.1978,0.0,0.0,0.2967,0.1978,2.3244,21.2661,0.0,0.1484,25.6182,1.0386,0.2473,11.1771,2.4233,0.0495,0.4451,0.8902,0.2473,1.0386,0.544,0.0495,0.3956,0.1978,1.0386,0.544,0.0,0.0989,6.182,4.8961,1.731,0.4451,1.0386,0.4946,0.1484,0.0495,JxP
020112,ÁNCASH,HUARAZ,TARICA,28.0,381.0,65.0,12.0,6.0,0.0,14.0,6.0,80.0,580.0,0.0,8.0,834.0,17.0,10.0,396.0,149.0,6.0,18.0,37.0,5.0,22.0,45.0,2.0,15.0,12.0,26.0,16.0,6.0,4.0,57.0,274.0,127.0,5.0,75.0,15.0,6.0,6.0,3365,795,335,0.8321,11.3224,1.9316,0.3566,0.1783,0.0,0.416,0.1783,2.3774,17.2363,0.0,0.2377,24.7845,0.5052,0.2972,11.7682,4.4279,0.1783,0.5349,1.0996,0.1486,0.6538,1.3373,0.0594,0.4458,0.3566,0.7727,0.4755,0.1783,0.1189,1.6939,8.1426,3.7741,0.1486,2.2288,0.4458,0.1783,0.1783,JxP
020201,ÁNCASH,AIJA,AIJA,12.0,194.0,12.0,12.0,0.0,0.0,6.0,2.0,13.0,173.0,0.0,0.0,164.0,4.0,2.0,92.0,68.0,2.0,4.0,8.0,2.0,6.0,21.0,2.0,3.0,5.0,5.0,4.0,2.0,1.0,19.0,61.0,17.0,1.0,20.0,18.0,1.0,0.0,956,192,64,1.2552,20.2929,1.2552,1.2552,0.0,0.0,0.6276,0.2092,1.3598,18.0962,0.0,0.0,17.1548,0.4184,0.2092,9.6234,7.113,0.2092,0.4184,0.8368,0.2092,0.6276,2.1967,0.2092,0.3138,0.523,0.523,0.4184,0.2092,0.1046,1.9874,6.3808,1.7782,0.1046,2.0921,1.8828,0.1046,0.0,AN
020203,ÁNCASH,AIJA,HUACLLAN,5.0,94.0,3.0,3.0,0.0,0.0,3.0,0.0,5.0,200.0,0.0,6.0,168.0,2.0,2.0,59.0,15.0,0.0,6.0,8.0,0.0,4.0,19.0,0.0,4.0,2.0,7.0,1.0,1.0,2.0,16.0,48.0,10.0,1.0,5.0,9.0,1.0,0.0,709,212,58,0.7052,13.2581,0.4231,0.4231,0.0,0.0,0.4231,0.0,0.7052,28.2087,0.0,0.8463,23.6953,0.2821,0.2821,8.3216,2.1157,0.0,0.8463,1.1283,0.0,0.5642,2.6798,0.0,0.5642,0.2821,0.9873,0.141,0.141,0.2821,2.2567,6.7701,1.4104,0.141,0.7052,1.2694,0.141,0.0,FP
020205,ÁNCASH,AIJA,SUCCHA,1.0,48.0,7.0,1.0,0.0,0.0,0.0,1.0,3.0,28.0,0.0,1.0,58.0,2.0,0.0,35.0,12.0,0.0,1.0,1.0,1.0,2.0,3.0,0.0,2.0,0.0,2.0,3.0,0.0,0.0,26.0,22.0,8.0,0.0,7.0,4.0,3.0,1.0,283,45,27,0.3534,16.9611,2.4735,0.3534,0.0,0.0,0.0,0.3534,1.0601,9.894,0.0,0.3534,20.4947,0.7067,0.0,12.3675,4.2403,0.0,0.3534,0.3534,0.3534,0.7067,1.0601,0.0,0.7067,0.0,0.7067,1.0601,0.0,0.0,9.1873,7.7739,2.8269,0.0,2.4735,1.4134,1.0601,0.3534,JxP
020206,Áncash,Aija,,6.0,120.0,13.0,1.0,0.0,0.0,3.0,1.0,17.0,254.0,0.0,1.0,190.0,3.0,4.0,120.0,29.0,2.0,9.0,8.0,3.0,4.0,24.0,2.0,3.0,2.0,14.0,3.0,0.0,0.0,34.0,147.0,36.0,3.0,28.0,19.0,1.0,2.0,1106,245,117,0.5425,10.8499,1.1754,0.0904,0.0,0.0,0.2712,0.0904,1.5371,22.9656,0.0,0.0904,17.179,0.2712,0.3617,10.8499,2.6221,0.1808,0.8137,0.7233,0.2712,0.3617,2.17,0.1808,0.2712,0.1808,1.2658,0.2712,0.0,0.0,3.0741,13.2911,3.255,0.2712,2.5316,1.7179,0.0904,0.1808,FP
020208,Áncash,Aija,,2.0,72.0,4.0,0.0,1.0,0.0,0.0,0.0,7.0,77.0,0.0,0.0,59.0,3.0,0.0,42.0,11.0,1.0,2.0,8.0,0.0,1.0,4.0,0.0,1.0,0.0,1.0,1.0,0.0,0.0,9.0,34.0,13.0,0.0,6.0,0.0,1.0,0.0,360,73,26,0.5556,20.0,1.1111,0.0,0.2778,0.0,0.0,0.0,1.9444,21.3889,0.0,0.0,16.3889,0.8333,0.0,11.6667,3.0556,0.2778,0.5556,2.2222,0.0,0.2778,1.1111,0.0,0.2778,0.0,0.2778,0.2778,0.0,0.0,2.5,9.4444,3.6111,0.0,1.6667,0.0,0.2778,0.0,FP
020301,ÁNCASH,ANTONIO RAYMONDI,LLAMELLIN,24.0,333.0,35.0,15.0,0.0,0.0,14.0,9.0,35.0,225.0,0.0,1.0,189.0,1.0,8.0,225.0,117.0,1.0,5.0,38.0,4.0,5.0,38.0,1.0,9.0,6.0,18.0,6.0,1.0,0.0,79.0,57.0,61.0,2.0,47.0,9.0,1.0,3.0,1622,311,102,1.4797,20.5302,2.1578,0.9248,0.0,0.0,0.8631,0.5549,2.1578,13.8718,0.0,0.0617,11.6523,0.0617,0.4932,13.8718,7.2133,0.0617,0.3083,2.3428,0.2466,0.3083,2.3428,0.0617,0.5549,0.3699,1.1097,0.3699,0.0617,0.0,4.8705,3.5142,3.7608,0.1233,2.8977,0.5549,0.0617,0.185,AN
020302,ÁNCASH,ANTONIO RAYMONDI,ACZO,0.0,30.0,1.0,0.0,0.0,0.0,0.0,0.0,0.0,19.0,0.0,0.0,9.0,0.0,0.0,4.0,10.0,0.0,0.0,1.0,1.0,0.0,3.0,0.0,1.0,0.0,0.0,0.0,0.0,0.0,1.0,6.0,9.0,1.0,0.0,2.0,0.0,3.0,101,19,7,0.0,29.703,0.9901,0.0,0.0,0.0,0.0,0.0,0.0,18.8119,0.0,0.0,8.9109,0.0,0.0,3.9604,9.901,0.0,0.0,0.9901,0.9901,0.0,2.9703,0.0,0.9901,0.0,0.0,0.0,0.0,0.0,0.9901,5.9406,8.9109,0.9901,0.0,1.9802,0.0,2.9703,AN
020304,ÁNCASH,ANTONIO RAYMONDI,CHINGAS,10.0,93.0,10.0,3.0,0.0,0.0,11.0,4.0,17.0,236.0,0.0,2.0,203.0,2.0,6.0,128.0,34.0,0.0,10.0,23.0,2.0,6.0,20.0,0.0,12.0,1.0,5.0,4.0,1.0,1.0,34.0,30.0,19.0,3.0,34.0,5.0,4.0,0.0,973,222,76,1.0277,9.5581,1.0277,0.3083,0.0,0.0,1.1305,0.4111,1.7472,24.2549,0.0,0.2055,20.8633,0.2055,0.6166,13.1552,3.4943,0.0,1.0277,2.3638,0.2055,0.6166,2.0555,0.0,1.2333,0.1028,0.5139,0.4111,0.1028,0.1028,3.4943,3.0832,1.9527,0.3083,3.4943,0.5139,0.4111,0.0,FP
020305,ÁNCASH,ANTONIO RAYMONDI,MIRGAS,3.0,65.0,8.0,5.0,1.0,0.0,17.0,3.0,14.0,241.0,0.0,1.0,162.0,1.0,0.0,89.0,25.0,1.0,20.0,5.0,2.0,4.0,5.0,0.0,13.0,2.0,6.0,2.0,1.0,1.0,36.0,51.0,24.0,2.0,17.0,5.0,1.0,1.0,834,175,36,0.3597,7.7938,0.9592,0.5995,0.1199,0.0,2.0384,0.3597,1.6787,28.8969,0.0,0.1199,19.4245,0.1199,0.0,10.6715,2.9976,0.1199,2.3981,0.5995,0.2398,0.4796,0.5995,0.0,1.5588,0.2398,0.7194,0.2398,0.1199,0.1199,4.3165,6.1151,2.8777,0.2398,2.0384,0.5995,0.1199,0.1199,FP
020310,Áncash,Antonio Raymondi,,10.0,115.0,10.0,5.0,1.0,0.0,1.0,2.0,33.0,36.0,0.0,0.0,74.0,1.0,3.0,78.0,11.0,3.0,14.0,2.0,2.0,3.0,5.0,0.0,0.0,5.0,6.0,2.0,0.0,1.0,27.0,18.0,15.0,1.0,6.0,3.0,0.0,2.0,495,140,32,2.0202,23.2323,2.0202,1.0101,0.202,0.0,0.202,0.404,6.6667,7.2727,0.0,0.0,14.9495,0.202,0.6061,15.7576,2.2222,0.6061,2.8283,0.404,0.404,0.6061,1.0101,0.0,0.0,1.0101,1.2121,0.404,0.0,0.202,5.4545,3.6364,3.0303,0.202,1.2121,0.6061,0.0,0.404,AN
020311,Áncash,Antonio Raymondi,,4.0,96.0,13.0,11.0,0.0,0.0,6.0,4.0,15.0,125.0,0.0,2.0,124.0,0.0,2.0,118.0,42.0,0.0,4.0,43.0,3.0,10.0,8.0,0.0,1.0,3.0,6.0,5.0,2.0,0.0,30.0,24.0,13.0,1.0,20.0,0.0,2.0,0.0,737,169,63,0.5427,13.0258,1.7639,1.4925,0.0,0.0,0.8141,0.5427,2.0353,16.9607,0.0,0.2714,16.825,0.0,0.2714,16.0109,5.6988,0.0,0.5427,5.8345,0.4071,1.3569,1.0855,0.0,0.1357,0.4071,0.8141,0.6784,0.2714,0.0,4.0706,3.2564,1.7639,0.1357,2.7137,0.0,0.2714,0.0,FP
020313,Áncash,Antonio Raymondi,,0.0,37.0,1.0,1.0,0.0,0.0,2.0,0.0,24.0,45.0,0.0,0.0,29.0,0.0,2.0,38.0,16.0,1.0,6.0,2.0,1.0,1.0,4.0,0.0,4.0,0.0,5.0,2.0,0.0,1.0,25.0,10.0,13.0,1.0,2.0,3.0,0.0,0.0,276,47,8,0.0,13.4058,0.3623,0.3623,0.0,0.0,0.7246,0.0,8.6957,16.3043,0.0,0.0,10.5072,0.0,0.7246,13.7681,5.7971,0.3623,2.1739,0.7246,0.3623,0.3623,1.4493,0.0,1.4493,0.0,1.8116,0.7246,0.0,0.3623,9.058,3.6232,4.7101,0.3623,0.7246,1.087,0.0,0.0,FP
020315,Áncash,Antonio Raymondi,,1.0,74.0,8.0,2.0,0.0,0.0,1.0,4.0,5.0,18.0,0.0,3.0,149.0,1.0,0.0,69.0,26.0,1.0,4.0,13.0,0.0,1.0,4.0,0.0,3.0,0.0,5.0,0.0,0.0,0.0,31.0,6.0,8.0,0.0,2.0,2.0,0.0,0.0,441,85,22,0.2268,16.78,1.8141,0.4535,0.0,0.0,0.2268,0.907,1.1338,4.0816,0.0,0.6803,33.7868,0.2268,0.0,15.6463,5.8957,0.2268,0.907,2.9478,0.0,0.2268,0.907,0.0,0.6803,0.0,1.1338,0.0,0.0,0.0,7.0295,1.3605,1.8141,0.0,0.4535,0.4535,0.0,0.0,JxP
020317,Áncash,Antonio Raymondi,,1.0,24.0,4.0,3.0,0.0,0.0,3.0,0.0,1.0,34.0,0.0,0.0,11.0,2.0,0.0,17.0,7.0,0.0,0.0,1.0,0.0,1.0,0.0,0.0,0.0,0.0,0.0,2.0,0.0,0.0,6.0,12.0,5.0,0.0,1.0,3.0,0.0,2.0,140,29,4,0.7143,17.1429,2.8571,2.1429,0.0,0.0,2.1429,0.0,0.7143,24.2857,0.0,0.0,7.8571,1.4286,0.0,12.1429,5.0,0.0,0.0,0.7143,0.0,0.7143,0.0,0.0,0.0,0.0,0.0,1.4286,0.0,0.0,4.2857,8.5714,3.5714,0.0,0.7143,2.1429,0.0,1.4286,FP
020320,Áncash,Antonio Raymondi,,4.0,37.0,6.0,1.0,0.0,0.0,4.0,1.0,3.0,49.0,0.0,2.0,22.0,4.0,0.0,19.0,4.0,0.0,0.0,6.0,0.0,1.0,7.0,0.0,7.0,1.0,0.0,2.0,0.0,0.0,12.0,8.0,5.0,0.0,5.0,5.0,0.0,0.0,215,59,24,1.8605,17.2093,2.7907,0.4651,0.0,0.0,1.8605,0.4651,1.3953,22.7907,0.0,0.9302,10.2326,1.8605,0.0,8.8372,1.8605,0.0,0.0,2.7907,0.0,0.4651,3.2558,0.0,3.2558,0.4651,0.0,0.9302,0.0,0.0,5.5814,3.7209,2.3256,0.0,2.3256,2.3256,0.0,0.0,FP
020321,Áncash,Antonio Raymondi,,9.0,97.0,11.0,0.0,0.0,0.0,0.0,8.0,13.0,101.0,0.0,1.0,127.0,2.0,2.0,73.0,22.0,0.0,5.0,4.0,1.0,9.0,5.0,0.0,2.0,4.0,5.0,5.0,0.0,1.0,55.0,40.0,23.0,2.0,14.0,3.0,2.0,1.0,647,139,54,1.391,14.9923,1.7002,0.0,0.0,0.0,0.0,1.2365,2.0093,15.6105,0.0,0.1546,19.6291,0.3091,0.3091,11.2828,3.4003,0.0,0.7728,0.6182,0.1546,1.391,0.7728,0.0,0.3091,0.6182,0.7728,0.7728,0.0,0.1546,8.5008,6.1824,3.5549,0.3091,2.1638,0.4637,0.3091,0.1546,JxP
020322,Áncash,Antonio Raymondi,,3.0,18.0,1.0,2.0,0.0,0.0,1.0,1.0,1.0,34.0,0.0,0.0,7.0,0.0,0.0,5.0,5.0,0.0,1.0,1.0,0.0,0.0,1.0,0.0,2.0,0.0,2.0,1.0,0.0,0.0,23.0,4.0,8.0,0.0,0.0,0.0,0.0,0.0,121,28,2,2.4793,14.876,0.8264,1.6529,0.0,0.0,0.8264,0.8264,0.8264,28.0992,0.0,0.0,5.7851,0.0,0.0,4.1322,4.1322,0.0,0.8264,0.8264,0.0,0.0,0.8264,0.0,1.6529,0.0,1.6529,0.8264,0.0,0.0,19.0083,3.3058,6.6116,0.0,0.0,0.0,0.0,0.0,FP
020323,Áncash,Antonio Raymondi,,3.0,94.0,54.0,8.0,0.0,0.0,5.0,2.0,37.0,271.0,0.0,0.0,150.0,1.0,3.0,135.0,45.0,3.0,14.0,15.0,4.0,10.0,6.0,1.0,3.0,1.0,9.0,6.0,0.0,1.0,49.0,62.0,56.0,2.0,27.0,6.0,7.0,1.0,1091,186,58,0.275,8.6159,4.9496,0.7333,0.0,0.0,0.4583,0.1833,3.3914,24.8396,0.0,0.0,13.7489,0.0917,0.275,12.374,4.1247,0.275,1.2832,1.3749,0.3666,0.9166,0.55,0.0917,0.275,0.0917,0.8249,0.55,0.0,0.0917,4.4913,5.6829,5.1329,0.1833,2.4748,0.55,0.6416,0.0917,FP
020324,Áncash,Antonio Raymondi,,1.0,15.0,3.0,3.0,0.0,0.0,2.0,1.0,10.0,12.0,0.0,0.0,13.0,1.0,0.0,22.0,15.0,0.0,3.0,7.0,0.0,2.0,4.0,0.0,0.0,0.0,1.0,3.0,1.0,0.0,16.0,9.0,1.0,1.0,3.0,2.0,0.0,0.0,151,34,11,0.6623,9.9338,1.9868,1.9868,0.0,0.0,1.3245,0.6623,6.6225,7.947,0.0,0.0,8.6093,0.6623,0.0,14.5695,9.9338,0.0,1.9868,4.6358,0.0,1.3245,2.649,0.0,0.0,0.0,0.6623,1.9868,0.6623,0.0,10.596,5.9603,0.6623,0.6623,1.9868,1.3245,0.0,0.0,Obras
020325,Áncash,Antonio Raymondi,,19.0,198.0,32.0,8.0,3.0,0.0,17.0,7.0,69.0,546.0,0.0,3.0,543.0,7.0,7.0,315.0,147.0,3.0,19.0,34.0,4.0,17.0,34.0,4.0,15.0,4.0,29.0,7.0,0.0,2.0,74.0,101.0,95.0,2.0,67.0,23.0,2.0,2.0,2459,613,202,0.7727,8.0521,1.3013,0.3253,0.122,0.0,0.6913,0.2847,2.806,22.2041,0.0,0.122,22.0821,0.2847,0.2847,12.8101,5.978,0.122,0.7727,1.3827,0.1627,0.6913,1.3827,0.1627,0.61,0.1627,1.1793,0.2847,0.0,0.0813,3.0094,4.1074,3.8634,0.0813,2.7247,0.9353,0.0813,0.0813,FP
020401,ÁNCASH,ASUNCIÓN,CHACAS,65.0,793.0,98.0,44.0,22.0,0.0,28.0,16.0,98.0,1067.0,0.0,14.0,1939.0,19.0,32.0,753.0,341.0,9.0,60.0,103.0,16.0,54.0,141.0,2.0,102.0,6.0,63.0,26.0,7.0,5.0,149.0,386.0,318.0,12.0,164.0,57.0,20.0,9.0,7038,1910,1043,0.9236,11.2674,1.3924,0.6252,0.3126,0.0,0.3978,0.2273,1.3924,15.1606,0.0,0.1989,27.5504,0.27,0.4547,10.6991,4.8451,0.1279,0.8525,1.4635,0.2273,0.7673,2.0034,0.0284,1.4493,0.0853,0.8951,0.3694,0.0995,0.071,2.1171,5.4845,4.5183,0.1705,2.3302,0.8099,0.2842,0.1279,JxP
020402,ÁNCASH,ASUNCIÓN,ACOCHACA,13.0,190.0,8.0,8.0,11.0,0.0,7.0,1.0,7.0,293.0,0.0,2.0,248.0,2.0,8.0,138.0,81.0,0.0,4.0,20.0,7.0,10.0,16.0,1.0,23.0,3.0,9.0,4.0,1.0,0.0,34.0,102.0,71.0,2.0,29.0,8.0,5.0,3.0,1369,312,140,0.9496,13.8787,0.5844,0.5844,0.8035,0.0,0.5113,0.073,0.5113,21.4025,0.0,0.1461,18.1154,0.1461,0.5844,10.0804,5.9167,0.0,0.2922,1.4609,0.5113,0.7305,1.1687,0.073,1.6801,0.2191,0.6574,0.2922,0.073,0.0,2.4836,7.4507,5.1863,0.1461,2.1183,0.5844,0.3652,0.2191,FP
020403,Áncash,Asunción,,3.0,58.0,11.0,0.0,2.0,0.0,3.0,8.0,11.0,102.0,0.0,0.0,349.0,1.0,0.0,134.0,16.0,1.0,8.0,46.0,5.0,12.0,7.0,0.0,6.0,2.0,9.0,4.0,0.0,1.0,35.0,55.0,12.0,3.0,11.0,2.0,1.0,0.0,918,292,92,0.3268,6.3181,1.1983,0.0,0.2179,0.0,0.3268,0.8715,1.1983,11.1111,0.0,0.0,38.0174,0.1089,0.0,14.5969,1.7429,0.1089,0.8715,5.0109,0.5447,1.3072,0.7625,0.0,0.6536,0.2179,0.9804,0.4357,0.0,0.1089,3.8126,5.9913,1.3072,0.3268,1.1983,0.2179,0.1089,0.0,JxP
020404,Áncash,Asunción,,2.0,132.0,18.0,8.0,0.0,0.0,7.0,1.0,21.0,271.0,0.0,1.0,469.0,6.0,2.0,165.0,52.0,2.0,12.0,11.0,6.0,11.0,7.0,1.0,7.0,6.0,12.0,5.0,1.0,0.0,33.0,96.0,27.0,3.0,21.0,14.0,1.0,1.0,1432,275,77,0.1397,9.2179,1.257,0.5587,0.0,0.0,0.4888,0.0698,1.4665,18.9246,0.0,0.0698,32.7514,0.419,0.1397,11.5223,3.6313,0.1397,0.838,0.7682,0.419,0.7682,0.4888,0.0698,0.4888,0.419,0.838,0.3492,0.0698,0.0,2.3045,6.7039,1.8855,0.2095,1.4665,0.9777,0.0698,0.0698,JxP
020405,Áncash,Asunción,,11.0,43.0,9.0,0.0,0.0,0.0,2.0,1.0,11.0,172.0,0.0,4.0,248.0,2.0,3.0,103.0,20.0,2.0,4.0,10.0,1.0,16.0,7.0,0.0,5.0,2.0,6.0,4.0,1.0,0.0,19.0,40.0,20.0,3.0,14.0,5.0,4.0,0.0,792,282,91,1.3889,5.4293,1.1364,0.0,0.0,0.0,0.2525,0.1263,1.3889,21.7172,0.0,0.5051,31.3131,0.2525,0.3788,13.0051,2.5253,0.2525,0.5051,1.2626,0.1263,2.0202,0.8838,0.0,0.6313,0.2525,0.7576,0.5051,0.1263,0.0,2.399,5.0505,2.5253,0.3788,1.7677,0.6313,0.5051,0.0,JxP
020406,Áncash,Asunción,,26.0,407.0,84.0,38.0,10.0,0.0,23.0,15.0,62.0,874.0,0.0,12.0,1371.0,18.0,9.0,567.0,148.0,12.0,45.0,40.0,3.0,37.0,61.0,3.0,29.0,10.0,31.0,35.0,4.0,5.0,175.0,273.0,149.0,18.0,81.0,35.0,13.0,2.0,4725,1606,636,0.5503,8.6138,1.7778,0.8042,0.2116,0.0,0.4868,0.3175,1.3122,18.4974,0.0,0.254,29.0159,0.381,0.1905,12.0,3.1323,0.254,0.9524,0.8466,0.0635,0.7831,1.291,0.0635,0.6138,0.2116,0.6561,0.7407,0.0847,0.1058,3.7037,5.7778,3.1534,0.381,1.7143,0.7407,0.2751,0.0423,JxP
020407,Áncash,Asunción,,3.0,202.0,6.0,7.0,1.0,0.0,10.0,0.0,16.0,144.0,0.0,1.0,133.0,0.0,6.0,88.0,13.0,1.0,1.0,5.0,2.0,4.0,12.0,1.0,11.0,1.0,5.0,1.0,1.0,1.0,13.0,47.0,24.0,1.0,18.0,5.0,2.0,2.0,788,174,59,0.3807,25.6345,0.7614,0.8883,0.1269,0.0,1.269,0.0,2.0305,18.2741,0.0,0.1269,16.8782,0.0,0.7614,11.1675,1.6497,0.1269,0.1269,0.6345,0.2538,0.5076,1.5228,0.1269,1.3959,0.1269,0.6345,0.1269,0.1269,0.1269,1.6497,5.9645,3.0457,0.1269,2.2843,0.6345,0.2538,0.2538,AN
020408,Áncash,Asunción,,5.0,144.0,31.0,2.0,0.0,0.0,3.0,6.0,20.0,199.0,0.0,1.0,337.0,4.0,0.0,200.0,24.0,3.0,9.0,12.0,2.0,9.0,2.0,1.0,12.0,2.0,7.0,4.0,3.0,0.0,29.0,75.0,46.0,2.0,16.0,7.0,0.0,0.0,1217,388,204,0.4108,11.8324,2.5472,0.1643,0.0,0.0,0.2465,0.493,1.6434,16.3517,0.0,0.0822,27.691,0.3287,0.0,16.4339,1.9721,0.2465,0.7395,0.986,0.1643,0.7395,0.1643,0.0822,0.986,0.1643,0.5752,0.3287,0.2465,0.0,2.3829,6.1627,3.7798,0.1643,1.3147,0.5752,0.0,0.0,JxP
020409,Áncash,Asunción,,15.0,99.0,26.0,2.0,1.0,0.0,10.0,9.0,19.0,81.0,0.0,4.0,699.0,7.0,3.0,302.0,33.0,3.0,6.0,31.0,3.0,13.0,5.0,1.0,16.0,4.0,9.0,11.0,1.0,1.0,51.0,72.0,50.0,7.0,22.0,5.0,3.0,1.0,1625,489,210,0.9231,6.0923,1.6,0.1231,0.0615,0.0,0.6154,0.5538,1.1692,4.9846,0.0,0.2462,43.0154,0.4308,0.1846,18.5846,2.0308,0.1846,0.3692,1.9077,0.1846,0.8,0.3077,0.0615,0.9846,0.2462,0.5538,0.6769,0.0615,0.0615,3.1385,4.4308,3.0769,0.4308,1.3538,0.3077,0.1846,0.0615,JxP
020410,Áncash,Asunción,,17.0,207.0,23.0,9.0,2.0,0.0,4.0,6.0,14.0,396.0,0.0,8.0,303.0,3.0,11.0,176.0,103.0,1.0,14.0,28.0,0.0,15.0,14.0,1.0,14.0,1.0,14.0,7.0,2.0,0.0,74.0,123.0,55.0,2.0,36.0,8.0,8.0,0.0,1699,348,237,1.0006,12.1836,1.3537,0.5297,0.1177,0.0,0.2354,0.3531,0.824,23.3078,0.0,0.4709,17.834,0.1766,0.6474,10.359,6.0624,0.0589,0.824,1.648,0.0,0.8829,0.824,0.0589,0.824,0.0589,0.824,0.412,0.1177,0.0,4.3555,7.2396,3.2372,0.1177,2.1189,0.4709,0.4709,0.0,FP
020411,Áncash,Asunción,,5.0,168.0,25.0,8.0,2.0,0.0,16.0,4.0,16.0,486.0,0.0,3.0,452.0,6.0,1.0,255.0,55.0,3.0,12.0,35.0,3.0,8.0,26.0,0.0,10.0,3.0,23.0,6.0,2.0,0.0,49.0,122.0,53.0,3.0,24.0,4.0,1.0,4.0,1893,342,128,0.2641,8.8748,1.3207,0.4226,0.1057,0.0,0.8452,0.2113,0.8452,25.6735,0.0,0.1585,23.8774,0.317,0.0528,13.4707,2.9054,0.1585,0.6339,1.8489,0.1585,0.4226,1.3735,0.0,0.5283,0.1585,1.215,0.317,0.1057,0.0,2.5885,6.4448,2.7998,0.1585,1.2678,0.2113,0.0528,0.2113,FP
020501,ÁNCASH,BOLOGNESI,CHIQUIAN,101.0,738.0,235.0,515.0,19.0,0.0,129.0,26.0,226.0,4716.0,0.0,23.0,1305.0,36.0,49.0,1429.0,1122.0,28.0,82.0,84.0,49.0,79.0,435.0,4.0,173.0,33.0,117.0,43.0,11.0,6.0,687.0,1848.0,1526.0,12.0,519.0,410.0,154.0,44.0,17013,3241,1591,0.5937,4.3379,1.3813,3.0271,0.1117,0.0,0.7582,0.1528,1.3284,27.72,0.0,0.1352,7.6706,0.2116,0.288,8.3995,6.595,0.1646,0.482,0.4937,0.288,0.4644,2.5569,0.0235,1.0169,0.194,0.6877,0.2527,0.0647,0.0353,4.0381,10.8623,8.9696,0.0705,3.0506,2.4099,0.9052,0.2586,FP
020502,ÁNCASH,BOLOGNESI,ABELARDO PARDO LEZAMETA,13.0,72.0,21.0,14.0,2.0,0.0,9.0,6.0,29.0,812.0,0.0,1.0,654.0,3.0,4.0,283.0,68.0,7.0,19.0,9.0,6.0,25.0,26.0,0.0,41.0,9.0,14.0,16.0,1.0,1.0,85.0,178.0,76.0,4.0,40.0,34.0,16.0,4.0,2602,608,225,0.4996,2.7671,0.8071,0.538,0.0769,0.0,0.3459,0.2306,1.1145,31.2068,0.0,0.0384,25.1345,0.1153,0.1537,10.8762,2.6134,0.269,0.7302,0.3459,0.2306,0.9608,0.9992,0.0,1.5757,0.3459,0.538,0.6149,0.0384,0.0384,3.2667,6.8409,2.9208,0.1537,1.5373,1.3067,0.6149,0.1537,FP
020503,ÁNCASH,BOLOGNESI,ANTONIO RAYMONDI,12.0,40.0,15.0,55.0,3.0,0.0,5.0,1.0,21.0,529.0,0.0,1.0,135.0,2.0,3.0,145.0,72.0,1.0,11.0,18.0,3.0,10.0,23.0,1.0,7.0,3.0,10.0,5.0,1.0,0.0,101.0,258.0,91.0,3.0,40.0,50.0,10.0,1.0,1686,305,109,0.7117,2.3725,0.8897,3.2622,0.1779,0.0,0.2966,0.0593,1.2456,31.376,0.0,0.0593,8.0071,0.1186,0.1779,8.6002,4.2705,0.0593,0.6524,1.0676,0.1779,0.5931,1.3642,0.0593,0.4152,0.1779,0.5931,0.2966,0.0593,0.0,5.9905,15.3025,5.3974,0.1779,2.3725,2.9656,0.5931,0.0593,FP
020505,ÁNCASH,BOLOGNESI,CAJACAY,20.0,142.0,48.0,33.0,0.0,0.0,26.0,4.0,58.0,1354.0,0.0,3.0,537.0,15.0,10.0,392.0,106.0,6.0,26.0,27.0,16.0,16.0,29.0,0.0,24.0,6.0,41.0,16.0,4.0,2.0,276.0,231.0,219.0,10.0,85.0,118.0,13.0,5.0,3918,1154,330,0.5105,3.6243,1.2251,0.8423,0.0,0.0,0.6636,0.1021,1.4803,34.5584,0.0,0.0766,13.706,0.3828,0.2552,10.0051,2.7055,0.1531,0.6636,0.6891,0.4084,0.4084,0.7402,0.0,0.6126,0.1531,1.0465,0.4084,0.1021,0.051,7.0444,5.8959,5.5896,0.2552,2.1695,3.0117,0.3318,0.1276,FP
020601,ÁNCASH,CARHUAZ,CARHUAZ,3.0,64.0,2.0,5.0,0.0,0.0,3.0,1.0,3.0,109.0,0.0,0.0,58.0,1.0,1.0,35.0,28.0,0.0,0.0,7.0,0.0,3.0,3.0,0.0,0.0,1.0,3.0,1.0,0.0,0.0,15.0,30.0,20.0,1.0,5.0,102.0,0.0,1.0,505,174,50,0.5941,12.6733,0.396,0.9901,0.0,0.0,0.5941,0.198,0.5941,21.5842,0.0,0.0,11.4851,0.198,0.198,6.9307,5.5446,0.0,0.0,1.3861,0.0,0.5941,0.5941,0.0,0.0,0.198,0.5941,0.198,0.0,0.0,2.9703,5.9406,3.9604,0.198,0.9901,20.198,0.0,0.198,FP
020602,ÁNCASH,CARHUAZ,ACOPAMPA,1.0,8.0,0.0,1.0,0.0,0.0,0.0,1.0,3.0,40.0,0.0,0.0,14.0,1.0,1.0,5.0,2.0,0.0,1.0,3.0,0.0,0.0,0.0,1.0,0.0,0.0,1.0,0.0,0.0,0.0,8.0,3.0,5.0,0.0,1.0,46.0,0.0,0.0,146,49,18,0.6849,5.4795,0.0,0.6849,0.0,0.0,0.0,0.6849,2.0548,27.3973,0.0,0.0,9.589,0.6849,0.6849,3.4247,1.3699,0.0,0.6849,2.0548,0.0,0.0,0.0,0.6849,0.0,0.0,0.6849,0.0,0.0,0.0,5.4795,2.0548,3.4247,0.0,0.6849,31.5068,0.0,0.0,SP20
020603,ÁNCASH,CARHUAZ,AMASHCA,1.0,4.0,0.0,0.0,1.0,0.0,0.0,0.0,12.0,22.0,0.0,0.0,82.0,1.0,0.0,9.0,0.0,0.0,0.0,2.0,0.0,2.0,1.0,0.0,1.0,0.0,2.0,0.0,1.0,0.0,14.0,3.0,1.0,1.0,1.0,9.0,1.0,0.0,171,54,13,0.5848,2.3392,0.0,0.0,0.5848,0.0,0.0,0.0,7.0175,12.8655,0.0,0.0,47.9532,0.5848,0.0,5.2632,0.0,0.0,0.0,1.1696,0.0,1.1696,0.5848,0.0,0.5848,0.0,1.1696,0.0,0.5848,0.0,8.1871,1.7544,0.5848,0.5848,0.5848,5.2632,0.5848,0.0,JxP
020604,ÁNCASH,CARHUAZ,ANTA,5.0,80.0,3.0,1.0,0.0,0.0,5.0,1.0,43.0,168.0,0.0,1.0,366.0,1.0,0.0,150.0,18.0,2.0,17.0,33.0,0.0,6.0,0.0,0.0,6.0,3.0,0.0,2.0,1.0,1.0,65.0,44.0,19.0,2.0,4.0,248.0,2.0,0.0,1297,259,91,0.3855,6.1681,0.2313,0.0771,0.0,0.0,0.3855,0.0771,3.3153,12.953,0.0,0.0771,28.219,0.0771,0.0,11.5652,1.3878,0.1542,1.3107,2.5443,0.0,0.4626,0.0,0.0,0.4626,0.2313,0.0,0.1542,0.0771,0.0771,5.0116,3.3924,1.4649,0.1542,0.3084,19.121,0.1542,0.0,JxP
020605,ÁNCASH,CARHUAZ,ATAQUERO,5.0,39.0,5.0,4.0,0.0,0.0,2.0,0.0,13.0,113.0,0.0,2.0,41.0,0.0,2.0,41.0,7.0,0.0,1.0,12.0,0.0,1.0,5.0,0.0,1.0,2.0,8.0,1.0,0.0,0.0,25.0,27.0,43.0,0.0,3.0,23.0,1.0,0.0,427,97,60,1.171,9.1335,1.171,0.9368,0.0,0.0,0.4684,0.0,3.0445,26.4637,0.0,0.4684,9.6019,0.0,0.4684,9.6019,1.6393,0.0,0.2342,2.8103,0.0,0.2342,1.171,0.0,0.2342,0.4684,1.8735,0.2342,0.0,0.0,5.8548,6.3232,10.0703,0.0,0.7026,5.3864,0.2342,0.0,FP
020606,ÁNCASH,CARHUAZ,MARCARA,1.0,14.0,1.0,4.0,0.0,0.0,0.0,0.0,13.0,48.0,0.0,0.0,48.0,1.0,1.0,17.0,6.0,1.0,3.0,1.0,2.0,3.0,2.0,0.0,1.0,1.0,2.0,0.0,0.0,0.0,42.0,17.0,8.0,1.0,2.0,62.0,0.0,0.0,302,80,21,0.3311,4.6358,0.3311,1.3245,0.0,0.0,0.0,0.0,4.3046,15.894,0.0,0.0,15.894,0.3311,0.3311,5.6291,1.9868,0.3311,0.9934,0.3311,0.6623,0.9934,0.6623,0.0,0.3311,0.3311,0.6623,0.0,0.0,0.0,13.9073,5.6291,2.649,0.3311,0.6623,20.5298,0.0,0.0,SP20
020607,ÁNCASH,CARHUAZ,PARIAHUANCA,0.0,17.0,0.0,2.0,0.0,0.0,0.0,0.0,5.0,67.0,0.0,0.0,9.0,0.0,0.0,6.0,1.0,0.0,2.0,0.0,1.0,0.0,1.0,1.0,0.0,0.0,1.0,0.0,0.0,0.0,18.0,12.0,4.0,0.0,1.0,12.0,0.0,1.0,161,38,8,0.0,10.559,0.0,1.2422,0.0,0.0,0.0,0.0,3.1056,41.6149,0.0,0.0,5.5901,0.0,0.0,3.7267,0.6211,0.0,1.2422,0.0,0.6211,0.0,0.6211,0.6211,0.0,0.0,0.6211,0.0,0.0,0.0,11.1801,7.4534,2.4845,0.0,0.6211,7.4534,0.0,0.6211,FP
020701,ÁNCASH,CARLOS FERMÍN FITZCARRALD,SAN LUIS,121.0,1006.0,153.0,106.0,7.0,0.0,72.0,28.0,226.0,2909.0,0.0,18.0,1018.0,45.0,55.0,970.0,815.0,13.0,80.0,89.0,59.0,66.0,283.0,3.0,81.0,26.0,146.0,58.0,10.0,10.0,262.0,1302.0,747.0,24.0,300.0,106.0,40.0,26.0,11280,3055,1411,1.0727,8.9184,1.3564,0.9397,0.0621,0.0,0.6383,0.2482,2.0035,25.789,0.0,0.1596,9.0248,0.3989,0.4876,8.5993,7.2252,0.1152,0.7092,0.789,0.523,0.5851,2.5089,0.0266,0.7181,0.2305,1.2943,0.5142,0.0887,0.0887,2.3227,11.5426,6.6223,0.2128,2.6596,0.9397,0.3546,0.2305,FP
020702,ÁNCASH,CARLOS FERMÍN FITZCARRALD,SAN NICOLÁS,7.0,57.0,7.0,5.0,0.0,0.0,1.0,1.0,10.0,141.0,0.0,1.0,110.0,0.0,3.0,53.0,15.0,2.0,7.0,6.0,4.0,1.0,12.0,0.0,3.0,1.0,6.0,1.0,1.0,0.0,71.0,29.0,23.0,0.0,2.0,13.0,11.0,2.0,606,104,39,1.1551,9.4059,1.1551,0.8251,0.0,0.0,0.165,0.165,1.6502,23.2673,0.0,0.165,18.1518,0.0,0.495,8.7459,2.4752,0.33,1.1551,0.9901,0.6601,0.165,1.9802,0.0,0.495,0.165,0.9901,0.165,0.165,0.0,11.7162,4.7855,3.7954,0.0,0.33,2.1452,1.8152,0.33,FP
020703,ÁNCASH,CARLOS FERMÍN FITZCARRALD,YAUYA,8.0,49.0,9.0,3.0,0.0,0.0,4.0,5.0,5.0,232.0,0.0,2.0,82.0,0.0,1.0,47.0,19.0,0.0,3.0,3.0,1.0,11.0,6.0,0.0,7.0,1.0,5.0,1.0,0.0,1.0,18.0,80.0,13.0,1.0,6.0,14.0,2.0,1.0,640,252,95,1.25,7.6563,1.4062,0.4688,0.0,0.0,0.625,0.7812,0.7812,36.25,0.0,0.3125,12.8125,0.0,0.1562,7.3438,2.9688,0.0,0.4688,0.4688,0.1562,1.7188,0.9375,0.0,1.0938,0.1562,0.7812,0.1562,0.0,0.1562,2.8125,12.5,2.0312,0.1562,0.9375,2.1875,0.3125,0.1562,FP
020704,Áncash,Carlos Fermín Fitzcarrald,,1.0,88.0,9.0,4.0,1.0,0.0,5.0,2.0,17.0,229.0,0.0,3.0,70.0,1.0,5.0,43.0,28.0,0.0,8.0,5.0,1.0,7.0,9.0,0.0,1.0,4.0,3.0,10.0,2.0,0.0,39.0,46.0,23.0,0.0,7.0,1.0,1.0,2.0,675,197,90,0.1481,13.037,1.3333,0.5926,0.1481,0.0,0.7407,0.2963,2.5185,33.9259,0.0,0.4444,10.3704,0.1481,0.7407,6.3704,4.1481,0.0,1.1852,0.7407,0.1481,1.037,1.3333,0.0,0.1481,0.5926,0.4444,1.4815,0.2963,0.0,5.7778,6.8148,3.4074,0.0,1.037,0.1481,0.1481,0.2963,FP
020705,Áncash,Carlos Fermín Fitzcarrald,,2.0,101.0,10.0,1.0,1.0,0.0,3.0,0.0,9.0,328.0,0.0,2.0,109.0,4.0,1.0,81.0,40.0,4.0,12.0,6.0,3.0,8.0,14.0,0.0,9.0,2.0,17.0,6.0,0.0,1.0,33.0,129.0,37.0,3.0,9.0,5.0,3.0,0.0,993,268,135,0.2014,10.1712,1.007,0.1007,0.1007,0.0,0.3021,0.0,0.9063,33.0312,0.0,0.2014,10.9768,0.4028,0.1007,8.1571,4.0282,0.4028,1.2085,0.6042,0.3021,0.8056,1.4099,0.0,0.9063,0.2014,1.712,0.6042,0.0,0.1007,3.3233,12.9909,3.7261,0.3021,0.9063,0.5035,0.3021,0.0,FP
020706,Áncash,Carlos Fermín Fitzcarrald,,16.0,75.0,20.0,2.0,3.0,0.0,6.0,13.0,29.0,1023.0,0.0,3.0,698.0,8.0,4.0,338.0,33.0,8.0,14.0,23.0,5.0,22.0,21.0,0.0,13.0,8.0,35.0,8.0,1.0,0.0,143.0,87.0,49.0,10.0,12.0,67.0,4.0,2.0,2803,979,297,0.5708,2.6757,0.7135,0.0714,0.107,0.0,0.2141,0.4638,1.0346,36.4966,0.0,0.107,24.9019,0.2854,0.1427,12.0585,1.1773,0.2854,0.4995,0.8205,0.1784,0.7849,0.7492,0.0,0.4638,0.2854,1.2487,0.2854,0.0357,0.0,5.1017,3.1038,1.7481,0.3568,0.4281,2.3903,0.1427,0.0714,FP
020707,Áncash,Carlos Fermín Fitzcarrald,,27.0,190.0,41.0,9.0,1.0,0.0,16.0,12.0,40.0,1146.0,0.0,3.0,858.0,3.0,7.0,433.0,88.0,6.0,8.0,33.0,8.0,26.0,25.0,1.0,17.0,3.0,33.0,8.0,3.0,1.0,122.0,186.0,90.0,10.0,22.0,21.0,5.0,9.0,3511,1311,452,0.769,5.4116,1.1678,0.2563,0.0285,0.0,0.4557,0.3418,1.1393,32.6403,0.0,0.0854,24.4375,0.0854,0.1994,12.3327,2.5064,0.1709,0.2279,0.9399,0.2279,0.7405,0.712,0.0285,0.4842,0.0854,0.9399,0.2279,0.0854,0.0285,3.4748,5.2976,2.5634,0.2848,0.6266,0.5981,0.1424,0.2563,FP
020708,Áncash,Carlos Fermín Fitzcarrald,,13.0,102.0,42.0,12.0,2.0,0.0,11.0,11.0,42.0,614.0,0.0,2.0,346.0,4.0,4.0,206.0,58.0,3.0,10.0,23.0,8.0,11.0,10.0,0.0,25.0,6.0,25.0,12.0,2.0,1.0,81.0,178.0,39.0,10.0,23.0,19.0,5.0,2.0,1962,898,402,0.6626,5.1988,2.1407,0.6116,0.1019,0.0,0.5607,0.5607,2.1407,31.2946,0.0,0.1019,17.6351,0.2039,0.2039,10.4995,2.9562,0.1529,0.5097,1.1723,0.4077,0.5607,0.5097,0.0,1.2742,0.3058,1.2742,0.6116,0.1019,0.051,4.1284,9.0724,1.9878,0.5097,1.1723,0.9684,0.2548,0.1019,FP
020709,Áncash,Carlos Fermín Fitzcarrald,,6.0,112.0,9.0,5.0,1.0,0.0,2.0,0.0,19.0,173.0,0.0,1.0,311.0,0.0,2.0,119.0,22.0,3.0,6.0,4.0,0.0,6.0,5.0,0.0,8.0,1.0,3.0,3.0,1.0,2.0,64.0,63.0,19.0,1.0,12.0,53.0,3.0,3.0,1042,280,109,0.5758,10.7486,0.8637,0.4798,0.096,0.0,0.1919,0.0,1.8234,16.6027,0.0,0.096,29.8464,0.0,0.1919,11.4203,2.1113,0.2879,0.5758,0.3839,0.0,0.5758,0.4798,0.0,0.7678,0.096,0.2879,0.2879,0.096,0.1919,6.142,6.0461,1.8234,0.096,1.1516,5.0864,0.2879,0.2879,JxP
020710,Áncash,Carlos Fermín Fitzcarrald,,2.0,39.0,12.0,5.0,0.0,0.0,1.0,7.0,4.0,116.0,0.0,0.0,76.0,1.0,1.0,45.0,10.0,0.0,10.0,4.0,1.0,6.0,4.0,0.0,3.0,3.0,8.0,4.0,0.0,0.0,25.0,28.0,12.0,0.0,6.0,3.0,1.0,1.0,438,110,105,0.4566,8.9041,2.7397,1.1416,0.0,0.0,0.2283,1.5982,0.9132,26.484,0.0,0.0,17.3516,0.2283,0.2283,10.274,2.2831,0.0,2.2831,0.9132,0.2283,1.3699,0.9132,0.0,0.6849,0.6849,1.8265,0.9132,0.0,0.0,5.7078,6.3927,2.7397,0.0,1.3699,0.6849,0.2283,0.2283,FP
020801,ÁNCASH,CASMA,CASMA,20.0,420.0,41.0,4.0,3.0,0.0,39.0,9.0,42.0,293.0,0.0,2.0,918.0,9.0,11.0,314.0,123.0,4.0,26.0,74.0,3.0,31.0,51.0,0.0,11.0,2.0,18.0,13.0,4.0,4.0,61.0,307.0,88.0,2.0,36.0,20.0,4.0,1.0,3008,591,243,0.6649,13.9628,1.363,0.133,0.0997,0.0,1.2965,0.2992,1.3963,9.7407,0.0,0.0665,30.5186,0.2992,0.3657,10.4388,4.0891,0.133,0.8644,2.4601,0.0997,1.0306,1.6955,0.0,0.3657,0.0665,0.5984,0.4322,0.133,0.133,2.0279,10.2061,2.9255,0.0665,1.1968,0.6649,0.133,0.0332,JxP
020802,ÁNCASH,CASMA,BUENA VISTA ALTA,6.0,277.0,19.0,0.0,3.0,0.0,13.0,5.0,16.0,126.0,0.0,4.0,910.0,3.0,5.0,261.0,60.0,3.0,24.0,40.0,1.0,13.0,27.0,1.0,4.0,7.0,12.0,14.0,4.0,1.0,54.0,188.0,50.0,2.0,22.0,22.0,0.0,1.0,2198,372,150,0.273,12.6024,0.8644,0.0,0.1365,0.0,0.5914,0.2275,0.7279,5.7325,0.0,0.182,41.4013,0.1365,0.2275,11.8744,2.7298,0.1365,1.0919,1.8198,0.0455,0.5914,1.2284,0.0455,0.182,0.3185,0.546,0.6369,0.182,0.0455,2.4568,8.5532,2.2748,0.091,1.0009,1.0009,0.0,0.0455,JxP
020803,ÁNCASH,CASMA,COMANDANTE NOEL,23.0,403.0,54.0,7.0,2.0,0.0,26.0,12.0,51.0,381.0,0.0,2.0,1197.0,24.0,7.0,568.0,186.0,4.0,31.0,110.0,21.0,28.0,32.0,1.0,105.0,7.0,45.0,43.0,4.0,0.0,73.0,335.0,185.0,12.0,90.0,15.0,9.0,1.0,4094,885,347,0.5618,9.8437,1.319,0.171,0.0489,0.0,0.6351,0.2931,1.2457,9.3063,0.0,0.0489,29.2379,0.5862,0.171,13.874,4.5432,0.0977,0.7572,2.6869,0.5129,0.6839,0.7816,0.0244,2.5647,0.171,1.0992,1.0503,0.0977,0.0,1.7831,8.1827,4.5188,0.2931,2.1983,0.3664,0.2198,0.0244,JxP
020804,ÁNCASH,CASMA,YAUTAN,6.0,53.0,8.0,3.0,0.0,0.0,2.0,0.0,6.0,53.0,0.0,0.0,473.0,6.0,2.0,141.0,16.0,0.0,11.0,13.0,0.0,1.0,3.0,0.0,10.0,2.0,11.0,1.0,0.0,0.0,21.0,133.0,30.0,2.0,9.0,3.0,2.0,0.0,1021,181,65,0.5877,5.191,0.7835,0.2938,0.0,0.0,0.1959,0.0,0.5877,5.191,0.0,0.0,46.3271,0.5877,0.1959,13.81,1.5671,0.0,1.0774,1.2733,0.0,0.0979,0.2938,0.0,0.9794,0.1959,1.0774,0.0979,0.0,0.0,2.0568,13.0264,2.9383,0.1959,0.8815,0.2938,0.1959,0.0,JxP
020805,Áncash,Casma,,10.0,274.0,21.0,5.0,1.0,0.0,16.0,4.0,51.0,253.0,0.0,1.0,706.0,5.0,2.0,287.0,65.0,1.0,13.0,35.0,1.0,17.0,15.0,1.0,16.0,5.0,16.0,9.0,1.0,2.0,57.0,147.0,48.0,8.0,20.0,29.0,1.0,1.0,2144,331,104,0.4664,12.7799,0.9795,0.2332,0.0466,0.0,0.7463,0.1866,2.3787,11.8004,0.0,0.0466,32.9291,0.2332,0.0933,13.3862,3.0317,0.0466,0.6063,1.6325,0.0466,0.7929,0.6996,0.0466,0.7463,0.2332,0.7463,0.4198,0.0466,0.0933,2.6586,6.8563,2.2388,0.3731,0.9328,1.3526,0.0466,0.0466,JxP
020806,Áncash,Casma,,6.0,70.0,13.0,0.0,1.0,0.0,1.0,2.0,1.0,53.0,0.0,1.0,239.0,3.0,1.0,68.0,10.0,1.0,4.0,8.0,0.0,6.0,1.0,0.0,3.0,1.0,2.0,1.0,1.0,1.0,25.0,55.0,27.0,1.0,7.0,3.0,0.0,0.0,616,141,57,0.974,11.3636,2.1104,0.0,0.1623,0.0,0.1623,0.3247,0.1623,8.6039,0.0,0.1623,38.7987,0.487,0.1623,11.039,1.6234,0.1623,0.6494,1.2987,0.0,0.974,0.1623,0.0,0.487,0.1623,0.3247,0.1623,0.1623,0.1623,4.0584,8.9286,4.3831,0.1623,1.1364,0.487,0.0,0.0,JxP
020807,Áncash,Casma,,9.0,178.0,10.0,3.0,2.0,0.0,8.0,7.0,11.0,96.0,0.0,6.0,457.0,1.0,3.0,152.0,30.0,2.0,16.0,13.0,2.0,10.0,12.0,0.0,12.0,2.0,7.0,9.0,1.0,1.0,24.0,132.0,27.0,4.0,2.0,3.0,2.0,2.0,1256,229,96,0.7166,14.172,0.7962,0.2389,0.1592,0.0,0.6369,0.5573,0.8758,7.6433,0.0,0.4777,36.3854,0.0796,0.2389,12.1019,2.3885,0.1592,1.2739,1.035,0.1592,0.7962,0.9554,0.0,0.9554,0.1592,0.5573,0.7166,0.0796,0.0796,1.9108,10.5096,2.1497,0.3185,0.1592,0.2389,0.1592,0.1592,JxP
020808,Áncash,Casma,,1.0,129.0,8.0,0.0,0.0,0.0,10.0,0.0,23.0,88.0,0.0,1.0,221.0,1.0,0.0,117.0,52.0,1.0,2.0,23.0,0.0,9.0,7.0,1.0,2.0,2.0,4.0,14.0,2.0,1.0,19.0,102.0,45.0,1.0,16.0,10.0,3.0,0.0,915,162,53,0.1093,14.0984,0.8743,0.0,0.0,0.0,1.0929,0.0,2.5137,9.6175,0.0,0.1093,24.153,0.1093,0.0,12.7869,5.6831,0.1093,0.2186,2.5137,0.0,0.9836,0.765,0.1093,0.2186,0.2186,0.4372,1.5301,0.2186,0.1093,2.0765,11.1475,4.918,0.1093,1.7486,1.0929,0.3279,0.0,JxP
020809,Áncash,Casma,,4.0,48.0,4.0,0.0,0.0,0.0,12.0,0.0,9.0,104.0,0.0,0.0,268.0,2.0,10.0,107.0,14.0,1.0,15.0,23.0,1.0,4.0,9.0,0.0,4.0,1.0,6.0,2.0,0.0,1.0,25.0,111.0,9.0,1.0,5.0,19.0,1.0,0.0,820,120,70,0.4878,5.8537,0.4878,0.0,0.0,0.0,1.4634,0.0,1.0976,12.6829,0.0,0.0,32.6829,0.2439,1.2195,13.0488,1.7073,0.122,1.8293,2.8049,0.122,0.4878,1.0976,0.0,0.4878,0.122,0.7317,0.2439,0.0,0.122,3.0488,13.5366,1.0976,0.122,0.6098,2.3171,0.122,0.0,JxP
020810,Áncash,Casma,,11.0,224.0,15.0,4.0,1.0,0.0,10.0,6.0,28.0,125.0,0.0,3.0,588.0,1.0,1.0,178.0,39.0,3.0,27.0,14.0,9.0,6.0,12.0,0.0,4.0,3.0,4.0,7.0,1.0,0.0,20.0,172.0,55.0,3.0,12.0,7.0,1.0,3.0,1597,298,97,0.6888,14.0263,0.9393,0.2505,0.0626,0.0,0.6262,0.3757,1.7533,7.8272,0.0,0.1879,36.819,0.0626,0.0626,11.1459,2.4421,0.1879,1.6907,0.8766,0.5636,0.3757,0.7514,0.0,0.2505,0.1879,0.2505,0.4383,0.0626,0.0,1.2523,10.7702,3.444,0.1879,0.7514,0.4383,0.0626,0.1879,JxP
020811,Áncash,Casma,,2.0,61.0,16.0,1.0,0.0,0.0,4.0,0.0,8.0,55.0,0.0,0.0,122.0,0.0,0.0,62.0,19.0,0.0,4.0,7.0,1.0,1.0,10.0,0.0,2.0,0.0,4.0,0.0,0.0,1.0,14.0,79.0,19.0,0.0,9.0,8.0,0.0,0.0,509,62,27,0.3929,11.9843,3.1434,0.1965,0.0,0.0,0.7859,0.0,1.5717,10.8055,0.0,0.0,23.9686,0.0,0.0,12.1807,3.7328,0.0,0.7859,1.3752,0.1965,0.1965,1.9646,0.0,0.3929,0.0,0.7859,0.0,0.0,0.1965,2.7505,15.5206,3.7328,0.0,1.7682,1.5717,0.0,0.0,JxP
020812,Áncash,Casma,,4.0,27.0,5.0,2.0,0.0,0.0,2.0,0.0,1.0,40.0,0.0,0.0,342.0,7.0,1.0,45.0,5.0,0.0,15.0,2.0,0.0,3.0,6.0,0.0,2.0,2.0,5.0,4.0,1.0,0.0,57.0,33.0,15.0,2.0,3.0,3.0,0.0,0.0,634,96,37,0.6309,4.2587,0.7886,0.3155,0.0,0.0,0.3155,0.0,0.1577,6.3091,0.0,0.0,53.9432,1.1041,0.1577,7.0978,0.7886,0.0,2.3659,0.3155,0.0,0.4732,0.9464,0.0,0.3155,0.3155,0.7886,0.6309,0.1577,0.0,8.9905,5.205,2.3659,0.3155,0.4732,0.4732,0.0,0.0,JxP
020813,Áncash,Casma,,346.0,1917.0,112.0,58.0,13.0,0.0,109.0,22.0,290.0,1523.0,0.0,11.0,2850.0,45.0,49.0,2679.0,938.0,15.0,105.0,168.0,38.0,81.0,271.0,6.0,81.0,26.0,119.0,175.0,11.0,11.0,180.0,2084.0,601.0,25.0,374.0,81.0,32.0,6.0,15452,2452,1044,2.2392,12.4062,0.7248,0.3754,0.0841,0.0,0.7054,0.1424,1.8768,9.8563,0.0,0.0712,18.4442,0.2912,0.3171,17.3376,6.0704,0.0971,0.6795,1.0872,0.2459,0.5242,1.7538,0.0388,0.5242,0.1683,0.7701,1.1325,0.0712,0.0712,1.1649,13.4869,3.8895,0.1618,2.4204,0.5242,0.2071,0.0388,JxP
020814,Áncash,Casma,,7.0,65.0,10.0,2.0,1.0,0.0,3.0,2.0,17.0,140.0,0.0,0.0,689.0,3.0,3.0,184.0,15.0,2.0,7.0,11.0,1.0,5.0,2.0,1.0,9.0,1.0,14.0,1.0,2.0,2.0,18.0,38.0,53.0,4.0,12.0,3.0,1.0,0.0,1328,247,74,0.5271,4.8946,0.753,0.1506,0.0753,0.0,0.2259,0.1506,1.2801,10.5422,0.0,0.0,51.8825,0.2259,0.2259,13.8554,1.1295,0.1506,0.5271,0.8283,0.0753,0.3765,0.1506,0.0753,0.6777,0.0753,1.0542,0.0753,0.1506,0.1506,1.3554,2.8614,3.991,0.3012,0.9036,0.2259,0.0753,0.0,JxP
020815,Áncash,Casma,,7.0,84.0,10.0,5.0,0.0,0.0,8.0,1.0,8.0,89.0,0.0,0.0,128.0,2.0,1.0,104.0,22.0,0.0,15.0,23.0,1.0,3.0,4.0,0.0,1.0,0.0,10.0,12.0,0.0,2.0,17.0,50.0,64.0,0.0,9.0,12.0,2.0,3.0,697,153,34,1.0043,12.0516,1.4347,0.7174,0.0,0.0,1.1478,0.1435,1.1478,12.769,0.0,0.0,18.3644,0.2869,0.1435,14.9211,3.1564,0.0,2.1521,3.2999,0.1435,0.4304,0.5739,0.0,0.1435,0.0,1.4347,1.7217,0.0,0.2869,2.439,7.1736,9.1822,0.0,1.2912,1.7217,0.2869,0.4304,JxP
020816,Áncash,Casma,,4.0,79.0,5.0,0.0,1.0,0.0,8.0,3.0,7.0,138.0,0.0,0.0,228.0,1.0,2.0,151.0,8.0,1.0,6.0,22.0,2.0,9.0,1.0,0.0,3.0,2.0,1.0,2.0,0.0,0.0,22.0,59.0,25.0,0.0,16.0,1.0,0.0,2.0,809,176,29,0.4944,9.7651,0.618,0.0,0.1236,0.0,0.9889,0.3708,0.8653,17.0581,0.0,0.0,28.1829,0.1236,0.2472,18.665,0.9889,0.1236,0.7417,2.7194,0.2472,1.1125,0.1236,0.0,0.3708,0.2472,0.1236,0.2472,0.0,0.0,2.7194,7.293,3.0902,0.0,1.9778,0.1236,0.0,0.2472,JxP
020901,ÁNCASH,CORONGO,CORONGO,4.0,153.0,7.0,7.0,1.0,0.0,12.0,5.0,13.0,60.0,0.0,1.0,425.0,4.0,4.0,110.0,20.0,3.0,5.0,16.0,6.0,7.0,7.0,0.0,7.0,4.0,9.0,4.0,0.0,0.0,87.0,28.0,21.0,5.0,5.0,15.0,3.0,0.0,1058,242,109,0.3781,14.4612,0.6616,0.6616,0.0945,0.0,1.1342,0.4726,1.2287,5.6711,0.0,0.0945,40.1701,0.3781,0.3781,10.397,1.8904,0.2836,0.4726,1.5123,0.5671,0.6616,0.6616,0.0,0.6616,0.3781,0.8507,0.3781,0.0,0.0,8.2231,2.6465,1.9849,0.4726,0.4726,1.4178,0.2836,0.0,JxP
020902,ÁNCASH,CORONGO,ACO,13.0,67.0,47.0,1.0,2.0,0.0,29.0,2.0,6.0,130.0,0.0,1.0,818.0,2.0,1.0,179.0,20.0,2.0,8.0,17.0,2.0,8.0,4.0,0.0,9.0,4.0,10.0,2.0,0.0,2.0,106.0,33.0,35.0,3.0,7.0,20.0,2.0,1.0,1593,455,156,0.8161,4.2059,2.9504,0.0628,0.1255,0.0,1.8205,0.1255,0.3766,8.1607,0.0,0.0628,51.3497,0.1255,0.0628,11.2367,1.2555,0.1255,0.5022,1.0672,0.1255,0.5022,0.2511,0.0,0.565,0.2511,0.6277,0.1255,0.0,0.1255,6.6541,2.0716,2.1971,0.1883,0.4394,1.2555,0.1255,0.0628,JxP
020903,ÁNCASH,CORONGO,BAMBAS,7.0,27.0,16.0,1.0,0.0,0.0,11.0,3.0,3.0,127.0,0.0,1.0,647.0,1.0,3.0,118.0,11.0,2.0,11.0,7.0,0.0,8.0,5.0,1.0,9.0,1.0,7.0,2.0,1.0,2.0,47.0,15.0,26.0,3.0,4.0,13.0,0.0,1.0,1141,355,124,0.6135,2.3663,1.4023,0.0876,0.0,0.0,0.9641,0.2629,0.2629,11.1306,0.0,0.0876,56.7046,0.0876,0.2629,10.3418,0.9641,0.1753,0.9641,0.6135,0.0,0.7011,0.4382,0.0876,0.7888,0.0876,0.6135,0.1753,0.0876,0.1753,4.1192,1.3146,2.2787,0.2629,0.3506,1.1394,0.0,0.0876,JxP
020904,ÁNCASH,CORONGO,CUSCA,1.0,69.0,10.0,3.0,0.0,0.0,1.0,3.0,8.0,46.0,0.0,0.0,213.0,2.0,1.0,25.0,9.0,3.0,0.0,6.0,1.0,3.0,2.0,0.0,1.0,1.0,11.0,3.0,0.0,0.0,32.0,5.0,12.0,4.0,1.0,2.0,1.0,0.0,479,253,47,0.2088,14.405,2.0877,0.6263,0.0,0.0,0.2088,0.6263,1.6701,9.6033,0.0,0.0,44.4676,0.4175,0.2088,5.2192,1.8789,0.6263,0.0,1.2526,0.2088,0.6263,0.4175,0.0,0.2088,0.2088,2.2965,0.6263,0.0,0.0,6.6806,1.0438,2.5052,0.8351,0.2088,0.4175,0.2088,0.0,JxP
020905,ÁNCASH,CORONGO,LA PAMPA,2.0,44.0,5.0,0.0,1.0,0.0,6.0,5.0,5.0,50.0,0.0,0.0,144.0,3.0,0.0,32.0,13.0,0.0,5.0,7.0,0.0,7.0,2.0,8.0,39.0,1.0,1.0,4.0,0.0,0.0,28.0,7.0,14.0,1.0,4.0,5.0,2.0,0.0,445,114,51,0.4494,9.8876,1.1236,0.0,0.2247,0.0,1.3483,1.1236,1.1236,11.236,0.0,0.0,32.3596,0.6742,0.0,7.191,2.9213,0.0,1.1236,1.573,0.0,1.573,0.4494,1.7978,8.764,0.2247,0.2247,0.8989,0.0,0.0,6.2921,1.573,3.1461,0.2247,0.8989,1.1236,0.4494,0.0,JxP
020906,ÁNCASH,CORONGO,YANAC,11.0,69.0,35.0,1.0,1.0,0.0,6.0,17.0,12.0,97.0,0.0,1.0,1150.0,12.0,7.0,244.0,13.0,4.0,23.0,20.0,2.0,22.0,9.0,1.0,12.0,5.0,16.0,6.0,3.0,0.0,66.0,67.0,15.0,14.0,6.0,9.0,2.0,1.0,1979,759,223,0.5558,3.4866,1.7686,0.0505,0.0505,0.0,0.3032,0.859,0.6064,4.9015,0.0,0.0505,58.1102,0.6064,0.3537,12.3295,0.6569,0.2021,1.1622,1.0106,0.1011,1.1117,0.4548,0.0505,0.6064,0.2527,0.8085,0.3032,0.1516,0.0,3.335,3.3855,0.758,0.7074,0.3032,0.4548,0.1011,0.0505,JxP
020907,ÁNCASH,CORONGO,YUPAN,8.0,52.0,12.0,1.0,0.0,0.0,3.0,0.0,5.0,38.0,0.0,1.0,228.0,0.0,0.0,41.0,7.0,0.0,0.0,2.0,0.0,4.0,2.0,0.0,12.0,1.0,2.0,1.0,0.0,1.0,60.0,9.0,18.0,0.0,6.0,9.0,2.0,3.0,528,100,22,1.5152,9.8485,2.2727,0.1894,0.0,0.0,0.5682,0.0,0.947,7.197,0.0,0.1894,43.1818,0.0,0.0,7.7652,1.3258,0.0,0.0,0.3788,0.0,0.7576,0.3788,0.0,2.2727,0.1894,0.3788,0.1894,0.0,0.1894,11.3636,1.7045,3.4091,0.0,1.1364,1.7045,0.3788,0.5682,JxP
020908,Áncash,Corongo,,4.0,13.0,6.0,0.0,1.0,0.0,2.0,4.0,3.0,40.0,0.0,2.0,153.0,5.0,1.0,13.0,9.0,0.0,3.0,27.0,0.0,4.0,2.0,0.0,14.0,0.0,1.0,3.0,0.0,0.0,37.0,5.0,9.0,1.0,0.0,5.0,0.0,4.0,371,163,46,1.0782,3.504,1.6173,0.0,0.2695,0.0,0.5391,1.0782,0.8086,10.7817,0.0,0.5391,41.2399,1.3477,0.2695,3.504,2.4259,0.0,0.8086,7.2776,0.0,1.0782,0.5391,0.0,3.7736,0.0,0.2695,0.8086,0.0,0.0,9.973,1.3477,2.4259,0.2695,0.0,1.3477,0.0,1.0782,JxP
021001,ÁNCASH,HUARI,HUARI,8.0,73.0,43.0,8.0,1.0,0.0,6.0,3.0,9.0,161.0,0.0,1.0,120.0,4.0,19.0,71.0,20.0,1.0,7.0,6.0,3.0,17.0,9.0,2.0,12.0,1.0,19.0,4.0,1.0,1.0,46.0,58.0,46.0,0.0,14.0,120.0,5.0,3.0,922,265,145,0.8677,7.9176,4.6638,0.8677,0.1085,0.0,0.6508,0.3254,0.9761,17.462,0.0,0.1085,13.0152,0.4338,2.0607,7.7007,2.1692,0.1085,0.7592,0.6508,0.3254,1.8438,0.9761,0.2169,1.3015,0.1085,2.0607,0.4338,0.1085,0.1085,4.9892,6.2907,4.9892,0.0,1.5184,13.0152,0.5423,0.3254,FP
021002,ÁNCASH,HUARI,ANRA,5.0,32.0,11.0,3.0,0.0,0.0,1.0,0.0,2.0,52.0,0.0,0.0,90.0,0.0,34.0,28.0,10.0,0.0,1.0,4.0,0.0,4.0,1.0,0.0,1.0,0.0,5.0,1.0,1.0,1.0,9.0,12.0,21.0,1.0,4.0,50.0,0.0,0.0,384,133,90,1.3021,8.3333,2.8646,0.7812,0.0,0.0,0.2604,0.0,0.5208,13.5417,0.0,0.0,23.4375,0.0,8.8542,7.2917,2.6042,0.0,0.2604,1.0417,0.0,1.0417,0.2604,0.0,0.2604,0.0,1.3021,0.2604,0.2604,0.2604,2.3438,3.125,5.4688,0.2604,1.0417,13.0208,0.0,0.0,JxP
021003,ÁNCASH,HUARI,CAJAY,20.0,155.0,29.0,3.0,2.0,0.0,12.0,13.0,13.0,211.0,0.0,2.0,720.0,3.0,4.0,150.0,30.0,3.0,20.0,18.0,4.0,15.0,13.0,3.0,232.0,2.0,12.0,5.0,1.0,2.0,123.0,91.0,48.0,19.0,25.0,105.0,8.0,0.0,2116,700,286,0.9452,7.3251,1.3705,0.1418,0.0945,0.0,0.5671,0.6144,0.6144,9.9716,0.0,0.0945,34.0265,0.1418,0.189,7.0888,1.4178,0.1418,0.9452,0.8507,0.189,0.7089,0.6144,0.1418,10.9641,0.0945,0.5671,0.2363,0.0473,0.0945,5.8129,4.3006,2.2684,0.8979,1.1815,4.9622,0.3781,0.0,JxP
021004,ÁNCASH,HUARI,CHAVIN DE HUANTAR,5.0,7.0,7.0,0.0,1.0,0.0,0.0,1.0,3.0,15.0,0.0,0.0,70.0,0.0,0.0,27.0,3.0,0.0,1.0,0.0,0.0,4.0,1.0,0.0,5.0,0.0,2.0,0.0,0.0,0.0,7.0,2.0,10.0,1.0,0.0,20.0,1.0,0.0,193,41,38,2.5907,3.6269,3.6269,0.0,0.5181,0.0,0.0,0.5181,1.5544,7.772,0.0,0.0,36.2694,0.0,0.0,13.9896,1.5544,0.0,0.5181,0.0,0.0,2.0725,0.5181,0.0,2.5907,0.0,1.0363,0.0,0.0,0.0,3.6269,1.0363,5.1813,0.5181,0.0,10.3627,0.5181,0.0,JxP
021005,ÁNCASH,HUARI,HUACACHI,5.0,31.0,23.0,48.0,0.0,0.0,1.0,0.0,4.0,30.0,0.0,0.0,60.0,2.0,4.0,19.0,2.0,0.0,5.0,3.0,0.0,2.0,29.0,0.0,1.0,0.0,1.0,3.0,0.0,0.0,7.0,7.0,18.0,0.0,7.0,61.0,0.0,0.0,373,92,28,1.3405,8.311,6.1662,12.8686,0.0,0.0,0.2681,0.0,1.0724,8.0429,0.0,0.0,16.0858,0.5362,1.0724,5.0938,0.5362,0.0,1.3405,0.8043,0.0,0.5362,7.7748,0.0,0.2681,0.0,0.2681,0.8043,0.0,0.0,1.8767,1.8767,4.8257,0.0,1.8767,16.3539,0.0,0.0,SP20
021006,ÁNCASH,HUARI,HUACCHIS,1.0,5.0,1.0,0.0,0.0,0.0,0.0,0.0,1.0,23.0,0.0,0.0,66.0,1.0,0.0,9.0,1.0,0.0,1.0,0.0,0.0,4.0,7.0,0.0,3.0,0.0,1.0,1.0,0.0,0.0,4.0,17.0,10.0,2.0,3.0,32.0,0.0,0.0,193,60,20,0.5181,2.5907,0.5181,0.0,0.0,0.0,0.0,0.0,0.5181,11.9171,0.0,0.0,34.1969,0.5181,0.0,4.6632,0.5181,0.0,0.5181,0.0,0.0,2.0725,3.6269,0.0,1.5544,0.0,0.5181,0.5181,0.0,0.0,2.0725,8.8083,5.1813,1.0363,1.5544,16.5803,0.0,0.0,JxP
021007,ÁNCASH,HUARI,HUACHIS,65.0,17.0,2.0,0.0,1.0,0.0,1.0,0.0,2.0,40.0,0.0,0.0,23.0,0.0,0.0,17.0,23.0,0.0,1.0,0.0,0.0,0.0,0.0,0.0,3.0,1.0,1.0,1.0,0.0,0.0,4.0,19.0,9.0,0.0,1.0,7.0,0.0,0.0,238,57,10,27.3109,7.1429,0.8403,0.0,0.4202,0.0,0.4202,0.0,0.8403,16.8067,0.0,0.0,9.6639,0.0,0.0,7.1429,9.6639,0.0,0.4202,0.0,0.0,0.0,0.0,0.0,1.2605,0.4202,0.4202,0.4202,0.0,0.0,1.6807,7.9832,3.7815,0.0,0.4202,2.9412,0.0,0.0,AEV
021008,ÁNCASH,HUARI,HUANTAR,5.0,79.0,28.0,14.0,4.0,0.0,5.0,4.0,9.0,149.0,0.0,3.0,342.0,2.0,4.0,88.0,17.0,0.0,10.0,2.0,3.0,8.0,11.0,0.0,2.0,0.0,12.0,1.0,0.0,0.0,36.0,49.0,38.0,1.0,8.0,6.0,18.0,3.0,961,266,117,0.5203,8.2206,2.9136,1.4568,0.4162,0.0,0.5203,0.4162,0.9365,15.5047,0.0,0.3122,35.5879,0.2081,0.4162,9.1571,1.769,0.0,1.0406,0.2081,0.3122,0.8325,1.1446,0.0,0.2081,0.0,1.2487,0.1041,0.0,0.0,3.7461,5.0989,3.9542,0.1041,0.8325,0.6243,1.873,0.3122,JxP
021009,ÁNCASH,HUARI,MASIN,10.0,32.0,12.0,2.0,1.0,0.0,2.0,3.0,6.0,87.0,0.0,0.0,567.0,2.0,0.0,177.0,34.0,0.0,15.0,8.0,0.0,17.0,17.0,0.0,11.0,4.0,13.0,14.0,1.0,1.0,47.0,25.0,61.0,5.0,10.0,34.0,27.0,2.0,1247,366,120,0.8019,2.5662,0.9623,0.1604,0.0802,0.0,0.1604,0.2406,0.4812,6.9767,0.0,0.0,45.4691,0.1604,0.0,14.1941,2.7265,0.0,1.2029,0.6415,0.0,1.3633,1.3633,0.0,0.8821,0.3208,1.0425,1.1227,0.0802,0.0802,3.769,2.0048,4.8917,0.401,0.8019,2.7265,2.1652,0.1604,JxP
021010,ÁNCASH,HUARI,PAUCAS,4.0,40.0,9.0,2.0,0.0,0.0,2.0,1.0,13.0,106.0,0.0,1.0,69.0,0.0,2.0,34.0,12.0,1.0,2.0,7.0,1.0,4.0,5.0,1.0,7.0,2.0,8.0,1.0,2.0,0.0,9.0,36.0,26.0,0.0,4.0,11.0,4.0,0.0,426,100,43,0.939,9.3897,2.1127,0.4695,0.0,0.0,0.4695,0.2347,3.0516,24.8826,0.0,0.2347,16.1972,0.0,0.4695,7.9812,2.8169,0.2347,0.4695,1.6432,0.2347,0.939,1.1737,0.2347,1.6432,0.4695,1.8779,0.2347,0.4695,0.0,2.1127,8.4507,6.1033,0.0,0.939,2.5822,0.939,0.0,FP
021011,ÁNCASH,HUARI,PONTO,4.0,57.0,30.0,6.0,1.0,0.0,7.0,3.0,10.0,282.0,0.0,2.0,126.0,3.0,4.0,72.0,27.0,0.0,5.0,6.0,3.0,10.0,5.0,2.0,6.0,3.0,5.0,4.0,2.0,0.0,30.0,46.0,53.0,2.0,6.0,94.0,6.0,2.0,924,265,141,0.4329,6.1688,3.2468,0.6494,0.1082,0.0,0.7576,0.3247,1.0823,30.5195,0.0,0.2165,13.6364,0.3247,0.4329,7.7922,2.9221,0.0,0.5411,0.6494,0.3247,1.0823,0.5411,0.2165,0.6494,0.3247,0.5411,0.4329,0.2165,0.0,3.2468,4.9784,5.7359,0.2165,0.6494,10.1732,0.6494,0.2165,FP
021101,ÁNCASH,HUARMEY,HUARMEY,57.0,366.0,41.0,22.0,2.0,0.0,72.0,14.0,39.0,464.0,0.0,72.0,2160.0,20.0,27.0,479.0,141.0,8.0,23.0,45.0,6.0,35.0,43.0,3.0,44.0,37.0,27.0,25.0,5.0,4.0,99.0,113.0,255.0,16.0,35.0,35.0,3.0,9.0,4846,1469,679,1.1762,7.5526,0.8461,0.454,0.0413,0.0,1.4858,0.2889,0.8048,9.5749,0.0,1.4858,44.5728,0.4127,0.5572,9.8844,2.9096,0.1651,0.4746,0.9286,0.1238,0.7222,0.8873,0.0619,0.908,0.7635,0.5572,0.5159,0.1032,0.0825,2.0429,2.3318,5.2621,0.3302,0.7222,0.7222,0.0619,0.1857,JxP
021102,ÁNCASH,HUARMEY,COCHAPETI,17.0,151.0,7.0,3.0,0.0,0.0,8.0,6.0,11.0,102.0,0.0,3.0,793.0,6.0,4.0,161.0,31.0,1.0,3.0,11.0,2.0,9.0,6.0,0.0,18.0,7.0,23.0,7.0,1.0,0.0,51.0,31.0,37.0,0.0,16.0,12.0,2.0,1.0,1541,328,166,1.1032,9.7988,0.4543,0.1947,0.0,0.0,0.5191,0.3894,0.7138,6.6191,0.0,0.1947,51.4601,0.3894,0.2596,10.4478,2.0117,0.0649,0.1947,0.7138,0.1298,0.584,0.3894,0.0,1.1681,0.4543,1.4925,0.4543,0.0649,0.0,3.3095,2.0117,2.401,0.0,1.0383,0.7787,0.1298,0.0649,JxP
021103,ÁNCASH,HUARMEY,CULEBRAS,23.0,63.0,11.0,5.0,1.0,0.0,4.0,10.0,10.0,305.0,0.0,1.0,616.0,9.0,4.0,86.0,12.0,5.0,9.0,58.0,0.0,9.0,11.0,0.0,40.0,6.0,6.0,7.0,3.0,1.0,48.0,22.0,64.0,9.0,7.0,21.0,2.0,1.0,1489,756,266,1.5447,4.231,0.7388,0.3358,0.0672,0.0,0.2686,0.6716,0.6716,20.4835,0.0,0.0672,41.37,0.6044,0.2686,5.7757,0.8059,0.3358,0.6044,3.8952,0.0,0.6044,0.7388,0.0,2.6864,0.403,0.403,0.4701,0.2015,0.0672,3.2236,1.4775,4.2982,0.6044,0.4701,1.4103,0.1343,0.0672,JxP
021104,ÁNCASH,HUARMEY,HUAYAN,15.0,26.0,10.0,1.0,0.0,0.0,4.0,3.0,3.0,136.0,0.0,0.0,226.0,2.0,0.0,30.0,8.0,4.0,9.0,22.0,0.0,12.0,3.0,1.0,17.0,0.0,9.0,7.0,1.0,1.0,28.0,9.0,34.0,5.0,0.0,5.0,2.0,1.0,634,314,100,2.3659,4.1009,1.5773,0.1577,0.0,0.0,0.6309,0.4732,0.4732,21.4511,0.0,0.0,35.6467,0.3155,0.0,4.7319,1.2618,0.6309,1.4196,3.47,0.0,1.8927,0.4732,0.1577,2.6814,0.0,1.4196,1.1041,0.1577,0.1577,4.4164,1.4196,5.3628,0.7886,0.0,0.7886,0.3155,0.1577,JxP
021201,ÁNCASH,HUAYLAS,CARAZ,16.0,646.0,50.0,33.0,1.0,0.0,23.0,5.0,37.0,384.0,0.0,3.0,429.0,19.0,16.0,296.0,159.0,3.0,20.0,17.0,6.0,27.0,55.0,0.0,24.0,6.0,23.0,21.0,1.0,1.0,58.0,176.0,98.0,2.0,71.0,18.0,5.0,4.0,2753,479,184,0.5812,23.4653,1.8162,1.1987,0.0363,0.0,0.8355,0.1816,1.344,13.9484,0.0,0.109,15.583,0.6902,0.5812,10.7519,5.7755,0.109,0.7265,0.6175,0.2179,0.9807,1.9978,0.0,0.8718,0.2179,0.8355,0.7628,0.0363,0.0363,2.1068,6.393,3.5598,0.0726,2.579,0.6538,0.1816,0.1453,AN
021202,ÁNCASH,HUAYLAS,HUALLANCA,2.0,50.0,5.0,9.0,0.0,0.0,4.0,0.0,5.0,74.0,0.0,0.0,24.0,1.0,1.0,60.0,12.0,0.0,6.0,1.0,0.0,1.0,20.0,1.0,0.0,1.0,4.0,0.0,0.0,0.0,2.0,21.0,9.0,0.0,4.0,2.0,0.0,0.0,319,61,18,0.627,15.674,1.5674,2.8213,0.0,0.0,1.2539,0.0,1.5674,23.1975,0.0,0.0,7.5235,0.3135,0.3135,18.8088,3.7618,0.0,1.8809,0.3135,0.0,0.3135,6.2696,0.3135,0.0,0.3135,1.2539,0.0,0.0,0.0,0.627,6.5831,2.8213,0.0,1.2539,0.627,0.0,0.0,FP
021203,ÁNCASH,HUAYLAS,HUATA,9.0,78.0,10.0,1.0,0.0,0.0,2.0,0.0,12.0,41.0,0.0,1.0,46.0,1.0,0.0,55.0,16.0,1.0,2.0,5.0,0.0,2.0,3.0,0.0,1.0,0.0,4.0,1.0,0.0,0.0,11.0,23.0,12.0,0.0,1.0,4.0,0.0,0.0,342,84,38,2.6316,22.807,2.924,0.2924,0.0,0.0,0.5848,0.0,3.5088,11.9883,0.0,0.2924,13.4503,0.2924,0.0,16.0819,4.6784,0.2924,0.5848,1.462,0.0,0.5848,0.8772,0.0,0.2924,0.0,1.1696,0.2924,0.0,0.0,3.2164,6.7251,3.5088,0.0,0.2924,1.1696,0.0,0.0,AN
021204,ÁNCASH,HUAYLAS,HUAYLAS,3.0,72.0,38.0,5.0,0.0,0.0,3.0,1.0,12.0,97.0,0.0,1.0,55.0,1.0,3.0,87.0,25.0,2.0,11.0,5.0,0.0,5.0,37.0,1.0,0.0,2.0,2.0,4.0,0.0,0.0,13.0,44.0,33.0,0.0,4.0,1.0,1.0,2.0,570,106,30,0.5263,12.6316,6.6667,0.8772,0.0,0.0,0.5263,0.1754,2.1053,17.0175,0.0,0.1754,9.6491,0.1754,0.5263,15.2632,4.386,0.3509,1.9298,0.8772,0.0,0.8772,6.4912,0.1754,0.0,0.3509,0.3509,0.7018,0.0,0.0,2.2807,7.7193,5.7895,0.0,0.7018,0.1754,0.1754,0.3509,FP
021205,ÁNCASH,HUAYLAS,MATO,0.0,83.0,4.0,1.0,1.0,0.0,5.0,4.0,10.0,102.0,0.0,0.0,79.0,0.0,2.0,66.0,22.0,1.0,5.0,7.0,0.0,4.0,2.0,0.0,1.0,3.0,2.0,4.0,1.0,0.0,6.0,22.0,5.0,1.0,5.0,1.0,0.0,0.0,449,82,35,0.0,18.4855,0.8909,0.2227,0.2227,0.0,1.1136,0.8909,2.2272,22.7171,0.0,0.0,17.5947,0.0,0.4454,14.6993,4.8998,0.2227,1.1136,1.559,0.0,0.8909,0.4454,0.0,0.2227,0.6682,0.4454,0.8909,0.2227,0.0,1.3363,4.8998,1.1136,0.2227,1.1136,0.2227,0.0,0.0,FP
021206,ÁNCASH,HUAYLAS,PAMPAROMAS,9.0,70.0,16.0,9.0,1.0,0.0,4.0,5.0,10.0,113.0,0.0,0.0,154.0,1.0,0.0,114.0,16.0,0.0,4.0,13.0,1.0,2.0,11.0,0.0,2.0,3.0,5.0,2.0,1.0,1.0,26.0,30.0,21.0,1.0,6.0,9.0,1.0,0.0,661,149,40,1.3616,10.59,2.4206,1.3616,0.1513,0.0,0.6051,0.7564,1.5129,17.0953,0.0,0.0,23.298,0.1513,0.0,17.2466,2.4206,0.0,0.6051,1.9667,0.1513,0.3026,1.6641,0.0,0.3026,0.4539,0.7564,0.3026,0.1513,0.1513,3.9334,4.5386,3.177,0.1513,0.9077,1.3616,0.1513,0.0,JxP
021207,ÁNCASH,HUAYLAS,PUEBLO LIBRE,4.0,45.0,2.0,3.0,0.0,0.0,1.0,2.0,4.0,32.0,0.0,2.0,48.0,1.0,0.0,34.0,7.0,0.0,10.0,5.0,0.0,1.0,5.0,0.0,1.0,3.0,1.0,1.0,0.0,0.0,5.0,6.0,3.0,0.0,2.0,2.0,0.0,0.0,230,47,9,1.7391,19.5652,0.8696,1.3043,0.0,0.0,0.4348,0.8696,1.7391,13.913,0.0,0.8696,20.8696,0.4348,0.0,14.7826,3.0435,0.0,4.3478,2.1739,0.0,0.4348,2.1739,0.0,0.4348,1.3043,0.4348,0.4348,0.0,0.0,2.1739,2.6087,1.3043,0.0,0.8696,0.8696,0.0,0.0,JxP
021208,ÁNCASH,HUAYLAS,SANTA CRUZ,4.0,328.0,28.0,5.0,2.0,0.0,13.0,4.0,29.0,220.0,0.0,1.0,174.0,4.0,8.0,192.0,84.0,2.0,9.0,11.0,4.0,11.0,14.0,0.0,9.0,1.0,8.0,4.0,0.0,1.0,29.0,148.0,51.0,0.0,41.0,4.0,4.0,5.0,1452,205,97,0.2755,22.5895,1.9284,0.3444,0.1377,0.0,0.8953,0.2755,1.9972,15.1515,0.0,0.0689,11.9835,0.2755,0.551,13.2231,5.7851,0.1377,0.6198,0.7576,0.2755,0.7576,0.9642,0.0,0.6198,0.0689,0.551,0.2755,0.0,0.0689,1.9972,10.1928,3.5124,0.0,2.8237,0.2755,0.2755,0.3444,AN
021209,ÁNCASH,HUAYLAS,SANTO TORIBIO,3.0,126.0,10.0,4.0,2.0,0.0,5.0,1.0,6.0,67.0,0.0,0.0,128.0,2.0,1.0,98.0,14.0,2.0,15.0,10.0,0.0,3.0,2.0,0.0,2.0,0.0,0.0,2.0,0.0,0.0,5.0,25.0,12.0,2.0,3.0,7.0,1.0,1.0,559,91,19,0.5367,22.5403,1.7889,0.7156,0.3578,0.0,0.8945,0.1789,1.0733,11.9857,0.0,0.0,22.898,0.3578,0.1789,17.5313,2.5045,0.3578,2.6834,1.7889,0.0,0.5367,0.3578,0.0,0.3578,0.0,0.0,0.3578,0.0,0.0,0.8945,4.4723,2.1467,0.3578,0.5367,1.2522,0.1789,0.1789,JxP
021210,ÁNCASH,HUAYLAS,YURACMARCA,10.0,544.0,30.0,28.0,2.0,0.0,39.0,5.0,39.0,234.0,0.0,7.0,298.0,6.0,9.0,371.0,198.0,5.0,31.0,16.0,10.0,18.0,50.0,1.0,24.0,3.0,14.0,5.0,3.0,2.0,40.0,210.0,91.0,2.0,68.0,11.0,5.0,5.0,2434,279,143,0.4108,22.35,1.2325,1.1504,0.0822,0.0,1.6023,0.2054,1.6023,9.6138,0.0,0.2876,12.2432,0.2465,0.3698,15.2424,8.1348,0.2054,1.2736,0.6574,0.4108,0.7395,2.0542,0.0411,0.986,0.1233,0.5752,0.2054,0.1233,0.0822,1.6434,8.6278,3.7387,0.0822,2.7938,0.4519,0.2054,0.2054,AN
021301,ÁNCASH,MARISCAL LUZURIAGA,PISCOBAMBA,876.0,7305.0,2341.0,2357.0,126.0,0.0,905.0,222.0,2602.0,20798.0,0.0,167.0,6388.0,341.0,552.0,9237.0,10643.0,222.0,497.0,791.0,425.0,535.0,4679.0,107.0,1476.0,241.0,1286.0,695.0,107.0,87.0,3583.0,16128.0,9023.0,128.0,4249.0,1407.0,1430.0,467.0,112423,16888,9677,0.7792,6.4978,2.0823,2.0965,0.1121,0.0,0.805,0.1975,2.3145,18.4998,0.0,0.1485,5.6821,0.3033,0.491,8.2163,9.4669,0.1975,0.4421,0.7036,0.378,0.4759,4.162,0.0952,1.3129,0.2144,1.1439,0.6182,0.0952,0.0774,3.1871,14.3458,8.0259,0.1139,3.7795,1.2515,1.272,0.4154,FP
021302,ÁNCASH,MARISCAL LUZURIAGA,CASCA,23.0,100.0,129.0,37.0,3.0,0.0,10.0,8.0,51.0,446.0,0.0,2.0,496.0,6.0,3.0,277.0,60.0,4.0,17.0,57.0,4.0,24.0,26.0,0.0,14.0,8.0,20.0,13.0,11.0,3.0,106.0,193.0,97.0,4.0,29.0,88.0,31.0,3.0,2403,685,261,0.9571,4.1615,5.3683,1.5397,0.1248,0.0,0.4161,0.3329,2.1223,18.5601,0.0,0.0832,20.6409,0.2497,0.1248,11.5273,2.4969,0.1665,0.7074,2.372,0.1665,0.9988,1.082,0.0,0.5826,0.3329,0.8323,0.541,0.4578,0.1248,4.4112,8.0316,4.0366,0.1665,1.2068,3.6621,1.2901,0.1248,JxP
021303,ÁNCASH,MARISCAL LUZURIAGA,ELEAZAR GUZMÁN BARRON,9.0,57.0,11.0,8.0,2.0,0.0,11.0,5.0,8.0,454.0,0.0,2.0,288.0,0.0,4.0,144.0,23.0,3.0,11.0,25.0,0.0,4.0,7.0,1.0,5.0,1.0,35.0,4.0,0.0,0.0,45.0,114.0,150.0,1.0,14.0,43.0,9.0,3.0,1501,321,108,0.5996,3.7975,0.7328,0.533,0.1332,0.0,0.7328,0.3331,0.533,30.2465,0.0,0.1332,19.1872,0.0,0.2665,9.5936,1.5323,0.1999,0.7328,1.6656,0.0,0.2665,0.4664,0.0666,0.3331,0.0666,2.3318,0.2665,0.0,0.0,2.998,7.5949,9.9933,0.0666,0.9327,2.8648,0.5996,0.1999,FP
021304,ÁNCASH,MARISCAL LUZURIAGA,FIDEL OLIVAS ESCUDERO,29.0,152.0,81.0,36.0,5.0,0.0,23.0,14.0,49.0,1719.0,0.0,2.0,507.0,9.0,9.0,427.0,157.0,13.0,13.0,22.0,7.0,23.0,69.0,7.0,15.0,10.0,50.0,26.0,6.0,1.0,277.0,251.0,154.0,3.0,85.0,73.0,38.0,7.0,4369,1084,390,0.6638,3.4791,1.854,0.824,0.1144,0.0,0.5264,0.3204,1.1215,39.3454,0.0,0.0458,11.6045,0.206,0.206,9.7734,3.5935,0.2976,0.2976,0.5035,0.1602,0.5264,1.5793,0.1602,0.3433,0.2289,1.1444,0.5951,0.1373,0.0229,6.3401,5.745,3.5248,0.0687,1.9455,1.6709,0.8698,0.1602,FP
021305,ÁNCASH,MARISCAL LUZURIAGA,LLAMA,42.0,289.0,157.0,68.0,9.0,0.0,66.0,14.0,118.0,1014.0,0.0,6.0,1345.0,11.0,23.0,1052.0,308.0,9.0,48.0,60.0,44.0,27.0,303.0,5.0,65.0,24.0,127.0,18.0,1.0,2.0,482.0,634.0,514.0,9.0,185.0,164.0,85.0,8.0,7336,1373,469,0.5725,3.9395,2.1401,0.9269,0.1227,0.0,0.8997,0.1908,1.6085,13.8222,0.0,0.0818,18.3342,0.1499,0.3135,14.3402,4.1985,0.1227,0.6543,0.8179,0.5998,0.368,4.1303,0.0682,0.886,0.3272,1.7312,0.2454,0.0136,0.0273,6.5703,8.6423,7.0065,0.1227,2.5218,2.2356,1.1587,0.1091,JxP
021306,ÁNCASH,MARISCAL LUZURIAGA,LLUMPA,16.0,100.0,49.0,36.0,3.0,0.0,13.0,9.0,35.0,638.0,0.0,1.0,215.0,5.0,6.0,239.0,299.0,3.0,23.0,10.0,13.0,11.0,79.0,1.0,46.0,8.0,22.0,5.0,5.0,0.0,89.0,285.0,159.0,3.0,72.0,56.0,13.0,3.0,2570,395,223,0.6226,3.8911,1.9066,1.4008,0.1167,0.0,0.5058,0.3502,1.3619,24.8249,0.0,0.0389,8.3658,0.1946,0.2335,9.2996,11.6342,0.1167,0.8949,0.3891,0.5058,0.428,3.0739,0.0389,1.7899,0.3113,0.856,0.1946,0.1946,0.0,3.463,11.0895,6.1868,0.1167,2.8016,2.179,0.5058,0.1167,FP
021307,ÁNCASH,MARISCAL LUZURIAGA,LUCMA,117.0,627.0,302.0,227.0,10.0,0.0,90.0,21.0,356.0,3517.0,0.0,18.0,1670.0,29.0,48.0,1696.0,922.0,26.0,89.0,119.0,38.0,107.0,386.0,9.0,244.0,35.0,182.0,52.0,11.0,9.0,643.0,1822.0,705.0,22.0,522.0,346.0,388.0,33.0,15438,3173,1879,0.7579,4.0614,1.9562,1.4704,0.0648,0.0,0.583,0.136,2.306,22.7814,0.0,0.1166,10.8175,0.1878,0.3109,10.9859,5.9723,0.1684,0.5765,0.7708,0.2461,0.6931,2.5003,0.0583,1.5805,0.2267,1.1789,0.3368,0.0713,0.0583,4.165,11.802,4.5667,0.1425,3.3813,2.2412,2.5133,0.2138,FP
021308,ÁNCASH,MARISCAL LUZURIAGA,MUSGA,57.0,407.0,238.0,137.0,8.0,0.0,84.0,15.0,265.0,1739.0,0.0,9.0,550.0,14.0,36.0,703.0,561.0,20.0,36.0,45.0,35.0,32.0,236.0,3.0,121.0,30.0,122.0,38.0,4.0,2.0,630.0,928.0,510.0,6.0,275.0,198.0,179.0,14.0,8287,1415,757,0.6878,4.9113,2.872,1.6532,0.0965,0.0,1.0136,0.181,3.1978,20.9847,0.0,0.1086,6.6369,0.1689,0.4344,8.4832,6.7696,0.2413,0.4344,0.543,0.4223,0.3861,2.8478,0.0362,1.4601,0.362,1.4722,0.4585,0.0483,0.0241,7.6023,11.1983,6.1542,0.0724,3.3185,2.3893,2.16,0.1689,FP
021309,Áncash,Mariscal Luzuriaga,,544.0,5920.0,1989.0,1129.0,99.0,0.0,605.0,102.0,1905.0,12724.0,0.0,119.0,4471.0,277.0,509.0,6773.0,9551.0,126.0,346.0,521.0,373.0,379.0,3983.0,65.0,1029.0,161.0,988.0,322.0,53.0,56.0,1922.0,10680.0,7340.0,61.0,3622.0,779.0,930.0,299.0,80752,10160,6253,0.6737,7.3311,2.4631,1.3981,0.1226,0.0,0.7492,0.1263,2.3591,15.7569,0.0,0.1474,5.5367,0.343,0.6303,8.3874,11.8276,0.156,0.4285,0.6452,0.4619,0.4693,4.9324,0.0805,1.2743,0.1994,1.2235,0.3988,0.0656,0.0693,2.3801,13.2257,9.0896,0.0755,4.4853,0.9647,1.1517,0.3703,FP
021401,ÁNCASH,OCROS,OCROS,18.0,205.0,25.0,24.0,0.0,0.0,8.0,1.0,25.0,251.0,0.0,2.0,339.0,0.0,7.0,152.0,80.0,2.0,10.0,7.0,5.0,14.0,24.0,0.0,39.0,2.0,24.0,9.0,1.0,0.0,135.0,91.0,95.0,3.0,23.0,25.0,4.0,0.0,1650,442,157,1.0909,12.4242,1.5152,1.4545,0.0,0.0,0.4848,0.0606,1.5152,15.2121,0.0,0.1212,20.5455,0.0,0.4242,9.2121,4.8485,0.1212,0.6061,0.4242,0.303,0.8485,1.4545,0.0,2.3636,0.1212,1.4545,0.5455,0.0606,0.0,8.1818,5.5152,5.7576,0.1818,1.3939,1.5152,0.2424,0.0,JxP
021402,ÁNCASH,OCROS,ACAS,3.0,13.0,7.0,4.0,0.0,0.0,1.0,0.0,5.0,10.0,0.0,0.0,80.0,0.0,0.0,11.0,11.0,0.0,2.0,1.0,0.0,2.0,1.0,0.0,0.0,0.0,2.0,0.0,0.0,0.0,20.0,1.0,1.0,0.0,0.0,5.0,0.0,0.0,180,50,6,1.6667,7.2222,3.8889,2.2222,0.0,0.0,0.5556,0.0,2.7778,5.5556,0.0,0.0,44.4444,0.0,0.0,6.1111,6.1111,0.0,1.1111,0.5556,0.0,1.1111,0.5556,0.0,0.0,0.0,1.1111,0.0,0.0,0.0,11.1111,0.5556,0.5556,0.0,0.0,2.7778,0.0,0.0,JxP
021403,ÁNCASH,OCROS,CAJAMARQUILLA,49.0,9.0,3.0,1.0,1.0,0.0,3.0,0.0,1.0,63.0,0.0,1.0,91.0,0.0,0.0,26.0,4.0,2.0,7.0,4.0,1.0,0.0,3.0,0.0,2.0,2.0,2.0,1.0,0.0,0.0,40.0,5.0,6.0,0.0,0.0,12.0,3.0,0.0,342,104,46,14.3275,2.6316,0.8772,0.2924,0.2924,0.0,0.8772,0.0,0.2924,18.4211,0.0,0.2924,26.6082,0.0,0.0,7.6023,1.1696,0.5848,2.0468,1.1696,0.2924,0.0,0.8772,0.0,0.5848,0.5848,0.5848,0.2924,0.0,0.0,11.6959,1.462,1.7544,0.0,0.0,3.5088,0.8772,0.0,JxP
021404,ÁNCASH,OCROS,CARHUAPAMPA,34.0,61.0,41.0,5.0,3.0,0.0,2.0,2.0,34.0,73.0,0.0,1.0,375.0,3.0,3.0,71.0,17.0,2.0,10.0,13.0,0.0,9.0,8.0,0.0,21.0,2.0,12.0,3.0,0.0,3.0,218.0,27.0,27.0,7.0,5.0,39.0,6.0,1.0,1138,451,108,2.9877,5.3603,3.6028,0.4394,0.2636,0.0,0.1757,0.1757,2.9877,6.4148,0.0,0.0879,32.9525,0.2636,0.2636,6.239,1.4938,0.1757,0.8787,1.1424,0.0,0.7909,0.703,0.0,1.8453,0.1757,1.0545,0.2636,0.0,0.2636,19.1564,2.3726,2.3726,0.6151,0.4394,3.4271,0.5272,0.0879,JxP
021405,ÁNCASH,OCROS,COCHAS,7.0,30.0,11.0,2.0,0.0,0.0,1.0,3.0,32.0,97.0,0.0,2.0,291.0,1.0,0.0,55.0,15.0,0.0,31.0,6.0,0.0,7.0,2.0,0.0,16.0,3.0,3.0,3.0,0.0,0.0,81.0,23.0,31.0,4.0,6.0,8.0,6.0,1.0,778,220,120,0.8997,3.856,1.4139,0.2571,0.0,0.0,0.1285,0.3856,4.1131,12.4679,0.0,0.2571,37.4036,0.1285,0.0,7.0694,1.928,0.0,3.9846,0.7712,0.0,0.8997,0.2571,0.0,2.0566,0.3856,0.3856,0.3856,0.0,0.0,10.4113,2.9563,3.9846,0.5141,0.7712,1.0283,0.7712,0.1285,JxP
021406,ÁNCASH,OCROS,CONGAS,8.0,42.0,11.0,3.0,0.0,0.0,4.0,3.0,0.0,100.0,0.0,1.0,197.0,3.0,1.0,49.0,15.0,0.0,8.0,10.0,0.0,3.0,5.0,0.0,4.0,2.0,2.0,1.0,2.0,0.0,23.0,6.0,22.0,5.0,7.0,18.0,0.0,0.0,555,198,64,1.4414,7.5676,1.982,0.5405,0.0,0.0,0.7207,0.5405,0.0,18.018,0.0,0.1802,35.4955,0.5405,0.1802,8.8288,2.7027,0.0,1.4414,1.8018,0.0,0.5405,0.9009,0.0,0.7207,0.3604,0.3604,0.1802,0.3604,0.0,4.1441,1.0811,3.964,0.9009,1.2613,3.2432,0.0,0.0,JxP
021407,ÁNCASH,OCROS,LLIPA,3.0,13.0,3.0,0.0,0.0,0.0,4.0,4.0,7.0,41.0,0.0,2.0,260.0,2.0,0.0,27.0,5.0,3.0,3.0,6.0,1.0,2.0,0.0,0.0,3.0,1.0,6.0,1.0,0.0,0.0,124.0,15.0,6.0,2.0,3.0,14.0,1.0,0.0,562,168,28,0.5338,2.3132,0.5338,0.0,0.0,0.0,0.7117,0.7117,1.2456,7.2954,0.0,0.3559,46.2633,0.3559,0.0,4.8043,0.8897,0.5338,0.5338,1.0676,0.1779,0.3559,0.0,0.0,0.5338,0.1779,1.0676,0.1779,0.0,0.0,22.0641,2.669,1.0676,0.3559,0.5338,2.4911,0.1779,0.0,JxP
021408,ÁNCASH,OCROS,SAN CRISTÓBAL DE RAJAN,9.0,85.0,7.0,4.0,0.0,0.0,7.0,3.0,9.0,144.0,0.0,2.0,358.0,3.0,1.0,67.0,14.0,1.0,5.0,7.0,0.0,5.0,7.0,0.0,11.0,1.0,6.0,0.0,1.0,0.0,105.0,41.0,14.0,1.0,5.0,24.0,4.0,0.0,951,274,148,0.9464,8.938,0.7361,0.4206,0.0,0.0,0.7361,0.3155,0.9464,15.142,0.0,0.2103,37.6446,0.3155,0.1052,7.0452,1.4721,0.1052,0.5258,0.7361,0.0,0.5258,0.7361,0.0,1.1567,0.1052,0.6309,0.0,0.1052,0.0,11.041,4.3113,1.4721,0.1052,0.5258,2.5237,0.4206,0.0,JxP
021409,ÁNCASH,OCROS,SAN PEDRO,6.0,69.0,15.0,2.0,0.0,0.0,8.0,0.0,9.0,130.0,0.0,0.0,436.0,2.0,0.0,79.0,8.0,2.0,14.0,8.0,0.0,12.0,2.0,0.0,16.0,3.0,9.0,4.0,0.0,0.0,141.0,27.0,20.0,3.0,11.0,95.0,2.0,1.0,1134,325,161,0.5291,6.0847,1.3228,0.1764,0.0,0.0,0.7055,0.0,0.7937,11.4638,0.0,0.0,38.448,0.1764,0.0,6.9665,0.7055,0.1764,1.2346,0.7055,0.0,1.0582,0.1764,0.0,1.4109,0.2646,0.7937,0.3527,0.0,0.0,12.4339,2.381,1.7637,0.2646,0.97,8.3774,0.1764,0.0882,JxP
021410,ÁNCASH,OCROS,SANTIAGO DE CHILCAS,25.0,75.0,31.0,6.0,3.0,0.0,16.0,10.0,33.0,352.0,0.0,5.0,921.0,7.0,29.0,142.0,23.0,2.0,11.0,18.0,4.0,15.0,11.0,3.0,23.0,8.0,21.0,5.0,3.0,1.0,264.0,43.0,25.0,15.0,11.0,167.0,2.0,2.0,2332,945,362,1.072,3.2161,1.3293,0.2573,0.1286,0.0,0.6861,0.4288,1.4151,15.0943,0.0,0.2144,39.494,0.3002,1.2436,6.0892,0.9863,0.0858,0.4717,0.7719,0.1715,0.6432,0.4717,0.1286,0.9863,0.3431,0.9005,0.2144,0.1286,0.0429,11.3208,1.8439,1.072,0.6432,0.4717,7.1612,0.0858,0.0858,JxP
021501,ÁNCASH,PALLASCA,CABANA,82.0,890.0,152.0,39.0,14.0,0.0,63.0,32.0,171.0,1809.0,0.0,13.0,1981.0,12.0,55.0,1217.0,511.0,17.0,93.0,69.0,50.0,60.0,216.0,4.0,79.0,22.0,93.0,38.0,10.0,5.0,245.0,845.0,265.0,24.0,203.0,59.0,25.0,11.0,9474,2557,1417,0.8655,9.3941,1.6044,0.4117,0.1478,0.0,0.665,0.3378,1.8049,19.0944,0.0,0.1372,20.9099,0.1267,0.5805,12.8457,5.3937,0.1794,0.9816,0.7283,0.5278,0.6333,2.2799,0.0422,0.8339,0.2322,0.9816,0.4011,0.1056,0.0528,2.586,8.9191,2.7971,0.2533,2.1427,0.6228,0.2639,0.1161,JxP
021502,ÁNCASH,PALLASCA,BOLOGNESI,16.0,31.0,13.0,2.0,1.0,0.0,3.0,4.0,2.0,244.0,0.0,1.0,219.0,4.0,0.0,77.0,12.0,3.0,7.0,14.0,1.0,7.0,7.0,0.0,2.0,1.0,18.0,5.0,2.0,1.0,22.0,41.0,18.0,5.0,4.0,6.0,1.0,0.0,794,269,130,2.0151,3.9043,1.6373,0.2519,0.1259,0.0,0.3778,0.5038,0.2519,30.7305,0.0,0.1259,27.5819,0.5038,0.0,9.6977,1.5113,0.3778,0.8816,1.7632,0.1259,0.8816,0.8816,0.0,0.2519,0.1259,2.267,0.6297,0.2519,0.1259,2.7708,5.1637,2.267,0.6297,0.5038,0.7557,0.1259,0.0,FP
021503,ÁNCASH,PALLASCA,CONCHUCOS,67.0,331.0,32.0,7.0,3.0,0.0,14.0,3.0,46.0,607.0,0.0,6.0,889.0,7.0,16.0,356.0,136.0,4.0,59.0,24.0,6.0,19.0,46.0,7.0,19.0,6.0,29.0,10.0,1.0,3.0,88.0,308.0,142.0,2.0,43.0,23.0,4.0,4.0,3367,826,410,1.9899,9.8307,0.9504,0.2079,0.0891,0.0,0.4158,0.0891,1.3662,18.0279,0.0,0.1782,26.4033,0.2079,0.4752,10.5732,4.0392,0.1188,1.7523,0.7128,0.1782,0.5643,1.3662,0.2079,0.5643,0.1782,0.8613,0.297,0.0297,0.0891,2.6136,9.1476,4.2174,0.0594,1.2771,0.6831,0.1188,0.1188,JxP
021504,ÁNCASH,PALLASCA,HUACASCHUQUE,7.0,62.0,6.0,2.0,1.0,0.0,3.0,3.0,13.0,234.0,0.0,1.0,209.0,3.0,2.0,113.0,40.0,5.0,13.0,13.0,1.0,8.0,14.0,0.0,10.0,2.0,17.0,6.0,2.0,1.0,31.0,67.0,26.0,4.0,8.0,3.0,2.0,0.0,932,238,164,0.7511,6.6524,0.6438,0.2146,0.1073,0.0,0.3219,0.3219,1.3948,25.1073,0.0,0.1073,22.4249,0.3219,0.2146,12.1245,4.2918,0.5365,1.3948,1.3948,0.1073,0.8584,1.5021,0.0,1.073,0.2146,1.824,0.6438,0.2146,0.1073,3.3262,7.1888,2.7897,0.4292,0.8584,0.3219,0.2146,0.0,FP
021505,ÁNCASH,PALLASCA,HUANDOVAL,32.0,44.0,25.0,12.0,2.0,0.0,6.0,23.0,33.0,744.0,0.0,5.0,2615.0,10.0,8.0,385.0,35.0,20.0,51.0,37.0,2.0,20.0,14.0,1.0,20.0,12.0,23.0,14.0,3.0,3.0,139.0,75.0,36.0,13.0,30.0,16.0,15.0,4.0,4527,1813,505,0.7069,0.9719,0.5522,0.2651,0.0442,0.0,0.1325,0.5081,0.729,16.4347,0.0,0.1104,57.7645,0.2209,0.1767,8.5045,0.7731,0.4418,1.1266,0.8173,0.0442,0.4418,0.3093,0.0221,0.4418,0.2651,0.5081,0.3093,0.0663,0.0663,3.0705,1.6567,0.7952,0.2872,0.6627,0.3534,0.3313,0.0884,JxP
021506,ÁNCASH,PALLASCA,LACABAMBA,12.0,137.0,24.0,7.0,0.0,0.0,11.0,2.0,47.0,288.0,0.0,0.0,463.0,4.0,3.0,187.0,66.0,3.0,23.0,9.0,6.0,10.0,21.0,0.0,12.0,4.0,25.0,12.0,0.0,2.0,36.0,150.0,70.0,4.0,26.0,14.0,3.0,4.0,1685,434,223,0.7122,8.1306,1.4243,0.4154,0.0,0.0,0.6528,0.1187,2.7893,17.092,0.0,0.0,27.4777,0.2374,0.178,11.0979,3.9169,0.178,1.365,0.5341,0.3561,0.5935,1.2463,0.0,0.7122,0.2374,1.4837,0.7122,0.0,0.1187,2.1365,8.9021,4.1543,0.2374,1.543,0.8309,0.178,0.2374,JxP
021507,ÁNCASH,PALLASCA,LLAPO,11.0,102.0,9.0,3.0,0.0,0.0,6.0,0.0,14.0,204.0,0.0,0.0,266.0,2.0,3.0,116.0,42.0,1.0,15.0,10.0,1.0,11.0,12.0,0.0,4.0,1.0,7.0,9.0,2.0,0.0,22.0,62.0,17.0,3.0,8.0,7.0,4.0,0.0,974,292,158,1.1294,10.4723,0.924,0.308,0.0,0.0,0.616,0.0,1.4374,20.9446,0.0,0.0,27.3101,0.2053,0.308,11.9097,4.3121,0.1027,1.54,1.0267,0.1027,1.1294,1.232,0.0,0.4107,0.1027,0.7187,0.924,0.2053,0.0,2.2587,6.3655,1.7454,0.308,0.8214,0.7187,0.4107,0.0,JxP
021508,ÁNCASH,PALLASCA,PALLASCA,20.0,216.0,30.0,10.0,2.0,0.0,14.0,5.0,22.0,246.0,0.0,2.0,669.0,7.0,10.0,173.0,94.0,4.0,17.0,18.0,3.0,20.0,15.0,1.0,13.0,7.0,20.0,10.0,7.0,4.0,101.0,123.0,42.0,7.0,30.0,30.0,5.0,2.0,1999,692,275,1.0005,10.8054,1.5008,0.5003,0.1001,0.0,0.7004,0.2501,1.1006,12.3062,0.0,0.1001,33.4667,0.3502,0.5003,8.6543,4.7024,0.2001,0.8504,0.9005,0.1501,1.0005,0.7504,0.05,0.6503,0.3502,1.0005,0.5003,0.3502,0.2001,5.0525,6.1531,2.1011,0.3502,1.5008,1.5008,0.2501,0.1001,JxP
021601,ÁNCASH,POMABAMBA,POMABAMBA,11.0,79.0,11.0,1.0,2.0,0.0,5.0,3.0,10.0,59.0,0.0,1.0,275.0,2.0,3.0,134.0,23.0,1.0,5.0,15.0,1.0,7.0,10.0,1.0,3.0,3.0,11.0,10.0,0.0,1.0,21.0,41.0,28.0,1.0,10.0,7.0,2.0,1.0,798,275,52,1.3784,9.8997,1.3784,0.1253,0.2506,0.0,0.6266,0.3759,1.2531,7.3935,0.0,0.1253,34.4612,0.2506,0.3759,16.792,2.8822,0.1253,0.6266,1.8797,0.1253,0.8772,1.2531,0.1253,0.3759,0.3759,1.3784,1.2531,0.0,0.1253,2.6316,5.1378,3.5088,0.1253,1.2531,0.8772,0.2506,0.1253,JxP
021602,ÁNCASH,POMABAMBA,HUAYLLAN,9.0,58.0,5.0,1.0,0.0,0.0,1.0,2.0,18.0,53.0,0.0,1.0,304.0,3.0,0.0,64.0,7.0,2.0,5.0,7.0,0.0,9.0,8.0,1.0,5.0,4.0,3.0,1.0,0.0,1.0,14.0,28.0,13.0,2.0,4.0,2.0,0.0,1.0,636,137,44,1.4151,9.1195,0.7862,0.1572,0.0,0.0,0.1572,0.3145,2.8302,8.3333,0.0,0.1572,47.7987,0.4717,0.0,10.0629,1.1006,0.3145,0.7862,1.1006,0.0,1.4151,1.2579,0.1572,0.7862,0.6289,0.4717,0.1572,0.0,0.1572,2.2013,4.4025,2.044,0.3145,0.6289,0.3145,0.0,0.1572,JxP
021603,ÁNCASH,POMABAMBA,PAROBAMBA,1.0,83.0,5.0,1.0,1.0,0.0,4.0,2.0,7.0,20.0,0.0,0.0,146.0,0.0,0.0,71.0,10.0,1.0,3.0,9.0,0.0,2.0,6.0,0.0,1.0,0.0,5.0,2.0,0.0,0.0,21.0,19.0,7.0,2.0,4.0,3.0,0.0,0.0,436,101,47,0.2294,19.0367,1.1468,0.2294,0.2294,0.0,0.9174,0.4587,1.6055,4.5872,0.0,0.0,33.4862,0.0,0.0,16.2844,2.2936,0.2294,0.6881,2.0642,0.0,0.4587,1.3761,0.0,0.2294,0.0,1.1468,0.4587,0.0,0.0,4.8165,4.3578,1.6055,0.4587,0.9174,0.6881,0.0,0.0,JxP
021604,ÁNCASH,POMABAMBA,QUINUABAMBA,10.0,84.0,4.0,3.0,1.0,0.0,1.0,3.0,5.0,60.0,0.0,0.0,261.0,5.0,3.0,121.0,40.0,2.0,12.0,6.0,0.0,6.0,5.0,0.0,3.0,0.0,6.0,3.0,1.0,0.0,20.0,39.0,21.0,1.0,5.0,3.0,0.0,1.0,735,179,43,1.3605,11.4286,0.5442,0.4082,0.1361,0.0,0.1361,0.4082,0.6803,8.1633,0.0,0.0,35.5102,0.6803,0.4082,16.4626,5.4422,0.2721,1.6327,0.8163,0.0,0.8163,0.6803,0.0,0.4082,0.0,0.8163,0.4082,0.1361,0.0,2.7211,5.3061,2.8571,0.1361,0.6803,0.4082,0.0,0.1361,JxP
021605,Áncash,Pomabamba,,15.0,95.0,8.0,1.0,1.0,0.0,7.0,4.0,16.0,49.0,0.0,0.0,744.0,8.0,0.0,130.0,16.0,1.0,10.0,11.0,2.0,17.0,4.0,0.0,7.0,2.0,10.0,7.0,5.0,0.0,66.0,57.0,17.0,3.0,4.0,4.0,1.0,0.0,1322,442,149,1.1346,7.1861,0.6051,0.0756,0.0756,0.0,0.5295,0.3026,1.2103,3.7065,0.0,0.0,56.2784,0.6051,0.0,9.8336,1.2103,0.0756,0.7564,0.8321,0.1513,1.2859,0.3026,0.0,0.5295,0.1513,0.7564,0.5295,0.3782,0.0,4.9924,4.3116,1.2859,0.2269,0.3026,0.3026,0.0756,0.0,JxP
021606,Áncash,Pomabamba,,5.0,14.0,2.0,0.0,1.0,0.0,3.0,1.0,9.0,48.0,0.0,0.0,195.0,0.0,0.0,22.0,7.0,0.0,3.0,5.0,1.0,1.0,1.0,2.0,0.0,1.0,14.0,2.0,1.0,1.0,18.0,17.0,3.0,2.0,1.0,1.0,0.0,0.0,381,110,48,1.3123,3.6745,0.5249,0.0,0.2625,0.0,0.7874,0.2625,2.3622,12.5984,0.0,0.0,51.1811,0.0,0.0,5.7743,1.8373,0.0,0.7874,1.3123,0.2625,0.2625,0.2625,0.5249,0.0,0.2625,3.6745,0.5249,0.2625,0.2625,4.7244,4.4619,0.7874,0.5249,0.2625,0.2625,0.0,0.0,JxP
021701,ÁNCASH,RECUAY,RECUAY,18.0,262.0,54.0,13.0,4.0,0.0,21.0,20.0,31.0,323.0,0.0,3.0,1189.0,11.0,12.0,574.0,104.0,11.0,95.0,38.0,20.0,29.0,30.0,4.0,16.0,12.0,29.0,47.0,3.0,2.0,170.0,211.0,135.0,8.0,32.0,25.0,5.0,1.0,3562,1107,459,0.5053,7.3554,1.516,0.365,0.1123,0.0,0.5896,0.5615,0.8703,9.0679,0.0,0.0842,33.3801,0.3088,0.3369,16.1145,2.9197,0.3088,2.667,1.0668,0.5615,0.8141,0.8422,0.1123,0.4492,0.3369,0.8141,1.3195,0.0842,0.0561,4.7726,5.9236,3.79,0.2246,0.8984,0.7019,0.1404,0.0281,JxP
021702,ÁNCASH,RECUAY,CATAC,8.0,133.0,9.0,4.0,1.0,0.0,4.0,10.0,13.0,88.0,0.0,2.0,621.0,5.0,2.0,180.0,52.0,2.0,12.0,13.0,2.0,16.0,7.0,0.0,16.0,6.0,9.0,7.0,1.0,0.0,88.0,48.0,56.0,5.0,7.0,8.0,7.0,1.0,1443,530,172,0.5544,9.2169,0.6237,0.2772,0.0693,0.0,0.2772,0.693,0.9009,6.0984,0.0,0.1386,43.0353,0.3465,0.1386,12.474,3.6036,0.1386,0.8316,0.9009,0.1386,1.1088,0.4851,0.0,1.1088,0.4158,0.6237,0.4851,0.0693,0.0,6.0984,3.3264,3.8808,0.3465,0.4851,0.5544,0.4851,0.0693,JxP
021703,ÁNCASH,RECUAY,COTAPARACO,6.0,32.0,9.0,1.0,0.0,0.0,6.0,2.0,6.0,41.0,0.0,0.0,661.0,3.0,0.0,57.0,9.0,4.0,3.0,11.0,0.0,9.0,4.0,0.0,11.0,3.0,16.0,4.0,3.0,0.0,46.0,24.0,23.0,4.0,5.0,4.0,0.0,0.0,1007,415,120,0.5958,3.1778,0.8937,0.0993,0.0,0.0,0.5958,0.1986,0.5958,4.0715,0.0,0.0,65.6405,0.2979,0.0,5.6604,0.8937,0.3972,0.2979,1.0924,0.0,0.8937,0.3972,0.0,1.0924,0.2979,1.5889,0.3972,0.2979,0.0,4.568,2.3833,2.284,0.3972,0.4965,0.3972,0.0,0.0,JxP
021801,ÁNCASH,SANTA,CHIMBOTE,32.0,336.0,14.0,6.0,4.0,0.0,13.0,2.0,23.0,221.0,0.0,3.0,336.0,2.0,7.0,204.0,103.0,4.0,28.0,17.0,3.0,13.0,34.0,0.0,5.0,8.0,20.0,5.0,1.0,6.0,82.0,123.0,85.0,3.0,21.0,9.0,3.0,3.0,1779,499,204,1.7988,18.887,0.787,0.3373,0.2248,0.0,0.7307,0.1124,1.2929,12.4227,0.0,0.1686,18.887,0.1124,0.3935,11.4671,5.7898,0.2248,1.5739,0.9556,0.1686,0.7307,1.9112,0.0,0.2811,0.4497,1.1242,0.2811,0.0562,0.3373,4.6093,6.914,4.778,0.1686,1.1804,0.5059,0.1686,0.1686,AN
021802,ÁNCASH,SANTA,CÁCERES DEL PERÚ,17.0,182.0,20.0,6.0,0.0,0.0,6.0,3.0,14.0,122.0,0.0,4.0,345.0,1.0,3.0,120.0,30.0,2.0,7.0,11.0,1.0,12.0,3.0,1.0,3.0,2.0,10.0,3.0,1.0,0.0,42.0,76.0,33.0,3.0,9.0,6.0,2.0,0.0,1100,360,122,1.5455,16.5455,1.8182,0.5455,0.0,0.0,0.5455,0.2727,1.2727,11.0909,0.0,0.3636,31.3636,0.0909,0.2727,10.9091,2.7273,0.1818,0.6364,1.0,0.0909,1.0909,0.2727,0.0909,0.2727,0.1818,0.9091,0.2727,0.0909,0.0,3.8182,6.9091,3.0,0.2727,0.8182,0.5455,0.1818,0.0,JxP
021901,ÁNCASH,SIHUAS,SIHUAS,40.0,809.0,105.0,281.0,8.0,0.0,100.0,16.0,190.0,4226.0,0.0,11.0,1178.0,16.0,58.0,1551.0,951.0,24.0,125.0,92.0,34.0,83.0,269.0,2.0,88.0,27.0,130.0,27.0,8.0,11.0,270.0,926.0,770.0,10.0,363.0,348.0,75.0,19.0,13241,2111,938,0.3021,6.1098,0.793,2.1222,0.0604,0.0,0.7552,0.1208,1.4349,31.916,0.0,0.0831,8.8966,0.1208,0.438,11.7136,7.1822,0.1813,0.944,0.6948,0.2568,0.6268,2.0316,0.0151,0.6646,0.2039,0.9818,0.2039,0.0604,0.0831,2.0391,6.9934,5.8153,0.0755,2.7415,2.6282,0.5664,0.1435,FP
021902,ÁNCASH,SIHUAS,ACOBAMBA,4.0,66.0,3.0,4.0,0.0,0.0,3.0,0.0,1.0,69.0,0.0,0.0,147.0,0.0,0.0,43.0,12.0,1.0,2.0,5.0,0.0,0.0,6.0,0.0,1.0,0.0,5.0,0.0,0.0,0.0,31.0,10.0,5.0,1.0,5.0,29.0,0.0,0.0,453,93,43,0.883,14.5695,0.6623,0.883,0.0,0.0,0.6623,0.0,0.2208,15.2318,0.0,0.0,32.4503,0.0,0.0,9.4923,2.649,0.2208,0.4415,1.1038,0.0,0.0,1.3245,0.0,0.2208,0.0,1.1038,0.0,0.0,0.0,6.8433,2.2075,1.1038,0.2208,1.1038,6.4018,0.0,0.0,JxP
021903,ÁNCASH,SIHUAS,ALFONSO UGARTE,3.0,17.0,9.0,1.0,1.0,0.0,1.0,3.0,8.0,126.0,0.0,0.0,89.0,0.0,0.0,44.0,31.0,2.0,2.0,4.0,1.0,1.0,3.0,0.0,0.0,1.0,4.0,1.0,1.0,0.0,9.0,35.0,13.0,0.0,2.0,20.0,2.0,1.0,435,104,21,0.6897,3.908,2.069,0.2299,0.2299,0.0,0.2299,0.6897,1.8391,28.9655,0.0,0.0,20.4598,0.0,0.0,10.1149,7.1264,0.4598,0.4598,0.9195,0.2299,0.2299,0.6897,0.0,0.0,0.2299,0.9195,0.2299,0.2299,0.0,2.069,8.046,2.9885,0.0,0.4598,4.5977,0.4598,0.2299,FP
021904,ÁNCASH,SIHUAS,CASHAPAMPA,5.0,48.0,6.0,7.0,0.0,0.0,1.0,5.0,7.0,66.0,0.0,0.0,119.0,1.0,2.0,83.0,11.0,2.0,12.0,10.0,0.0,5.0,11.0,0.0,2.0,3.0,4.0,2.0,0.0,0.0,29.0,15.0,18.0,1.0,2.0,12.0,1.0,0.0,490,92,27,1.0204,9.7959,1.2245,1.4286,0.0,0.0,0.2041,1.0204,1.4286,13.4694,0.0,0.0,24.2857,0.2041,0.4082,16.9388,2.2449,0.4082,2.449,2.0408,0.0,1.0204,2.2449,0.0,0.4082,0.6122,0.8163,0.4082,0.0,0.0,5.9184,3.0612,3.6735,0.2041,0.4082,2.449,0.2041,0.0,JxP
021905,ÁNCASH,SIHUAS,CHINGALPO,3.0,43.0,13.0,15.0,0.0,0.0,14.0,2.0,22.0,521.0,0.0,1.0,141.0,1.0,0.0,123.0,62.0,1.0,15.0,4.0,5.0,5.0,24.0,1.0,8.0,2.0,10.0,3.0,0.0,0.0,86.0,116.0,33.0,1.0,29.0,56.0,6.0,1.0,1367,273,78,0.2195,3.1456,0.951,1.0973,0.0,0.0,1.0241,0.1463,1.6094,38.1127,0.0,0.0732,10.3146,0.0732,0.0,8.9978,4.5355,0.0732,1.0973,0.2926,0.3658,0.3658,1.7557,0.0732,0.5852,0.1463,0.7315,0.2195,0.0,0.0,6.2911,8.4857,2.414,0.0732,2.1214,4.0966,0.4389,0.0732,FP
022001,ÁNCASH,YUNGAY,YUNGAY,1.0,17.0,3.0,1.0,0.0,0.0,1.0,0.0,5.0,56.0,0.0,0.0,21.0,1.0,2.0,16.0,6.0,0.0,3.0,7.0,0.0,1.0,1.0,0.0,2.0,0.0,1.0,0.0,1.0,0.0,4.0,11.0,4.0,0.0,0.0,0.0,0.0,0.0,165,33,14,0.6061,10.303,1.8182,0.6061,0.0,0.0,0.6061,0.0,3.0303,33.9394,0.0,0.0,12.7273,0.6061,1.2121,9.697,3.6364,0.0,1.8182,4.2424,0.0,0.6061,0.6061,0.0,1.2121,0.0,0.6061,0.0,0.6061,0.0,2.4242,6.6667,2.4242,0.0,0.0,0.0,0.0,0.0,FP
022002,ÁNCASH,YUNGAY,CASCAPARA,1.0,4.0,1.0,0.0,0.0,0.0,1.0,0.0,1.0,39.0,0.0,0.0,9.0,0.0,0.0,4.0,1.0,0.0,1.0,2.0,0.0,0.0,2.0,0.0,5.0,1.0,1.0,0.0,2.0,0.0,1.0,3.0,2.0,0.0,1.0,0.0,0.0,1.0,83,15,4,1.2048,4.8193,1.2048,0.0,0.0,0.0,1.2048,0.0,1.2048,46.988,0.0,0.0,10.8434,0.0,0.0,4.8193,1.2048,0.0,1.2048,2.4096,0.0,0.0,2.4096,0.0,6.0241,1.2048,1.2048,0.0,2.4096,0.0,1.2048,3.6145,2.4096,0.0,1.2048,0.0,0.0,1.2048,FP
022003,ÁNCASH,YUNGAY,MANCOS,2.0,28.0,2.0,2.0,0.0,0.0,3.0,5.0,6.0,67.0,0.0,0.0,20.0,0.0,1.0,39.0,2.0,1.0,2.0,6.0,0.0,3.0,6.0,0.0,2.0,3.0,0.0,4.0,0.0,0.0,5.0,10.0,4.0,0.0,5.0,3.0,0.0,0.0,231,80,12,0.8658,12.1212,0.8658,0.8658,0.0,0.0,1.2987,2.1645,2.5974,29.0043,0.0,0.0,8.658,0.0,0.4329,16.8831,0.8658,0.4329,0.8658,2.5974,0.0,1.2987,2.5974,0.0,0.8658,1.2987,0.0,1.7316,0.0,0.0,2.1645,4.329,1.7316,0.0,2.1645,1.2987,0.0,0.0,FP
022004,ÁNCASH,YUNGAY,MATACOTO,6.0,46.0,13.0,2.0,0.0,0.0,9.0,1.0,10.0,275.0,0.0,1.0,121.0,6.0,1.0,101.0,23.0,0.0,11.0,3.0,0.0,5.0,9.0,0.0,4.0,2.0,10.0,5.0,10.0,0.0,18.0,46.0,34.0,5.0,9.0,4.0,8.0,2.0,800,156,49,0.75,5.75,1.625,0.25,0.0,0.0,1.125,0.125,1.25,34.375,0.0,0.125,15.125,0.75,0.125,12.625,2.875,0.0,1.375,0.375,0.0,0.625,1.125,0.0,0.5,0.25,1.25,0.625,1.25,0.0,2.25,5.75,4.25,0.625,1.125,0.5,1.0,0.25,FP
022005,ÁNCASH,YUNGAY,QUILLO,0.0,19.0,7.0,2.0,1.0,0.0,4.0,0.0,10.0,146.0,0.0,0.0,64.0,1.0,0.0,35.0,12.0,2.0,22.0,8.0,0.0,0.0,2.0,1.0,1.0,2.0,5.0,3.0,0.0,0.0,9.0,14.0,13.0,1.0,2.0,5.0,1.0,1.0,393,118,23,0.0,4.8346,1.7812,0.5089,0.2545,0.0,1.0178,0.0,2.5445,37.1501,0.0,0.0,16.285,0.2545,0.0,8.9059,3.0534,0.5089,5.598,2.0356,0.0,0.0,0.5089,0.2545,0.2545,0.5089,1.2723,0.7634,0.0,0.0,2.2901,3.5623,3.3079,0.2545,0.5089,1.2723,0.2545,0.2545,FP
022006,ÁNCASH,YUNGAY,RANRAHIRCA,0.0,6.0,2.0,0.0,0.0,0.0,2.0,0.0,0.0,18.0,0.0,0.0,6.0,0.0,0.0,24.0,10.0,0.0,2.0,3.0,0.0,0.0,0.0,0.0,0.0,1.0,0.0,0.0,1.0,0.0,0.0,6.0,4.0,2.0,2.0,1.0,2.0,0.0,92,29,4,0.0,6.5217,2.1739,0.0,0.0,0.0,2.1739,0.0,0.0,19.5652,0.0,0.0,6.5217,0.0,0.0,26.087,10.8696,0.0,2.1739,3.2609,0.0,0.0,0.0,0.0,0.0,1.087,0.0,0.0,1.087,0.0,0.0,6.5217,4.3478,2.1739,2.1739,1.087,2.1739,0.0,Obras
022007,ÁNCASH,YUNGAY,SHUPLUY,8.0,47.0,2.0,11.0,0.0,0.0,4.0,5.0,4.0,135.0,0.0,2.0,53.0,3.0,0.0,32.0,13.0,3.0,2.0,11.0,1.0,4.0,3.0,0.0,6.0,1.0,3.0,4.0,0.0,0.0,15.0,28.0,20.0,0.0,8.0,0.0,1.0,0.0,429,117,33,1.8648,10.9557,0.4662,2.5641,0.0,0.0,0.9324,1.1655,0.9324,31.4685,0.0,0.4662,12.3543,0.6993,0.0,7.4592,3.0303,0.6993,0.4662,2.5641,0.2331,0.9324,0.6993,0.0,1.3986,0.2331,0.6993,0.9324,0.0,0.0,3.4965,6.5268,4.662,0.0,1.8648,0.0,0.2331,0.0,FP
022008,ÁNCASH,YUNGAY,YANAMA,3.0,8.0,4.0,0.0,0.0,0.0,0.0,1.0,3.0,38.0,0.0,0.0,20.0,0.0,0.0,39.0,5.0,1.0,1.0,6.0,0.0,0.0,3.0,0.0,4.0,3.0,1.0,2.0,3.0,0.0,5.0,10.0,2.0,0.0,3.0,0.0,1.0,0.0,166,36,21,1.8072,4.8193,2.4096,0.0,0.0,0.0,0.0,0.6024,1.8072,22.8916,0.0,0.0,12.0482,0.0,0.0,23.494,3.012,0.6024,0.6024,3.6145,0.0,0.0,1.8072,0.0,2.4096,1.8072,0.6024,1.2048,1.8072,0.0,3.012,6.0241,1.2048,0.0,1.8072,0.0,0.6024,0.0,Obras
022009,Áncash,Yungay,,6.0,31.0,16.0,5.0,0.0,0.0,5.0,1.0,9.0,123.0,0.0,3.0,64.0,1.0,0.0,62.0,20.0,0.0,3.0,8.0,1.0,6.0,11.0,0.0,11.0,0.0,8.0,1.0,1.0,0.0,10.0,46.0,21.0,5.0,9.0,7.0,7.0,1.0,502,92,47,1.1952,6.1753,3.1873,0.996,0.0,0.0,0.996,0.1992,1.7928,24.502,0.0,0.5976,12.749,0.1992,0.0,12.3506,3.9841,0.0,0.5976,1.5936,0.1992,1.1952,2.1912,0.0,2.1912,0.0,1.5936,0.1992,0.1992,0.0,1.992,9.1633,4.1833,0.996,1.7928,1.3944,1.3944,0.1992,FP
022010,Áncash,Yungay,,1.0,3.0,1.0,0.0,0.0,0.0,0.0,1.0,4.0,79.0,0.0,1.0,11.0,0.0,2.0,14.0,1.0,0.0,3.0,1.0,0.0,0.0,4.0,0.0,1.0,0.0,1.0,0.0,0.0,0.0,35.0,10.0,21.0,2.0,3.0,1.0,0.0,0.0,200,35,12,0.5,1.5,0.5,0.0,0.0,0.0,0.0,0.5,2.0,39.5,0.0,0.5,5.5,0.0,1.0,7.0,0.5,0.0,1.5,0.5,0.0,0.0,2.0,0.0,0.5,0.0,0.5,0.0,0.0,0.0,17.5,5.0,10.5,1.0,1.5,0.5,0.0,0.0,FP
030101,APURÍMAC,ABANCAY,ABANCAY,219.0,5228.0,141.0,188.0,14.0,0.0,313.0,33.0,616.0,2726.0,0.0,42.0,6177.0,65.0,238.0,4642.0,2626.0,25.0,864.0,87.0,92.0,153.0,762.0,10.0,229.0,65.0,270.0,327.0,45.0,12.0,225.0,920.0,2173.0,39.0,1027.0,112.0,40.0,43.0,30788,3548,1639,0.7113,16.9806,0.458,0.6106,0.0455,0.0,1.0166,0.1072,2.0008,8.8541,0.0,0.1364,20.063,0.2111,0.773,15.0773,8.5293,0.0812,2.8063,0.2826,0.2988,0.4969,2.475,0.0325,0.7438,0.2111,0.877,1.0621,0.1462,0.039,0.7308,2.9882,7.0579,0.1267,3.3357,0.3638,0.1299,0.1397,JxP
030102,APURÍMAC,ABANCAY,CHACOCHE,15.0,183.0,7.0,4.0,0.0,0.0,14.0,3.0,25.0,99.0,0.0,4.0,748.0,11.0,15.0,231.0,72.0,6.0,69.0,13.0,2.0,8.0,9.0,0.0,15.0,5.0,22.0,31.0,0.0,1.0,33.0,28.0,41.0,7.0,26.0,4.0,3.0,1.0,1755,368,77,0.8547,10.4274,0.3989,0.2279,0.0,0.0,0.7977,0.1709,1.4245,5.641,0.0,0.2279,42.6211,0.6268,0.8547,13.1624,4.1026,0.3419,3.9316,0.7407,0.114,0.4558,0.5128,0.0,0.8547,0.2849,1.2536,1.7664,0.0,0.057,1.8803,1.5954,2.3362,0.3989,1.4815,0.2279,0.1709,0.057,JxP
030103,APURÍMAC,ABANCAY,CIRCA,63.0,1070.0,57.0,31.0,6.0,0.0,39.0,21.0,91.0,1373.0,0.0,10.0,2912.0,46.0,17.0,1118.0,223.0,11.0,89.0,35.0,20.0,62.0,98.0,2.0,30.0,19.0,81.0,77.0,7.0,6.0,108.0,135.0,214.0,12.0,117.0,17.0,15.0,3.0,8235,1873,770,0.765,12.9933,0.6922,0.3764,0.0729,0.0,0.4736,0.255,1.105,16.6727,0.0,0.1214,35.3613,0.5586,0.2064,13.5762,2.708,0.1336,1.0808,0.425,0.2429,0.7529,1.19,0.0243,0.3643,0.2307,0.9836,0.935,0.085,0.0729,1.3115,1.6393,2.5987,0.1457,1.4208,0.2064,0.1821,0.0364,JxP
030104,APURÍMAC,ABANCAY,CURAHUASI,6.0,54.0,2.0,2.0,0.0,0.0,5.0,1.0,9.0,68.0,0.0,8.0,385.0,1.0,5.0,72.0,12.0,0.0,33.0,5.0,0.0,9.0,9.0,0.0,3.0,0.0,6.0,10.0,0.0,0.0,10.0,10.0,16.0,3.0,7.0,0.0,0.0,0.0,751,140,21,0.7989,7.1904,0.2663,0.2663,0.0,0.0,0.6658,0.1332,1.1984,9.0546,0.0,1.0652,51.265,0.1332,0.6658,9.5872,1.5979,0.0,4.3941,0.6658,0.0,1.1984,1.1984,0.0,0.3995,0.0,0.7989,1.3316,0.0,0.0,1.3316,1.3316,2.1305,0.3995,0.9321,0.0,0.0,0.0,JxP
030105,APURÍMAC,ABANCAY,HUANIPACA,19.0,168.0,4.0,3.0,0.0,0.0,11.0,4.0,11.0,200.0,0.0,3.0,673.0,6.0,3.0,256.0,27.0,0.0,56.0,16.0,0.0,22.0,15.0,0.0,13.0,4.0,9.0,25.0,8.0,1.0,25.0,16.0,40.0,5.0,20.0,29.0,5.0,2.0,1699,497,118,1.1183,9.8882,0.2354,0.1766,0.0,0.0,0.6474,0.2354,0.6474,11.7716,0.0,0.1766,39.6115,0.3531,0.1766,15.0677,1.5892,0.0,3.2961,0.9417,0.0,1.2949,0.8829,0.0,0.7652,0.2354,0.5297,1.4715,0.4709,0.0589,1.4715,0.9417,2.3543,0.2943,1.1772,1.7069,0.2943,0.1177,JxP
030106,APURÍMAC,ABANCAY,LAMBRAMA,17.0,263.0,7.0,7.0,0.0,0.0,13.0,6.0,40.0,132.0,0.0,3.0,1062.0,5.0,4.0,348.0,66.0,5.0,64.0,15.0,2.0,66.0,18.0,3.0,14.0,4.0,19.0,15.0,4.0,3.0,32.0,26.0,38.0,13.0,24.0,4.0,2.0,1.0,2345,566,151,0.7249,11.2154,0.2985,0.2985,0.0,0.0,0.5544,0.2559,1.7058,5.629,0.0,0.1279,45.2878,0.2132,0.1706,14.8401,2.8145,0.2132,2.7292,0.6397,0.0853,2.8145,0.7676,0.1279,0.597,0.1706,0.8102,0.6397,0.1706,0.1279,1.3646,1.1087,1.6205,0.5544,1.0235,0.1706,0.0853,0.0426,JxP
030107,APURÍMAC,ABANCAY,PICHIRHUA,29.0,182.0,6.0,7.0,3.0,0.0,11.0,4.0,21.0,255.0,0.0,2.0,1091.0,2.0,7.0,219.0,58.0,8.0,136.0,13.0,2.0,25.0,37.0,2.0,15.0,3.0,26.0,24.0,7.0,0.0,47.0,31.0,29.0,9.0,15.0,3.0,3.0,14.0,2346,431,200,1.2361,7.7579,0.2558,0.2984,0.1279,0.0,0.4689,0.1705,0.8951,10.8696,0.0,0.0853,46.5047,0.0853,0.2984,9.335,2.4723,0.341,5.7971,0.5541,0.0853,1.0656,1.5772,0.0853,0.6394,0.1279,1.1083,1.023,0.2984,0.0,2.0034,1.3214,1.2361,0.3836,0.6394,0.1279,0.1279,0.5968,JxP
030108,APURÍMAC,ABANCAY,SAN PEDRO DE CACHORA,12.0,229.0,11.0,14.0,3.0,0.0,8.0,5.0,15.0,179.0,0.0,3.0,419.0,5.0,9.0,206.0,37.0,1.0,31.0,17.0,1.0,13.0,5.0,0.0,5.0,2.0,20.0,28.0,2.0,0.0,31.0,14.0,30.0,3.0,26.0,3.0,1.0,1.0,1389,304,172,0.8639,16.4867,0.7919,1.0079,0.216,0.0,0.576,0.36,1.0799,12.887,0.0,0.216,30.1656,0.36,0.6479,14.8308,2.6638,0.072,2.2318,1.2239,0.072,0.9359,0.36,0.0,0.36,0.144,1.4399,2.0158,0.144,0.0,2.2318,1.0079,2.1598,0.216,1.8719,0.216,0.072,0.072,JxP
030109,APURÍMAC,ABANCAY,TAMBURCO,46.0,1069.0,35.0,30.0,4.0,0.0,57.0,7.0,75.0,598.0,0.0,13.0,1272.0,10.0,29.0,931.0,369.0,12.0,123.0,26.0,23.0,35.0,95.0,1.0,34.0,13.0,70.0,63.0,9.0,2.0,54.0,142.0,262.0,8.0,180.0,19.0,5.0,6.0,5727,710,340,0.8032,18.666,0.6111,0.5238,0.0698,0.0,0.9953,0.1222,1.3096,10.4418,0.0,0.227,22.2106,0.1746,0.5064,16.2563,6.4432,0.2095,2.1477,0.454,0.4016,0.6111,1.6588,0.0175,0.5937,0.227,1.2223,1.1001,0.1572,0.0349,0.9429,2.4795,4.5748,0.1397,3.143,0.3318,0.0873,0.1048,JxP
030201,APURÍMAC,ANDAHUAYLAS,ANDAHUAYLAS,22.0,291.0,8.0,18.0,0.0,0.0,27.0,1.0,19.0,137.0,0.0,1.0,495.0,10.0,8.0,222.0,93.0,3.0,28.0,10.0,2.0,20.0,15.0,0.0,12.0,3.0,23.0,15.0,1.0,2.0,20.0,44.0,81.0,2.0,44.0,7.0,3.0,4.0,1691,329,92,1.301,17.2088,0.4731,1.0645,0.0,0.0,1.5967,0.0591,1.1236,8.1017,0.0,0.0591,29.2726,0.5914,0.4731,13.1283,5.4997,0.1774,1.6558,0.5914,0.1183,1.1827,0.887,0.0,0.7096,0.1774,1.3601,0.887,0.0591,0.1183,1.1827,2.602,4.7901,0.1183,2.602,0.414,0.1774,0.2365,JxP
030202,APURÍMAC,ANDAHUAYLAS,ANDARAPA,3.0,116.0,1.0,0.0,0.0,0.0,1.0,0.0,5.0,42.0,0.0,0.0,94.0,0.0,0.0,50.0,2.0,0.0,5.0,2.0,1.0,1.0,5.0,0.0,1.0,1.0,2.0,9.0,1.0,0.0,5.0,7.0,12.0,1.0,4.0,0.0,0.0,0.0,371,65,11,0.8086,31.2668,0.2695,0.0,0.0,0.0,0.2695,0.0,1.3477,11.3208,0.0,0.0,25.3369,0.0,0.0,13.4771,0.5391,0.0,1.3477,0.5391,0.2695,0.2695,1.3477,0.0,0.2695,0.2695,0.5391,2.4259,0.2695,0.0,1.3477,1.8868,3.2345,0.2695,1.0782,0.0,0.0,0.0,AN
030203,APURÍMAC,ANDAHUAYLAS,CHIARA,26.0,140.0,5.0,6.0,0.0,0.0,7.0,3.0,10.0,18.0,0.0,0.0,185.0,0.0,1.0,106.0,24.0,2.0,5.0,10.0,0.0,22.0,4.0,0.0,1.0,1.0,3.0,11.0,0.0,0.0,8.0,6.0,16.0,2.0,15.0,1.0,0.0,0.0,638,112,33,4.0752,21.9436,0.7837,0.9404,0.0,0.0,1.0972,0.4702,1.5674,2.8213,0.0,0.0,28.9969,0.0,0.1567,16.6144,3.7618,0.3135,0.7837,1.5674,0.0,3.4483,0.627,0.0,0.1567,0.1567,0.4702,1.7241,0.0,0.0,1.2539,0.9404,2.5078,0.3135,2.3511,0.1567,0.0,0.0,JxP
030204,APURÍMAC,ANDAHUAYLAS,HUANCARAMA,5.0,39.0,3.0,2.0,0.0,0.0,1.0,0.0,13.0,75.0,0.0,1.0,126.0,3.0,0.0,63.0,16.0,2.0,10.0,2.0,0.0,4.0,5.0,0.0,0.0,3.0,11.0,4.0,1.0,0.0,7.0,4.0,25.0,1.0,6.0,0.0,3.0,1.0,436,107,29,1.1468,8.945,0.6881,0.4587,0.0,0.0,0.2294,0.0,2.9817,17.2018,0.0,0.2294,28.8991,0.6881,0.0,14.4495,3.6697,0.4587,2.2936,0.4587,0.0,0.9174,1.1468,0.0,0.0,0.6881,2.5229,0.9174,0.2294,0.0,1.6055,0.9174,5.7339,0.2294,1.3761,0.0,0.6881,0.2294,JxP
030205,APURÍMAC,ANDAHUAYLAS,HUANCARAY,25.0,266.0,11.0,12.0,1.0,0.0,22.0,6.0,23.0,104.0,0.0,1.0,563.0,12.0,1.0,405.0,67.0,4.0,38.0,12.0,0.0,16.0,16.0,1.0,6.0,3.0,20.0,18.0,1.0,1.0,27.0,47.0,25.0,7.0,50.0,4.0,2.0,0.0,1817,386,118,1.3759,14.6395,0.6054,0.6604,0.055,0.0,1.2108,0.3302,1.2658,5.7237,0.0,0.055,30.9851,0.6604,0.055,22.2895,3.6874,0.2201,2.0914,0.6604,0.0,0.8806,0.8806,0.055,0.3302,0.1651,1.1007,0.9906,0.055,0.055,1.486,2.5867,1.3759,0.3853,2.7518,0.2201,0.1101,0.0,JxP
030206,APURÍMAC,ANDAHUAYLAS,HUAYANA,16.0,98.0,16.0,4.0,0.0,0.0,4.0,2.0,13.0,60.0,0.0,2.0,454.0,2.0,2.0,142.0,16.0,0.0,29.0,13.0,0.0,13.0,4.0,0.0,3.0,3.0,31.0,6.0,1.0,0.0,20.0,14.0,17.0,4.0,15.0,0.0,0.0,0.0,1004,298,83,1.5936,9.761,1.5936,0.3984,0.0,0.0,0.3984,0.1992,1.2948,5.9761,0.0,0.1992,45.2191,0.1992,0.1992,14.1434,1.5936,0.0,2.8884,1.2948,0.0,1.2948,0.3984,0.0,0.2988,0.2988,3.0876,0.5976,0.0996,0.0,1.992,1.3944,1.6932,0.3984,1.494,0.0,0.0,0.0,JxP
030207,APURÍMAC,ANDAHUAYLAS,KISHUARA,2.0,62.0,2.0,0.0,1.0,0.0,1.0,2.0,4.0,47.0,0.0,0.0,78.0,1.0,1.0,49.0,8.0,1.0,10.0,2.0,0.0,2.0,5.0,0.0,1.0,1.0,15.0,5.0,1.0,0.0,4.0,7.0,10.0,1.0,6.0,3.0,0.0,0.0,332,69,15,0.6024,18.6747,0.6024,0.0,0.3012,0.0,0.3012,0.6024,1.2048,14.1566,0.0,0.0,23.494,0.3012,0.3012,14.759,2.4096,0.3012,3.012,0.6024,0.0,0.6024,1.506,0.0,0.3012,0.3012,4.5181,1.506,0.3012,0.0,1.2048,2.1084,3.012,0.3012,1.8072,0.9036,0.0,0.0,JxP
030208,APURÍMAC,ANDAHUAYLAS,PACOBAMBA,10.0,54.0,12.0,3.0,1.0,0.0,8.0,1.0,13.0,62.0,0.0,0.0,424.0,1.0,2.0,110.0,15.0,2.0,39.0,8.0,0.0,8.0,2.0,1.0,3.0,0.0,15.0,8.0,0.0,1.0,16.0,6.0,16.0,1.0,10.0,3.0,1.0,1.0,857,274,67,1.1669,6.3011,1.4002,0.3501,0.1167,0.0,0.9335,0.1167,1.5169,7.2345,0.0,0.0,49.4749,0.1167,0.2334,12.8355,1.7503,0.2334,4.5508,0.9335,0.0,0.9335,0.2334,0.1167,0.3501,0.0,1.7503,0.9335,0.0,0.1167,1.867,0.7001,1.867,0.1167,1.1669,0.3501,0.1167,0.1167,JxP
030209,APURÍMAC,ANDAHUAYLAS,PACUCHA,6.0,96.0,4.0,0.0,1.0,0.0,5.0,0.0,12.0,36.0,0.0,0.0,367.0,1.0,1.0,47.0,24.0,3.0,17.0,1.0,2.0,4.0,10.0,0.0,0.0,1.0,5.0,14.0,0.0,1.0,17.0,8.0,14.0,3.0,6.0,4.0,0.0,0.0,710,153,47,0.8451,13.5211,0.5634,0.0,0.1408,0.0,0.7042,0.0,1.6901,5.0704,0.0,0.0,51.6901,0.1408,0.1408,6.6197,3.3803,0.4225,2.3944,0.1408,0.2817,0.5634,1.4085,0.0,0.0,0.1408,0.7042,1.9718,0.0,0.1408,2.3944,1.1268,1.9718,0.4225,0.8451,0.5634,0.0,0.0,JxP
030210,APURÍMAC,ANDAHUAYLAS,PAMPACHIRI,4.0,83.0,4.0,5.0,1.0,0.0,5.0,1.0,11.0,60.0,0.0,1.0,228.0,2.0,1.0,76.0,13.0,3.0,9.0,5.0,2.0,3.0,5.0,0.0,0.0,2.0,5.0,8.0,0.0,0.0,12.0,11.0,12.0,4.0,3.0,1.0,0.0,1.0,581,158,31,0.6885,14.2857,0.6885,0.8606,0.1721,0.0,0.8606,0.1721,1.8933,10.327,0.0,0.1721,39.2427,0.3442,0.1721,13.0809,2.2375,0.5164,1.5491,0.8606,0.3442,0.5164,0.8606,0.0,0.0,0.3442,0.8606,1.3769,0.0,0.0,2.0654,1.8933,2.0654,0.6885,0.5164,0.1721,0.0,0.1721,JxP
030211,APURÍMAC,ANDAHUAYLAS,POMACOCHA,0.0,57.0,4.0,1.0,1.0,0.0,1.0,0.0,3.0,39.0,0.0,0.0,133.0,0.0,0.0,38.0,5.0,0.0,4.0,2.0,0.0,3.0,1.0,0.0,0.0,1.0,1.0,3.0,5.0,2.0,11.0,5.0,15.0,1.0,1.0,0.0,0.0,0.0,337,90,30,0.0,16.9139,1.1869,0.2967,0.2967,0.0,0.2967,0.0,0.8902,11.5727,0.0,0.0,39.4659,0.0,0.0,11.276,1.4837,0.0,1.1869,0.5935,0.0,0.8902,0.2967,0.0,0.0,0.2967,0.2967,0.8902,1.4837,0.5935,3.2641,1.4837,4.451,0.2967,0.2967,0.0,0.0,0.0,JxP
030212,APURÍMAC,ANDAHUAYLAS,SAN ANTONIO DE CACHI,12.0,101.0,13.0,1.0,0.0,0.0,10.0,4.0,6.0,95.0,0.0,1.0,672.0,0.0,2.0,127.0,37.0,0.0,15.0,6.0,3.0,11.0,8.0,0.0,7.0,0.0,8.0,3.0,3.0,2.0,28.0,12.0,24.0,5.0,8.0,3.0,0.0,1.0,1228,292,73,0.9772,8.2248,1.0586,0.0814,0.0,0.0,0.8143,0.3257,0.4886,7.7362,0.0,0.0814,54.7231,0.0,0.1629,10.342,3.013,0.0,1.2215,0.4886,0.2443,0.8958,0.6515,0.0,0.57,0.0,0.6515,0.2443,0.2443,0.1629,2.2801,0.9772,1.9544,0.4072,0.6515,0.2443,0.0,0.0814,JxP
030213,APURÍMAC,ANDAHUAYLAS,SAN JERÓNIMO,21.0,160.0,3.0,1.0,3.0,0.0,3.0,3.0,20.0,145.0,0.0,1.0,601.0,3.0,1.0,189.0,46.0,4.0,50.0,6.0,5.0,13.0,7.0,0.0,8.0,2.0,15.0,8.0,2.0,0.0,25.0,13.0,31.0,9.0,12.0,1.0,1.0,1.0,1413,381,103,1.4862,11.3234,0.2123,0.0708,0.2123,0.0,0.2123,0.2123,1.4154,10.2619,0.0,0.0708,42.5336,0.2123,0.0708,13.3758,3.2555,0.2831,3.5386,0.4246,0.3539,0.92,0.4954,0.0,0.5662,0.1415,1.0616,0.5662,0.1415,0.0,1.7693,0.92,2.1939,0.6369,0.8493,0.0708,0.0708,0.0708,JxP
030214,APURÍMAC,ANDAHUAYLAS,SAN MIGUEL DE CHACCRAMPA,10.0,50.0,9.0,5.0,1.0,0.0,3.0,2.0,12.0,77.0,0.0,1.0,235.0,2.0,3.0,89.0,15.0,3.0,18.0,8.0,0.0,4.0,3.0,0.0,2.0,4.0,5.0,5.0,1.0,0.0,7.0,14.0,25.0,2.0,8.0,2.0,2.0,0.0,627,214,47,1.5949,7.9745,1.4354,0.7974,0.1595,0.0,0.4785,0.319,1.9139,12.2807,0.0,0.1595,37.4801,0.319,0.4785,14.1946,2.3923,0.4785,2.8708,1.2759,0.0,0.638,0.4785,0.0,0.319,0.638,0.7974,0.7974,0.1595,0.0,1.1164,2.2329,3.9872,0.319,1.2759,0.319,0.319,0.0,JxP
030215,APURÍMAC,ANDAHUAYLAS,SANTA MARÍA DE CHICMO,7.0,63.0,1.0,0.0,0.0,0.0,4.0,0.0,5.0,21.0,0.0,0.0,226.0,2.0,6.0,47.0,20.0,2.0,21.0,3.0,0.0,9.0,2.0,0.0,3.0,2.0,5.0,3.0,1.0,1.0,37.0,8.0,18.0,0.0,7.0,0.0,1.0,1.0,526,111,32,1.3308,11.9772,0.1901,0.0,0.0,0.0,0.7605,0.0,0.9506,3.9924,0.0,0.0,42.9658,0.3802,1.1407,8.9354,3.8023,0.3802,3.9924,0.5703,0.0,1.711,0.3802,0.0,0.5703,0.3802,0.9506,0.5703,0.1901,0.1901,7.0342,1.5209,3.4221,0.0,1.3308,0.0,0.1901,0.1901,JxP
030216,APURÍMAC,ANDAHUAYLAS,TALAVERA,8.0,42.0,5.0,0.0,0.0,0.0,0.0,0.0,4.0,73.0,0.0,2.0,149.0,0.0,1.0,65.0,11.0,1.0,10.0,7.0,1.0,3.0,3.0,0.0,6.0,1.0,8.0,4.0,0.0,2.0,7.0,6.0,10.0,2.0,4.0,1.0,1.0,1.0,438,85,38,1.8265,9.589,1.1416,0.0,0.0,0.0,0.0,0.0,0.9132,16.6667,0.0,0.4566,34.0183,0.0,0.2283,14.8402,2.5114,0.2283,2.2831,1.5982,0.2283,0.6849,0.6849,0.0,1.3699,0.2283,1.8265,0.9132,0.0,0.4566,1.5982,1.3699,2.2831,0.4566,0.9132,0.2283,0.2283,0.2283,JxP
030217,APURÍMAC,ANDAHUAYLAS,TUMAY HUARACA,1.0,38.0,1.0,2.0,0.0,0.0,3.0,0.0,5.0,34.0,0.0,0.0,203.0,0.0,0.0,37.0,9.0,0.0,8.0,3.0,0.0,2.0,2.0,1.0,4.0,0.0,3.0,2.0,1.0,0.0,15.0,6.0,7.0,3.0,2.0,0.0,1.0,0.0,393,93,22,0.2545,9.6692,0.2545,0.5089,0.0,0.0,0.7634,0.0,1.2723,8.6514,0.0,0.0,51.6539,0.0,0.0,9.4148,2.2901,0.0,2.0356,0.7634,0.0,0.5089,0.5089,0.2545,1.0178,0.0,0.7634,0.5089,0.2545,0.0,3.8168,1.5267,1.7812,0.7634,0.5089,0.0,0.2545,0.0,JxP
030301,APURÍMAC,ANTABAMBA,ANTABAMBA,147.0,2558.0,52.0,94.0,15.0,0.0,165.0,18.0,324.0,1186.0,0.0,14.0,6089.0,51.0,60.0,3216.0,933.0,25.0,1052.0,69.0,34.0,146.0,327.0,4.0,73.0,38.0,197.0,210.0,5.0,12.0,160.0,345.0,893.0,31.0,481.0,45.0,33.0,23.0,19125,2609,1211,0.7686,13.3752,0.2719,0.4915,0.0784,0.0,0.8627,0.0941,1.6941,6.2013,0.0,0.0732,31.8379,0.2667,0.3137,16.8157,4.8784,0.1307,5.5007,0.3608,0.1778,0.7634,1.7098,0.0209,0.3817,0.1987,1.0301,1.098,0.0261,0.0627,0.8366,1.8039,4.6693,0.1621,2.515,0.2353,0.1725,0.1203,JxP
030302,APURÍMAC,ANTABAMBA,EL ORO,36.0,153.0,6.0,4.0,2.0,0.0,6.0,11.0,13.0,151.0,0.0,8.0,1863.0,16.0,3.0,400.0,39.0,6.0,206.0,19.0,0.0,47.0,15.0,2.0,16.0,8.0,28.0,21.0,5.0,2.0,65.0,14.0,61.0,14.0,28.0,3.0,3.0,2.0,3276,746,202,1.0989,4.6703,0.1832,0.1221,0.0611,0.0,0.1832,0.3358,0.3968,4.6093,0.0,0.2442,56.8681,0.4884,0.0916,12.21,1.1905,0.1832,6.2882,0.58,0.0,1.4347,0.4579,0.0611,0.4884,0.2442,0.8547,0.641,0.1526,0.0611,1.9841,0.4274,1.862,0.4274,0.8547,0.0916,0.0916,0.0611,JxP
030303,APURÍMAC,ANTABAMBA,HUAQUIRCA,5.0,24.0,2.0,0.0,0.0,0.0,4.0,0.0,12.0,37.0,0.0,1.0,371.0,1.0,1.0,53.0,8.0,1.0,54.0,2.0,0.0,3.0,1.0,0.0,1.0,3.0,3.0,7.0,1.0,0.0,23.0,2.0,9.0,3.0,2.0,0.0,0.0,1.0,635,127,41,0.7874,3.7795,0.315,0.0,0.0,0.0,0.6299,0.0,1.8898,5.8268,0.0,0.1575,58.4252,0.1575,0.1575,8.3465,1.2598,0.1575,8.5039,0.315,0.0,0.4724,0.1575,0.0,0.1575,0.4724,0.4724,1.1024,0.1575,0.0,3.622,0.315,1.4173,0.4724,0.315,0.0,0.0,0.1575,JxP
030304,APURÍMAC,ANTABAMBA,JUAN ESPINOZA MEDRANO,28.0,206.0,15.0,4.0,4.0,0.0,5.0,15.0,23.0,134.0,0.0,5.0,1016.0,7.0,8.0,323.0,53.0,4.0,676.0,8.0,5.0,20.0,11.0,1.0,11.0,3.0,27.0,33.0,0.0,1.0,48.0,21.0,44.0,6.0,31.0,4.0,3.0,3.0,2806,717,208,0.9979,7.3414,0.5346,0.1426,0.1426,0.0,0.1782,0.5346,0.8197,4.7755,0.0,0.1782,36.2081,0.2495,0.2851,11.511,1.8888,0.1426,24.0912,0.2851,0.1782,0.7128,0.392,0.0356,0.392,0.1069,0.9622,1.1761,0.0,0.0356,1.7106,0.7484,1.5681,0.2138,1.1048,0.1426,0.1069,0.1069,JxP
030305,APURÍMAC,ANTABAMBA,OROPESA,12.0,140.0,9.0,5.0,0.0,0.0,2.0,6.0,12.0,100.0,0.0,1.0,1089.0,11.0,5.0,271.0,18.0,4.0,55.0,13.0,3.0,34.0,11.0,0.0,7.0,1.0,24.0,28.0,2.0,1.0,49.0,7.0,31.0,8.0,24.0,2.0,2.0,0.0,1987,482,139,0.6039,7.0458,0.4529,0.2516,0.0,0.0,0.1007,0.302,0.6039,5.0327,0.0,0.0503,54.8062,0.5536,0.2516,13.6387,0.9059,0.2013,2.768,0.6543,0.151,1.7111,0.5536,0.0,0.3523,0.0503,1.2079,1.4092,0.1007,0.0503,2.466,0.3523,1.5601,0.4026,1.2079,0.1007,0.1007,0.0,JxP
030306,APURÍMAC,ANTABAMBA,PACHACONAS,24.0,97.0,6.0,5.0,1.0,0.0,10.0,8.0,12.0,89.0,0.0,1.0,1830.0,9.0,2.0,384.0,38.0,5.0,1129.0,13.0,5.0,16.0,7.0,0.0,10.0,7.0,15.0,33.0,1.0,1.0,24.0,11.0,45.0,9.0,29.0,4.0,3.0,1.0,3884,546,256,0.6179,2.4974,0.1545,0.1287,0.0257,0.0,0.2575,0.206,0.309,2.2915,0.0,0.0257,47.1164,0.2317,0.0515,9.8867,0.9784,0.1287,29.068,0.3347,0.1287,0.4119,0.1802,0.0,0.2575,0.1802,0.3862,0.8496,0.0257,0.0257,0.6179,0.2832,1.1586,0.2317,0.7467,0.103,0.0772,0.0257,JxP
030307,APURÍMAC,ANTABAMBA,SABAINO,21.0,142.0,10.0,5.0,1.0,0.0,4.0,5.0,13.0,103.0,0.0,5.0,902.0,5.0,2.0,251.0,27.0,5.0,627.0,20.0,13.0,13.0,9.0,0.0,9.0,7.0,21.0,27.0,1.0,1.0,26.0,19.0,21.0,13.0,26.0,2.0,3.0,4.0,2363,486,94,0.8887,6.0093,0.4232,0.2116,0.0423,0.0,0.1693,0.2116,0.5501,4.3589,0.0,0.2116,38.1718,0.2116,0.0846,10.6221,1.1426,0.2116,26.5341,0.8464,0.5501,0.5501,0.3809,0.0,0.3809,0.2962,0.8887,1.1426,0.0423,0.0423,1.1003,0.8041,0.8887,0.5501,1.1003,0.0846,0.127,0.1693,JxP
030308,Apurímac,Antabamba,,4.0,54.0,10.0,1.0,0.0,0.0,4.0,3.0,13.0,86.0,0.0,0.0,353.0,2.0,1.0,106.0,26.0,2.0,49.0,9.0,1.0,13.0,6.0,0.0,1.0,4.0,10.0,27.0,3.0,0.0,45.0,11.0,30.0,6.0,11.0,0.0,4.0,1.0,896,342,75,0.4464,6.0268,1.1161,0.1116,0.0,0.0,0.4464,0.3348,1.4509,9.5982,0.0,0.0,39.3973,0.2232,0.1116,11.8304,2.9018,0.2232,5.4688,1.0045,0.1116,1.4509,0.6696,0.0,0.1116,0.4464,1.1161,3.0134,0.3348,0.0,5.0223,1.2277,3.3482,0.6696,1.2277,0.0,0.4464,0.1116,JxP
030309,Apurímac,Antabamba,,9.0,109.0,3.0,10.0,0.0,0.0,3.0,4.0,7.0,79.0,0.0,1.0,731.0,9.0,2.0,120.0,7.0,3.0,55.0,7.0,1.0,6.0,2.0,0.0,7.0,4.0,11.0,9.0,1.0,0.0,41.0,9.0,16.0,7.0,9.0,5.0,0.0,1.0,1288,370,88,0.6988,8.4627,0.2329,0.7764,0.0,0.0,0.2329,0.3106,0.5435,6.1335,0.0,0.0776,56.7547,0.6988,0.1553,9.3168,0.5435,0.2329,4.2702,0.5435,0.0776,0.4658,0.1553,0.0,0.5435,0.3106,0.854,0.6988,0.0776,0.0,3.1832,0.6988,1.2422,0.5435,0.6988,0.3882,0.0,0.0776,JxP
030310,Apurímac,Antabamba,,81.0,1264.0,27.0,30.0,2.0,0.0,49.0,8.0,104.0,486.0,0.0,21.0,5004.0,22.0,46.0,1890.0,393.0,28.0,552.0,27.0,11.0,69.0,127.0,1.0,25.0,17.0,103.0,123.0,4.0,3.0,84.0,129.0,351.0,24.0,196.0,17.0,8.0,12.0,11338,1663,741,0.7144,11.1484,0.2381,0.2646,0.0176,0.0,0.4322,0.0706,0.9173,4.2865,0.0,0.1852,44.1348,0.194,0.4057,16.6696,3.4662,0.247,4.8686,0.2381,0.097,0.6086,1.1201,0.0088,0.2205,0.1499,0.9084,1.0848,0.0353,0.0265,0.7409,1.1378,3.0958,0.2117,1.7287,0.1499,0.0706,0.1058,JxP
030311,Apurímac,Antabamba,,72.0,1287.0,36.0,28.0,10.0,0.0,49.0,11.0,122.0,781.0,0.0,10.0,3489.0,27.0,36.0,1335.0,386.0,19.0,448.0,37.0,16.0,53.0,109.0,2.0,33.0,45.0,116.0,93.0,6.0,5.0,165.0,185.0,492.0,22.0,169.0,24.0,25.0,11.0,9754,1752,763,0.7382,13.1946,0.3691,0.2871,0.1025,0.0,0.5024,0.1128,1.2508,8.007,0.0,0.1025,35.7699,0.2768,0.3691,13.6867,3.9574,0.1948,4.593,0.3793,0.164,0.5434,1.1175,0.0205,0.3383,0.4613,1.1893,0.9535,0.0615,0.0513,1.6916,1.8967,5.0441,0.2255,1.7326,0.2461,0.2563,0.1128,JxP
030312,Apurímac,Antabamba,,26.0,161.0,4.0,2.0,2.0,0.0,5.0,6.0,31.0,100.0,0.0,1.0,1097.0,4.0,4.0,264.0,29.0,2.0,142.0,8.0,2.0,25.0,10.0,1.0,7.0,8.0,32.0,35.0,3.0,0.0,43.0,10.0,18.0,7.0,21.0,3.0,1.0,2.0,2116,462,144,1.2287,7.6087,0.189,0.0945,0.0945,0.0,0.2363,0.2836,1.465,4.7259,0.0,0.0473,51.8431,0.189,0.189,12.4764,1.3705,0.0945,6.7108,0.3781,0.0945,1.1815,0.4726,0.0473,0.3308,0.3781,1.5123,1.6541,0.1418,0.0,2.0321,0.4726,0.8507,0.3308,0.9924,0.1418,0.0473,0.0945,JxP
030313,Apurímac,Antabamba,,35.0,376.0,19.0,5.0,34.0,0.0,19.0,11.0,32.0,172.0,0.0,17.0,2552.0,8.0,3.0,678.0,69.0,10.0,189.0,22.0,6.0,43.0,22.0,2.0,12.0,8.0,59.0,51.0,4.0,2.0,65.0,29.0,64.0,18.0,45.0,4.0,2.0,6.0,4693,959,469,0.7458,8.0119,0.4049,0.1065,0.7245,0.0,0.4049,0.2344,0.6819,3.665,0.0,0.3622,54.3789,0.1705,0.0639,14.447,1.4703,0.2131,4.0273,0.4688,0.1278,0.9163,0.4688,0.0426,0.2557,0.1705,1.2572,1.0867,0.0852,0.0426,1.385,0.6179,1.3637,0.3835,0.9589,0.0852,0.0426,0.1278,JxP
030314,Apurímac,Antabamba,,2.0,64.0,6.0,2.0,0.0,0.0,5.0,0.0,2.0,38.0,0.0,1.0,219.0,0.0,0.0,52.0,6.0,0.0,3.0,4.0,0.0,6.0,2.0,0.0,1.0,0.0,3.0,10.0,2.0,1.0,8.0,6.0,4.0,1.0,2.0,0.0,1.0,0.0,451,97,16,0.4435,14.1907,1.3304,0.4435,0.0,0.0,1.1086,0.0,0.4435,8.4257,0.0,0.2217,48.5588,0.0,0.0,11.5299,1.3304,0.0,0.6652,0.8869,0.0,1.3304,0.4435,0.0,0.2217,0.0,0.6652,2.2173,0.4435,0.2217,1.7738,1.3304,0.8869,0.2217,0.4435,0.0,0.2217,0.0,JxP
030315,Apurímac,Antabamba,,30.0,213.0,16.0,11.0,1.0,0.0,46.0,7.0,39.0,309.0,0.0,6.0,2627.0,8.0,8.0,499.0,38.0,2.0,151.0,24.0,6.0,40.0,19.0,0.0,10.0,8.0,34.0,18.0,3.0,5.0,80.0,25.0,73.0,17.0,33.0,6.0,1.0,0.0,4413,857,381,0.6798,4.8266,0.3626,0.2493,0.0227,0.0,1.0424,0.1586,0.8838,7.002,0.0,0.136,59.5287,0.1813,0.1813,11.3075,0.8611,0.0453,3.4217,0.5438,0.136,0.9064,0.4305,0.0,0.2266,0.1813,0.7705,0.4079,0.068,0.1133,1.8128,0.5665,1.6542,0.3852,0.7478,0.136,0.0227,0.0,JxP
030316,Apurímac,Antabamba,,17.0,41.0,5.0,2.0,1.0,0.0,4.0,1.0,3.0,44.0,0.0,1.0,328.0,1.0,0.0,107.0,9.0,1.0,50.0,5.0,0.0,1.0,2.0,0.0,2.0,3.0,4.0,8.0,1.0,0.0,24.0,7.0,6.0,7.0,11.0,3.0,1.0,0.0,700,204,67,2.4286,5.8571,0.7143,0.2857,0.1429,0.0,0.5714,0.1429,0.4286,6.2857,0.0,0.1429,46.8571,0.1429,0.0,15.2857,1.2857,0.1429,7.1429,0.7143,0.0,0.1429,0.2857,0.0,0.2857,0.4286,0.5714,1.1429,0.1429,0.0,3.4286,1.0,0.8571,1.0,1.5714,0.4286,0.1429,0.0,JxP
030317,Apurímac,Antabamba,,4.0,35.0,4.0,1.0,1.0,0.0,2.0,0.0,3.0,19.0,0.0,0.0,164.0,0.0,1.0,61.0,6.0,2.0,19.0,0.0,0.0,1.0,1.0,0.0,0.0,2.0,3.0,2.0,1.0,0.0,20.0,4.0,4.0,0.0,4.0,1.0,0.0,0.0,365,78,19,1.0959,9.589,1.0959,0.274,0.274,0.0,0.5479,0.0,0.8219,5.2055,0.0,0.0,44.9315,0.0,0.274,16.7123,1.6438,0.5479,5.2055,0.0,0.0,0.274,0.274,0.0,0.0,0.5479,0.8219,0.5479,0.274,0.0,5.4795,1.0959,1.0959,0.0,1.0959,0.274,0.0,0.0,JxP
030318,Apurímac,Antabamba,,14.0,68.0,2.0,0.0,1.0,0.0,5.0,0.0,6.0,37.0,0.0,3.0,445.0,4.0,2.0,88.0,4.0,3.0,34.0,7.0,2.0,10.0,0.0,0.0,10.0,3.0,4.0,5.0,0.0,0.0,10.0,5.0,11.0,2.0,2.0,5.0,0.0,0.0,792,249,85,1.7677,8.5859,0.2525,0.0,0.1263,0.0,0.6313,0.0,0.7576,4.6717,0.0,0.3788,56.1869,0.5051,0.2525,11.1111,0.5051,0.3788,4.2929,0.8838,0.2525,1.2626,0.0,0.0,1.2626,0.3788,0.5051,0.6313,0.0,0.0,1.2626,0.6313,1.3889,0.2525,0.2525,0.6313,0.0,0.0,JxP
030319,Apurímac,Antabamba,,21.0,83.0,1.0,0.0,2.0,0.0,3.0,1.0,10.0,29.0,0.0,0.0,650.0,1.0,0.0,151.0,23.0,2.0,72.0,2.0,1.0,10.0,2.0,0.0,3.0,5.0,10.0,8.0,0.0,0.0,15.0,4.0,16.0,2.0,17.0,1.0,0.0,1.0,1146,281,82,1.8325,7.2426,0.0873,0.0,0.1745,0.0,0.2618,0.0873,0.8726,2.5305,0.0,0.0,56.719,0.0873,0.0,13.1763,2.007,0.1745,6.2827,0.1745,0.0873,0.8726,0.1745,0.0,0.2618,0.4363,0.8726,0.6981,0.0,0.0,1.3089,0.349,1.3962,0.1745,1.4834,0.0873,0.0,0.0873,JxP
030320,Apurímac,Antabamba,,13.0,104.0,6.0,1.0,0.0,0.0,12.0,4.0,19.0,51.0,0.0,1.0,1840.0,5.0,1.0,326.0,21.0,7.0,96.0,5.0,1.0,40.0,12.0,0.0,7.0,1.0,24.0,25.0,0.0,1.0,19.0,8.0,13.0,7.0,19.0,1.0,0.0,1.0,2691,513,190,0.4831,3.8647,0.223,0.0372,0.0,0.0,0.4459,0.1486,0.7061,1.8952,0.0,0.0372,68.3761,0.1858,0.0372,12.1145,0.7804,0.2601,3.5674,0.1858,0.0372,1.4864,0.4459,0.0,0.2601,0.0372,0.8919,0.929,0.0,0.0372,0.7061,0.2973,0.4831,0.2601,0.7061,0.0372,0.0,0.0372,JxP
030401,APURÍMAC,AYMARAES,CHALHUANCA,20.0,116.0,5.0,4.0,0.0,0.0,9.0,3.0,6.0,32.0,0.0,0.0,560.0,2.0,1.0,185.0,34.0,2.0,11.0,5.0,0.0,9.0,12.0,1.0,4.0,2.0,9.0,8.0,1.0,0.0,36.0,7.0,40.0,4.0,19.0,3.0,1.0,1.0,1152,275,81,1.7361,10.0694,0.434,0.3472,0.0,0.0,0.7812,0.2604,0.5208,2.7778,0.0,0.0,48.6111,0.1736,0.0868,16.059,2.9514,0.1736,0.9549,0.434,0.0,0.7812,1.0417,0.0868,0.3472,0.1736,0.7812,0.6944,0.0868,0.0,3.125,0.6076,3.4722,0.3472,1.6493,0.2604,0.0868,0.0868,JxP
030402,APURÍMAC,AYMARAES,CAPAYA,2.0,47.0,1.0,0.0,0.0,0.0,2.0,1.0,2.0,10.0,0.0,1.0,184.0,0.0,0.0,21.0,3.0,1.0,16.0,2.0,1.0,3.0,3.0,0.0,1.0,1.0,4.0,3.0,0.0,0.0,6.0,4.0,3.0,0.0,6.0,0.0,0.0,0.0,328,70,8,0.6098,14.3293,0.3049,0.0,0.0,0.0,0.6098,0.3049,0.6098,3.0488,0.0,0.3049,56.0976,0.0,0.0,6.4024,0.9146,0.3049,4.878,0.6098,0.3049,0.9146,0.9146,0.0,0.3049,0.3049,1.2195,0.9146,0.0,0.0,1.8293,1.2195,0.9146,0.0,1.8293,0.0,0.0,0.0,JxP
030403,APURÍMAC,AYMARAES,CARAYBAMBA,4.0,40.0,4.0,0.0,0.0,0.0,3.0,2.0,4.0,32.0,0.0,0.0,429.0,1.0,0.0,71.0,12.0,0.0,2.0,0.0,0.0,1.0,3.0,2.0,3.0,0.0,5.0,1.0,0.0,0.0,23.0,8.0,6.0,2.0,7.0,4.0,0.0,0.0,669,176,48,0.5979,5.9791,0.5979,0.0,0.0,0.0,0.4484,0.299,0.5979,4.7833,0.0,0.0,64.1256,0.1495,0.0,10.6129,1.7937,0.0,0.299,0.0,0.0,0.1495,0.4484,0.299,0.4484,0.0,0.7474,0.1495,0.0,0.0,3.438,1.1958,0.8969,0.299,1.0463,0.5979,0.0,0.0,JxP
030404,APURÍMAC,AYMARAES,CHAPIMARCA,21.0,168.0,8.0,2.0,0.0,0.0,22.0,1.0,9.0,70.0,0.0,0.0,300.0,3.0,1.0,126.0,22.0,1.0,14.0,8.0,2.0,5.0,16.0,0.0,8.0,2.0,7.0,7.0,0.0,2.0,15.0,17.0,23.0,2.0,12.0,17.0,1.0,0.0,912,229,59,2.3026,18.4211,0.8772,0.2193,0.0,0.0,2.4123,0.1096,0.9868,7.6754,0.0,0.0,32.8947,0.3289,0.1096,13.8158,2.4123,0.1096,1.5351,0.8772,0.2193,0.5482,1.7544,0.0,0.8772,0.2193,0.7675,0.7675,0.0,0.2193,1.6447,1.864,2.5219,0.2193,1.3158,1.864,0.1096,0.0,JxP
030405,APURÍMAC,AYMARAES,COLCABAMBA,17.0,45.0,1.0,2.0,1.0,0.0,6.0,1.0,30.0,56.0,0.0,0.0,448.0,2.0,3.0,187.0,18.0,0.0,15.0,5.0,0.0,13.0,8.0,0.0,4.0,0.0,8.0,6.0,1.0,3.0,10.0,12.0,16.0,2.0,18.0,0.0,1.0,2.0,941,226,68,1.8066,4.7821,0.1063,0.2125,0.1063,0.0,0.6376,0.1063,3.1881,5.9511,0.0,0.0,47.6089,0.2125,0.3188,19.8725,1.9129,0.0,1.594,0.5313,0.0,1.3815,0.8502,0.0,0.4251,0.0,0.8502,0.6376,0.1063,0.3188,1.0627,1.2752,1.7003,0.2125,1.9129,0.0,0.1063,0.2125,JxP
030406,APURÍMAC,AYMARAES,COTARUSE,10.0,34.0,9.0,2.0,0.0,0.0,7.0,1.0,9.0,29.0,0.0,1.0,241.0,2.0,1.0,83.0,9.0,2.0,11.0,5.0,0.0,4.0,13.0,0.0,1.0,0.0,4.0,4.0,0.0,0.0,17.0,6.0,17.0,2.0,4.0,1.0,0.0,0.0,529,182,90,1.8904,6.4272,1.7013,0.3781,0.0,0.0,1.3233,0.189,1.7013,5.482,0.0,0.189,45.5577,0.3781,0.189,15.69,1.7013,0.3781,2.0794,0.9452,0.0,0.7561,2.4575,0.0,0.189,0.0,0.7561,0.7561,0.0,0.0,3.2136,1.1342,3.2136,0.3781,0.7561,0.189,0.0,0.0,JxP
030407,APURÍMAC,AYMARAES,HUAYLLO,3.0,28.0,3.0,10.0,0.0,0.0,7.0,1.0,8.0,37.0,0.0,0.0,368.0,2.0,0.0,82.0,10.0,0.0,4.0,5.0,0.0,7.0,6.0,0.0,4.0,0.0,5.0,2.0,0.0,0.0,15.0,3.0,16.0,0.0,6.0,0.0,2.0,1.0,635,175,43,0.4724,4.4094,0.4724,1.5748,0.0,0.0,1.1024,0.1575,1.2598,5.8268,0.0,0.0,57.9528,0.315,0.0,12.9134,1.5748,0.0,0.6299,0.7874,0.0,1.1024,0.9449,0.0,0.6299,0.0,0.7874,0.315,0.0,0.0,2.3622,0.4724,2.5197,0.0,0.9449,0.0,0.315,0.1575,JxP
030501,APURÍMAC,COTABAMBAS,TAMBOBAMBA,55.0,298.0,11.0,4.0,7.0,0.0,28.0,7.0,60.0,186.0,0.0,1.0,1969.0,54.0,4.0,710.0,105.0,8.0,30.0,28.0,10.0,231.0,24.0,2.0,27.0,6.0,50.0,32.0,3.0,6.0,41.0,27.0,63.0,50.0,42.0,5.0,5.0,0.0,4189,1595,578,1.313,7.1139,0.2626,0.0955,0.1671,0.0,0.6684,0.1671,1.4323,4.4402,0.0,0.0239,47.0041,1.2891,0.0955,16.9492,2.5066,0.191,0.7162,0.6684,0.2387,5.5144,0.5729,0.0477,0.6445,0.1432,1.1936,0.7639,0.0716,0.1432,0.9788,0.6445,1.5039,1.1936,1.0026,0.1194,0.1194,0.0,JxP
030502,APURÍMAC,COTABAMBAS,COTABAMBAS,34.0,150.0,30.0,4.0,5.0,0.0,17.0,5.0,22.0,130.0,0.0,3.0,1724.0,25.0,10.0,256.0,60.0,2.0,31.0,22.0,3.0,42.0,9.0,0.0,73.0,7.0,47.0,12.0,5.0,4.0,58.0,26.0,31.0,26.0,21.0,1.0,2.0,1.0,2898,871,297,1.1732,5.176,1.0352,0.138,0.1725,0.0,0.5866,0.1725,0.7591,4.4859,0.0,0.1035,59.4893,0.8627,0.3451,8.8337,2.0704,0.069,1.0697,0.7591,0.1035,1.4493,0.3106,0.0,2.519,0.2415,1.6218,0.4141,0.1725,0.138,2.0014,0.8972,1.0697,0.8972,0.7246,0.0345,0.069,0.0345,JxP
030503,APURÍMAC,COTABAMBAS,COYLLURQUI,43.0,151.0,9.0,4.0,0.0,0.0,12.0,4.0,92.0,124.0,0.0,0.0,702.0,25.0,5.0,264.0,67.0,4.0,10.0,9.0,5.0,28.0,18.0,0.0,7.0,4.0,23.0,37.0,0.0,1.0,39.0,13.0,39.0,7.0,16.0,4.0,0.0,0.0,1766,582,139,2.4349,8.5504,0.5096,0.2265,0.0,0.0,0.6795,0.2265,5.2095,7.0215,0.0,0.0,39.7508,1.4156,0.2831,14.949,3.7939,0.2265,0.5663,0.5096,0.2831,1.5855,1.0193,0.0,0.3964,0.2265,1.3024,2.0951,0.0,0.0566,2.2084,0.7361,2.2084,0.3964,0.906,0.2265,0.0,0.0,JxP
030504,APURÍMAC,COTABAMBAS,HAQUIRA,83.0,141.0,16.0,5.0,2.0,0.0,18.0,10.0,48.0,76.0,0.0,1.0,2035.0,308.0,4.0,575.0,94.0,4.0,63.0,27.0,1.0,29.0,23.0,3.0,22.0,4.0,35.0,7.0,0.0,3.0,35.0,21.0,32.0,15.0,29.0,4.0,2.0,1.0,3776,858,405,2.1981,3.7341,0.4237,0.1324,0.053,0.0,0.4767,0.2648,1.2712,2.0127,0.0,0.0265,53.893,8.1568,0.1059,15.2278,2.4894,0.1059,1.6684,0.715,0.0265,0.768,0.6091,0.0794,0.5826,0.1059,0.9269,0.1854,0.0,0.0794,0.9269,0.5561,0.8475,0.3972,0.768,0.1059,0.053,0.0265,JxP
030505,APURÍMAC,COTABAMBAS,MARA,36.0,126.0,1.0,2.0,2.0,0.0,23.0,11.0,29.0,175.0,0.0,5.0,1293.0,22.0,0.0,417.0,46.0,4.0,20.0,13.0,0.0,39.0,15.0,0.0,18.0,8.0,22.0,14.0,0.0,1.0,53.0,15.0,27.0,10.0,18.0,1.0,4.0,0.0,2470,711,239,1.4575,5.1012,0.0405,0.081,0.081,0.0,0.9312,0.4453,1.1741,7.085,0.0,0.2024,52.3482,0.8907,0.0,16.8826,1.8623,0.1619,0.8097,0.5263,0.0,1.5789,0.6073,0.0,0.7287,0.3239,0.8907,0.5668,0.0,0.0405,2.1457,0.6073,1.0931,0.4049,0.7287,0.0405,0.1619,0.0,JxP
030506,APURÍMAC,COTABAMBAS,CHALLHUAHUACHO,72.0,298.0,13.0,9.0,6.0,0.0,50.0,15.0,105.0,261.0,0.0,3.0,2617.0,65.0,14.0,1326.0,172.0,10.0,82.0,29.0,8.0,81.0,54.0,0.0,28.0,11.0,69.0,23.0,1.0,3.0,71.0,93.0,91.0,17.0,84.0,10.0,6.0,2.0,5799,1775,428,1.2416,5.1388,0.2242,0.1552,0.1035,0.0,0.8622,0.2587,1.8107,4.5008,0.0,0.0517,45.1285,1.1209,0.2414,22.866,2.966,0.1724,1.414,0.5001,0.138,1.3968,0.9312,0.0,0.4828,0.1897,1.1899,0.3966,0.0172,0.0517,1.2243,1.6037,1.5692,0.2932,1.4485,0.1724,0.1035,0.0345,JxP
030601,APURÍMAC,CHINCHEROS,CHINCHEROS,32.0,226.0,37.0,5.0,1.0,0.0,14.0,1.0,17.0,58.0,0.0,1.0,1099.0,2.0,3.0,240.0,84.0,3.0,13.0,12.0,4.0,19.0,29.0,2.0,11.0,4.0,19.0,14.0,0.0,3.0,33.0,18.0,22.0,11.0,38.0,8.0,0.0,5.0,2088,487,133,1.5326,10.8238,1.772,0.2395,0.0479,0.0,0.6705,0.0479,0.8142,2.7778,0.0,0.0479,52.6341,0.0958,0.1437,11.4943,4.023,0.1437,0.6226,0.5747,0.1916,0.91,1.3889,0.0958,0.5268,0.1916,0.91,0.6705,0.0,0.1437,1.5805,0.8621,1.0536,0.5268,1.8199,0.3831,0.0,0.2395,JxP
030602,APURÍMAC,CHINCHEROS,ANCO-HUALLO,27.0,78.0,6.0,3.0,0.0,0.0,4.0,2.0,8.0,58.0,0.0,2.0,625.0,8.0,4.0,72.0,8.0,0.0,7.0,15.0,0.0,15.0,6.0,0.0,3.0,1.0,9.0,14.0,1.0,1.0,23.0,17.0,16.0,9.0,11.0,3.0,4.0,0.0,1060,238,91,2.5472,7.3585,0.566,0.283,0.0,0.0,0.3774,0.1887,0.7547,5.4717,0.0,0.1887,58.9623,0.7547,0.3774,6.7925,0.7547,0.0,0.6604,1.4151,0.0,1.4151,0.566,0.0,0.283,0.0943,0.8491,1.3208,0.0943,0.0943,2.1698,1.6038,1.5094,0.8491,1.0377,0.283,0.3774,0.0,JxP
030603,APURÍMAC,CHINCHEROS,COCHARCAS,5.0,30.0,3.0,0.0,1.0,0.0,3.0,1.0,5.0,18.0,0.0,0.0,318.0,5.0,1.0,33.0,18.0,1.0,6.0,4.0,0.0,2.0,2.0,0.0,4.0,0.0,4.0,6.0,1.0,0.0,17.0,5.0,0.0,2.0,2.0,2.0,1.0,0.0,500,186,39,1.0,6.0,0.6,0.0,0.2,0.0,0.6,0.2,1.0,3.6,0.0,0.0,63.6,1.0,0.2,6.6,3.6,0.2,1.2,0.8,0.0,0.4,0.4,0.0,0.8,0.0,0.8,1.2,0.2,0.0,3.4,1.0,0.0,0.4,0.4,0.4,0.2,0.0,JxP
030604,APURÍMAC,CHINCHEROS,HUACCANA,3.0,40.0,3.0,0.0,0.0,0.0,1.0,1.0,2.0,21.0,0.0,3.0,145.0,1.0,0.0,41.0,13.0,0.0,2.0,4.0,2.0,2.0,0.0,0.0,1.0,1.0,0.0,4.0,1.0,0.0,10.0,2.0,6.0,0.0,2.0,0.0,0.0,0.0,311,81,21,0.9646,12.8617,0.9646,0.0,0.0,0.0,0.3215,0.3215,0.6431,6.7524,0.0,0.9646,46.6238,0.3215,0.0,13.1833,4.1801,0.0,0.6431,1.2862,0.6431,0.6431,0.0,0.0,0.3215,0.3215,0.0,1.2862,0.3215,0.0,3.2154,0.6431,1.9293,0.0,0.6431,0.0,0.0,0.0,JxP
030605,APURÍMAC,CHINCHEROS,OCOBAMBA,14.0,70.0,7.0,1.0,1.0,0.0,13.0,5.0,12.0,65.0,0.0,1.0,525.0,10.0,2.0,95.0,17.0,4.0,17.0,25.0,1.0,12.0,3.0,0.0,5.0,2.0,22.0,8.0,4.0,0.0,44.0,11.0,16.0,7.0,8.0,6.0,0.0,1.0,1034,426,89,1.354,6.7698,0.677,0.0967,0.0967,0.0,1.2573,0.4836,1.1605,6.2863,0.0,0.0967,50.7737,0.9671,0.1934,9.1876,1.6441,0.3868,1.6441,2.4178,0.0967,1.1605,0.2901,0.0,0.4836,0.1934,2.1277,0.7737,0.3868,0.0,4.2553,1.0638,1.5474,0.677,0.7737,0.5803,0.0,0.0967,JxP
030606,APURÍMAC,CHINCHEROS,ONGOY,2.0,32.0,2.0,4.0,0.0,0.0,2.0,1.0,4.0,9.0,0.0,0.0,292.0,0.0,0.0,42.0,13.0,3.0,3.0,0.0,0.0,0.0,0.0,0.0,2.0,0.0,3.0,3.0,0.0,0.0,6.0,1.0,6.0,0.0,11.0,0.0,0.0,0.0,441,71,41,0.4535,7.2562,0.4535,0.907,0.0,0.0,0.4535,0.2268,0.907,2.0408,0.0,0.0,66.2132,0.0,0.0,9.5238,2.9478,0.6803,0.6803,0.0,0.0,0.0,0.0,0.0,0.4535,0.0,0.6803,0.6803,0.0,0.0,1.3605,0.2268,1.3605,0.0,2.4943,0.0,0.0,0.0,JxP
030607,APURÍMAC,CHINCHEROS,URANMARCA,10.0,90.0,7.0,3.0,1.0,0.0,9.0,5.0,13.0,64.0,0.0,1.0,980.0,3.0,0.0,112.0,38.0,1.0,10.0,3.0,0.0,7.0,7.0,0.0,3.0,1.0,6.0,8.0,1.0,0.0,24.0,10.0,7.0,5.0,6.0,2.0,0.0,0.0,1437,401,125,0.6959,6.263,0.4871,0.2088,0.0696,0.0,0.6263,0.3479,0.9047,4.4537,0.0,0.0696,68.1976,0.2088,0.0,7.794,2.6444,0.0696,0.6959,0.2088,0.0,0.4871,0.4871,0.0,0.2088,0.0696,0.4175,0.5567,0.0696,0.0,1.6701,0.6959,0.4871,0.3479,0.4175,0.1392,0.0,0.0,JxP
030608,APURÍMAC,CHINCHEROS,RANRACANCHA,5.0,26.0,3.0,0.0,0.0,0.0,0.0,2.0,4.0,11.0,0.0,1.0,273.0,1.0,1.0,61.0,3.0,1.0,10.0,1.0,0.0,10.0,2.0,2.0,1.0,5.0,2.0,3.0,0.0,0.0,3.0,1.0,6.0,6.0,4.0,0.0,0.0,0.0,448,77,37,1.1161,5.8036,0.6696,0.0,0.0,0.0,0.0,0.4464,0.8929,2.4554,0.0,0.2232,60.9375,0.2232,0.2232,13.6161,0.6696,0.2232,2.2321,0.2232,0.0,2.2321,0.4464,0.4464,0.2232,1.1161,0.4464,0.6696,0.0,0.0,0.6696,0.2232,1.3393,1.3393,0.8929,0.0,0.0,0.0,JxP
030609,APURÍMAC,CHINCHEROS,ROCCHACC,1.0,21.0,0.0,0.0,0.0,0.0,2.0,0.0,1.0,17.0,0.0,0.0,116.0,0.0,1.0,9.0,6.0,0.0,2.0,2.0,0.0,2.0,0.0,0.0,0.0,1.0,0.0,0.0,0.0,0.0,3.0,2.0,2.0,0.0,1.0,0.0,0.0,0.0,189,17,4,0.5291,11.1111,0.0,0.0,0.0,0.0,1.0582,0.0,0.5291,8.9947,0.0,0.0,61.3757,0.0,0.5291,4.7619,3.1746,0.0,1.0582,1.0582,0.0,1.0582,0.0,0.0,0.0,0.5291,0.0,0.0,0.0,0.0,1.5873,1.0582,1.0582,0.0,0.5291,0.0,0.0,0.0,JxP
030610,APURÍMAC,CHINCHEROS,EL PORVENIR,5.0,18.0,0.0,0.0,0.0,0.0,6.0,0.0,3.0,10.0,0.0,1.0,177.0,1.0,1.0,24.0,10.0,0.0,1.0,0.0,0.0,1.0,0.0,0.0,2.0,0.0,1.0,2.0,0.0,0.0,5.0,3.0,1.0,1.0,4.0,0.0,0.0,0.0,277,57,14,1.8051,6.4982,0.0,0.0,0.0,0.0,2.1661,0.0,1.083,3.6101,0.0,0.361,63.8989,0.361,0.361,8.6643,3.6101,0.0,0.361,0.0,0.0,0.361,0.0,0.0,0.722,0.0,0.361,0.722,0.0,0.0,1.8051,1.083,0.361,0.361,1.444,0.0,0.0,0.0,JxP
030611,APURÍMAC,CHINCHEROS,LOS CHANKAS,7.0,107.0,2.0,1.0,0.0,0.0,2.0,5.0,5.0,58.0,0.0,2.0,258.0,1.0,1.0,53.0,20.0,1.0,9.0,1.0,0.0,6.0,4.0,0.0,2.0,5.0,5.0,4.0,0.0,0.0,17.0,5.0,13.0,1.0,6.0,1.0,0.0,0.0,602,75,43,1.1628,17.7741,0.3322,0.1661,0.0,0.0,0.3322,0.8306,0.8306,9.6346,0.0,0.3322,42.8571,0.1661,0.1661,8.804,3.3223,0.1661,1.495,0.1661,0.0,0.9967,0.6645,0.0,0.3322,0.8306,0.8306,0.6645,0.0,0.0,2.8239,0.8306,2.1595,0.1661,0.9967,0.1661,0.0,0.0,JxP
030612,APURÍMAC,CHINCHEROS,AHUAYRO,3.0,28.0,0.0,0.0,0.0,0.0,2.0,1.0,2.0,22.0,0.0,0.0,243.0,1.0,2.0,39.0,4.0,1.0,4.0,2.0,0.0,4.0,2.0,0.0,1.0,1.0,3.0,1.0,0.0,0.0,7.0,5.0,2.0,3.0,6.0,0.0,0.0,0.0,389,41,28,0.7712,7.1979,0.0,0.0,0.0,0.0,0.5141,0.2571,0.5141,5.6555,0.0,0.0,62.4679,0.2571,0.5141,10.0257,1.0283,0.2571,1.0283,0.5141,0.0,1.0283,0.5141,0.0,0.2571,0.2571,0.7712,0.2571,0.0,0.0,1.7995,1.2853,0.5141,0.7712,1.5424,0.0,0.0,0.0,JxP
030613,Apurímac,Chincheros,,2.0,20.0,0.0,0.0,0.0,0.0,2.0,0.0,1.0,11.0,0.0,0.0,222.0,0.0,0.0,13.0,7.0,0.0,5.0,2.0,0.0,3.0,0.0,0.0,1.0,2.0,4.0,0.0,0.0,1.0,9.0,1.0,1.0,0.0,1.0,0.0,1.0,0.0,309,57,19,0.6472,6.4725,0.0,0.0,0.0,0.0,0.6472,0.0,0.3236,3.5599,0.0,0.0,71.8447,0.0,0.0,4.2071,2.2654,0.0,1.6181,0.6472,0.0,0.9709,0.0,0.0,0.3236,0.6472,1.2945,0.0,0.0,0.3236,2.9126,0.3236,0.3236,0.0,0.3236,0.0,0.3236,0.0,JxP
030614,Apurímac,Chincheros,,11.0,35.0,0.0,0.0,0.0,0.0,4.0,2.0,4.0,17.0,0.0,0.0,334.0,6.0,0.0,42.0,2.0,1.0,13.0,4.0,0.0,8.0,5.0,0.0,2.0,0.0,1.0,8.0,0.0,1.0,13.0,8.0,5.0,4.0,8.0,0.0,0.0,0.0,538,121,51,2.0446,6.5056,0.0,0.0,0.0,0.0,0.7435,0.3717,0.7435,3.1599,0.0,0.0,62.0818,1.1152,0.0,7.8067,0.3717,0.1859,2.4164,0.7435,0.0,1.487,0.9294,0.0,0.3717,0.0,0.1859,1.487,0.0,0.1859,2.4164,1.487,0.9294,0.7435,1.487,0.0,0.0,0.0,JxP
030701,APURÍMAC,GRAU,CHUQUIBAMBILLA,49.0,231.0,12.0,14.0,1.0,0.0,53.0,5.0,34.0,155.0,0.0,2.0,1198.0,6.0,9.0,280.0,66.0,3.0,90.0,7.0,4.0,37.0,23.0,0.0,8.0,4.0,40.0,21.0,1.0,2.0,81.0,30.0,80.0,6.0,34.0,1.0,4.0,5.0,2596,574,233,1.8875,8.8983,0.4622,0.5393,0.0385,0.0,2.0416,0.1926,1.3097,5.9707,0.0,0.077,46.1479,0.2311,0.3467,10.7858,2.5424,0.1156,3.4669,0.2696,0.1541,1.4253,0.886,0.0,0.3082,0.1541,1.5408,0.8089,0.0385,0.077,3.1202,1.1556,3.0817,0.2311,1.3097,0.0385,0.1541,0.1926,JxP
030702,APURÍMAC,GRAU,CURPAHUASI,10.0,69.0,11.0,4.0,1.0,0.0,2.0,6.0,7.0,112.0,0.0,2.0,416.0,1.0,6.0,127.0,13.0,4.0,91.0,8.0,1.0,9.0,3.0,1.0,13.0,2.0,6.0,11.0,0.0,0.0,24.0,18.0,39.0,6.0,9.0,2.0,0.0,2.0,1036,257,96,0.9653,6.6602,1.0618,0.3861,0.0965,0.0,0.1931,0.5792,0.6757,10.8108,0.0,0.1931,40.1544,0.0965,0.5792,12.2587,1.2548,0.3861,8.7838,0.7722,0.0965,0.8687,0.2896,0.0965,1.2548,0.1931,0.5792,1.0618,0.0,0.0,2.3166,1.7375,3.7645,0.5792,0.8687,0.1931,0.0,0.1931,JxP
030703,APURÍMAC,GRAU,GAMARRA,22.0,179.0,10.0,3.0,1.0,0.0,20.0,3.0,29.0,299.0,0.0,1.0,1431.0,11.0,3.0,369.0,29.0,0.0,136.0,13.0,0.0,19.0,16.0,0.0,10.0,8.0,42.0,8.0,1.0,1.0,180.0,36.0,51.0,10.0,28.0,4.0,1.0,1.0,2975,831,239,0.7395,6.0168,0.3361,0.1008,0.0336,0.0,0.6723,0.1008,0.9748,10.0504,0.0,0.0336,48.1008,0.3697,0.1008,12.4034,0.9748,0.0,4.5714,0.437,0.0,0.6387,0.5378,0.0,0.3361,0.2689,1.4118,0.2689,0.0336,0.0336,6.0504,1.2101,1.7143,0.3361,0.9412,0.1345,0.0336,0.0336,JxP
030704,APURÍMAC,GRAU,HUAYLLATI,9.0,151.0,6.0,3.0,1.0,0.0,3.0,2.0,4.0,100.0,0.0,1.0,515.0,1.0,7.0,126.0,5.0,2.0,23.0,4.0,1.0,9.0,3.0,1.0,1.0,1.0,10.0,13.0,1.0,1.0,14.0,3.0,20.0,0.0,8.0,0.0,1.0,2.0,1052,178,64,0.8555,14.3536,0.5703,0.2852,0.0951,0.0,0.2852,0.1901,0.3802,9.5057,0.0,0.0951,48.9544,0.0951,0.6654,11.9772,0.4753,0.1901,2.1863,0.3802,0.0951,0.8555,0.2852,0.0951,0.0951,0.0951,0.9506,1.2357,0.0951,0.0951,1.3308,0.2852,1.9011,0.0,0.7605,0.0,0.0951,0.1901,JxP
030705,APURÍMAC,GRAU,MAMARA,37.0,437.0,16.0,7.0,1.0,0.0,34.0,10.0,60.0,313.0,0.0,1.0,2923.0,4.0,10.0,716.0,123.0,10.0,139.0,22.0,10.0,47.0,38.0,1.0,12.0,12.0,66.0,33.0,2.0,2.0,104.0,55.0,119.0,11.0,72.0,6.0,3.0,4.0,5460,909,367,0.6777,8.0037,0.293,0.1282,0.0183,0.0,0.6227,0.1832,1.0989,5.7326,0.0,0.0183,53.5348,0.0733,0.1832,13.1136,2.2527,0.1832,2.5458,0.4029,0.1832,0.8608,0.696,0.0183,0.2198,0.2198,1.2088,0.6044,0.0366,0.0366,1.9048,1.0073,2.1795,0.2015,1.3187,0.1099,0.0549,0.0733,JxP
030706,APURÍMAC,GRAU,MICAELA BASTIDAS,45.0,234.0,40.0,3.0,0.0,0.0,7.0,7.0,19.0,116.0,0.0,3.0,1311.0,4.0,6.0,298.0,45.0,2.0,94.0,10.0,0.0,12.0,7.0,0.0,17.0,2.0,23.0,14.0,3.0,1.0,62.0,16.0,42.0,4.0,13.0,2.0,3.0,2.0,2467,488,171,1.8241,9.4852,1.6214,0.1216,0.0,0.0,0.2837,0.2837,0.7702,4.7021,0.0,0.1216,53.1415,0.1621,0.2432,12.0794,1.8241,0.0811,3.8103,0.4054,0.0,0.4864,0.2837,0.0,0.6891,0.0811,0.9323,0.5675,0.1216,0.0405,2.5132,0.6486,1.7025,0.1621,0.527,0.0811,0.1216,0.0811,JxP
030707,APURÍMAC,GRAU,PATAYPAMPA,22.0,94.0,2.0,0.0,0.0,0.0,13.0,3.0,5.0,102.0,0.0,0.0,690.0,1.0,1.0,170.0,9.0,1.0,52.0,10.0,0.0,8.0,9.0,0.0,7.0,2.0,22.0,7.0,3.0,0.0,30.0,8.0,26.0,3.0,11.0,2.0,2.0,1.0,1316,273,100,1.6717,7.1429,0.152,0.0,0.0,0.0,0.9878,0.228,0.3799,7.7508,0.0,0.0,52.4316,0.076,0.076,12.9179,0.6839,0.076,3.9514,0.7599,0.0,0.6079,0.6839,0.0,0.5319,0.152,1.6717,0.5319,0.228,0.0,2.2796,0.6079,1.9757,0.228,0.8359,0.152,0.152,0.076,JxP
030708,APURÍMAC,GRAU,PROGRESO,15.0,101.0,3.0,5.0,2.0,0.0,9.0,10.0,11.0,50.0,0.0,3.0,1133.0,5.0,2.0,167.0,15.0,6.0,65.0,7.0,1.0,20.0,8.0,1.0,1.0,2.0,15.0,14.0,1.0,2.0,49.0,5.0,12.0,6.0,8.0,0.0,1.0,2.0,1757,345,208,0.8537,5.7484,0.1707,0.2846,0.1138,0.0,0.5122,0.5692,0.6261,2.8458,0.0,0.1707,64.4849,0.2846,0.1138,9.5048,0.8537,0.3415,3.6995,0.3984,0.0569,1.1383,0.4553,0.0569,0.0569,0.1138,0.8537,0.7968,0.0569,0.1138,2.7888,0.2846,0.683,0.3415,0.4553,0.0,0.0569,0.1138,JxP
030709,APURÍMAC,GRAU,SAN ANTONIO,25.0,127.0,9.0,3.0,0.0,0.0,3.0,4.0,7.0,51.0,0.0,2.0,723.0,1.0,2.0,274.0,18.0,2.0,123.0,5.0,0.0,10.0,5.0,0.0,8.0,1.0,15.0,16.0,0.0,2.0,38.0,8.0,16.0,3.0,3.0,4.0,1.0,0.0,1509,264,93,1.6567,8.4162,0.5964,0.1988,0.0,0.0,0.1988,0.2651,0.4639,3.3797,0.0,0.1325,47.9125,0.0663,0.1325,18.1577,1.1928,0.1325,8.1511,0.3313,0.0,0.6627,0.3313,0.0,0.5302,0.0663,0.994,1.0603,0.0,0.1325,2.5182,0.5302,1.0603,0.1988,0.1988,0.2651,0.0663,0.0,JxP
030710,APURÍMAC,GRAU,SANTA ROSA,41.0,20.0,11.0,1.0,1.0,0.0,1.0,1.0,2.0,37.0,0.0,2.0,434.0,2.0,0.0,77.0,6.0,3.0,22.0,2.0,1.0,5.0,1.0,0.0,2.0,1.0,10.0,18.0,1.0,1.0,23.0,6.0,2.0,0.0,5.0,2.0,0.0,0.0,741,171,53,5.5331,2.6991,1.4845,0.135,0.135,0.0,0.135,0.135,0.2699,4.9933,0.0,0.2699,58.5695,0.2699,0.0,10.3914,0.8097,0.4049,2.969,0.2699,0.135,0.6748,0.135,0.0,0.2699,0.135,1.3495,2.4291,0.135,0.135,3.1039,0.8097,0.2699,0.0,0.6748,0.2699,0.0,0.0,JxP
030711,APURÍMAC,GRAU,TURPAY,10.0,45.0,0.0,0.0,0.0,0.0,5.0,0.0,3.0,26.0,0.0,1.0,405.0,0.0,1.0,74.0,9.0,1.0,37.0,0.0,0.0,8.0,2.0,0.0,1.0,1.0,7.0,3.0,1.0,0.0,16.0,4.0,4.0,0.0,3.0,2.0,2.0,0.0,671,145,40,1.4903,6.7064,0.0,0.0,0.0,0.0,0.7452,0.0,0.4471,3.8748,0.0,0.149,60.3577,0.0,0.149,11.0283,1.3413,0.149,5.5142,0.0,0.0,1.1923,0.2981,0.0,0.149,0.149,1.0432,0.4471,0.149,0.0,2.3845,0.5961,0.5961,0.0,0.4471,0.2981,0.2981,0.0,JxP
030712,APURÍMAC,GRAU,VILCABAMBA,2.0,100.0,3.0,1.0,1.0,0.0,5.0,1.0,2.0,62.0,0.0,0.0,231.0,0.0,1.0,83.0,27.0,1.0,18.0,2.0,0.0,6.0,13.0,0.0,1.0,4.0,27.0,6.0,0.0,0.0,19.0,7.0,31.0,2.0,10.0,3.0,0.0,0.0,669,88,21,0.299,14.9477,0.4484,0.1495,0.1495,0.0,0.7474,0.1495,0.299,9.2676,0.0,0.0,34.5291,0.0,0.1495,12.4066,4.0359,0.1495,2.6906,0.299,0.0,0.8969,1.9432,0.0,0.1495,0.5979,4.0359,0.8969,0.0,0.0,2.8401,1.0463,4.6338,0.299,1.4948,0.4484,0.0,0.0,JxP
040101,AREQUIPA,AREQUIPA,AREQUIPA,284.0,4401.0,129.0,549.0,85.0,0.0,1012.0,33.0,1006.0,3898.0,0.0,77.0,1178.0,113.0,247.0,2646.0,11842.0,91.0,154.0,85.0,192.0,160.0,2972.0,44.0,301.0,84.0,256.0,137.0,25.0,22.0,196.0,3936.0,13666.0,24.0,1825.0,266.0,61.0,292.0,52289,2815,1678,0.5431,8.4167,0.2467,1.0499,0.1626,0.0,1.9354,0.0631,1.9239,7.4547,0.0,0.1473,2.2529,0.2161,0.4724,5.0603,22.6472,0.174,0.2945,0.1626,0.3672,0.306,5.6838,0.0841,0.5756,0.1606,0.4896,0.262,0.0478,0.0421,0.3748,7.5274,26.1355,0.0459,3.4902,0.5087,0.1167,0.5584,RP
040102,AREQUIPA,AREQUIPA,ALTO SELVA ALEGRE,500.0,6650.0,189.0,275.0,67.0,0.0,1211.0,64.0,1968.0,3955.0,0.0,123.0,3659.0,118.0,422.0,6127.0,12857.0,112.0,465.0,146.0,273.0,270.0,3123.0,43.0,430.0,89.0,540.0,295.0,32.0,38.0,430.0,4803.0,8358.0,43.0,3125.0,241.0,100.0,202.0,61343,3945,2233,0.8151,10.8407,0.3081,0.4483,0.1092,0.0,1.9741,0.1043,3.2082,6.4474,0.0,0.2005,5.9648,0.1924,0.6879,9.9881,20.9592,0.1826,0.758,0.238,0.445,0.4401,5.091,0.0701,0.701,0.1451,0.8803,0.4809,0.0522,0.0619,0.701,7.8297,13.625,0.0701,5.0943,0.3929,0.163,0.3293,PBG
040103,AREQUIPA,AREQUIPA,CAYMA,1081.0,10488.0,375.0,397.0,121.0,0.0,2738.0,125.0,4253.0,6652.0,0.0,188.0,11324.0,199.0,735.0,13287.0,22187.0,248.0,1147.0,367.0,447.0,642.0,5503.0,74.0,853.0,213.0,1109.0,415.0,46.0,66.0,928.0,8424.0,9567.0,86.0,6211.0,427.0,257.0,274.0,111454,8116,4679,0.9699,9.4102,0.3365,0.3562,0.1086,0.0,2.4566,0.1122,3.8159,5.9684,0.0,0.1687,10.1602,0.1785,0.6595,11.9215,19.9069,0.2225,1.0291,0.3293,0.4011,0.576,4.9375,0.0664,0.7653,0.1911,0.995,0.3724,0.0413,0.0592,0.8326,7.5583,8.5838,0.0772,5.5727,0.3831,0.2306,0.2458,PBG
040104,AREQUIPA,AREQUIPA,CERRO COLORADO,81.0,790.0,40.0,29.0,10.0,0.0,230.0,9.0,253.0,649.0,0.0,13.0,785.0,11.0,44.0,773.0,1400.0,11.0,72.0,32.0,33.0,46.0,317.0,8.0,65.0,17.0,78.0,46.0,2.0,6.0,76.0,681.0,587.0,6.0,388.0,37.0,11.0,15.0,7651,666,399,1.0587,10.3254,0.5228,0.379,0.1307,0.0,3.0061,0.1176,3.3068,8.4826,0.0,0.1699,10.2601,0.1438,0.5751,10.1033,18.2983,0.1438,0.9411,0.4182,0.4313,0.6012,4.1432,0.1046,0.8496,0.2222,1.0195,0.6012,0.0261,0.0784,0.9933,8.9008,7.6722,0.0784,5.0712,0.4836,0.1438,0.1961,PBG
040105,AREQUIPA,AREQUIPA,CHARACATO,47.0,320.0,12.0,8.0,0.0,0.0,98.0,12.0,133.0,200.0,0.0,6.0,552.0,7.0,15.0,474.0,340.0,8.0,40.0,11.0,5.0,26.0,96.0,8.0,27.0,6.0,40.0,16.0,1.0,4.0,37.0,205.0,102.0,3.0,117.0,5.0,7.0,7.0,2995,348,181,1.5693,10.6845,0.4007,0.2671,0.0,0.0,3.2721,0.4007,4.4407,6.6778,0.0,0.2003,18.4307,0.2337,0.5008,15.8264,11.3523,0.2671,1.3356,0.3673,0.1669,0.8681,3.2053,0.2671,0.9015,0.2003,1.3356,0.5342,0.0334,0.1336,1.2354,6.8447,3.4057,0.1002,3.9065,0.1669,0.2337,0.2337,JxP
040106,AREQUIPA,AREQUIPA,CHIGUATA,264.0,1396.0,106.0,37.0,17.0,0.0,569.0,60.0,711.0,939.0,0.0,32.0,4926.0,19.0,86.0,4197.0,1904.0,27.0,443.0,94.0,71.0,215.0,479.0,18.0,122.0,47.0,211.0,63.0,19.0,19.0,407.0,955.0,679.0,35.0,907.0,66.0,54.0,38.0,20232,2508,1193,1.3049,6.9,0.5239,0.1829,0.084,0.0,2.8124,0.2966,3.5142,4.6412,0.0,0.1582,24.3476,0.0939,0.4251,20.7444,9.4108,0.1335,2.1896,0.4646,0.3509,1.0627,2.3675,0.089,0.603,0.2323,1.0429,0.3114,0.0939,0.0939,2.0117,4.7202,3.3561,0.173,4.483,0.3262,0.2669,0.1878,JxP
040107,AREQUIPA,AREQUIPA,JACOBO HUNTER,392.0,3988.0,166.0,291.0,54.0,0.0,797.0,43.0,1198.0,3195.0,0.0,48.0,1875.0,92.0,266.0,3403.0,8512.0,88.0,218.0,173.0,164.0,180.0,2168.0,32.0,306.0,75.0,289.0,124.0,30.0,31.0,267.0,4073.0,4297.0,30.0,1925.0,150.0,86.0,142.0,39168,2629,1679,1.0008,10.1818,0.4238,0.743,0.1379,0.0,2.0348,0.1098,3.0586,8.1572,0.0,0.1225,4.7871,0.2349,0.6791,8.6882,21.732,0.2247,0.5566,0.4417,0.4187,0.4596,5.5351,0.0817,0.7812,0.1915,0.7378,0.3166,0.0766,0.0791,0.6817,10.3988,10.9707,0.0766,4.9147,0.383,0.2196,0.3625,PBG
040108,AREQUIPA,AREQUIPA,LA JOYA,32.0,273.0,10.0,11.0,1.0,0.0,78.0,8.0,120.0,200.0,0.0,6.0,549.0,4.0,15.0,379.0,326.0,6.0,78.0,5.0,4.0,21.0,94.0,0.0,34.0,5.0,26.0,8.0,0.0,4.0,27.0,251.0,118.0,4.0,115.0,8.0,5.0,7.0,2832,268,122,1.1299,9.6398,0.3531,0.3884,0.0353,0.0,2.7542,0.2825,4.2373,7.0621,0.0,0.2119,19.3856,0.1412,0.5297,13.3828,11.5113,0.2119,2.7542,0.1766,0.1412,0.7415,3.3192,0.0,1.2006,0.1766,0.9181,0.2825,0.0,0.1412,0.9534,8.863,4.1667,0.1412,4.0607,0.2825,0.1766,0.2472,JxP
040109,AREQUIPA,AREQUIPA,MARIANO MELGAR,897.0,9218.0,443.0,346.0,96.0,0.0,2201.0,149.0,3315.0,6378.0,0.0,228.0,5775.0,157.0,625.0,8387.0,18178.0,220.0,587.0,247.0,312.0,480.0,4629.0,75.0,734.0,153.0,731.0,417.0,58.0,79.0,738.0,8460.0,6824.0,97.0,4508.0,370.0,188.0,216.0,86516,6105,4025,1.0368,10.6547,0.512,0.3999,0.111,0.0,2.544,0.1722,3.8317,7.372,0.0,0.2635,6.6751,0.1815,0.7224,9.6942,21.0111,0.2543,0.6785,0.2855,0.3606,0.5548,5.3505,0.0867,0.8484,0.1768,0.8449,0.482,0.067,0.0913,0.853,9.7785,7.8876,0.1121,5.2106,0.4277,0.2173,0.2497,PBG
040110,AREQUIPA,AREQUIPA,MIRAFLORES,8.0,66.0,18.0,9.0,0.0,0.0,14.0,5.0,22.0,58.0,0.0,0.0,110.0,0.0,4.0,62.0,69.0,4.0,3.0,2.0,0.0,15.0,20.0,1.0,17.0,2.0,1.0,3.0,1.0,3.0,17.0,40.0,44.0,1.0,15.0,9.0,0.0,2.0,645,92,48,1.2403,10.2326,2.7907,1.3953,0.0,0.0,2.1705,0.7752,3.4109,8.9922,0.0,0.0,17.0543,0.0,0.6202,9.6124,10.6977,0.6202,0.4651,0.3101,0.0,2.3256,3.1008,0.155,2.6357,0.3101,0.155,0.4651,0.155,0.4651,2.6357,6.2016,6.8217,0.155,2.3256,1.3953,0.0,0.3101,JxP
040111,AREQUIPA,AREQUIPA,MOLLEBAYA,18.0,100.0,25.0,3.0,4.0,0.0,23.0,1.0,31.0,68.0,0.0,1.0,210.0,3.0,5.0,108.0,109.0,3.0,10.0,7.0,1.0,9.0,22.0,1.0,7.0,2.0,10.0,4.0,2.0,2.0,30.0,77.0,29.0,0.0,17.0,4.0,6.0,0.0,952,120,47,1.8908,10.5042,2.6261,0.3151,0.4202,0.0,2.416,0.105,3.2563,7.1429,0.0,0.105,22.0588,0.3151,0.5252,11.3445,11.4496,0.3151,1.0504,0.7353,0.105,0.9454,2.3109,0.105,0.7353,0.2101,1.0504,0.4202,0.2101,0.2101,3.1513,8.0882,3.0462,0.0,1.7857,0.4202,0.6303,0.0,JxP
040112,AREQUIPA,AREQUIPA,PAUCARPATA,27.0,275.0,84.0,9.0,4.0,0.0,67.0,8.0,76.0,143.0,0.0,6.0,397.0,4.0,13.0,281.0,227.0,0.0,26.0,5.0,2.0,11.0,78.0,2.0,17.0,2.0,20.0,18.0,3.0,2.0,28.0,205.0,101.0,4.0,65.0,14.0,5.0,1.0,2230,187,115,1.2108,12.3318,3.7668,0.4036,0.1794,0.0,3.0045,0.3587,3.4081,6.4126,0.0,0.2691,17.8027,0.1794,0.583,12.6009,10.1794,0.0,1.1659,0.2242,0.0897,0.4933,3.4978,0.0897,0.7623,0.0897,0.8969,0.8072,0.1345,0.0897,1.2556,9.1928,4.5291,0.1794,2.9148,0.6278,0.2242,0.0448,JxP
040113,AREQUIPA,AREQUIPA,POCSI,29.0,317.0,40.0,15.0,8.0,0.0,95.0,3.0,107.0,290.0,0.0,1.0,238.0,5.0,20.0,347.0,719.0,6.0,28.0,16.0,18.0,24.0,124.0,3.0,16.0,6.0,24.0,26.0,2.0,4.0,42.0,414.0,287.0,4.0,133.0,18.0,4.0,15.0,3448,286,165,0.8411,9.1937,1.1601,0.435,0.232,0.0,2.7552,0.087,3.1032,8.4107,0.0,0.029,6.9026,0.145,0.58,10.0638,20.8527,0.174,0.8121,0.464,0.522,0.6961,3.5963,0.087,0.464,0.174,0.6961,0.7541,0.058,0.116,1.2181,12.007,8.3237,0.116,3.8573,0.522,0.116,0.435,PBG
040114,AREQUIPA,AREQUIPA,POLOBAYA,161.0,1539.0,55.0,84.0,27.0,0.0,354.0,28.0,517.0,1202.0,0.0,23.0,1368.0,35.0,101.0,1542.0,4698.0,22.0,130.0,55.0,73.0,89.0,1094.0,21.0,143.0,43.0,104.0,38.0,8.0,11.0,128.0,1498.0,4078.0,16.0,856.0,93.0,27.0,79.0,20340,1376,748,0.7915,7.5664,0.2704,0.413,0.1327,0.0,1.7404,0.1377,2.5418,5.9095,0.0,0.1131,6.7257,0.1721,0.4966,7.5811,23.0973,0.1082,0.6391,0.2704,0.3589,0.4376,5.3786,0.1032,0.703,0.2114,0.5113,0.1868,0.0393,0.0541,0.6293,7.3648,20.0492,0.0787,4.2085,0.4572,0.1327,0.3884,PBG
040115,AREQUIPA,AREQUIPA,QUEQUEÑA,11.0,45.0,7.0,2.0,0.0,0.0,20.0,2.0,25.0,46.0,0.0,0.0,157.0,0.0,2.0,113.0,59.0,1.0,5.0,5.0,3.0,3.0,13.0,2.0,8.0,1.0,8.0,2.0,3.0,1.0,17.0,42.0,32.0,2.0,32.0,5.0,0.0,2.0,676,92,40,1.6272,6.6568,1.0355,0.2959,0.0,0.0,2.9586,0.2959,3.6982,6.8047,0.0,0.0,23.2249,0.0,0.2959,16.716,8.7278,0.1479,0.7396,0.7396,0.4438,0.4438,1.9231,0.2959,1.1834,0.1479,1.1834,0.2959,0.4438,0.1479,2.5148,6.213,4.7337,0.2959,4.7337,0.7396,0.0,0.2959,JxP
040116,AREQUIPA,AREQUIPA,SABANDIA,18.0,87.0,2.0,0.0,0.0,0.0,39.0,7.0,36.0,28.0,0.0,1.0,441.0,1.0,4.0,239.0,115.0,6.0,18.0,4.0,2.0,13.0,11.0,0.0,9.0,0.0,21.0,2.0,0.0,0.0,20.0,13.0,22.0,0.0,18.0,0.0,1.0,1.0,1179,155,69,1.5267,7.3791,0.1696,0.0,0.0,0.0,3.3079,0.5937,3.0534,2.3749,0.0,0.0848,37.4046,0.0848,0.3393,20.2714,9.754,0.5089,1.5267,0.3393,0.1696,1.1026,0.933,0.0,0.7634,0.0,1.7812,0.1696,0.0,0.0,1.6964,1.1026,1.866,0.0,1.5267,0.0,0.0848,0.0848,JxP
040117,AREQUIPA,AREQUIPA,SACHACA,3.0,40.0,0.0,1.0,0.0,0.0,19.0,2.0,19.0,38.0,0.0,1.0,104.0,1.0,1.0,101.0,76.0,1.0,4.0,7.0,0.0,5.0,14.0,1.0,4.0,2.0,9.0,2.0,0.0,1.0,8.0,44.0,26.0,1.0,11.0,2.0,1.0,1.0,550,86,48,0.5455,7.2727,0.0,0.1818,0.0,0.0,3.4545,0.3636,3.4545,6.9091,0.0,0.1818,18.9091,0.1818,0.1818,18.3636,13.8182,0.1818,0.7273,1.2727,0.0,0.9091,2.5455,0.1818,0.7273,0.3636,1.6364,0.3636,0.0,0.1818,1.4545,8.0,4.7273,0.1818,2.0,0.3636,0.1818,0.1818,JxP
040118,AREQUIPA,AREQUIPA,SAN JUAN DE SIGUAS,55.0,241.0,20.0,6.0,7.0,0.0,93.0,9.0,215.0,133.0,0.0,6.0,1247.0,4.0,12.0,1017.0,457.0,6.0,99.0,22.0,13.0,50.0,128.0,2.0,32.0,9.0,58.0,16.0,3.0,6.0,87.0,226.0,104.0,5.0,276.0,8.0,7.0,4.0,4683,607,211,1.1745,5.1463,0.4271,0.1281,0.1495,0.0,1.9859,0.1922,4.5911,2.8401,0.0,0.1281,26.6282,0.0854,0.2562,21.7168,9.7587,0.1281,2.114,0.4698,0.2776,1.0677,2.7333,0.0427,0.6833,0.1922,1.2385,0.3417,0.0641,0.1281,1.8578,4.826,2.2208,0.1068,5.8937,0.1708,0.1495,0.0854,JxP
040119,AREQUIPA,AREQUIPA,SAN JUAN DE TARUCANI,451.0,4426.0,191.0,252.0,48.0,0.0,1066.0,68.0,1521.0,2930.0,0.0,57.0,2734.0,95.0,276.0,4026.0,9304.0,88.0,317.0,136.0,173.0,235.0,2079.0,26.0,321.0,83.0,357.0,163.0,32.0,36.0,401.0,4052.0,3626.0,40.0,2089.0,197.0,83.0,137.0,42116,2982,1948,1.0709,10.5091,0.4535,0.5983,0.114,0.0,2.5311,0.1615,3.6115,6.957,0.0,0.1353,6.4916,0.2256,0.6553,9.5593,22.0914,0.2089,0.7527,0.3229,0.4108,0.558,4.9364,0.0617,0.7622,0.1971,0.8477,0.387,0.076,0.0855,0.9521,9.621,8.6096,0.095,4.9601,0.4678,0.1971,0.3253,PBG
040120,AREQUIPA,AREQUIPA,SANTA ISABEL DE SIGUAS,151.0,1163.0,69.0,38.0,9.0,0.0,250.0,5.0,438.0,805.0,0.0,22.0,1325.0,17.0,60.0,1568.0,2331.0,12.0,96.0,31.0,65.0,68.0,496.0,9.0,288.0,21.0,77.0,52.0,7.0,15.0,146.0,986.0,1104.0,13.0,579.0,34.0,19.0,33.0,12402,1054,415,1.2175,9.3775,0.5564,0.3064,0.0726,0.0,2.0158,0.0403,3.5317,6.4909,0.0,0.1774,10.6838,0.1371,0.4838,12.6431,18.7954,0.0968,0.7741,0.25,0.5241,0.5483,3.9994,0.0726,2.3222,0.1693,0.6209,0.4193,0.0564,0.1209,1.1772,7.9503,8.9018,0.1048,4.6686,0.2741,0.1532,0.2661,PBG
040121,AREQUIPA,AREQUIPA,SANTA RITA DE SIGUAS,123.0,1352.0,48.0,66.0,9.0,0.0,308.0,13.0,495.0,900.0,0.0,20.0,1122.0,17.0,67.0,1399.0,2578.0,26.0,118.0,28.0,54.0,61.0,591.0,7.0,145.0,27.0,141.0,27.0,5.0,6.0,133.0,1180.0,951.0,8.0,606.0,40.0,28.0,27.0,12726,931,533,0.9665,10.6239,0.3772,0.5186,0.0707,0.0,2.4202,0.1022,3.8897,7.0721,0.0,0.1572,8.8166,0.1336,0.5265,10.9932,20.2577,0.2043,0.9272,0.22,0.4243,0.4793,4.644,0.055,1.1394,0.2122,1.108,0.2122,0.0393,0.0471,1.0451,9.2724,7.4729,0.0629,4.7619,0.3143,0.22,0.2122,PBG
040122,AREQUIPA,AREQUIPA,SOCABAYA,25.0,158.0,7.0,13.0,0.0,0.0,73.0,9.0,47.0,142.0,0.0,1.0,393.0,2.0,7.0,345.0,260.0,7.0,23.0,13.0,1.0,12.0,61.0,3.0,26.0,5.0,19.0,7.0,0.0,2.0,42.0,117.0,82.0,0.0,90.0,12.0,8.0,4.0,2016,280,77,1.2401,7.8373,0.3472,0.6448,0.0,0.0,3.621,0.4464,2.3313,7.0437,0.0,0.0496,19.494,0.0992,0.3472,17.1131,12.8968,0.3472,1.1409,0.6448,0.0496,0.5952,3.0258,0.1488,1.2897,0.248,0.9425,0.3472,0.0,0.0992,2.0833,5.8036,4.0675,0.0,4.4643,0.5952,0.3968,0.1984,JxP
040123,AREQUIPA,AREQUIPA,TIABAYA,83.0,1457.0,55.0,206.0,30.0,0.0,272.0,11.0,315.0,1496.0,0.0,22.0,343.0,67.0,118.0,725.0,5315.0,11.0,34.0,33.0,86.0,32.0,1305.0,7.0,78.0,33.0,74.0,27.0,7.0,10.0,59.0,1321.0,7954.0,5.0,764.0,108.0,20.0,130.0,22613,941,561,0.367,6.4432,0.2432,0.911,0.1327,0.0,1.2028,0.0486,1.393,6.6157,0.0,0.0973,1.5168,0.2963,0.5218,3.2061,23.5042,0.0486,0.1504,0.1459,0.3803,0.1415,5.771,0.031,0.3449,0.1459,0.3272,0.1194,0.031,0.0442,0.2609,5.8418,35.1745,0.0221,3.3786,0.4776,0.0884,0.5749,RP
040124,AREQUIPA,AREQUIPA,UCHUMAYO,28.0,674.0,21.0,27.0,2.0,0.0,73.0,4.0,129.0,252.0,0.0,6.0,393.0,3.0,23.0,392.0,668.0,3.0,33.0,5.0,11.0,24.0,142.0,2.0,55.0,10.0,28.0,12.0,3.0,6.0,27.0,386.0,262.0,4.0,183.0,21.0,5.0,10.0,3927,323,145,0.713,17.1632,0.5348,0.6875,0.0509,0.0,1.8589,0.1019,3.285,6.4171,0.0,0.1528,10.0076,0.0764,0.5857,9.9822,17.0104,0.0764,0.8403,0.1273,0.2801,0.6112,3.616,0.0509,1.4006,0.2546,0.713,0.3056,0.0764,0.1528,0.6875,9.8294,6.6718,0.1019,4.66,0.5348,0.1273,0.2546,AN
040125,AREQUIPA,AREQUIPA,VITOR,249.0,2000.0,63.0,38.0,17.0,0.0,573.0,28.0,1059.0,999.0,0.0,43.0,3918.0,27.0,137.0,3625.0,2678.0,37.0,378.0,70.0,50.0,187.0,725.0,19.0,210.0,36.0,315.0,75.0,9.0,15.0,261.0,1187.0,573.0,27.0,1158.0,51.0,42.0,26.0,20905,2055,886,1.1911,9.5671,0.3014,0.1818,0.0813,0.0,2.741,0.1339,5.0658,4.7788,0.0,0.2057,18.7419,0.1292,0.6553,17.3403,12.8103,0.177,1.8082,0.3348,0.2392,0.8945,3.4681,0.0909,1.0045,0.1722,1.5068,0.3588,0.0431,0.0718,1.2485,5.6781,2.741,0.1292,5.5393,0.244,0.2009,0.1244,JxP
040126,AREQUIPA,AREQUIPA,YANAHUARA,380.0,4139.0,156.0,250.0,51.0,0.0,1076.0,47.0,1289.0,3083.0,0.0,69.0,2451.0,78.0,254.0,3663.0,8189.0,71.0,316.0,106.0,170.0,262.0,2145.0,29.0,481.0,68.0,313.0,198.0,26.0,34.0,289.0,4118.0,3592.0,43.0,2010.0,214.0,79.0,180.0,39919,2962,1804,0.9519,10.3685,0.3908,0.6263,0.1278,0.0,2.6955,0.1177,3.229,7.7231,0.0,0.1729,6.1399,0.1954,0.6363,9.1761,20.514,0.1779,0.7916,0.2655,0.4259,0.6563,5.3734,0.0726,1.2049,0.1703,0.7841,0.496,0.0651,0.0852,0.724,10.3159,8.9982,0.1077,5.0352,0.5361,0.1979,0.4509,PBG
040127,AREQUIPA,AREQUIPA,YARABAMBA,322.0,3546.0,141.0,117.0,50.0,0.0,848.0,44.0,1187.0,2007.0,0.0,56.0,1934.0,68.0,233.0,3372.0,6921.0,63.0,236.0,101.0,109.0,198.0,1628.0,17.0,317.0,68.0,252.0,215.0,60.0,32.0,361.0,3166.0,2192.0,31.0,1657.0,141.0,58.0,98.0,31846,2260,1477,1.0111,11.1348,0.4428,0.3674,0.157,0.0,2.6628,0.1382,3.7273,6.3022,0.0,0.1758,6.073,0.2135,0.7316,10.5885,21.7327,0.1978,0.7411,0.3172,0.3423,0.6217,5.1121,0.0534,0.9954,0.2135,0.7913,0.6751,0.1884,0.1005,1.1336,9.9416,6.8831,0.0973,5.2032,0.4428,0.1821,0.3077,PBG
040128,AREQUIPA,AREQUIPA,YURA,496.0,5871.0,189.0,377.0,50.0,0.0,1227.0,55.0,1869.0,3896.0,0.0,107.0,3078.0,97.0,367.0,4626.0,12238.0,137.0,329.0,136.0,205.0,278.0,3024.0,36.0,438.0,94.0,448.0,209.0,40.0,36.0,366.0,5405.0,4548.0,48.0,2750.0,216.0,96.0,144.0,53526,3533,2196,0.9267,10.9685,0.3531,0.7043,0.0934,0.0,2.2923,0.1028,3.4918,7.2787,0.0,0.1999,5.7505,0.1812,0.6856,8.6425,22.8637,0.256,0.6147,0.2541,0.383,0.5194,5.6496,0.0673,0.8183,0.1756,0.837,0.3905,0.0747,0.0673,0.6838,10.0979,8.4968,0.0897,5.1377,0.4035,0.1794,0.269,PBG
040129,AREQUIPA,AREQUIPA,JOSÉ LUIS BUSTAMANTE Y RIVERO,308.0,4412.0,162.0,386.0,51.0,0.0,953.0,33.0,1261.0,3445.0,0.0,79.0,1509.0,101.0,282.0,2992.0,12426.0,59.0,187.0,79.0,210.0,150.0,2878.0,35.0,315.0,73.0,339.0,126.0,27.0,25.0,274.0,4333.0,9513.0,35.0,2080.0,247.0,58.0,239.0,49682,2715,1679,0.6199,8.8805,0.3261,0.7769,0.1027,0.0,1.9182,0.0664,2.5381,6.9341,0.0,0.159,3.0373,0.2033,0.5676,6.0223,25.0111,0.1188,0.3764,0.159,0.4227,0.3019,5.7928,0.0704,0.634,0.1469,0.6823,0.2536,0.0543,0.0503,0.5515,8.7215,19.1478,0.0704,4.1866,0.4972,0.1167,0.4811,PBG
040201,AREQUIPA,CAMANÁ,CAMANÁ,30.0,307.0,9.0,8.0,2.0,0.0,86.0,6.0,145.0,127.0,0.0,1.0,585.0,0.0,13.0,652.0,385.0,2.0,55.0,13.0,4.0,23.0,81.0,2.0,5.0,14.0,49.0,5.0,3.0,3.0,43.0,100.0,88.0,3.0,156.0,9.0,7.0,5.0,3026,390,186,0.9914,10.1454,0.2974,0.2644,0.0661,0.0,2.842,0.1983,4.7918,4.197,0.0,0.033,19.3325,0.0,0.4296,21.5466,12.7231,0.0661,1.8176,0.4296,0.1322,0.7601,2.6768,0.0661,0.1652,0.4627,1.6193,0.1652,0.0991,0.0991,1.421,3.3047,2.9081,0.0991,5.1553,0.2974,0.2313,0.1652,Obras
040202,AREQUIPA,CAMANÁ,JOSÉ MARÍA QUIMPER,8.0,63.0,1.0,3.0,0.0,0.0,22.0,1.0,36.0,28.0,0.0,1.0,101.0,0.0,3.0,165.0,51.0,0.0,2.0,2.0,0.0,5.0,6.0,0.0,2.0,4.0,9.0,2.0,0.0,0.0,17.0,13.0,9.0,1.0,10.0,1.0,2.0,0.0,568,81,31,1.4085,11.0915,0.1761,0.5282,0.0,0.0,3.8732,0.1761,6.338,4.9296,0.0,0.1761,17.7817,0.0,0.5282,29.0493,8.9789,0.0,0.3521,0.3521,0.0,0.8803,1.0563,0.0,0.3521,0.7042,1.5845,0.3521,0.0,0.0,2.993,2.2887,1.5845,0.1761,1.7606,0.1761,0.3521,0.0,Obras
040203,AREQUIPA,CAMANÁ,MARIANO NICOLÁS VALCÁRCEL,16.0,229.0,11.0,2.0,1.0,0.0,23.0,2.0,49.0,71.0,0.0,8.0,178.0,7.0,2.0,163.0,69.0,1.0,23.0,8.0,3.0,13.0,16.0,0.0,1.0,4.0,31.0,3.0,3.0,2.0,36.0,37.0,28.0,0.0,22.0,2.0,2.0,0.0,1066,200,67,1.5009,21.4822,1.0319,0.1876,0.0938,0.0,2.1576,0.1876,4.5966,6.6604,0.0,0.7505,16.6979,0.6567,0.1876,15.2908,6.4728,0.0938,2.1576,0.7505,0.2814,1.2195,1.5009,0.0,0.0938,0.3752,2.9081,0.2814,0.2814,0.1876,3.3771,3.4709,2.6266,0.0,2.0638,0.1876,0.1876,0.0,AN
040204,AREQUIPA,CAMANÁ,MARISCAL CÁCERES,22.0,120.0,9.0,3.0,0.0,0.0,41.0,8.0,35.0,45.0,0.0,4.0,510.0,1.0,6.0,374.0,156.0,1.0,13.0,10.0,5.0,22.0,24.0,2.0,3.0,3.0,14.0,2.0,1.0,0.0,40.0,28.0,26.0,2.0,75.0,4.0,1.0,0.0,1610,227,124,1.3665,7.4534,0.559,0.1863,0.0,0.0,2.5466,0.4969,2.1739,2.795,0.0,0.2484,31.677,0.0621,0.3727,23.2298,9.6894,0.0621,0.8075,0.6211,0.3106,1.3665,1.4907,0.1242,0.1863,0.1863,0.8696,0.1242,0.0621,0.0,2.4845,1.7391,1.6149,0.1242,4.6584,0.2484,0.0621,0.0,JxP
040205,AREQUIPA,CAMANÁ,NICOLÁS DE PIEROLA,50.0,163.0,5.0,8.0,0.0,0.0,17.0,3.0,22.0,31.0,0.0,2.0,267.0,2.0,2.0,238.0,81.0,2.0,29.0,4.0,2.0,5.0,18.0,1.0,7.0,2.0,10.0,4.0,1.0,2.0,16.0,13.0,12.0,2.0,29.0,2.0,0.0,0.0,1052,121,63,4.7529,15.4943,0.4753,0.7605,0.0,0.0,1.616,0.2852,2.0913,2.9468,0.0,0.1901,25.3802,0.1901,0.1901,22.6236,7.6996,0.1901,2.7567,0.3802,0.1901,0.4753,1.711,0.0951,0.6654,0.1901,0.9506,0.3802,0.0951,0.1901,1.5209,1.2357,1.1407,0.1901,2.7567,0.1901,0.0,0.0,JxP
040206,AREQUIPA,CAMANÁ,OCOÑA,11.0,86.0,0.0,4.0,0.0,0.0,12.0,2.0,22.0,32.0,0.0,0.0,177.0,1.0,1.0,190.0,52.0,0.0,11.0,9.0,2.0,5.0,8.0,0.0,1.0,3.0,17.0,0.0,0.0,0.0,8.0,13.0,8.0,0.0,16.0,0.0,0.0,2.0,693,89,25,1.5873,12.4098,0.0,0.5772,0.0,0.0,1.7316,0.2886,3.1746,4.6176,0.0,0.0,25.5411,0.1443,0.1443,27.417,7.5036,0.0,1.5873,1.2987,0.2886,0.7215,1.1544,0.0,0.1443,0.4329,2.4531,0.0,0.0,0.0,1.1544,1.8759,1.1544,0.0,2.3088,0.0,0.0,0.2886,Obras
040207,AREQUIPA,CAMANÁ,QUILCA,7.0,53.0,1.0,1.0,0.0,0.0,8.0,2.0,10.0,16.0,0.0,0.0,69.0,0.0,0.0,75.0,53.0,1.0,2.0,3.0,0.0,4.0,5.0,1.0,0.0,1.0,8.0,0.0,0.0,1.0,10.0,23.0,12.0,0.0,6.0,0.0,1.0,0.0,373,94,25,1.8767,14.2091,0.2681,0.2681,0.0,0.0,2.1448,0.5362,2.681,4.2895,0.0,0.0,18.4987,0.0,0.0,20.1072,14.2091,0.2681,0.5362,0.8043,0.0,1.0724,1.3405,0.2681,0.0,0.2681,2.1448,0.0,0.0,0.2681,2.681,6.1662,3.2172,0.0,1.6086,0.0,0.2681,0.0,Obras
040208,AREQUIPA,CAMANÁ,SAMUEL PASTOR,17.0,114.0,6.0,6.0,0.0,0.0,10.0,2.0,30.0,21.0,0.0,1.0,238.0,0.0,8.0,116.0,68.0,1.0,6.0,10.0,0.0,13.0,18.0,2.0,10.0,4.0,9.0,3.0,0.0,0.0,19.0,32.0,23.0,3.0,28.0,5.0,4.0,4.0,831,210,56,2.0457,13.7184,0.722,0.722,0.0,0.0,1.2034,0.2407,3.6101,2.5271,0.0,0.1203,28.6402,0.0,0.9627,13.9591,8.1829,0.1203,0.722,1.2034,0.0,1.5644,2.1661,0.2407,1.2034,0.4813,1.083,0.361,0.0,0.0,2.2864,3.8508,2.7677,0.361,3.3694,0.6017,0.4813,0.4813,JxP
040209,Arequipa,Camaná,,6.0,32.0,2.0,1.0,0.0,0.0,9.0,1.0,29.0,11.0,0.0,3.0,116.0,0.0,3.0,121.0,43.0,2.0,1.0,2.0,1.0,7.0,15.0,0.0,0.0,0.0,5.0,0.0,1.0,0.0,10.0,9.0,8.0,2.0,13.0,6.0,0.0,2.0,461,74,26,1.3015,6.9414,0.4338,0.2169,0.0,0.0,1.9523,0.2169,6.2907,2.3861,0.0,0.6508,25.1627,0.0,0.6508,26.2473,9.3275,0.4338,0.2169,0.4338,0.2169,1.5184,3.2538,0.0,0.0,0.0,1.0846,0.0,0.2169,0.0,2.1692,1.9523,1.7354,0.4338,2.82,1.3015,0.0,0.4338,Obras
040210,Arequipa,Camaná,,6.0,51.0,3.0,3.0,0.0,0.0,6.0,0.0,13.0,31.0,0.0,1.0,130.0,0.0,4.0,113.0,46.0,0.0,8.0,3.0,4.0,7.0,7.0,0.0,1.0,2.0,5.0,5.0,0.0,0.0,13.0,16.0,16.0,1.0,26.0,5.0,4.0,1.0,531,121,44,1.1299,9.6045,0.565,0.565,0.0,0.0,1.1299,0.0,2.4482,5.838,0.0,0.1883,24.4821,0.0,0.7533,21.2806,8.6629,0.0,1.5066,0.565,0.7533,1.3183,1.3183,0.0,0.1883,0.3766,0.9416,0.9416,0.0,0.0,2.4482,3.0132,3.0132,0.1883,4.8964,0.9416,0.7533,0.1883,JxP
040211,Arequipa,Camaná,,9.0,65.0,11.0,0.0,3.0,0.0,11.0,1.0,31.0,26.0,0.0,0.0,215.0,3.0,3.0,108.0,116.0,1.0,23.0,4.0,3.0,26.0,22.0,0.0,9.0,2.0,6.0,3.0,1.0,0.0,17.0,18.0,35.0,5.0,20.0,8.0,0.0,1.0,806,133,46,1.1166,8.0645,1.3648,0.0,0.3722,0.0,1.3648,0.1241,3.8462,3.2258,0.0,0.0,26.6749,0.3722,0.3722,13.3995,14.3921,0.1241,2.8536,0.4963,0.3722,3.2258,2.7295,0.0,1.1166,0.2481,0.7444,0.3722,0.1241,0.0,2.1092,2.2333,4.3424,0.6203,2.4814,0.9926,0.0,0.1241,JxP
040212,Arequipa,Camaná,,9.0,56.0,5.0,1.0,0.0,0.0,6.0,1.0,20.0,34.0,0.0,0.0,95.0,4.0,0.0,97.0,54.0,0.0,7.0,3.0,1.0,10.0,9.0,0.0,3.0,4.0,3.0,1.0,1.0,1.0,7.0,12.0,6.0,1.0,23.0,1.0,1.0,3.0,479,79,34,1.8789,11.691,1.0438,0.2088,0.0,0.0,1.2526,0.2088,4.1754,7.0981,0.0,0.0,19.833,0.8351,0.0,20.2505,11.2735,0.0,1.4614,0.6263,0.2088,2.0877,1.8789,0.0,0.6263,0.8351,0.6263,0.2088,0.2088,0.2088,1.4614,2.5052,1.2526,0.2088,4.8017,0.2088,0.2088,0.6263,Obras
040213,Arequipa,Camaná,,20.0,27.0,0.0,3.0,0.0,0.0,15.0,2.0,13.0,20.0,0.0,1.0,80.0,0.0,2.0,74.0,53.0,0.0,5.0,2.0,0.0,15.0,17.0,0.0,4.0,4.0,4.0,3.0,0.0,0.0,8.0,20.0,4.0,0.0,20.0,0.0,3.0,0.0,419,69,21,4.7733,6.4439,0.0,0.716,0.0,0.0,3.58,0.4773,3.1026,4.7733,0.0,0.2387,19.0931,0.0,0.4773,17.6611,12.6492,0.0,1.1933,0.4773,0.0,3.58,4.0573,0.0,0.9547,0.9547,0.9547,0.716,0.0,0.0,1.9093,4.7733,0.9547,0.0,4.7733,0.0,0.716,0.0,JxP
040214,Arequipa,Camaná,,26.0,33.0,1.0,1.0,0.0,0.0,15.0,3.0,19.0,30.0,0.0,0.0,216.0,1.0,5.0,108.0,26.0,0.0,33.0,2.0,0.0,4.0,6.0,2.0,2.0,0.0,8.0,2.0,0.0,2.0,13.0,12.0,6.0,1.0,14.0,1.0,1.0,0.0,593,98,30,4.3845,5.5649,0.1686,0.1686,0.0,0.0,2.5295,0.5059,3.204,5.059,0.0,0.0,36.425,0.1686,0.8432,18.2125,4.3845,0.0,5.5649,0.3373,0.0,0.6745,1.0118,0.3373,0.3373,0.0,1.3491,0.3373,0.0,0.3373,2.1922,2.0236,1.0118,0.1686,2.3609,0.1686,0.1686,0.0,JxP
040215,Arequipa,Camaná,,12.0,125.0,3.0,0.0,0.0,0.0,11.0,1.0,11.0,10.0,0.0,1.0,88.0,0.0,1.0,96.0,38.0,0.0,2.0,4.0,0.0,4.0,8.0,1.0,1.0,2.0,3.0,1.0,0.0,0.0,3.0,8.0,14.0,1.0,14.0,2.0,0.0,0.0,465,57,29,2.5806,26.8817,0.6452,0.0,0.0,0.0,2.3656,0.2151,2.3656,2.1505,0.0,0.2151,18.9247,0.0,0.2151,20.6452,8.172,0.0,0.4301,0.8602,0.0,0.8602,1.7204,0.2151,0.2151,0.4301,0.6452,0.2151,0.0,0.0,0.6452,1.7204,3.0108,0.2151,3.0108,0.4301,0.0,0.0,AN
040216,Arequipa,Camaná,,3.0,35.0,3.0,1.0,0.0,0.0,3.0,0.0,19.0,25.0,0.0,0.0,97.0,2.0,2.0,52.0,22.0,2.0,2.0,3.0,1.0,5.0,5.0,0.0,4.0,0.0,4.0,0.0,0.0,0.0,14.0,17.0,16.0,0.0,7.0,1.0,4.0,1.0,350,81,28,0.8571,10.0,0.8571,0.2857,0.0,0.0,0.8571,0.0,5.4286,7.1429,0.0,0.0,27.7143,0.5714,0.5714,14.8571,6.2857,0.5714,0.5714,0.8571,0.2857,1.4286,1.4286,0.0,1.1429,0.0,1.1429,0.0,0.0,0.0,4.0,4.8571,4.5714,0.0,2.0,0.2857,1.1429,0.2857,JxP
040217,Arequipa,Camaná,,12.0,63.0,7.0,2.0,0.0,0.0,18.0,3.0,26.0,22.0,0.0,0.0,205.0,2.0,0.0,168.0,34.0,2.0,13.0,4.0,0.0,6.0,14.0,0.0,3.0,4.0,12.0,0.0,1.0,1.0,13.0,4.0,14.0,1.0,11.0,2.0,2.0,0.0,669,94,78,1.7937,9.417,1.0463,0.299,0.0,0.0,2.6906,0.4484,3.8864,3.2885,0.0,0.0,30.6428,0.299,0.0,25.1121,5.0822,0.299,1.9432,0.5979,0.0,0.8969,2.0927,0.0,0.4484,0.5979,1.7937,0.0,0.1495,0.1495,1.9432,0.5979,2.0927,0.1495,1.6442,0.299,0.299,0.0,JxP
040218,Arequipa,Camaná,,9.0,59.0,3.0,2.0,0.0,0.0,5.0,2.0,7.0,7.0,0.0,0.0,78.0,2.0,5.0,132.0,60.0,0.0,26.0,4.0,0.0,6.0,9.0,0.0,1.0,0.0,5.0,2.0,1.0,3.0,7.0,5.0,10.0,1.0,18.0,1.0,1.0,1.0,472,61,22,1.9068,12.5,0.6356,0.4237,0.0,0.0,1.0593,0.4237,1.4831,1.4831,0.0,0.0,16.5254,0.4237,1.0593,27.9661,12.7119,0.0,5.5085,0.8475,0.0,1.2712,1.9068,0.0,0.2119,0.0,1.0593,0.4237,0.2119,0.6356,1.4831,1.0593,2.1186,0.2119,3.8136,0.2119,0.2119,0.2119,Obras
040219,Arequipa,Camaná,,25.0,128.0,4.0,5.0,5.0,0.0,37.0,3.0,48.0,53.0,0.0,3.0,292.0,4.0,3.0,329.0,141.0,4.0,33.0,11.0,1.0,18.0,19.0,1.0,4.0,6.0,23.0,2.0,2.0,0.0,18.0,37.0,24.0,2.0,35.0,2.0,1.0,0.0,1323,197,68,1.8896,9.675,0.3023,0.3779,0.3779,0.0,2.7967,0.2268,3.6281,4.006,0.0,0.2268,22.0711,0.3023,0.2268,24.8677,10.6576,0.3023,2.4943,0.8314,0.0756,1.3605,1.4361,0.0756,0.3023,0.4535,1.7385,0.1512,0.1512,0.0,1.3605,2.7967,1.8141,0.1512,2.6455,0.1512,0.0756,0.0,Obras
040220,Arequipa,Camaná,,509.0,2552.0,121.0,77.0,31.0,0.0,976.0,59.0,1610.0,1858.0,0.0,46.0,9458.0,55.0,192.0,7329.0,4303.0,74.0,672.0,257.0,83.0,308.0,1086.0,32.0,258.0,99.0,640.0,125.0,32.0,23.0,641.0,2061.0,1277.0,47.0,1995.0,99.0,119.0,94.0,39198,4748,1784,1.2985,6.5105,0.3087,0.1964,0.0791,0.0,2.4899,0.1505,4.1074,4.74,0.0,0.1174,24.1288,0.1403,0.4898,18.6974,10.9776,0.1888,1.7144,0.6556,0.2117,0.7858,2.7705,0.0816,0.6582,0.2526,1.6327,0.3189,0.0816,0.0587,1.6353,5.2579,3.2578,0.1199,5.0895,0.2526,0.3036,0.2398,JxP
040301,AREQUIPA,CARAVELÍ,CARAVELÍ,49.0,535.0,34.0,85.0,6.0,0.0,124.0,13.0,196.0,1365.0,0.0,11.0,518.0,13.0,43.0,713.0,1076.0,17.0,74.0,27.0,43.0,49.0,257.0,5.0,118.0,11.0,54.0,44.0,3.0,4.0,88.0,1001.0,1451.0,10.0,324.0,44.0,17.0,31.0,8453,936,445,0.5797,6.3291,0.4022,1.0056,0.071,0.0,1.4669,0.1538,2.3187,16.1481,0.0,0.1301,6.128,0.1538,0.5087,8.4349,12.7292,0.2011,0.8754,0.3194,0.5087,0.5797,3.0403,0.0592,1.396,0.1301,0.6388,0.5205,0.0355,0.0473,1.0411,11.8419,17.1655,0.1183,3.833,0.5205,0.2011,0.3667,RP
040302,AREQUIPA,CARAVELÍ,ACARÍ,10.0,216.0,13.0,13.0,4.0,0.0,40.0,3.0,61.0,458.0,0.0,3.0,326.0,8.0,8.0,287.0,275.0,5.0,32.0,17.0,7.0,18.0,56.0,3.0,42.0,8.0,26.0,21.0,1.0,1.0,38.0,412.0,228.0,3.0,79.0,17.0,5.0,12.0,2756,354,136,0.3628,7.8374,0.4717,0.4717,0.1451,0.0,1.4514,0.1089,2.2134,16.6183,0.0,0.1089,11.8287,0.2903,0.2903,10.4136,9.9782,0.1814,1.1611,0.6168,0.254,0.6531,2.0319,0.1089,1.5239,0.2903,0.9434,0.762,0.0363,0.0363,1.3788,14.9492,8.2729,0.1089,2.8665,0.6168,0.1814,0.4354,FP
040303,AREQUIPA,CARAVELÍ,ATICO,30.0,86.0,7.0,6.0,0.0,0.0,52.0,3.0,79.0,163.0,0.0,0.0,1623.0,1.0,3.0,362.0,96.0,2.0,37.0,2.0,2.0,20.0,24.0,1.0,14.0,3.0,36.0,8.0,3.0,2.0,27.0,111.0,40.0,1.0,47.0,5.0,5.0,5.0,2906,422,114,1.0323,2.9594,0.2409,0.2065,0.0,0.0,1.7894,0.1032,2.7185,5.6091,0.0,0.0,55.85,0.0344,0.1032,12.457,3.3035,0.0688,1.2732,0.0688,0.0688,0.6882,0.8259,0.0344,0.4818,0.1032,1.2388,0.2753,0.1032,0.0688,0.9291,3.8197,1.3765,0.0344,1.6173,0.1721,0.1721,0.1721,JxP
040304,AREQUIPA,CARAVELÍ,ATIQUIPA,42.0,289.0,13.0,17.0,5.0,0.0,97.0,8.0,167.0,481.0,0.0,6.0,813.0,1.0,11.0,529.0,327.0,3.0,62.0,6.0,12.0,38.0,92.0,5.0,54.0,5.0,42.0,26.0,4.0,3.0,39.0,419.0,214.0,7.0,129.0,18.0,18.0,2.0,4004,565,248,1.049,7.2178,0.3247,0.4246,0.1249,0.0,2.4226,0.1998,4.1708,12.013,0.0,0.1499,20.3047,0.025,0.2747,13.2118,8.1668,0.0749,1.5485,0.1499,0.2997,0.9491,2.2977,0.1249,1.3487,0.1249,1.049,0.6494,0.0999,0.0749,0.974,10.4645,5.3447,0.1748,3.2218,0.4496,0.4496,0.05,JxP
040305,AREQUIPA,CARAVELÍ,BELLA UNIÓN,47.0,262.0,18.0,22.0,4.0,0.0,88.0,8.0,82.0,587.0,0.0,6.0,437.0,17.0,24.0,519.0,365.0,4.0,64.0,24.0,18.0,36.0,103.0,3.0,66.0,19.0,39.0,18.0,3.0,3.0,70.0,530.0,316.0,10.0,135.0,24.0,14.0,6.0,3991,583,249,1.1776,6.5648,0.451,0.5512,0.1002,0.0,2.205,0.2005,2.0546,14.7081,0.0,0.1503,10.9496,0.426,0.6014,13.0043,9.1456,0.1002,1.6036,0.6014,0.451,0.902,2.5808,0.0752,1.6537,0.4761,0.9772,0.451,0.0752,0.0752,1.7539,13.2799,7.9178,0.2506,3.3826,0.6014,0.3508,0.1503,FP
040306,AREQUIPA,CARAVELÍ,CAHUACHO,34.0,113.0,4.0,14.0,1.0,0.0,43.0,1.0,43.0,478.0,0.0,2.0,246.0,2.0,7.0,224.0,180.0,2.0,23.0,16.0,1.0,25.0,32.0,9.0,28.0,2.0,9.0,7.0,3.0,1.0,36.0,209.0,190.0,6.0,42.0,6.0,9.0,4.0,2052,368,129,1.6569,5.5068,0.1949,0.6823,0.0487,0.0,2.0955,0.0487,2.0955,23.2943,0.0,0.0975,11.9883,0.0975,0.3411,10.9162,8.7719,0.0975,1.1209,0.7797,0.0487,1.2183,1.5595,0.4386,1.3645,0.0975,0.4386,0.3411,0.1462,0.0487,1.7544,10.1852,9.2593,0.2924,2.0468,0.2924,0.4386,0.1949,FP
040307,AREQUIPA,CARAVELÍ,CHALA,12.0,58.0,2.0,10.0,1.0,0.0,11.0,1.0,16.0,116.0,0.0,1.0,115.0,1.0,5.0,82.0,74.0,2.0,16.0,7.0,8.0,8.0,5.0,0.0,6.0,0.0,7.0,0.0,1.0,3.0,16.0,110.0,45.0,1.0,17.0,3.0,6.0,0.0,766,90,28,1.5666,7.5718,0.2611,1.3055,0.1305,0.0,1.436,0.1305,2.0888,15.1436,0.0,0.1305,15.0131,0.1305,0.6527,10.705,9.6606,0.2611,2.0888,0.9138,1.0444,1.0444,0.6527,0.0,0.7833,0.0,0.9138,0.0,0.1305,0.3916,2.0888,14.3603,5.8747,0.1305,2.2193,0.3916,0.7833,0.0,FP
040308,AREQUIPA,CARAVELÍ,CHAPARRA,105.0,594.0,45.0,36.0,8.0,0.0,181.0,13.0,310.0,1080.0,0.0,10.0,1421.0,9.0,38.0,1183.0,859.0,11.0,128.0,44.0,28.0,96.0,223.0,5.0,120.0,20.0,73.0,51.0,6.0,7.0,107.0,1161.0,589.0,12.0,388.0,39.0,28.0,19.0,9047,1171,598,1.1606,6.5657,0.4974,0.3979,0.0884,0.0,2.0007,0.1437,3.4266,11.9377,0.0,0.1105,15.7069,0.0995,0.42,13.0762,9.4949,0.1216,1.4148,0.4863,0.3095,1.0611,2.4649,0.0553,1.3264,0.2211,0.8069,0.5637,0.0663,0.0774,1.1827,12.833,6.5104,0.1326,4.2887,0.4311,0.3095,0.21,JxP
040401,AREQUIPA,CASTILLA,APLAO,13.0,135.0,5.0,8.0,0.0,0.0,41.0,6.0,45.0,378.0,0.0,1.0,474.0,4.0,8.0,252.0,150.0,0.0,19.0,8.0,4.0,13.0,26.0,0.0,15.0,5.0,44.0,5.0,0.0,1.0,33.0,141.0,173.0,3.0,48.0,1.0,2.0,1.0,2062,420,115,0.6305,6.547,0.2425,0.388,0.0,0.0,1.9884,0.291,2.1823,18.3317,0.0,0.0485,22.9874,0.194,0.388,12.2211,7.2745,0.0,0.9214,0.388,0.194,0.6305,1.2609,0.0,0.7274,0.2425,2.1339,0.2425,0.0,0.0485,1.6004,6.838,8.3899,0.1455,2.3278,0.0485,0.097,0.0485,JxP
040402,AREQUIPA,CASTILLA,ANDAGUA,15.0,108.0,9.0,14.0,2.0,0.0,26.0,3.0,24.0,582.0,0.0,1.0,210.0,3.0,6.0,192.0,149.0,1.0,23.0,4.0,6.0,16.0,33.0,0.0,13.0,1.0,5.0,10.0,2.0,1.0,39.0,120.0,201.0,3.0,37.0,7.0,9.0,7.0,1882,349,100,0.797,5.7386,0.4782,0.7439,0.1063,0.0,1.3815,0.1594,1.2752,30.9245,0.0,0.0531,11.1583,0.1594,0.3188,10.2019,7.9171,0.0531,1.2221,0.2125,0.3188,0.8502,1.7535,0.0,0.6908,0.0531,0.2657,0.5313,0.1063,0.0531,2.0723,6.3762,10.6801,0.1594,1.966,0.3719,0.4782,0.3719,FP
040403,AREQUIPA,CASTILLA,AYO,12.0,118.0,7.0,7.0,6.0,0.0,57.0,5.0,39.0,500.0,0.0,7.0,435.0,4.0,8.0,401.0,255.0,1.0,43.0,10.0,9.0,13.0,32.0,0.0,20.0,7.0,15.0,8.0,3.0,2.0,24.0,197.0,110.0,5.0,56.0,15.0,14.0,6.0,2451,370,154,0.4896,4.8144,0.2856,0.2856,0.2448,0.0,2.3256,0.204,1.5912,20.3998,0.0,0.2856,17.7479,0.1632,0.3264,16.3607,10.4039,0.0408,1.7544,0.408,0.3672,0.5304,1.3056,0.0,0.816,0.2856,0.612,0.3264,0.1224,0.0816,0.9792,8.0375,4.488,0.204,2.2848,0.612,0.5712,0.2448,FP
040404,AREQUIPA,CASTILLA,CHACHAS,1.0,8.0,0.0,5.0,0.0,0.0,6.0,0.0,10.0,91.0,0.0,1.0,93.0,2.0,0.0,31.0,14.0,1.0,2.0,4.0,1.0,2.0,3.0,0.0,2.0,2.0,3.0,1.0,0.0,0.0,6.0,19.0,28.0,0.0,10.0,1.0,1.0,0.0,348,38,11,0.2874,2.2989,0.0,1.4368,0.0,0.0,1.7241,0.0,2.8736,26.1494,0.0,0.2874,26.7241,0.5747,0.0,8.908,4.023,0.2874,0.5747,1.1494,0.2874,0.5747,0.8621,0.0,0.5747,0.5747,0.8621,0.2874,0.0,0.0,1.7241,5.4598,8.046,0.0,2.8736,0.2874,0.2874,0.0,JxP
040405,AREQUIPA,CASTILLA,CHILCAYMARCA,14.0,100.0,6.0,9.0,2.0,0.0,35.0,2.0,31.0,377.0,0.0,1.0,291.0,2.0,0.0,251.0,110.0,2.0,22.0,7.0,4.0,13.0,25.0,0.0,10.0,6.0,11.0,15.0,0.0,1.0,25.0,72.0,126.0,2.0,35.0,12.0,8.0,3.0,1630,317,92,0.8589,6.135,0.3681,0.5521,0.1227,0.0,2.1472,0.1227,1.9018,23.1288,0.0,0.0613,17.8528,0.1227,0.0,15.3988,6.7485,0.1227,1.3497,0.4294,0.2454,0.7975,1.5337,0.0,0.6135,0.3681,0.6748,0.9202,0.0,0.0613,1.5337,4.4172,7.7301,0.1227,2.1472,0.7362,0.4908,0.184,FP
040406,AREQUIPA,CASTILLA,CHOCO,1.0,17.0,3.0,0.0,0.0,0.0,2.0,2.0,4.0,89.0,0.0,0.0,78.0,1.0,0.0,25.0,20.0,0.0,5.0,1.0,0.0,2.0,3.0,0.0,0.0,1.0,2.0,0.0,0.0,0.0,8.0,4.0,2.0,0.0,1.0,1.0,0.0,1.0,273,87,15,0.3663,6.2271,1.0989,0.0,0.0,0.0,0.7326,0.7326,1.4652,32.6007,0.0,0.0,28.5714,0.3663,0.0,9.1575,7.326,0.0,1.8315,0.3663,0.0,0.7326,1.0989,0.0,0.0,0.3663,0.7326,0.0,0.0,0.0,2.9304,1.4652,0.7326,0.0,0.3663,0.3663,0.0,0.3663,FP
040407,AREQUIPA,CASTILLA,HUANCARQUI,40.0,202.0,14.0,13.0,4.0,0.0,94.0,12.0,109.0,730.0,0.0,3.0,1037.0,8.0,22.0,611.0,247.0,4.0,56.0,19.0,8.0,24.0,76.0,1.0,38.0,9.0,48.0,18.0,3.0,2.0,50.0,284.0,220.0,5.0,135.0,13.0,12.0,8.0,4179,607,192,0.9572,4.8337,0.335,0.3111,0.0957,0.0,2.2493,0.2872,2.6083,17.4683,0.0,0.0718,24.8145,0.1914,0.5264,14.6207,5.9105,0.0957,1.34,0.4547,0.1914,0.5743,1.8186,0.0239,0.9093,0.2154,1.1486,0.4307,0.0718,0.0479,1.1965,6.7959,5.2644,0.1196,3.2304,0.3111,0.2872,0.1914,JxP
040408,AREQUIPA,CASTILLA,MACHAGUAY,14.0,73.0,4.0,4.0,0.0,0.0,33.0,4.0,35.0,274.0,0.0,0.0,440.0,3.0,4.0,236.0,122.0,0.0,36.0,6.0,2.0,6.0,22.0,1.0,11.0,2.0,10.0,8.0,1.0,0.0,18.0,68.0,47.0,1.0,37.0,7.0,0.0,3.0,1532,211,111,0.9138,4.765,0.2611,0.2611,0.0,0.0,2.154,0.2611,2.2846,17.8851,0.0,0.0,28.7206,0.1958,0.2611,15.4047,7.9634,0.0,2.3499,0.3916,0.1305,0.3916,1.436,0.0653,0.718,0.1305,0.6527,0.5222,0.0653,0.0,1.1749,4.4386,3.0679,0.0653,2.4151,0.4569,0.0,0.1958,JxP
040409,AREQUIPA,CASTILLA,ORCOPAMPA,7.0,44.0,1.0,2.0,1.0,0.0,21.0,4.0,34.0,72.0,0.0,1.0,633.0,2.0,2.0,181.0,48.0,2.0,16.0,3.0,2.0,6.0,20.0,1.0,5.0,0.0,14.0,2.0,1.0,0.0,14.0,19.0,17.0,0.0,33.0,4.0,1.0,2.0,1215,158,45,0.5761,3.6214,0.0823,0.1646,0.0823,0.0,1.7284,0.3292,2.7984,5.9259,0.0,0.0823,52.0988,0.1646,0.1646,14.8971,3.9506,0.1646,1.3169,0.2469,0.1646,0.4938,1.6461,0.0823,0.4115,0.0,1.1523,0.1646,0.0823,0.0,1.1523,1.5638,1.3992,0.0,2.716,0.3292,0.0823,0.1646,JxP
040410,AREQUIPA,CASTILLA,PAMPACOLCA,2.0,28.0,3.0,6.0,0.0,0.0,5.0,2.0,16.0,262.0,0.0,0.0,113.0,0.0,1.0,67.0,23.0,2.0,9.0,9.0,3.0,9.0,9.0,0.0,4.0,0.0,5.0,9.0,0.0,0.0,12.0,45.0,50.0,0.0,17.0,5.0,1.0,2.0,719,159,31,0.2782,3.8943,0.4172,0.8345,0.0,0.0,0.6954,0.2782,2.2253,36.4395,0.0,0.0,15.7163,0.0,0.1391,9.3185,3.1989,0.2782,1.2517,1.2517,0.4172,1.2517,1.2517,0.0,0.5563,0.0,0.6954,1.2517,0.0,0.0,1.669,6.2587,6.9541,0.0,2.3644,0.6954,0.1391,0.2782,FP
040411,AREQUIPA,CASTILLA,TIPAN,2.0,22.0,4.0,3.0,0.0,0.0,4.0,2.0,8.0,276.0,0.0,0.0,61.0,1.0,1.0,53.0,42.0,1.0,10.0,3.0,1.0,7.0,18.0,2.0,4.0,0.0,6.0,9.0,0.0,0.0,4.0,78.0,66.0,1.0,16.0,2.0,5.0,0.0,712,149,26,0.2809,3.0899,0.5618,0.4213,0.0,0.0,0.5618,0.2809,1.1236,38.764,0.0,0.0,8.5674,0.1404,0.1404,7.4438,5.8989,0.1404,1.4045,0.4213,0.1404,0.9831,2.5281,0.2809,0.5618,0.0,0.8427,1.264,0.0,0.0,0.5618,10.9551,9.2697,0.1404,2.2472,0.2809,0.7022,0.0,FP
040412,AREQUIPA,CASTILLA,UÑON,4.0,43.0,1.0,2.0,0.0,0.0,18.0,2.0,7.0,168.0,0.0,0.0,334.0,0.0,3.0,105.0,53.0,3.0,11.0,1.0,1.0,2.0,6.0,0.0,10.0,2.0,11.0,4.0,1.0,0.0,22.0,30.0,20.0,0.0,16.0,2.0,0.0,0.0,882,149,43,0.4535,4.8753,0.1134,0.2268,0.0,0.0,2.0408,0.2268,0.7937,19.0476,0.0,0.0,37.8685,0.0,0.3401,11.9048,6.0091,0.3401,1.2472,0.1134,0.1134,0.2268,0.6803,0.0,1.1338,0.2268,1.2472,0.4535,0.1134,0.0,2.4943,3.4014,2.2676,0.0,1.8141,0.2268,0.0,0.0,JxP
040413,AREQUIPA,CASTILLA,URACA,5.0,43.0,1.0,6.0,1.0,0.0,6.0,0.0,15.0,439.0,0.0,1.0,82.0,1.0,7.0,85.0,37.0,0.0,15.0,4.0,2.0,2.0,16.0,7.0,1.0,3.0,5.0,3.0,1.0,0.0,11.0,60.0,132.0,1.0,12.0,5.0,5.0,1.0,1015,145,30,0.4926,4.2365,0.0985,0.5911,0.0985,0.0,0.5911,0.0,1.4778,43.2512,0.0,0.0985,8.0788,0.0985,0.6897,8.3744,3.6453,0.0,1.4778,0.3941,0.197,0.197,1.5764,0.6897,0.0985,0.2956,0.4926,0.2956,0.0985,0.0,1.0837,5.9113,13.0049,0.0985,1.1823,0.4926,0.4926,0.0985,FP
040501,AREQUIPA,CAYLLOMA,CHIVAY,57.0,461.0,36.0,51.0,7.0,0.0,133.0,6.0,103.0,599.0,0.0,6.0,601.0,19.0,27.0,626.0,530.0,7.0,69.0,26.0,15.0,64.0,157.0,3.0,63.0,12.0,34.0,55.0,2.0,4.0,76.0,455.0,318.0,2.0,167.0,21.0,8.0,15.0,4835,809,252,1.1789,9.5346,0.7446,1.0548,0.1448,0.0,2.7508,0.1241,2.1303,12.3888,0.0,0.1241,12.4302,0.393,0.5584,12.9473,10.9617,0.1448,1.4271,0.5377,0.3102,1.3237,3.2472,0.062,1.303,0.2482,0.7032,1.1375,0.0414,0.0827,1.5719,9.4105,6.577,0.0414,3.454,0.4343,0.1655,0.3102,Obras
040502,AREQUIPA,CAYLLOMA,ACHOMA,7.0,90.0,9.0,0.0,0.0,0.0,7.0,0.0,17.0,26.0,0.0,1.0,127.0,0.0,1.0,62.0,38.0,0.0,5.0,2.0,0.0,1.0,1.0,1.0,2.0,2.0,3.0,4.0,1.0,0.0,13.0,13.0,15.0,2.0,10.0,3.0,1.0,0.0,464,117,44,1.5086,19.3966,1.9397,0.0,0.0,0.0,1.5086,0.0,3.6638,5.6034,0.0,0.2155,27.3707,0.0,0.2155,13.3621,8.1897,0.0,1.0776,0.431,0.0,0.2155,0.2155,0.2155,0.431,0.431,0.6466,0.8621,0.2155,0.0,2.8017,2.8017,3.2328,0.431,2.1552,0.6466,0.2155,0.0,JxP
040503,AREQUIPA,CAYLLOMA,CABANACONDE,4.0,16.0,2.0,1.0,0.0,0.0,14.0,0.0,5.0,12.0,0.0,0.0,21.0,0.0,0.0,29.0,36.0,0.0,0.0,1.0,0.0,4.0,1.0,0.0,1.0,1.0,0.0,2.0,0.0,0.0,11.0,9.0,14.0,0.0,6.0,1.0,1.0,0.0,192,33,13,2.0833,8.3333,1.0417,0.5208,0.0,0.0,7.2917,0.0,2.6042,6.25,0.0,0.0,10.9375,0.0,0.0,15.1042,18.75,0.0,0.0,0.5208,0.0,2.0833,0.5208,0.0,0.5208,0.5208,0.0,1.0417,0.0,0.0,5.7292,4.6875,7.2917,0.0,3.125,0.5208,0.5208,0.0,PBG
040504,AREQUIPA,CAYLLOMA,CALLALLI,10.0,21.0,5.0,0.0,1.0,0.0,11.0,4.0,13.0,18.0,0.0,0.0,282.0,3.0,3.0,43.0,31.0,0.0,12.0,7.0,0.0,6.0,1.0,0.0,4.0,2.0,4.0,1.0,1.0,1.0,21.0,14.0,8.0,0.0,11.0,1.0,1.0,1.0,541,136,40,1.8484,3.8817,0.9242,0.0,0.1848,0.0,2.0333,0.7394,2.403,3.3272,0.0,0.0,52.1257,0.5545,0.5545,7.9482,5.7301,0.0,2.2181,1.2939,0.0,1.1091,0.1848,0.0,0.7394,0.3697,0.7394,0.1848,0.1848,0.1848,3.8817,2.5878,1.4787,0.0,2.0333,0.1848,0.1848,0.1848,JxP
040505,AREQUIPA,CAYLLOMA,CAYLLOMA,6.0,63.0,0.0,1.0,1.0,0.0,23.0,0.0,20.0,12.0,0.0,0.0,113.0,2.0,4.0,94.0,74.0,1.0,19.0,1.0,1.0,7.0,21.0,1.0,2.0,3.0,10.0,2.0,0.0,2.0,18.0,26.0,6.0,0.0,33.0,0.0,2.0,0.0,568,98,23,1.0563,11.0915,0.0,0.1761,0.1761,0.0,4.0493,0.0,3.5211,2.1127,0.0,0.0,19.8944,0.3521,0.7042,16.5493,13.0282,0.1761,3.3451,0.1761,0.1761,1.2324,3.6972,0.1761,0.3521,0.5282,1.7606,0.3521,0.0,0.3521,3.169,4.5775,1.0563,0.0,5.8099,0.0,0.3521,0.0,JxP
040506,AREQUIPA,CAYLLOMA,COPORAQUE,11.0,22.0,3.0,0.0,0.0,0.0,13.0,4.0,8.0,22.0,0.0,3.0,53.0,1.0,1.0,48.0,31.0,2.0,1.0,5.0,1.0,2.0,2.0,0.0,6.0,3.0,6.0,1.0,0.0,0.0,3.0,28.0,4.0,2.0,7.0,4.0,0.0,0.0,297,66,17,3.7037,7.4074,1.0101,0.0,0.0,0.0,4.3771,1.3468,2.6936,7.4074,0.0,1.0101,17.8451,0.3367,0.3367,16.1616,10.4377,0.6734,0.3367,1.6835,0.3367,0.6734,0.6734,0.0,2.0202,1.0101,2.0202,0.3367,0.0,0.0,1.0101,9.4276,1.3468,0.6734,2.3569,1.3468,0.0,0.0,JxP
040507,AREQUIPA,CAYLLOMA,HUAMBO,13.0,101.0,12.0,9.0,2.0,0.0,19.0,0.0,26.0,113.0,0.0,2.0,110.0,5.0,3.0,132.0,172.0,1.0,13.0,4.0,2.0,7.0,33.0,1.0,10.0,1.0,12.0,6.0,2.0,0.0,29.0,119.0,136.0,2.0,32.0,4.0,8.0,9.0,1150,167,70,1.1304,8.7826,1.0435,0.7826,0.1739,0.0,1.6522,0.0,2.2609,9.8261,0.0,0.1739,9.5652,0.4348,0.2609,11.4783,14.9565,0.087,1.1304,0.3478,0.1739,0.6087,2.8696,0.087,0.8696,0.087,1.0435,0.5217,0.1739,0.0,2.5217,10.3478,11.8261,0.1739,2.7826,0.3478,0.6957,0.7826,PBG
040508,AREQUIPA,CAYLLOMA,HUANCA,6.0,29.0,2.0,2.0,0.0,0.0,2.0,0.0,9.0,19.0,0.0,5.0,81.0,0.0,3.0,44.0,20.0,0.0,7.0,3.0,0.0,2.0,9.0,0.0,2.0,2.0,1.0,3.0,1.0,2.0,10.0,20.0,17.0,1.0,4.0,0.0,2.0,1.0,309,63,22,1.9417,9.3851,0.6472,0.6472,0.0,0.0,0.6472,0.0,2.9126,6.1489,0.0,1.6181,26.2136,0.0,0.9709,14.2395,6.4725,0.0,2.2654,0.9709,0.0,0.6472,2.9126,0.0,0.6472,0.6472,0.3236,0.9709,0.3236,0.6472,3.2362,6.4725,5.5016,0.3236,1.2945,0.0,0.6472,0.3236,JxP
040509,AREQUIPA,CAYLLOMA,ICHUPAMPA,18.0,124.0,5.0,4.0,2.0,0.0,48.0,7.0,58.0,60.0,0.0,5.0,424.0,0.0,11.0,331.0,176.0,7.0,32.0,13.0,3.0,28.0,43.0,1.0,9.0,4.0,22.0,8.0,0.0,3.0,60.0,48.0,21.0,2.0,69.0,6.0,2.0,0.0,1654,304,150,1.0883,7.497,0.3023,0.2418,0.1209,0.0,2.9021,0.4232,3.5067,3.6276,0.0,0.3023,25.6348,0.0,0.6651,20.0121,10.6409,0.4232,1.9347,0.786,0.1814,1.6929,2.5998,0.0605,0.5441,0.2418,1.3301,0.4837,0.0,0.1814,3.6276,2.9021,1.2696,0.1209,4.1717,0.3628,0.1209,0.0,JxP
040510,AREQUIPA,CAYLLOMA,LARI,5.0,58.0,9.0,8.0,0.0,0.0,11.0,1.0,16.0,71.0,0.0,1.0,194.0,3.0,1.0,115.0,69.0,6.0,7.0,6.0,2.0,18.0,10.0,1.0,7.0,4.0,12.0,6.0,2.0,1.0,26.0,33.0,26.0,2.0,22.0,3.0,0.0,4.0,760,202,79,0.6579,7.6316,1.1842,1.0526,0.0,0.0,1.4474,0.1316,2.1053,9.3421,0.0,0.1316,25.5263,0.3947,0.1316,15.1316,9.0789,0.7895,0.9211,0.7895,0.2632,2.3684,1.3158,0.1316,0.9211,0.5263,1.5789,0.7895,0.2632,0.1316,3.4211,4.3421,3.4211,0.2632,2.8947,0.3947,0.0,0.5263,JxP
040511,AREQUIPA,CAYLLOMA,LLUTA,0.0,16.0,1.0,1.0,0.0,0.0,7.0,0.0,4.0,15.0,0.0,0.0,54.0,1.0,0.0,35.0,30.0,1.0,1.0,2.0,0.0,1.0,8.0,0.0,5.0,0.0,5.0,15.0,0.0,0.0,6.0,14.0,21.0,3.0,2.0,1.0,0.0,0.0,249,48,15,0.0,6.4257,0.4016,0.4016,0.0,0.0,2.8112,0.0,1.6064,6.0241,0.0,0.0,21.6867,0.4016,0.0,14.0562,12.0482,0.4016,0.4016,0.8032,0.0,0.4016,3.2129,0.0,2.008,0.0,2.008,6.0241,0.0,0.0,2.4096,5.6225,8.4337,1.2048,0.8032,0.4016,0.0,0.0,JxP
040512,AREQUIPA,CAYLLOMA,MACA,36.0,334.0,19.0,68.0,7.0,0.0,111.0,4.0,83.0,457.0,0.0,7.0,444.0,9.0,14.0,412.0,425.0,18.0,42.0,32.0,10.0,31.0,107.0,5.0,37.0,11.0,32.0,21.0,2.0,2.0,54.0,334.0,306.0,4.0,143.0,27.0,22.0,23.0,3693,533,195,0.9748,9.0441,0.5145,1.8413,0.1895,0.0,3.0057,0.1083,2.2475,12.3748,0.0,0.1895,12.0227,0.2437,0.3791,11.1562,11.5083,0.4874,1.1373,0.8665,0.2708,0.8394,2.8974,0.1354,1.0019,0.2979,0.8665,0.5686,0.0542,0.0542,1.4622,9.0441,8.2859,0.1083,3.8722,0.7311,0.5957,0.6228,FP
040513,AREQUIPA,CAYLLOMA,MADRIGAL,2.0,14.0,1.0,0.0,0.0,0.0,3.0,0.0,3.0,4.0,0.0,1.0,41.0,0.0,2.0,13.0,9.0,0.0,1.0,1.0,0.0,1.0,1.0,0.0,1.0,0.0,1.0,0.0,0.0,1.0,3.0,11.0,11.0,1.0,3.0,1.0,0.0,1.0,131,23,6,1.5267,10.687,0.7634,0.0,0.0,0.0,2.2901,0.0,2.2901,3.0534,0.0,0.7634,31.2977,0.0,1.5267,9.9237,6.8702,0.0,0.7634,0.7634,0.0,0.7634,0.7634,0.0,0.7634,0.0,0.7634,0.0,0.0,0.7634,2.2901,8.3969,8.3969,0.7634,2.2901,0.7634,0.0,0.7634,JxP
040514,AREQUIPA,CAYLLOMA,SAN ANTONIO DE CHUCA,12.0,51.0,12.0,8.0,0.0,0.0,26.0,4.0,19.0,53.0,0.0,2.0,84.0,1.0,2.0,28.0,56.0,4.0,11.0,5.0,0.0,8.0,16.0,0.0,2.0,2.0,4.0,5.0,0.0,0.0,17.0,29.0,26.0,1.0,17.0,1.0,0.0,0.0,506,106,53,2.3715,10.0791,2.3715,1.581,0.0,0.0,5.1383,0.7905,3.7549,10.4743,0.0,0.3953,16.6008,0.1976,0.3953,5.5336,11.0672,0.7905,2.1739,0.9881,0.0,1.581,3.1621,0.0,0.3953,0.3953,0.7905,0.9881,0.0,0.0,3.3597,5.7312,5.1383,0.1976,3.3597,0.1976,0.0,0.0,JxP
040601,AREQUIPA,CONDESUYOS,CHUQUIBAMBA,20.0,135.0,17.0,40.0,1.0,0.0,20.0,2.0,30.0,180.0,0.0,1.0,242.0,2.0,5.0,162.0,183.0,4.0,4.0,5.0,10.0,16.0,38.0,0.0,14.0,4.0,5.0,6.0,1.0,1.0,34.0,96.0,76.0,0.0,41.0,10.0,5.0,1.0,1411,277,162,1.4174,9.5677,1.2048,2.8349,0.0709,0.0,1.4174,0.1417,2.1262,12.7569,0.0,0.0709,17.151,0.1417,0.3544,11.4812,12.9695,0.2835,0.2835,0.3544,0.7087,1.1339,2.6931,0.0,0.9922,0.2835,0.3544,0.4252,0.0709,0.0709,2.4096,6.8037,5.3863,0.0,2.9057,0.7087,0.3544,0.0709,JxP
040602,AREQUIPA,CONDESUYOS,ANDARAY,3.0,32.0,2.0,3.0,0.0,0.0,8.0,0.0,5.0,11.0,0.0,0.0,83.0,0.0,0.0,35.0,35.0,0.0,4.0,4.0,0.0,3.0,4.0,0.0,1.0,1.0,2.0,2.0,0.0,0.0,9.0,18.0,6.0,1.0,7.0,1.0,0.0,1.0,281,42,29,1.0676,11.3879,0.7117,1.0676,0.0,0.0,2.847,0.0,1.7794,3.9146,0.0,0.0,29.5374,0.0,0.0,12.4555,12.4555,0.0,1.4235,1.4235,0.0,1.0676,1.4235,0.0,0.3559,0.3559,0.7117,0.7117,0.0,0.0,3.2028,6.4057,2.1352,0.3559,2.4911,0.3559,0.0,0.3559,JxP
040603,AREQUIPA,CONDESUYOS,CAYARANI,27.0,52.0,3.0,0.0,2.0,0.0,10.0,5.0,24.0,26.0,0.0,3.0,371.0,0.0,2.0,138.0,22.0,0.0,21.0,4.0,0.0,8.0,5.0,0.0,6.0,1.0,3.0,0.0,1.0,0.0,25.0,4.0,7.0,4.0,9.0,4.0,0.0,0.0,787,228,72,3.4307,6.6074,0.3812,0.0,0.2541,0.0,1.2706,0.6353,3.0496,3.3037,0.0,0.3812,47.141,0.0,0.2541,17.5349,2.7954,0.0,2.6684,0.5083,0.0,1.0165,0.6353,0.0,0.7624,0.1271,0.3812,0.0,0.1271,0.0,3.1766,0.5083,0.8895,0.5083,1.1436,0.5083,0.0,0.0,JxP
040604,AREQUIPA,CONDESUYOS,CHICHAS,5.0,40.0,1.0,0.0,0.0,0.0,4.0,2.0,2.0,24.0,0.0,0.0,52.0,0.0,0.0,18.0,39.0,1.0,2.0,1.0,0.0,6.0,0.0,0.0,1.0,1.0,3.0,2.0,0.0,0.0,10.0,14.0,8.0,1.0,3.0,3.0,0.0,0.0,243,80,14,2.0576,16.4609,0.4115,0.0,0.0,0.0,1.6461,0.823,0.823,9.8765,0.0,0.0,21.3992,0.0,0.0,7.4074,16.0494,0.4115,0.823,0.4115,0.0,2.4691,0.0,0.0,0.4115,0.4115,1.2346,0.823,0.0,0.0,4.1152,5.7613,3.2922,0.4115,1.2346,1.2346,0.0,0.0,JxP
040605,AREQUIPA,CONDESUYOS,IRAY,4.0,40.0,2.0,1.0,0.0,0.0,6.0,0.0,5.0,50.0,0.0,0.0,35.0,0.0,0.0,49.0,38.0,0.0,2.0,1.0,0.0,4.0,8.0,0.0,3.0,2.0,9.0,3.0,1.0,0.0,7.0,23.0,40.0,1.0,7.0,8.0,1.0,2.0,352,61,29,1.1364,11.3636,0.5682,0.2841,0.0,0.0,1.7045,0.0,1.4205,14.2045,0.0,0.0,9.9432,0.0,0.0,13.9205,10.7955,0.0,0.5682,0.2841,0.0,1.1364,2.2727,0.0,0.8523,0.5682,2.5568,0.8523,0.2841,0.0,1.9886,6.5341,11.3636,0.2841,1.9886,2.2727,0.2841,0.5682,FP
040606,AREQUIPA,CONDESUYOS,RÍO GRANDE,5.0,31.0,5.0,3.0,1.0,0.0,0.0,2.0,9.0,16.0,0.0,0.0,95.0,0.0,1.0,26.0,13.0,0.0,1.0,1.0,0.0,4.0,6.0,0.0,1.0,0.0,4.0,1.0,0.0,0.0,8.0,3.0,4.0,1.0,4.0,2.0,0.0,0.0,247,75,19,2.0243,12.5506,2.0243,1.2146,0.4049,0.0,0.0,0.8097,3.6437,6.4777,0.0,0.0,38.4615,0.0,0.4049,10.5263,5.2632,0.0,0.4049,0.4049,0.0,1.6194,2.4291,0.0,0.4049,0.0,1.6194,0.4049,0.0,0.0,3.2389,1.2146,1.6194,0.4049,1.6194,0.8097,0.0,0.0,JxP
040607,AREQUIPA,CONDESUYOS,SALAMANCA,21.0,116.0,6.0,6.0,1.0,0.0,52.0,2.0,44.0,86.0,0.0,0.0,1069.0,5.0,7.0,328.0,172.0,3.0,41.0,26.0,3.0,27.0,20.0,4.0,11.0,10.0,31.0,11.0,3.0,1.0,45.0,79.0,27.0,6.0,49.0,5.0,4.0,2.0,2323,460,127,0.904,4.9935,0.2583,0.2583,0.043,0.0,2.2385,0.0861,1.8941,3.7021,0.0,0.0,46.0181,0.2152,0.3013,14.1197,7.4042,0.1291,1.765,1.1192,0.1291,1.1623,0.861,0.1722,0.4735,0.4305,1.3345,0.4735,0.1291,0.043,1.9372,3.4008,1.1623,0.2583,2.1093,0.2152,0.1722,0.0861,JxP
040608,AREQUIPA,CONDESUYOS,YANAQUIHUA,13.0,101.0,12.0,6.0,1.0,0.0,34.0,2.0,26.0,146.0,0.0,1.0,437.0,2.0,8.0,214.0,131.0,1.0,13.0,7.0,1.0,14.0,25.0,2.0,7.0,2.0,15.0,0.0,2.0,0.0,22.0,54.0,41.0,0.0,33.0,4.0,3.0,1.0,1381,229,39,0.9413,7.3135,0.8689,0.4345,0.0724,0.0,2.462,0.1448,1.8827,10.572,0.0,0.0724,31.6437,0.1448,0.5793,15.496,9.4859,0.0724,0.9413,0.5069,0.0724,1.0138,1.8103,0.1448,0.5069,0.1448,1.0862,0.0,0.1448,0.0,1.593,3.9102,2.9689,0.0,2.3896,0.2896,0.2172,0.0724,JxP
040701,AREQUIPA,ISLAY,MOLLENDO,139.0,1272.0,65.0,339.0,17.0,0.0,357.0,15.0,415.0,1299.0,0.0,29.0,996.0,25.0,82.0,1981.0,1998.0,33.0,71.0,58.0,55.0,79.0,631.0,14.0,95.0,44.0,94.0,59.0,15.0,10.0,220.0,2020.0,1537.0,12.0,650.0,72.0,39.0,87.0,14924,1648,829,0.9314,8.5232,0.4355,2.2715,0.1139,0.0,2.3921,0.1005,2.7808,8.7041,0.0,0.1943,6.6738,0.1675,0.5495,13.2739,13.3878,0.2211,0.4757,0.3886,0.3685,0.5293,4.2281,0.0938,0.6366,0.2948,0.6299,0.3953,0.1005,0.067,1.4741,13.5352,10.2988,0.0804,4.3554,0.4824,0.2613,0.583,PxT
040702,AREQUIPA,ISLAY,COCACHACRA,95.0,588.0,32.0,47.0,7.0,0.0,227.0,7.0,272.0,469.0,0.0,6.0,1270.0,11.0,23.0,916.0,704.0,2.0,79.0,38.0,23.0,55.0,200.0,2.0,57.0,8.0,53.0,20.0,8.0,7.0,127.0,575.0,376.0,8.0,246.0,23.0,13.0,19.0,6613,796,485,1.4366,8.8916,0.4839,0.7107,0.1059,0.0,3.4326,0.1059,4.1131,7.0921,0.0,0.0907,19.2046,0.1663,0.3478,13.8515,10.6457,0.0302,1.1946,0.5746,0.3478,0.8317,3.0243,0.0302,0.8619,0.121,0.8015,0.3024,0.121,0.1059,1.9205,8.695,5.6858,0.121,3.7199,0.3478,0.1966,0.2873,JxP
040703,AREQUIPA,ISLAY,DEAN VALDIVIA,77.0,299.0,12.0,27.0,2.0,0.0,100.0,5.0,133.0,229.0,0.0,14.0,1327.0,3.0,12.0,706.0,382.0,4.0,53.0,10.0,12.0,43.0,138.0,2.0,17.0,7.0,48.0,14.0,0.0,2.0,79.0,285.0,203.0,4.0,162.0,4.0,8.0,8.0,4431,480,202,1.7378,6.7479,0.2708,0.6093,0.0451,0.0,2.2568,0.1128,3.0016,5.1681,0.0,0.316,29.9481,0.0677,0.2708,15.9332,8.6211,0.0903,1.1961,0.2257,0.2708,0.9704,3.1144,0.0451,0.3837,0.158,1.0833,0.316,0.0,0.0451,1.7829,6.432,4.5814,0.0903,3.6561,0.0903,0.1805,0.1805,JxP
040704,AREQUIPA,ISLAY,ISLAY,9.0,194.0,9.0,22.0,1.0,0.0,74.0,5.0,93.0,332.0,0.0,2.0,331.0,1.0,10.0,628.0,320.0,7.0,26.0,13.0,3.0,21.0,102.0,2.0,25.0,11.0,16.0,19.0,1.0,12.0,39.0,295.0,164.0,2.0,150.0,9.0,13.0,7.0,2968,438,153,0.3032,6.5364,0.3032,0.7412,0.0337,0.0,2.4933,0.1685,3.1334,11.186,0.0,0.0674,11.1523,0.0337,0.3369,21.159,10.7817,0.2358,0.876,0.438,0.1011,0.7075,3.4367,0.0674,0.8423,0.3706,0.5391,0.6402,0.0337,0.4043,1.314,9.9394,5.5256,0.0674,5.0539,0.3032,0.438,0.2358,Obras
040705,AREQUIPA,ISLAY,MEJIA,12.0,98.0,4.0,10.0,0.0,0.0,23.0,0.0,35.0,67.0,0.0,0.0,148.0,1.0,5.0,122.0,164.0,1.0,5.0,5.0,5.0,7.0,47.0,1.0,6.0,4.0,9.0,4.0,0.0,1.0,16.0,83.0,187.0,0.0,33.0,4.0,1.0,4.0,1112,72,35,1.0791,8.8129,0.3597,0.8993,0.0,0.0,2.0683,0.0,3.1475,6.0252,0.0,0.0,13.3094,0.0899,0.4496,10.9712,14.7482,0.0899,0.4496,0.4496,0.4496,0.6295,4.2266,0.0899,0.5396,0.3597,0.8094,0.3597,0.0,0.0899,1.4388,7.464,16.8165,0.0,2.9676,0.3597,0.0899,0.3597,RP
040706,AREQUIPA,ISLAY,PUNTA DE BOMBÓN,57.0,262.0,33.0,44.0,3.0,0.0,149.0,6.0,115.0,232.0,0.0,6.0,1057.0,4.0,9.0,779.0,498.0,2.0,72.0,23.0,25.0,28.0,103.0,1.0,21.0,9.0,51.0,8.0,2.0,4.0,64.0,256.0,283.0,5.0,155.0,7.0,8.0,26.0,4407,549,190,1.2934,5.9451,0.7488,0.9984,0.0681,0.0,3.381,0.1361,2.6095,5.2644,0.0,0.1361,23.9846,0.0908,0.2042,17.6764,11.3002,0.0454,1.6338,0.5219,0.5673,0.6354,2.3372,0.0227,0.4765,0.2042,1.1572,0.1815,0.0454,0.0908,1.4522,5.8089,6.4216,0.1135,3.5171,0.1588,0.1815,0.59,JxP
040801,AREQUIPA,LA UNIÒN,COTAHUASI,5.0,99.0,23.0,1.0,0.0,0.0,17.0,1.0,27.0,65.0,0.0,1.0,270.0,0.0,2.0,128.0,102.0,0.0,9.0,5.0,1.0,12.0,30.0,1.0,9.0,3.0,10.0,0.0,0.0,1.0,18.0,41.0,28.0,1.0,14.0,3.0,3.0,0.0,930,231,88,0.5376,10.6452,2.4731,0.1075,0.0,0.0,1.828,0.1075,2.9032,6.9892,0.0,0.1075,29.0323,0.0,0.2151,13.7634,10.9677,0.0,0.9677,0.5376,0.1075,1.2903,3.2258,0.1075,0.9677,0.3226,1.0753,0.0,0.0,0.1075,1.9355,4.4086,3.0108,0.1075,1.5054,0.3226,0.3226,0.0,JxP
040802,AREQUIPA,LA UNIÒN,ALCA,12.0,34.0,21.0,2.0,1.0,0.0,5.0,3.0,17.0,38.0,0.0,6.0,234.0,1.0,2.0,70.0,28.0,1.0,17.0,8.0,0.0,14.0,10.0,0.0,1.0,3.0,23.0,5.0,0.0,0.0,14.0,32.0,24.0,3.0,7.0,0.0,1.0,2.0,639,242,90,1.8779,5.3208,3.2864,0.313,0.1565,0.0,0.7825,0.4695,2.6604,5.9468,0.0,0.939,36.6197,0.1565,0.313,10.9546,4.3818,0.1565,2.6604,1.252,0.0,2.1909,1.5649,0.0,0.1565,0.4695,3.5994,0.7825,0.0,0.0,2.1909,5.0078,3.7559,0.4695,1.0955,0.0,0.1565,0.313,JxP
040803,AREQUIPA,LA UNIÒN,CHARCANA,0.0,15.0,8.0,0.0,1.0,0.0,1.0,1.0,3.0,12.0,0.0,5.0,92.0,0.0,0.0,27.0,5.0,0.0,3.0,2.0,1.0,3.0,6.0,0.0,1.0,1.0,2.0,3.0,0.0,0.0,13.0,9.0,8.0,0.0,2.0,0.0,0.0,1.0,225,81,12,0.0,6.6667,3.5556,0.0,0.4444,0.0,0.4444,0.4444,1.3333,5.3333,0.0,2.2222,40.8889,0.0,0.0,12.0,2.2222,0.0,1.3333,0.8889,0.4444,1.3333,2.6667,0.0,0.4444,0.4444,0.8889,1.3333,0.0,0.0,5.7778,4.0,3.5556,0.0,0.8889,0.0,0.0,0.4444,JxP
040804,AREQUIPA,LA UNIÒN,HUAYNACOTAS,12.0,71.0,37.0,2.0,2.0,0.0,8.0,2.0,11.0,54.0,0.0,2.0,223.0,1.0,2.0,124.0,22.0,1.0,17.0,4.0,0.0,6.0,7.0,0.0,7.0,6.0,10.0,7.0,2.0,0.0,7.0,25.0,20.0,5.0,13.0,3.0,0.0,1.0,714,253,78,1.6807,9.944,5.1821,0.2801,0.2801,0.0,1.1204,0.2801,1.5406,7.563,0.0,0.2801,31.2325,0.1401,0.2801,17.3669,3.0812,0.1401,2.381,0.5602,0.0,0.8403,0.9804,0.0,0.9804,0.8403,1.4006,0.9804,0.2801,0.0,0.9804,3.5014,2.8011,0.7003,1.8207,0.4202,0.0,0.1401,JxP
040805,AREQUIPA,LA UNIÒN,PAMPAMARCA,2.0,44.0,17.0,0.0,0.0,0.0,8.0,3.0,9.0,16.0,0.0,1.0,178.0,2.0,1.0,62.0,35.0,4.0,14.0,7.0,1.0,10.0,3.0,0.0,1.0,5.0,6.0,7.0,1.0,1.0,17.0,4.0,23.0,0.0,2.0,0.0,0.0,0.0,484,149,53,0.4132,9.0909,3.5124,0.0,0.0,0.0,1.6529,0.6198,1.8595,3.3058,0.0,0.2066,36.7769,0.4132,0.2066,12.8099,7.2314,0.8264,2.8926,1.4463,0.2066,2.0661,0.6198,0.0,0.2066,1.0331,1.2397,1.4463,0.2066,0.2066,3.5124,0.8264,4.7521,0.0,0.4132,0.0,0.0,0.0,JxP
040806,AREQUIPA,LA UNIÒN,PUYCA,22.0,29.0,22.0,0.0,0.0,0.0,1.0,4.0,8.0,21.0,0.0,2.0,285.0,0.0,1.0,120.0,10.0,0.0,15.0,12.0,2.0,13.0,8.0,0.0,9.0,5.0,11.0,13.0,0.0,1.0,31.0,8.0,5.0,9.0,9.0,2.0,0.0,2.0,680,372,74,3.2353,4.2647,3.2353,0.0,0.0,0.0,0.1471,0.5882,1.1765,3.0882,0.0,0.2941,41.9118,0.0,0.1471,17.6471,1.4706,0.0,2.2059,1.7647,0.2941,1.9118,1.1765,0.0,1.3235,0.7353,1.6176,1.9118,0.0,0.1471,4.5588,1.1765,0.7353,1.3235,1.3235,0.2941,0.0,0.2941,JxP
040807,AREQUIPA,LA UNIÒN,QUECHUALLA,5.0,45.0,6.0,0.0,0.0,0.0,2.0,0.0,5.0,15.0,0.0,0.0,81.0,0.0,0.0,21.0,16.0,0.0,9.0,1.0,1.0,1.0,3.0,0.0,1.0,1.0,3.0,1.0,0.0,0.0,5.0,16.0,0.0,1.0,0.0,0.0,0.0,1.0,240,46,10,2.0833,18.75,2.5,0.0,0.0,0.0,0.8333,0.0,2.0833,6.25,0.0,0.0,33.75,0.0,0.0,8.75,6.6667,0.0,3.75,0.4167,0.4167,0.4167,1.25,0.0,0.4167,0.4167,1.25,0.4167,0.0,0.0,2.0833,6.6667,0.0,0.4167,0.0,0.0,0.0,0.4167,JxP
040808,AREQUIPA,LA UNIÒN,SAYLA,2.0,12.0,3.0,1.0,0.0,0.0,5.0,1.0,1.0,12.0,0.0,1.0,44.0,0.0,0.0,11.0,4.0,1.0,0.0,0.0,0.0,5.0,0.0,0.0,5.0,0.0,1.0,1.0,0.0,0.0,4.0,4.0,3.0,0.0,0.0,1.0,0.0,2.0,124,27,8,1.6129,9.6774,2.4194,0.8065,0.0,0.0,4.0323,0.8065,0.8065,9.6774,0.0,0.8065,35.4839,0.0,0.0,8.871,3.2258,0.8065,0.0,0.0,0.0,4.0323,0.0,0.0,4.0323,0.0,0.8065,0.8065,0.0,0.0,3.2258,3.2258,2.4194,0.0,0.0,0.8065,0.0,1.6129,JxP
040809,AREQUIPA,LA UNIÒN,TAURIA,2.0,7.0,1.0,1.0,0.0,0.0,10.0,0.0,0.0,10.0,0.0,0.0,27.0,0.0,2.0,42.0,8.0,0.0,1.0,2.0,1.0,3.0,2.0,0.0,0.0,3.0,5.0,1.0,0.0,0.0,0.0,10.0,0.0,1.0,2.0,2.0,0.0,0.0,143,34,8,1.3986,4.8951,0.6993,0.6993,0.0,0.0,6.993,0.0,0.0,6.993,0.0,0.0,18.8811,0.0,1.3986,29.3706,5.5944,0.0,0.6993,1.3986,0.6993,2.0979,1.3986,0.0,0.0,2.0979,3.4965,0.6993,0.0,0.0,0.0,6.993,0.0,0.6993,1.3986,1.3986,0.0,0.0,Obras
040810,AREQUIPA,LA UNIÒN,TOMEPAMPA,0.0,32.0,8.0,1.0,0.0,0.0,4.0,0.0,4.0,35.0,0.0,0.0,54.0,0.0,1.0,33.0,24.0,0.0,1.0,1.0,0.0,5.0,3.0,0.0,3.0,1.0,5.0,0.0,0.0,0.0,5.0,25.0,11.0,0.0,6.0,2.0,0.0,1.0,265,73,28,0.0,12.0755,3.0189,0.3774,0.0,0.0,1.5094,0.0,1.5094,13.2075,0.0,0.0,20.3774,0.0,0.3774,12.4528,9.0566,0.0,0.3774,0.3774,0.0,1.8868,1.1321,0.0,1.1321,0.3774,1.8868,0.0,0.0,0.0,1.8868,9.434,4.1509,0.0,2.2642,0.7547,0.0,0.3774,JxP
040811,AREQUIPA,LA UNIÒN,TORO,4.0,29.0,14.0,2.0,0.0,0.0,2.0,2.0,1.0,13.0,0.0,1.0,66.0,0.0,1.0,22.0,16.0,1.0,8.0,0.0,1.0,3.0,0.0,1.0,1.0,1.0,0.0,3.0,0.0,0.0,11.0,3.0,4.0,0.0,1.0,2.0,0.0,0.0,213,50,21,1.8779,13.615,6.5728,0.939,0.0,0.0,0.939,0.939,0.4695,6.1033,0.0,0.4695,30.9859,0.0,0.4695,10.3286,7.5117,0.4695,3.7559,0.0,0.4695,1.4085,0.0,0.4695,0.4695,0.4695,0.0,1.4085,0.0,0.0,5.1643,1.4085,1.8779,0.0,0.4695,0.939,0.0,0.0,JxP
050101,AYACUCHO,HUAMANGA,AYACUCHO,490.0,10274.0,311.0,265.0,32.0,0.0,698.0,48.0,1529.0,4224.0,0.0,105.0,6591.0,301.0,236.0,6722.0,5322.0,75.0,488.0,212.0,132.0,402.0,1725.0,34.0,538.0,96.0,459.0,188.0,14.0,31.0,501.0,1962.0,2560.0,35.0,1615.0,351.0,96.0,100.0,48762,5133,2408,1.0049,21.0697,0.6378,0.5435,0.0656,0.0,1.4314,0.0984,3.1356,8.6625,0.0,0.2153,13.5167,0.6173,0.484,13.7853,10.9142,0.1538,1.0008,0.4348,0.2707,0.8244,3.5376,0.0697,1.1033,0.1969,0.9413,0.3855,0.0287,0.0636,1.0274,4.0236,5.25,0.0718,3.312,0.7198,0.1969,0.2051,AN
050102,AYACUCHO,HUAMANGA,ACOCRO,38.0,179.0,9.0,1.0,3.0,0.0,33.0,2.0,29.0,254.0,0.0,3.0,1329.0,12.0,0.0,253.0,46.0,5.0,65.0,9.0,6.0,31.0,13.0,0.0,21.0,4.0,32.0,12.0,4.0,2.0,56.0,18.0,21.0,12.0,26.0,2.0,0.0,0.0,2530,644,230,1.502,7.0751,0.3557,0.0395,0.1186,0.0,1.3043,0.0791,1.1462,10.0395,0.0,0.1186,52.5296,0.4743,0.0,10.0,1.8182,0.1976,2.5692,0.3557,0.2372,1.2253,0.5138,0.0,0.83,0.1581,1.2648,0.4743,0.1581,0.0791,2.2134,0.7115,0.83,0.4743,1.0277,0.0791,0.0,0.0,JxP
050103,AYACUCHO,HUAMANGA,ACOS VINCHOS,105.0,2433.0,87.0,26.0,6.0,0.0,190.0,17.0,463.0,1047.0,0.0,22.0,3184.0,140.0,52.0,2371.0,1122.0,17.0,209.0,52.0,32.0,151.0,352.0,6.0,162.0,39.0,177.0,48.0,9.0,8.0,241.0,444.0,323.0,20.0,444.0,79.0,23.0,23.0,14124,1845,758,0.7434,17.226,0.616,0.1841,0.0425,0.0,1.3452,0.1204,3.2781,7.4129,0.0,0.1558,22.5432,0.9912,0.3682,16.787,7.9439,0.1204,1.4798,0.3682,0.2266,1.0691,2.4922,0.0425,1.147,0.2761,1.2532,0.3398,0.0637,0.0566,1.7063,3.1436,2.2869,0.1416,3.1436,0.5593,0.1628,0.1628,JxP
050104,AYACUCHO,HUAMANGA,CARMEN ALTO,50.0,400.0,16.0,1.0,2.0,0.0,68.0,3.0,61.0,147.0,0.0,4.0,1723.0,9.0,3.0,537.0,121.0,7.0,65.0,26.0,4.0,56.0,27.0,1.0,16.0,9.0,35.0,23.0,3.0,3.0,68.0,27.0,57.0,14.0,37.0,20.0,6.0,2.0,3651,637,276,1.3695,10.9559,0.4382,0.0274,0.0548,0.0,1.8625,0.0822,1.6708,4.0263,0.0,0.1096,47.1925,0.2465,0.0822,14.7083,3.3142,0.1917,1.7803,0.7121,0.1096,1.5338,0.7395,0.0274,0.4382,0.2465,0.9586,0.63,0.0822,0.0822,1.8625,0.7395,1.5612,0.3835,1.0134,0.5478,0.1643,0.0548,JxP
050105,AYACUCHO,HUAMANGA,CHIARA,37.0,479.0,25.0,6.0,3.0,0.0,46.0,13.0,97.0,357.0,0.0,10.0,937.0,32.0,13.0,488.0,97.0,10.0,42.0,25.0,8.0,49.0,43.0,3.0,35.0,12.0,37.0,13.0,3.0,5.0,55.0,78.0,71.0,10.0,58.0,15.0,10.0,2.0,3224,660,214,1.1476,14.8573,0.7754,0.1861,0.0931,0.0,1.4268,0.4032,3.0087,11.0732,0.0,0.3102,29.0633,0.9926,0.4032,15.1365,3.0087,0.3102,1.3027,0.7754,0.2481,1.5199,1.3337,0.0931,1.0856,0.3722,1.1476,0.4032,0.0931,0.1551,1.706,2.4194,2.2022,0.3102,1.799,0.4653,0.3102,0.062,JxP
050106,AYACUCHO,HUAMANGA,OCROS,51.0,119.0,17.0,2.0,0.0,0.0,12.0,2.0,27.0,171.0,0.0,4.0,418.0,9.0,2.0,133.0,32.0,1.0,15.0,9.0,4.0,22.0,18.0,2.0,8.0,3.0,16.0,6.0,1.0,0.0,27.0,8.0,14.0,7.0,11.0,3.0,0.0,1.0,1175,255,121,4.3404,10.1277,1.4468,0.1702,0.0,0.0,1.0213,0.1702,2.2979,14.5532,0.0,0.3404,35.5745,0.766,0.1702,11.3191,2.7234,0.0851,1.2766,0.766,0.3404,1.8723,1.5319,0.1702,0.6809,0.2553,1.3617,0.5106,0.0851,0.0,2.2979,0.6809,1.1915,0.5957,0.9362,0.2553,0.0,0.0851,JxP
050107,AYACUCHO,HUAMANGA,PACAYCASA,159.0,4971.0,151.0,61.0,17.0,0.0,380.0,36.0,869.0,1758.0,0.0,55.0,4241.0,139.0,107.0,3793.0,2391.0,44.0,330.0,160.0,53.0,192.0,781.0,19.0,251.0,51.0,252.0,89.0,9.0,21.0,345.0,920.0,721.0,28.0,876.0,187.0,32.0,51.0,24540,2697,1218,0.6479,20.2567,0.6153,0.2486,0.0693,0.0,1.5485,0.1467,3.5412,7.1638,0.0,0.2241,17.282,0.5664,0.436,15.4564,9.7433,0.1793,1.3447,0.652,0.216,0.7824,3.1826,0.0774,1.0228,0.2078,1.0269,0.3627,0.0367,0.0856,1.4059,3.749,2.9381,0.1141,3.5697,0.762,0.1304,0.2078,AN
050108,AYACUCHO,HUAMANGA,QUINUA,16.0,110.0,13.0,2.0,1.0,0.0,9.0,1.0,19.0,87.0,0.0,2.0,228.0,9.0,3.0,159.0,41.0,0.0,10.0,4.0,1.0,14.0,7.0,5.0,5.0,2.0,11.0,1.0,1.0,1.0,23.0,23.0,16.0,3.0,11.0,1.0,3.0,1.0,843,225,43,1.898,13.0486,1.5421,0.2372,0.1186,0.0,1.0676,0.1186,2.2539,10.3203,0.0,0.2372,27.0463,1.0676,0.3559,18.8612,4.8636,0.0,1.1862,0.4745,0.1186,1.6607,0.8304,0.5931,0.5931,0.2372,1.3049,0.1186,0.1186,0.1186,2.7284,2.7284,1.898,0.3559,1.3049,0.1186,0.3559,0.1186,JxP
050109,AYACUCHO,HUAMANGA,SAN JOSÉ DE TICLLAS,148.0,783.0,68.0,7.0,8.0,0.0,73.0,14.0,123.0,405.0,0.0,8.0,4335.0,124.0,10.0,1165.0,162.0,9.0,195.0,66.0,11.0,100.0,66.0,6.0,69.0,14.0,85.0,41.0,6.0,5.0,227.0,81.0,84.0,26.0,103.0,20.0,19.0,5.0,8671,1954,771,1.7068,9.0301,0.7842,0.0807,0.0923,0.0,0.8419,0.1615,1.4185,4.6707,0.0,0.0923,49.9942,1.4301,0.1153,13.4356,1.8683,0.1038,2.2489,0.7612,0.1269,1.1533,0.7612,0.0692,0.7958,0.1615,0.9803,0.4728,0.0692,0.0577,2.6179,0.9341,0.9687,0.2999,1.1879,0.2307,0.2191,0.0577,JxP
050110,AYACUCHO,HUAMANGA,SAN JUAN BAUTISTA,33.0,413.0,39.0,6.0,4.0,0.0,44.0,3.0,82.0,418.0,0.0,3.0,1645.0,30.0,10.0,413.0,76.0,9.0,40.0,16.0,5.0,36.0,36.0,2.0,44.0,5.0,34.0,17.0,3.0,4.0,74.0,57.0,127.0,12.0,52.0,72.0,5.0,2.0,3871,797,178,0.8525,10.6691,1.0075,0.155,0.1033,0.0,1.1367,0.0775,2.1183,10.7982,0.0,0.0775,42.4955,0.775,0.2583,10.6691,1.9633,0.2325,1.0333,0.4133,0.1292,0.93,0.93,0.0517,1.1367,0.1292,0.8783,0.4392,0.0775,0.1033,1.9117,1.4725,3.2808,0.31,1.3433,1.86,0.1292,0.0517,JxP
050111,AYACUCHO,HUAMANGA,SANTIAGO DE PISCHA,29.0,325.0,33.0,3.0,0.0,0.0,55.0,7.0,65.0,198.0,0.0,6.0,2608.0,20.0,5.0,594.0,61.0,10.0,47.0,24.0,1.0,38.0,28.0,4.0,27.0,9.0,39.0,20.0,1.0,0.0,206.0,34.0,39.0,16.0,33.0,4.0,5.0,6.0,4600,927,429,0.6304,7.0652,0.7174,0.0652,0.0,0.0,1.1957,0.1522,1.413,4.3043,0.0,0.1304,56.6957,0.4348,0.1087,12.913,1.3261,0.2174,1.0217,0.5217,0.0217,0.8261,0.6087,0.087,0.587,0.1957,0.8478,0.4348,0.0217,0.0,4.4783,0.7391,0.8478,0.3478,0.7174,0.087,0.1087,0.1304,JxP
050112,AYACUCHO,HUAMANGA,SOCOS,410.0,356.0,20.0,4.0,3.0,0.0,32.0,10.0,62.0,268.0,0.0,4.0,2199.0,23.0,5.0,582.0,91.0,7.0,55.0,27.0,3.0,45.0,23.0,3.0,14.0,10.0,37.0,28.0,5.0,7.0,79.0,35.0,40.0,9.0,39.0,19.0,10.0,0.0,4564,1003,335,8.9833,7.8002,0.4382,0.0876,0.0657,0.0,0.7011,0.2191,1.3585,5.872,0.0,0.0876,48.1814,0.5039,0.1096,12.752,1.9939,0.1534,1.2051,0.5916,0.0657,0.986,0.5039,0.0657,0.3067,0.2191,0.8107,0.6135,0.1096,0.1534,1.7309,0.7669,0.8764,0.1972,0.8545,0.4163,0.2191,0.0,JxP
050113,AYACUCHO,HUAMANGA,TAMBILLO,28.0,191.0,21.0,5.0,2.0,0.0,44.0,8.0,28.0,181.0,0.0,3.0,1184.0,10.0,9.0,379.0,74.0,6.0,57.0,26.0,0.0,58.0,8.0,0.0,138.0,9.0,23.0,12.0,2.0,0.0,79.0,37.0,51.0,17.0,27.0,8.0,3.0,7.0,2735,640,230,1.0238,6.9835,0.7678,0.1828,0.0731,0.0,1.6088,0.2925,1.0238,6.6179,0.0,0.1097,43.2907,0.3656,0.3291,13.8574,2.7057,0.2194,2.0841,0.9506,0.0,2.1207,0.2925,0.0,5.0457,0.3291,0.841,0.4388,0.0731,0.0,2.8885,1.3528,1.8647,0.6216,0.9872,0.2925,0.1097,0.2559,JxP
050114,AYACUCHO,HUAMANGA,VINCHOS,19.0,348.0,13.0,0.0,0.0,0.0,26.0,1.0,41.0,333.0,0.0,2.0,351.0,21.0,1.0,275.0,60.0,1.0,21.0,7.0,6.0,11.0,20.0,1.0,21.0,4.0,12.0,21.0,1.0,2.0,40.0,48.0,46.0,4.0,25.0,19.0,1.0,1.0,1803,388,178,1.0538,19.3012,0.721,0.0,0.0,0.0,1.442,0.0555,2.274,18.4692,0.0,0.1109,19.4676,1.1647,0.0555,15.2524,3.3278,0.0555,1.1647,0.3882,0.3328,0.6101,1.1093,0.0555,1.1647,0.2219,0.6656,1.1647,0.0555,0.1109,2.2185,2.6622,2.5513,0.2219,1.3866,1.0538,0.0555,0.0555,JxP
050115,AYACUCHO,HUAMANGA,JESÚS NAZARENO,57.0,2006.0,77.0,29.0,8.0,0.0,128.0,12.0,381.0,830.0,0.0,16.0,1615.0,57.0,48.0,1650.0,961.0,12.0,117.0,35.0,15.0,90.0,288.0,11.0,79.0,14.0,122.0,39.0,5.0,8.0,142.0,407.0,378.0,15.0,321.0,80.0,20.0,15.0,10088,1108,465,0.565,19.885,0.7633,0.2875,0.0793,0.0,1.2688,0.119,3.7768,8.2276,0.0,0.1586,16.0091,0.565,0.4758,16.3561,9.5262,0.119,1.1598,0.3469,0.1487,0.8921,2.8549,0.109,0.7831,0.1388,1.2094,0.3866,0.0496,0.0793,1.4076,4.0345,3.747,0.1487,3.182,0.793,0.1983,0.1487,AN
050116,AYACUCHO,HUAMANGA,ANDRES AVELINO CACERES DORREGARAY,80.0,2022.0,126.0,32.0,7.0,0.0,226.0,15.0,297.0,941.0,0.0,13.0,1952.0,73.0,52.0,1623.0,836.0,25.0,150.0,39.0,33.0,76.0,295.0,3.0,115.0,18.0,116.0,28.0,2.0,11.0,169.0,346.0,486.0,8.0,307.0,89.0,29.0,37.0,10677,1414,561,0.7493,18.9379,1.1801,0.2997,0.0656,0.0,2.1167,0.1405,2.7817,8.8133,0.0,0.1218,18.2823,0.6837,0.487,15.2009,7.8299,0.2341,1.4049,0.3653,0.3091,0.7118,2.7629,0.0281,1.0771,0.1686,1.0864,0.2622,0.0187,0.103,1.5828,3.2406,4.5518,0.0749,2.8753,0.8336,0.2716,0.3465,AN
050201,AYACUCHO,CANGALLO,CANGALLO,63.0,342.0,15.0,7.0,1.0,0.0,22.0,10.0,39.0,107.0,0.0,0.0,1060.0,19.0,4.0,251.0,88.0,3.0,58.0,22.0,3.0,27.0,39.0,19.0,31.0,7.0,25.0,9.0,2.0,4.0,38.0,25.0,36.0,7.0,32.0,8.0,3.0,0.0,2426,578,220,2.5969,14.0973,0.6183,0.2885,0.0412,0.0,0.9068,0.4122,1.6076,4.4106,0.0,0.0,43.6933,0.7832,0.1649,10.3462,3.6274,0.1237,2.3908,0.9068,0.1237,1.1129,1.6076,0.7832,1.2778,0.2885,1.0305,0.371,0.0824,0.1649,1.5664,1.0305,1.4839,0.2885,1.319,0.3298,0.1237,0.0,JxP
050204,AYACUCHO,CANGALLO,MARÍA PARADO DE BELLIDO,38.0,315.0,11.0,5.0,4.0,0.0,20.0,15.0,45.0,196.0,0.0,4.0,1667.0,9.0,2.0,479.0,62.0,6.0,58.0,15.0,4.0,39.0,21.0,4.0,45.0,6.0,35.0,15.0,3.0,1.0,72.0,7.0,27.0,9.0,23.0,5.0,1.0,2.0,3270,653,281,1.1621,9.633,0.3364,0.1529,0.1223,0.0,0.6116,0.4587,1.3761,5.9939,0.0,0.1223,50.9786,0.2752,0.0612,14.6483,1.896,0.1835,1.7737,0.4587,0.1223,1.1927,0.6422,0.1223,1.3761,0.1835,1.0703,0.4587,0.0917,0.0306,2.2018,0.2141,0.8257,0.2752,0.7034,0.1529,0.0306,0.0612,JxP
050206,AYACUCHO,CANGALLO,TOTOS,84.0,476.0,16.0,8.0,2.0,0.0,43.0,11.0,56.0,216.0,0.0,4.0,1926.0,30.0,12.0,772.0,117.0,5.0,75.0,20.0,4.0,66.0,28.0,1.0,33.0,12.0,51.0,15.0,5.0,5.0,109.0,45.0,72.0,8.0,52.0,12.0,7.0,3.0,4401,915,363,1.9087,10.8157,0.3636,0.1818,0.0454,0.0,0.9771,0.2499,1.2724,4.908,0.0,0.0909,43.7628,0.6817,0.2727,17.5415,2.6585,0.1136,1.7042,0.4544,0.0909,1.4997,0.6362,0.0227,0.7498,0.2727,1.1588,0.3408,0.1136,0.1136,2.4767,1.0225,1.636,0.1818,1.1815,0.2727,0.1591,0.0682,JxP
050207,Ayacucho,Cangallo,,18.0,142.0,12.0,5.0,0.0,0.0,39.0,3.0,31.0,114.0,0.0,0.0,920.0,14.0,3.0,263.0,29.0,4.0,65.0,21.0,4.0,21.0,14.0,0.0,16.0,4.0,15.0,8.0,0.0,0.0,52.0,13.0,16.0,2.0,12.0,5.0,1.0,3.0,1869,532,144,0.9631,7.5976,0.6421,0.2675,0.0,0.0,2.0867,0.1605,1.6586,6.0995,0.0,0.0,49.2242,0.7491,0.1605,14.0717,1.5516,0.214,3.4778,1.1236,0.214,1.1236,0.7491,0.0,0.8561,0.214,0.8026,0.428,0.0,0.0,2.7822,0.6956,0.8561,0.107,0.6421,0.2675,0.0535,0.1605,JxP
050208,Ayacucho,Cangallo,,14.0,112.0,4.0,4.0,1.0,0.0,8.0,1.0,20.0,76.0,0.0,1.0,831.0,8.0,4.0,164.0,8.0,2.0,31.0,8.0,2.0,13.0,3.0,0.0,11.0,2.0,11.0,8.0,1.0,1.0,34.0,11.0,14.0,6.0,15.0,2.0,3.0,1.0,1435,348,110,0.9756,7.8049,0.2787,0.2787,0.0697,0.0,0.5575,0.0697,1.3937,5.2962,0.0,0.0697,57.9094,0.5575,0.2787,11.4286,0.5575,0.1394,2.1603,0.5575,0.1394,0.9059,0.2091,0.0,0.7666,0.1394,0.7666,0.5575,0.0697,0.0697,2.3693,0.7666,0.9756,0.4181,1.0453,0.1394,0.2091,0.0697,JxP
050211,Ayacucho,Cangallo,,16.0,63.0,10.0,0.0,1.0,0.0,1.0,3.0,27.0,50.0,0.0,2.0,422.0,6.0,2.0,140.0,21.0,3.0,18.0,10.0,0.0,14.0,5.0,2.0,3.0,1.0,5.0,5.0,1.0,2.0,69.0,7.0,7.0,4.0,8.0,2.0,1.0,0.0,931,237,119,1.7186,6.7669,1.0741,0.0,0.1074,0.0,0.1074,0.3222,2.9001,5.3706,0.0,0.2148,45.3276,0.6445,0.2148,15.0376,2.2556,0.3222,1.9334,1.0741,0.0,1.5038,0.5371,0.2148,0.3222,0.1074,0.5371,0.5371,0.1074,0.2148,7.4114,0.7519,0.7519,0.4296,0.8593,0.2148,0.1074,0.0,JxP
050301,AYACUCHO,HUANCA SANCOS,SANCOS,263.0,3151.0,280.0,149.0,19.0,0.0,158.0,26.0,449.0,1573.0,0.0,25.0,3293.0,112.0,74.0,3024.0,984.0,23.0,263.0,59.0,44.0,186.0,363.0,5.0,133.0,58.0,245.0,73.0,5.0,18.0,526.0,460.0,731.0,23.0,466.0,105.0,28.0,36.0,17430,3059,1256,1.5089,18.078,1.6064,0.8548,0.109,0.0,0.9065,0.1492,2.576,9.0247,0.0,0.1434,18.8927,0.6426,0.4246,17.3494,5.6454,0.132,1.5089,0.3385,0.2524,1.0671,2.0826,0.0287,0.7631,0.3328,1.4056,0.4188,0.0287,0.1033,3.0178,2.6391,4.1939,0.132,2.6736,0.6024,0.1606,0.2065,JxP
050302,AYACUCHO,HUANCA SANCOS,CARAPO,11.0,41.0,3.0,1.0,0.0,0.0,1.0,0.0,13.0,36.0,0.0,0.0,389.0,1.0,2.0,106.0,14.0,1.0,12.0,4.0,0.0,8.0,1.0,0.0,2.0,3.0,3.0,1.0,1.0,1.0,24.0,1.0,5.0,2.0,2.0,0.0,3.0,0.0,692,134,72,1.5896,5.9249,0.4335,0.1445,0.0,0.0,0.1445,0.0,1.8786,5.2023,0.0,0.0,56.2139,0.1445,0.289,15.3179,2.0231,0.1445,1.7341,0.578,0.0,1.1561,0.1445,0.0,0.289,0.4335,0.4335,0.1445,0.1445,0.1445,3.4682,0.1445,0.7225,0.289,0.289,0.0,0.4335,0.0,JxP
050303,AYACUCHO,HUANCA SANCOS,SACSAMARCA,26.0,446.0,14.0,6.0,1.0,0.0,20.0,6.0,47.0,152.0,0.0,5.0,908.0,15.0,10.0,421.0,98.0,2.0,53.0,12.0,8.0,32.0,23.0,2.0,13.0,3.0,35.0,15.0,2.0,3.0,70.0,33.0,29.0,7.0,46.0,11.0,9.0,3.0,2586,394,196,1.0054,17.2467,0.5414,0.232,0.0387,0.0,0.7734,0.232,1.8175,5.8778,0.0,0.1933,35.1121,0.58,0.3867,16.28,3.7896,0.0773,2.0495,0.464,0.3094,1.2374,0.8894,0.0773,0.5027,0.116,1.3534,0.58,0.0773,0.116,2.7069,1.2761,1.1214,0.2707,1.7788,0.4254,0.348,0.116,JxP
050304,AYACUCHO,HUANCA SANCOS,SANTIAGO DE LUCANAMARCA,32.0,273.0,16.0,5.0,2.0,0.0,22.0,4.0,24.0,185.0,0.0,3.0,539.0,17.0,5.0,355.0,44.0,6.0,33.0,13.0,2.0,32.0,22.0,0.0,9.0,3.0,21.0,7.0,0.0,2.0,104.0,33.0,33.0,2.0,30.0,10.0,2.0,3.0,1893,412,123,1.6904,14.4216,0.8452,0.2641,0.1057,0.0,1.1622,0.2113,1.2678,9.7728,0.0,0.1585,28.4733,0.898,0.2641,18.7533,2.3244,0.317,1.7433,0.6867,0.1057,1.6904,1.1622,0.0,0.4754,0.1585,1.1094,0.3698,0.0,0.1057,5.4939,1.7433,1.7433,0.1057,1.5848,0.5283,0.1057,0.1585,JxP
050305,Ayacucho,Huanca Sancos,,68.0,539.0,33.0,12.0,2.0,0.0,37.0,3.0,59.0,490.0,0.0,4.0,946.0,10.0,11.0,607.0,96.0,4.0,71.0,19.0,7.0,33.0,42.0,2.0,35.0,8.0,39.0,21.0,3.0,8.0,96.0,83.0,71.0,6.0,56.0,14.0,11.0,2.0,3548,718,278,1.9166,15.1917,0.9301,0.3382,0.0564,0.0,1.0428,0.0846,1.6629,13.8106,0.0,0.1127,26.6629,0.2818,0.31,17.1082,2.7057,0.1127,2.0011,0.5355,0.1973,0.9301,1.1838,0.0564,0.9865,0.2255,1.0992,0.5919,0.0846,0.2255,2.7057,2.3393,2.0011,0.1691,1.5784,0.3946,0.31,0.0564,JxP
050307,Ayacucho,Huanca Sancos,,11.0,176.0,9.0,2.0,0.0,0.0,7.0,4.0,13.0,94.0,0.0,0.0,632.0,6.0,2.0,215.0,20.0,3.0,31.0,6.0,5.0,11.0,4.0,2.0,3.0,3.0,20.0,9.0,1.0,0.0,129.0,6.0,32.0,2.0,13.0,20.0,7.0,0.0,1498,427,116,0.7343,11.749,0.6008,0.1335,0.0,0.0,0.4673,0.267,0.8678,6.275,0.0,0.0,42.1896,0.4005,0.1335,14.3525,1.3351,0.2003,2.0694,0.4005,0.3338,0.7343,0.267,0.1335,0.2003,0.2003,1.3351,0.6008,0.0668,0.0,8.6115,0.4005,2.1362,0.1335,0.8678,1.3351,0.4673,0.0,JxP
050308,Ayacucho,Huanca Sancos,,29.0,382.0,18.0,12.0,3.0,0.0,27.0,13.0,32.0,374.0,0.0,2.0,1910.0,16.0,1.0,636.0,56.0,7.0,112.0,31.0,3.0,52.0,14.0,0.0,9.0,4.0,30.0,13.0,0.0,2.0,110.0,38.0,56.0,7.0,35.0,16.0,4.0,0.0,4054,878,246,0.7153,9.4228,0.444,0.296,0.074,0.0,0.666,0.3207,0.7893,9.2255,0.0,0.0493,47.114,0.3947,0.0247,15.6882,1.3814,0.1727,2.7627,0.7647,0.074,1.2827,0.3453,0.0,0.222,0.0987,0.74,0.3207,0.0,0.0493,2.7134,0.9373,1.3814,0.1727,0.8633,0.3947,0.0987,0.0,JxP
050309,Ayacucho,Huanca Sancos,,44.0,186.0,9.0,9.0,1.0,0.0,25.0,8.0,43.0,215.0,0.0,2.0,1599.0,7.0,42.0,482.0,41.0,4.0,112.0,28.0,1.0,37.0,19.0,0.0,16.0,5.0,60.0,21.0,4.0,1.0,98.0,34.0,27.0,6.0,17.0,5.0,5.0,4.0,3217,791,276,1.3677,5.7818,0.2798,0.2798,0.0311,0.0,0.7771,0.2487,1.3366,6.6832,0.0,0.0622,49.7047,0.2176,1.3056,14.9829,1.2745,0.1243,3.4815,0.8704,0.0311,1.1501,0.5906,0.0,0.4974,0.1554,1.8651,0.6528,0.1243,0.0311,3.0463,1.0569,0.8393,0.1865,0.5284,0.1554,0.1554,0.1243,JxP
050310,Ayacucho,Huanca Sancos,,17.0,59.0,8.0,3.0,0.0,0.0,11.0,2.0,19.0,78.0,0.0,1.0,828.0,2.0,0.0,197.0,8.0,2.0,29.0,4.0,2.0,16.0,11.0,1.0,13.0,6.0,13.0,2.0,0.0,0.0,66.0,14.0,11.0,4.0,11.0,0.0,1.0,0.0,1439,342,91,1.1814,4.1001,0.5559,0.2085,0.0,0.0,0.7644,0.139,1.3204,5.4204,0.0,0.0695,57.54,0.139,0.0,13.6901,0.5559,0.139,2.0153,0.278,0.139,1.1119,0.7644,0.0695,0.9034,0.417,0.9034,0.139,0.0,0.0,4.5865,0.9729,0.7644,0.278,0.7644,0.0,0.0695,0.0,JxP
050311,Ayacucho,Huanca Sancos,,26.0,92.0,28.0,6.0,0.0,0.0,9.0,10.0,18.0,90.0,0.0,1.0,760.0,3.0,1.0,132.0,6.0,3.0,59.0,13.0,5.0,8.0,4.0,0.0,7.0,1.0,12.0,7.0,2.0,0.0,43.0,6.0,4.0,2.0,4.0,7.0,2.0,0.0,1371,421,180,1.8964,6.7104,2.0423,0.4376,0.0,0.0,0.6565,0.7294,1.3129,6.5646,0.0,0.0729,55.434,0.2188,0.0729,9.628,0.4376,0.2188,4.3034,0.9482,0.3647,0.5835,0.2918,0.0,0.5106,0.0729,0.8753,0.5106,0.1459,0.0,3.1364,0.4376,0.2918,0.1459,0.2918,0.5106,0.1459,0.0,JxP
050312,Ayacucho,Huanca Sancos,,13.0,18.0,13.0,0.0,0.0,0.0,2.0,4.0,5.0,42.0,0.0,2.0,546.0,5.0,1.0,63.0,3.0,2.0,15.0,7.0,1.0,10.0,2.0,0.0,3.0,1.0,5.0,2.0,0.0,0.0,39.0,4.0,2.0,2.0,0.0,1.0,0.0,1.0,814,212,66,1.5971,2.2113,1.5971,0.0,0.0,0.0,0.2457,0.4914,0.6143,5.1597,0.0,0.2457,67.0762,0.6143,0.1229,7.7396,0.3686,0.2457,1.8428,0.86,0.1229,1.2285,0.2457,0.0,0.3686,0.1229,0.6143,0.2457,0.0,0.0,4.7912,0.4914,0.2457,0.2457,0.0,0.1229,0.0,0.1229,JxP
050313,Ayacucho,Huanca Sancos,,18.0,94.0,9.0,0.0,1.0,0.0,0.0,6.0,9.0,56.0,0.0,0.0,477.0,8.0,0.0,113.0,9.0,2.0,22.0,4.0,1.0,9.0,3.0,0.0,5.0,1.0,10.0,3.0,2.0,0.0,178.0,4.0,8.0,1.0,4.0,7.0,0.0,1.0,1065,260,72,1.6901,8.8263,0.8451,0.0,0.0939,0.0,0.0,0.5634,0.8451,5.2582,0.0,0.0,44.7887,0.7512,0.0,10.6103,0.8451,0.1878,2.0657,0.3756,0.0939,0.8451,0.2817,0.0,0.4695,0.0939,0.939,0.2817,0.1878,0.0,16.7136,0.3756,0.7512,0.0939,0.3756,0.6573,0.0,0.0939,JxP
050314,Ayacucho,Huanca Sancos,,8.0,10.0,3.0,0.0,0.0,0.0,0.0,0.0,6.0,4.0,0.0,0.0,70.0,2.0,0.0,25.0,6.0,1.0,4.0,1.0,0.0,3.0,2.0,0.0,2.0,0.0,5.0,0.0,0.0,0.0,27.0,1.0,5.0,1.0,0.0,1.0,0.0,0.0,187,56,21,4.2781,5.3476,1.6043,0.0,0.0,0.0,0.0,0.0,3.2086,2.139,0.0,0.0,37.4332,1.0695,0.0,13.369,3.2086,0.5348,2.139,0.5348,0.0,1.6043,1.0695,0.0,1.0695,0.0,2.6738,0.0,0.0,0.0,14.4385,0.5348,2.6738,0.5348,0.0,0.5348,0.0,0.0,JxP
050401,AYACUCHO,HUANTA,HUANTA,33.0,468.0,23.0,12.0,2.0,0.0,42.0,10.0,66.0,241.0,0.0,6.0,1316.0,18.0,8.0,503.0,116.0,5.0,48.0,25.0,1.0,51.0,27.0,3.0,30.0,11.0,61.0,20.0,3.0,4.0,98.0,59.0,63.0,11.0,52.0,14.0,3.0,6.0,3459,905,277,0.954,13.5299,0.6649,0.3469,0.0578,0.0,1.2142,0.2891,1.9081,6.9673,0.0,0.1735,38.0457,0.5204,0.2313,14.5418,3.3536,0.1446,1.3877,0.7228,0.0289,1.4744,0.7806,0.0867,0.8673,0.318,1.7635,0.5782,0.0867,0.1156,2.8332,1.7057,1.8213,0.318,1.5033,0.4047,0.0867,0.1735,JxP
050402,AYACUCHO,HUANTA,AYAHUANCO,22.0,142.0,10.0,3.0,1.0,0.0,17.0,5.0,18.0,108.0,0.0,1.0,1150.0,4.0,5.0,254.0,41.0,0.0,52.0,14.0,2.0,35.0,15.0,0.0,13.0,5.0,17.0,6.0,2.0,2.0,83.0,25.0,28.0,15.0,13.0,5.0,1.0,2.0,2116,514,159,1.0397,6.7108,0.4726,0.1418,0.0473,0.0,0.8034,0.2363,0.8507,5.104,0.0,0.0473,54.3478,0.189,0.2363,12.0038,1.9376,0.0,2.4575,0.6616,0.0945,1.6541,0.7089,0.0,0.6144,0.2363,0.8034,0.2836,0.0945,0.0945,3.9225,1.1815,1.3233,0.7089,0.6144,0.2363,0.0473,0.0945,JxP
050403,AYACUCHO,HUANTA,HUAMANGUILLA,28.0,237.0,11.0,10.0,1.0,0.0,53.0,13.0,65.0,511.0,0.0,1.0,1142.0,12.0,4.0,584.0,52.0,7.0,74.0,20.0,2.0,45.0,35.0,2.0,34.0,6.0,19.0,19.0,3.0,1.0,48.0,47.0,86.0,13.0,39.0,25.0,7.0,2.0,3258,885,262,0.8594,7.2744,0.3376,0.3069,0.0307,0.0,1.6268,0.399,1.9951,15.6845,0.0,0.0307,35.0522,0.3683,0.1228,17.9251,1.5961,0.2149,2.2713,0.6139,0.0614,1.3812,1.0743,0.0614,1.0436,0.1842,0.5832,0.5832,0.0921,0.0307,1.4733,1.4426,2.6397,0.399,1.1971,0.7673,0.2149,0.0614,JxP
050404,AYACUCHO,HUANTA,IGUAIN,10.0,65.0,5.0,2.0,1.0,0.0,5.0,1.0,3.0,59.0,0.0,1.0,330.0,8.0,0.0,196.0,16.0,1.0,18.0,9.0,2.0,7.0,6.0,0.0,4.0,1.0,9.0,1.0,2.0,0.0,20.0,15.0,7.0,2.0,1.0,7.0,0.0,1.0,815,157,67,1.227,7.9755,0.6135,0.2454,0.1227,0.0,0.6135,0.1227,0.3681,7.2393,0.0,0.1227,40.4908,0.9816,0.0,24.0491,1.9632,0.1227,2.2086,1.1043,0.2454,0.8589,0.7362,0.0,0.4908,0.1227,1.1043,0.1227,0.2454,0.0,2.454,1.8405,0.8589,0.2454,0.1227,0.8589,0.0,0.1227,JxP
050405,AYACUCHO,HUANTA,LURICOCHA,11.0,75.0,9.0,1.0,0.0,0.0,24.0,6.0,9.0,82.0,0.0,3.0,781.0,2.0,2.0,176.0,17.0,4.0,24.0,12.0,0.0,20.0,5.0,1.0,5.0,3.0,13.0,5.0,3.0,3.0,34.0,5.0,9.0,10.0,13.0,4.0,1.0,0.0,1372,360,62,0.8017,5.4665,0.656,0.0729,0.0,0.0,1.7493,0.4373,0.656,5.9767,0.0,0.2187,56.9242,0.1458,0.1458,12.828,1.2391,0.2915,1.7493,0.8746,0.0,1.4577,0.3644,0.0729,0.3644,0.2187,0.9475,0.3644,0.2187,0.2187,2.4781,0.3644,0.656,0.7289,0.9475,0.2915,0.0729,0.0,JxP
050406,AYACUCHO,HUANTA,SANTILLANA,31.0,499.0,22.0,5.0,3.0,0.0,61.0,20.0,102.0,327.0,0.0,5.0,2235.0,17.0,5.0,744.0,89.0,11.0,97.0,35.0,5.0,49.0,24.0,0.0,26.0,7.0,42.0,18.0,5.0,5.0,73.0,28.0,41.0,24.0,59.0,14.0,2.0,4.0,4734,1057,415,0.6548,10.5408,0.4647,0.1056,0.0634,0.0,1.2886,0.4225,2.1546,6.9075,0.0,0.1056,47.2117,0.3591,0.1056,15.7161,1.88,0.2324,2.049,0.7393,0.1056,1.0351,0.507,0.0,0.5492,0.1479,0.8872,0.3802,0.1056,0.1056,1.542,0.5915,0.8661,0.507,1.2463,0.2957,0.0422,0.0845,JxP
050407,AYACUCHO,HUANTA,SIVIA,10.0,65.0,3.0,0.0,0.0,0.0,7.0,1.0,2.0,63.0,0.0,0.0,282.0,2.0,1.0,82.0,19.0,2.0,7.0,6.0,3.0,5.0,3.0,0.0,4.0,1.0,7.0,7.0,0.0,0.0,19.0,6.0,10.0,1.0,5.0,1.0,0.0,0.0,624,163,40,1.6026,10.4167,0.4808,0.0,0.0,0.0,1.1218,0.1603,0.3205,10.0962,0.0,0.0,45.1923,0.3205,0.1603,13.141,3.0449,0.3205,1.1218,0.9615,0.4808,0.8013,0.4808,0.0,0.641,0.1603,1.1218,1.1218,0.0,0.0,3.0449,0.9615,1.6026,0.1603,0.8013,0.1603,0.0,0.0,JxP
050408,AYACUCHO,HUANTA,LLOCHEGUA,44.0,271.0,22.0,7.0,0.0,0.0,33.0,13.0,147.0,397.0,0.0,6.0,1981.0,40.0,3.0,672.0,78.0,8.0,108.0,44.0,6.0,79.0,36.0,5.0,30.0,12.0,43.0,18.0,2.0,3.0,77.0,75.0,52.0,9.0,54.0,19.0,6.0,4.0,4404,1306,335,0.9991,6.1535,0.4995,0.1589,0.0,0.0,0.7493,0.2952,3.3379,9.0145,0.0,0.1362,44.9818,0.9083,0.0681,15.2589,1.7711,0.1817,2.4523,0.9991,0.1362,1.7938,0.8174,0.1135,0.6812,0.2725,0.9764,0.4087,0.0454,0.0681,1.7484,1.703,1.1807,0.2044,1.2262,0.4314,0.1362,0.0908,JxP
050409,AYACUCHO,HUANTA,CANAYRE,47.0,145.0,15.0,5.0,3.0,0.0,28.0,7.0,42.0,237.0,0.0,2.0,1315.0,10.0,0.0,447.0,39.0,10.0,63.0,17.0,5.0,29.0,16.0,1.0,39.0,8.0,18.0,13.0,2.0,1.0,54.0,20.0,36.0,6.0,36.0,5.0,2.0,4.0,2727,702,215,1.7235,5.3172,0.5501,0.1834,0.11,0.0,1.0268,0.2567,1.5402,8.6909,0.0,0.0733,48.2215,0.3667,0.0,16.3916,1.4301,0.3667,2.3102,0.6234,0.1834,1.0634,0.5867,0.0367,1.4301,0.2934,0.6601,0.4767,0.0733,0.0367,1.9802,0.7334,1.3201,0.22,1.3201,0.1834,0.0733,0.1467,JxP
050410,AYACUCHO,HUANTA,UCHURACCAY,13.0,95.0,13.0,1.0,0.0,0.0,39.0,4.0,12.0,125.0,0.0,1.0,658.0,10.0,1.0,225.0,16.0,2.0,68.0,12.0,2.0,19.0,7.0,1.0,6.0,2.0,16.0,5.0,0.0,0.0,33.0,10.0,122.0,3.0,7.0,3.0,3.0,1.0,1535,429,120,0.8469,6.1889,0.8469,0.0651,0.0,0.0,2.5407,0.2606,0.7818,8.1433,0.0,0.0651,42.8664,0.6515,0.0651,14.658,1.0423,0.1303,4.43,0.7818,0.1303,1.2378,0.456,0.0651,0.3909,0.1303,1.0423,0.3257,0.0,0.0,2.1498,0.6515,7.9479,0.1954,0.456,0.1954,0.1954,0.0651,JxP
050411,AYACUCHO,HUANTA,PUCACOLPA,4.0,25.0,0.0,0.0,1.0,0.0,0.0,0.0,1.0,15.0,0.0,1.0,143.0,3.0,0.0,31.0,9.0,2.0,9.0,4.0,0.0,2.0,1.0,0.0,0.0,2.0,4.0,1.0,0.0,0.0,25.0,1.0,2.0,0.0,0.0,1.0,0.0,0.0,287,56,32,1.3937,8.7108,0.0,0.0,0.3484,0.0,0.0,0.0,0.3484,5.2265,0.0,0.3484,49.8258,1.0453,0.0,10.8014,3.1359,0.6969,3.1359,1.3937,0.0,0.6969,0.3484,0.0,0.0,0.6969,1.3937,0.3484,0.0,0.0,8.7108,0.3484,0.6969,0.0,0.0,0.3484,0.0,0.0,JxP
050412,AYACUCHO,HUANTA,CHACA,7.0,77.0,7.0,3.0,0.0,0.0,6.0,3.0,10.0,88.0,0.0,1.0,461.0,2.0,0.0,127.0,9.0,1.0,36.0,5.0,0.0,17.0,3.0,0.0,5.0,1.0,6.0,4.0,0.0,2.0,55.0,14.0,16.0,0.0,4.0,5.0,0.0,0.0,975,243,40,0.7179,7.8974,0.7179,0.3077,0.0,0.0,0.6154,0.3077,1.0256,9.0256,0.0,0.1026,47.2821,0.2051,0.0,13.0256,0.9231,0.1026,3.6923,0.5128,0.0,1.7436,0.3077,0.0,0.5128,0.1026,0.6154,0.4103,0.0,0.2051,5.641,1.4359,1.641,0.0,0.4103,0.5128,0.0,0.0,JxP
050413,AYACUCHO,HUANTA,PUTIS,12.0,73.0,12.0,1.0,1.0,0.0,12.0,3.0,20.0,93.0,0.0,1.0,230.0,1.0,4.0,172.0,11.0,2.0,20.0,4.0,2.0,10.0,6.0,0.0,8.0,3.0,10.0,5.0,0.0,0.0,12.0,12.0,10.0,1.0,10.0,2.0,1.0,1.0,765,208,49,1.5686,9.5425,1.5686,0.1307,0.1307,0.0,1.5686,0.3922,2.6144,12.1569,0.0,0.1307,30.0654,0.1307,0.5229,22.4837,1.4379,0.2614,2.6144,0.5229,0.2614,1.3072,0.7843,0.0,1.0458,0.3922,1.3072,0.6536,0.0,0.0,1.5686,1.5686,1.3072,0.1307,1.3072,0.2614,0.1307,0.1307,JxP
050414,Ayacucho,Huanta,,5.0,101.0,14.0,2.0,0.0,0.0,11.0,3.0,9.0,92.0,0.0,0.0,305.0,1.0,0.0,158.0,29.0,2.0,8.0,9.0,0.0,15.0,10.0,0.0,8.0,1.0,11.0,4.0,0.0,0.0,24.0,17.0,21.0,3.0,10.0,3.0,0.0,0.0,876,277,77,0.5708,11.5297,1.5982,0.2283,0.0,0.0,1.2557,0.3425,1.0274,10.5023,0.0,0.0,34.8174,0.1142,0.0,18.0365,3.3105,0.2283,0.9132,1.0274,0.0,1.7123,1.1416,0.0,0.9132,0.1142,1.2557,0.4566,0.0,0.0,2.7397,1.9406,2.3973,0.3425,1.1416,0.3425,0.0,0.0,JxP
050415,Ayacucho,Huanta,,7.0,32.0,1.0,2.0,0.0,0.0,4.0,3.0,15.0,58.0,0.0,1.0,301.0,7.0,0.0,114.0,7.0,1.0,16.0,5.0,1.0,8.0,2.0,2.0,2.0,3.0,2.0,2.0,0.0,0.0,35.0,7.0,22.0,1.0,2.0,0.0,0.0,0.0,663,203,45,1.0558,4.8265,0.1508,0.3017,0.0,0.0,0.6033,0.4525,2.2624,8.7481,0.0,0.1508,45.3997,1.0558,0.0,17.1946,1.0558,0.1508,2.4133,0.7541,0.1508,1.2066,0.3017,0.3017,0.3017,0.4525,0.3017,0.3017,0.0,0.0,5.279,1.0558,3.3183,0.1508,0.3017,0.0,0.0,0.0,JxP
050501,AYACUCHO,LA MAR,SAN MIGUEL,84.0,805.0,26.0,58.0,1.0,0.0,65.0,4.0,82.0,417.0,0.0,8.0,1830.0,18.0,24.0,749.0,341.0,6.0,79.0,19.0,9.0,179.0,97.0,0.0,39.0,5.0,54.0,17.0,2.0,2.0,83.0,143.0,102.0,11.0,147.0,11.0,10.0,4.0,5531,988,304,1.5187,14.5543,0.4701,1.0486,0.0181,0.0,1.1752,0.0723,1.4826,7.5393,0.0,0.1446,33.0862,0.3254,0.4339,13.5419,6.1653,0.1085,1.4283,0.3435,0.1627,3.2363,1.7538,0.0,0.7051,0.0904,0.9763,0.3074,0.0362,0.0362,1.5006,2.5854,1.8442,0.1989,2.6577,0.1989,0.1808,0.0723,JxP
050502,AYACUCHO,LA MAR,ANCO,8.0,85.0,2.0,4.0,1.0,0.0,15.0,1.0,22.0,117.0,0.0,1.0,158.0,4.0,2.0,106.0,32.0,1.0,51.0,9.0,0.0,9.0,10.0,0.0,1.0,4.0,12.0,4.0,0.0,0.0,64.0,12.0,20.0,6.0,3.0,1.0,3.0,1.0,769,223,73,1.0403,11.0533,0.2601,0.5202,0.13,0.0,1.9506,0.13,2.8609,15.2146,0.0,0.13,20.5462,0.5202,0.2601,13.7841,4.1612,0.13,6.632,1.1704,0.0,1.1704,1.3004,0.0,0.13,0.5202,1.5605,0.5202,0.0,0.0,8.3225,1.5605,2.6008,0.7802,0.3901,0.13,0.3901,0.13,JxP
050503,AYACUCHO,LA MAR,AYNA,5.0,43.0,16.0,2.0,0.0,0.0,28.0,1.0,6.0,95.0,0.0,0.0,97.0,5.0,0.0,72.0,31.0,0.0,16.0,5.0,2.0,11.0,5.0,0.0,3.0,0.0,5.0,0.0,2.0,1.0,22.0,12.0,14.0,1.0,8.0,0.0,0.0,0.0,508,82,33,0.9843,8.4646,3.1496,0.3937,0.0,0.0,5.5118,0.1969,1.1811,18.7008,0.0,0.0,19.0945,0.9843,0.0,14.1732,6.1024,0.0,3.1496,0.9843,0.3937,2.1654,0.9843,0.0,0.5906,0.0,0.9843,0.0,0.3937,0.1969,4.3307,2.3622,2.7559,0.1969,1.5748,0.0,0.0,0.0,JxP
050504,AYACUCHO,LA MAR,CHILCAS,5.0,118.0,6.0,10.0,1.0,0.0,6.0,2.0,5.0,29.0,0.0,0.0,94.0,2.0,2.0,93.0,13.0,2.0,13.0,7.0,0.0,9.0,4.0,0.0,0.0,1.0,3.0,8.0,1.0,1.0,37.0,8.0,8.0,1.0,6.0,1.0,1.0,0.0,497,95,22,1.006,23.7425,1.2072,2.0121,0.2012,0.0,1.2072,0.4024,1.006,5.835,0.0,0.0,18.9135,0.4024,0.4024,18.7123,2.6157,0.4024,2.6157,1.4085,0.0,1.8109,0.8048,0.0,0.0,0.2012,0.6036,1.6097,0.2012,0.2012,7.4447,1.6097,1.6097,0.2012,1.2072,0.2012,0.2012,0.0,AN
050506,AYACUCHO,LA MAR,LUIS CARRANZA,15.0,67.0,4.0,0.0,0.0,0.0,5.0,1.0,17.0,70.0,0.0,1.0,342.0,6.0,1.0,89.0,32.0,0.0,4.0,8.0,0.0,34.0,10.0,0.0,9.0,1.0,5.0,6.0,1.0,2.0,35.0,9.0,12.0,4.0,5.0,0.0,1.0,1.0,797,231,99,1.8821,8.4065,0.5019,0.0,0.0,0.0,0.6274,0.1255,2.133,8.7829,0.0,0.1255,42.9109,0.7528,0.1255,11.1669,4.0151,0.0,0.5019,1.0038,0.0,4.266,1.2547,0.0,1.1292,0.1255,0.6274,0.7528,0.1255,0.2509,4.3915,1.1292,1.5056,0.5019,0.6274,0.0,0.1255,0.1255,JxP
050508,AYACUCHO,LA MAR,TAMBO,17.0,85.0,3.0,6.0,0.0,0.0,3.0,2.0,5.0,82.0,0.0,0.0,331.0,17.0,6.0,125.0,25.0,2.0,17.0,8.0,0.0,16.0,4.0,0.0,3.0,1.0,9.0,7.0,1.0,0.0,43.0,15.0,20.0,7.0,9.0,13.0,2.0,1.0,885,304,99,1.9209,9.6045,0.339,0.678,0.0,0.0,0.339,0.226,0.565,9.2655,0.0,0.0,37.4011,1.9209,0.678,14.1243,2.8249,0.226,1.9209,0.904,0.0,1.8079,0.452,0.0,0.339,0.113,1.0169,0.791,0.113,0.0,4.8588,1.6949,2.2599,0.791,1.0169,1.4689,0.226,0.113,JxP
050510,AYACUCHO,LA MAR,ANCHIHUAY,8.0,65.0,2.0,6.0,1.0,0.0,3.0,2.0,7.0,123.0,0.0,3.0,485.0,0.0,3.0,85.0,29.0,1.0,26.0,7.0,0.0,9.0,3.0,0.0,1.0,3.0,7.0,1.0,1.0,1.0,42.0,19.0,13.0,1.0,15.0,3.0,3.0,3.0,981,155,44,0.8155,6.6259,0.2039,0.6116,0.1019,0.0,0.3058,0.2039,0.7136,12.5382,0.0,0.3058,49.4393,0.0,0.3058,8.6646,2.9562,0.1019,2.6504,0.7136,0.0,0.9174,0.3058,0.0,0.1019,0.3058,0.7136,0.1019,0.1019,0.1019,4.2813,1.9368,1.3252,0.1019,1.5291,0.3058,0.3058,0.3058,JxP
050511,AYACUCHO,LA MAR,ORONCCOY,28.0,50.0,2.0,5.0,0.0,0.0,2.0,0.0,6.0,146.0,0.0,0.0,186.0,3.0,0.0,57.0,22.0,1.0,11.0,2.0,0.0,3.0,5.0,1.0,2.0,1.0,2.0,3.0,0.0,1.0,15.0,12.0,16.0,1.0,5.0,1.0,6.0,4.0,599,153,30,4.6745,8.3472,0.3339,0.8347,0.0,0.0,0.3339,0.0,1.0017,24.374,0.0,0.0,31.0518,0.5008,0.0,9.5159,3.6728,0.1669,1.8364,0.3339,0.0,0.5008,0.8347,0.1669,0.3339,0.1669,0.3339,0.5008,0.0,0.1669,2.5042,2.0033,2.6711,0.1669,0.8347,0.1669,1.0017,0.6678,JxP
050512,AYACUCHO,LA MAR,UNION PROGRESO,10.0,28.0,13.0,2.0,1.0,0.0,5.0,1.0,3.0,78.0,0.0,2.0,123.0,8.0,2.0,47.0,12.0,2.0,9.0,5.0,0.0,8.0,3.0,0.0,2.0,1.0,3.0,3.0,0.0,1.0,14.0,9.0,14.0,1.0,7.0,1.0,1.0,0.0,419,100,23,2.3866,6.6826,3.1026,0.4773,0.2387,0.0,1.1933,0.2387,0.716,18.6158,0.0,0.4773,29.3556,1.9093,0.4773,11.2172,2.864,0.4773,2.148,1.1933,0.0,1.9093,0.716,0.0,0.4773,0.2387,0.716,0.716,0.0,0.2387,3.3413,2.148,3.3413,0.2387,1.6706,0.2387,0.2387,0.0,JxP
050513,AYACUCHO,LA MAR,RIO MAGDALENA,41.0,105.0,5.0,16.0,1.0,0.0,4.0,3.0,9.0,86.0,0.0,0.0,539.0,11.0,1.0,136.0,31.0,1.0,24.0,5.0,1.0,15.0,9.0,0.0,2.0,2.0,16.0,9.0,0.0,1.0,18.0,19.0,21.0,2.0,13.0,1.0,2.0,0.0,1149,250,88,3.5683,9.1384,0.4352,1.3925,0.087,0.0,0.3481,0.2611,0.7833,7.4848,0.0,0.0,46.9104,0.9574,0.087,11.8364,2.698,0.087,2.0888,0.4352,0.087,1.3055,0.7833,0.0,0.1741,0.1741,1.3925,0.7833,0.0,0.087,1.5666,1.6536,1.8277,0.1741,1.1314,0.087,0.1741,0.0,JxP
050514,AYACUCHO,LA MAR,NINABAMBA,46.0,59.0,2.0,1.0,0.0,0.0,7.0,0.0,10.0,163.0,0.0,0.0,105.0,28.0,2.0,85.0,15.0,0.0,8.0,5.0,3.0,5.0,6.0,0.0,2.0,0.0,4.0,0.0,1.0,1.0,10.0,11.0,20.0,0.0,11.0,4.0,0.0,0.0,614,117,33,7.4919,9.6091,0.3257,0.1629,0.0,0.0,1.1401,0.0,1.6287,26.5472,0.0,0.0,17.101,4.5603,0.3257,13.8436,2.443,0.0,1.3029,0.8143,0.4886,0.8143,0.9772,0.0,0.3257,0.0,0.6515,0.0,0.1629,0.1629,1.6287,1.7915,3.2573,0.0,1.7915,0.6515,0.0,0.0,FP
050516,Ayacucho,La Mar,,20.0,70.0,2.0,3.0,2.0,0.0,14.0,5.0,7.0,184.0,0.0,1.0,269.0,4.0,1.0,106.0,22.0,2.0,6.0,6.0,2.0,20.0,7.0,2.0,5.0,2.0,2.0,8.0,1.0,0.0,30.0,19.0,35.0,2.0,13.0,4.0,6.0,0.0,882,251,94,2.2676,7.9365,0.2268,0.3401,0.2268,0.0,1.5873,0.5669,0.7937,20.8617,0.0,0.1134,30.4989,0.4535,0.1134,12.0181,2.4943,0.2268,0.6803,0.6803,0.2268,2.2676,0.7937,0.2268,0.5669,0.2268,0.2268,0.907,0.1134,0.0,3.4014,2.1542,3.9683,0.2268,1.4739,0.4535,0.6803,0.0,JxP
050517,Ayacucho,La Mar,,13.0,61.0,2.0,2.0,0.0,0.0,1.0,2.0,7.0,123.0,0.0,2.0,220.0,6.0,0.0,44.0,12.0,0.0,13.0,0.0,1.0,7.0,2.0,1.0,2.0,0.0,16.0,2.0,0.0,0.0,17.0,12.0,7.0,2.0,4.0,4.0,0.0,1.0,586,162,58,2.2184,10.4096,0.3413,0.3413,0.0,0.0,0.1706,0.3413,1.1945,20.9898,0.0,0.3413,37.5427,1.0239,0.0,7.5085,2.0478,0.0,2.2184,0.0,0.1706,1.1945,0.3413,0.1706,0.3413,0.0,2.7304,0.3413,0.0,0.0,2.901,2.0478,1.1945,0.3413,0.6826,0.6826,0.0,0.1706,JxP
050520,Ayacucho,La Mar,,11.0,146.0,12.0,5.0,1.0,0.0,14.0,2.0,14.0,221.0,0.0,0.0,457.0,8.0,1.0,93.0,14.0,0.0,12.0,4.0,1.0,20.0,8.0,0.0,3.0,2.0,4.0,6.0,1.0,0.0,43.0,18.0,21.0,4.0,5.0,4.0,2.0,0.0,1157,314,107,0.9507,12.6188,1.0372,0.4322,0.0864,0.0,1.21,0.1729,1.21,19.1011,0.0,0.0,39.4987,0.6914,0.0864,8.038,1.21,0.0,1.0372,0.3457,0.0864,1.7286,0.6914,0.0,0.2593,0.1729,0.3457,0.5186,0.0864,0.0,3.7165,1.5557,1.815,0.3457,0.4322,0.3457,0.1729,0.0,JxP
050521,Ayacucho,La Mar,,1.0,45.0,5.0,1.0,0.0,0.0,5.0,0.0,2.0,28.0,0.0,0.0,149.0,1.0,1.0,35.0,20.0,0.0,4.0,1.0,0.0,8.0,2.0,0.0,1.0,0.0,2.0,1.0,0.0,0.0,13.0,6.0,9.0,1.0,6.0,3.0,0.0,2.0,352,77,14,0.2841,12.7841,1.4205,0.2841,0.0,0.0,1.4205,0.0,0.5682,7.9545,0.0,0.0,42.3295,0.2841,0.2841,9.9432,5.6818,0.0,1.1364,0.2841,0.0,2.2727,0.5682,0.0,0.2841,0.0,0.5682,0.2841,0.0,0.0,3.6932,1.7045,2.5568,0.2841,1.7045,0.8523,0.0,0.5682,JxP
050522,Ayacucho,La Mar,,15.0,68.0,2.0,4.0,0.0,0.0,4.0,5.0,9.0,106.0,0.0,0.0,587.0,6.0,3.0,88.0,38.0,4.0,21.0,6.0,0.0,33.0,6.0,0.0,9.0,3.0,10.0,3.0,0.0,0.0,34.0,9.0,18.0,8.0,10.0,1.0,1.0,0.0,1111,280,94,1.3501,6.1206,0.18,0.36,0.0,0.0,0.36,0.45,0.8101,9.541,0.0,0.0,52.8353,0.5401,0.27,7.9208,3.4203,0.36,1.8902,0.5401,0.0,2.9703,0.5401,0.0,0.8101,0.27,0.9001,0.27,0.0,0.0,3.0603,0.8101,1.6202,0.7201,0.9001,0.09,0.09,0.0,JxP
050524,Ayacucho,La Mar,,2.0,21.0,4.0,5.0,0.0,0.0,2.0,0.0,1.0,45.0,0.0,0.0,37.0,2.0,0.0,34.0,7.0,0.0,4.0,1.0,1.0,4.0,1.0,1.0,0.0,2.0,1.0,2.0,1.0,1.0,8.0,10.0,9.0,0.0,3.0,1.0,0.0,0.0,210,82,17,0.9524,10.0,1.9048,2.381,0.0,0.0,0.9524,0.0,0.4762,21.4286,0.0,0.0,17.619,0.9524,0.0,16.1905,3.3333,0.0,1.9048,0.4762,0.4762,1.9048,0.4762,0.4762,0.0,0.9524,0.4762,0.9524,0.4762,0.4762,3.8095,4.7619,4.2857,0.0,1.4286,0.4762,0.0,0.0,FP
050525,Ayacucho,La Mar,,2.0,24.0,1.0,5.0,0.0,0.0,0.0,1.0,8.0,72.0,0.0,0.0,151.0,1.0,0.0,38.0,2.0,0.0,17.0,4.0,0.0,5.0,0.0,1.0,2.0,3.0,5.0,1.0,0.0,0.0,10.0,4.0,8.0,0.0,10.0,0.0,2.0,1.0,378,95,35,0.5291,6.3492,0.2646,1.3228,0.0,0.0,0.0,0.2646,2.1164,19.0476,0.0,0.0,39.9471,0.2646,0.0,10.0529,0.5291,0.0,4.4974,1.0582,0.0,1.3228,0.0,0.2646,0.5291,0.7937,1.3228,0.2646,0.0,0.0,2.6455,1.0582,2.1164,0.0,2.6455,0.0,0.5291,0.2646,JxP
050529,Ayacucho,La Mar,,1.0,31.0,0.0,1.0,0.0,0.0,0.0,0.0,0.0,18.0,0.0,0.0,82.0,1.0,0.0,14.0,5.0,0.0,6.0,2.0,0.0,3.0,0.0,0.0,1.0,0.0,0.0,3.0,0.0,0.0,1.0,3.0,5.0,0.0,1.0,1.0,0.0,3.0,182,45,4,0.5495,17.033,0.0,0.5495,0.0,0.0,0.0,0.0,0.0,9.8901,0.0,0.0,45.0549,0.5495,0.0,7.6923,2.7473,0.0,3.2967,1.0989,0.0,1.6484,0.0,0.0,0.5495,0.0,0.0,1.6484,0.0,0.0,0.5495,1.6484,2.7473,0.0,0.5495,0.5495,0.0,1.6484,JxP
050531,Ayacucho,La Mar,,7.0,36.0,1.0,1.0,0.0,0.0,1.0,4.0,4.0,53.0,0.0,0.0,150.0,3.0,0.0,42.0,8.0,0.0,11.0,2.0,0.0,11.0,3.0,0.0,2.0,0.0,1.0,1.0,0.0,0.0,13.0,5.0,5.0,1.0,6.0,2.0,1.0,0.0,374,112,50,1.8717,9.6257,0.2674,0.2674,0.0,0.0,0.2674,1.0695,1.0695,14.1711,0.0,0.0,40.107,0.8021,0.0,11.2299,2.139,0.0,2.9412,0.5348,0.0,2.9412,0.8021,0.0,0.5348,0.0,0.2674,0.2674,0.0,0.0,3.4759,1.3369,1.3369,0.2674,1.6043,0.5348,0.2674,0.0,JxP
050532,Ayacucho,La Mar,,6.0,43.0,1.0,3.0,0.0,0.0,2.0,5.0,7.0,19.0,0.0,2.0,351.0,2.0,3.0,105.0,25.0,1.0,43.0,5.0,0.0,10.0,7.0,1.0,3.0,0.0,3.0,3.0,0.0,0.0,28.0,6.0,4.0,6.0,9.0,2.0,0.0,0.0,705,154,51,0.8511,6.0993,0.1418,0.4255,0.0,0.0,0.2837,0.7092,0.9929,2.695,0.0,0.2837,49.7872,0.2837,0.4255,14.8936,3.5461,0.1418,6.0993,0.7092,0.0,1.4184,0.9929,0.1418,0.4255,0.0,0.4255,0.4255,0.0,0.0,3.9716,0.8511,0.5674,0.8511,1.2766,0.2837,0.0,0.0,JxP
050601,AYACUCHO,LUCANAS,PUQUIO,39.0,728.0,28.0,16.0,2.0,0.0,63.0,6.0,74.0,219.0,0.0,17.0,1613.0,3.0,24.0,568.0,262.0,5.0,42.0,30.0,4.0,82.0,74.0,4.0,33.0,18.0,62.0,16.0,2.0,8.0,125.0,78.0,82.0,13.0,104.0,12.0,6.0,5.0,4467,1012,351,0.8731,16.2973,0.6268,0.3582,0.0448,0.0,1.4103,0.1343,1.6566,4.9026,0.0,0.3806,36.1092,0.0672,0.5373,12.7155,5.8652,0.1119,0.9402,0.6716,0.0895,1.8357,1.6566,0.0895,0.7388,0.403,1.388,0.3582,0.0448,0.1791,2.7983,1.7461,1.8357,0.291,2.3282,0.2686,0.1343,0.1119,JxP
050604,AYACUCHO,LUCANAS,CARMEN SALCEDO,2.0,40.0,1.0,0.0,2.0,0.0,4.0,1.0,3.0,8.0,0.0,2.0,142.0,2.0,2.0,41.0,5.0,1.0,9.0,4.0,0.0,4.0,6.0,0.0,0.0,1.0,5.0,0.0,0.0,0.0,28.0,7.0,2.0,1.0,2.0,0.0,1.0,1.0,327,99,20,0.6116,12.2324,0.3058,0.0,0.6116,0.0,1.2232,0.3058,0.9174,2.4465,0.0,0.6116,43.4251,0.6116,0.6116,12.5382,1.5291,0.3058,2.7523,1.2232,0.0,1.2232,1.8349,0.0,0.0,0.3058,1.5291,0.0,0.0,0.0,8.5627,2.1407,0.6116,0.3058,0.6116,0.0,0.3058,0.3058,JxP
050605,AYACUCHO,LUCANAS,CHAVIÑA,14.0,71.0,14.0,1.0,0.0,0.0,4.0,1.0,8.0,47.0,0.0,3.0,460.0,2.0,1.0,94.0,25.0,2.0,5.0,4.0,1.0,11.0,3.0,0.0,7.0,0.0,2.0,5.0,1.0,1.0,38.0,10.0,15.0,2.0,17.0,4.0,1.0,1.0,875,267,103,1.6,8.1143,1.6,0.1143,0.0,0.0,0.4571,0.1143,0.9143,5.3714,0.0,0.3429,52.5714,0.2286,0.1143,10.7429,2.8571,0.2286,0.5714,0.4571,0.1143,1.2571,0.3429,0.0,0.8,0.0,0.2286,0.5714,0.1143,0.1143,4.3429,1.1429,1.7143,0.2286,1.9429,0.4571,0.1143,0.1143,JxP
050608,AYACUCHO,LUCANAS,LARAMATE,4.0,15.0,1.0,0.0,1.0,0.0,2.0,0.0,8.0,22.0,0.0,0.0,123.0,1.0,0.0,19.0,4.0,0.0,6.0,2.0,0.0,3.0,1.0,0.0,0.0,1.0,2.0,2.0,1.0,1.0,24.0,2.0,4.0,0.0,2.0,1.0,0.0,0.0,252,88,27,1.5873,5.9524,0.3968,0.0,0.3968,0.0,0.7937,0.0,3.1746,8.7302,0.0,0.0,48.8095,0.3968,0.0,7.5397,1.5873,0.0,2.381,0.7937,0.0,1.1905,0.3968,0.0,0.0,0.3968,0.7937,0.7937,0.3968,0.3968,9.5238,0.7937,1.5873,0.0,0.7937,0.3968,0.0,0.0,JxP
050611,AYACUCHO,LUCANAS,LUCANAS,14.0,51.0,11.0,5.0,1.0,0.0,20.0,3.0,10.0,172.0,0.0,2.0,783.0,1.0,2.0,141.0,44.0,2.0,35.0,17.0,2.0,23.0,9.0,1.0,12.0,4.0,18.0,5.0,0.0,0.0,28.0,17.0,26.0,3.0,11.0,4.0,3.0,1.0,1481,350,80,0.9453,3.4436,0.7427,0.3376,0.0675,0.0,1.3504,0.2026,0.6752,11.6138,0.0,0.135,52.8697,0.0675,0.135,9.5206,2.971,0.135,2.3633,1.1479,0.135,1.553,0.6077,0.0675,0.8103,0.2701,1.2154,0.3376,0.0,0.0,1.8906,1.1479,1.7556,0.2026,0.7427,0.2701,0.2026,0.0675,JxP
050612,AYACUCHO,LUCANAS,OCAÑA,4.0,49.0,1.0,5.0,1.0,0.0,9.0,2.0,10.0,110.0,0.0,0.0,323.0,9.0,1.0,123.0,46.0,2.0,22.0,3.0,2.0,12.0,6.0,0.0,9.0,3.0,7.0,3.0,0.0,1.0,22.0,14.0,34.0,1.0,14.0,7.0,3.0,0.0,858,215,76,0.4662,5.711,0.1166,0.5828,0.1166,0.0,1.049,0.2331,1.1655,12.8205,0.0,0.0,37.6457,1.049,0.1166,14.3357,5.3613,0.2331,2.5641,0.3497,0.2331,1.3986,0.6993,0.0,1.049,0.3497,0.8159,0.3497,0.0,0.1166,2.5641,1.6317,3.9627,0.1166,1.6317,0.8159,0.3497,0.0,JxP
050615,AYACUCHO,LUCANAS,SAN CRISTÓBAL,4.0,29.0,2.0,1.0,0.0,0.0,4.0,0.0,6.0,25.0,0.0,1.0,91.0,2.0,1.0,23.0,11.0,0.0,10.0,6.0,0.0,3.0,3.0,0.0,0.0,1.0,3.0,1.0,1.0,0.0,21.0,9.0,10.0,2.0,4.0,3.0,1.0,0.0,278,83,19,1.4388,10.4317,0.7194,0.3597,0.0,0.0,1.4388,0.0,2.1583,8.9928,0.0,0.3597,32.7338,0.7194,0.3597,8.2734,3.9568,0.0,3.5971,2.1583,0.0,1.0791,1.0791,0.0,0.0,0.3597,1.0791,0.3597,0.3597,0.0,7.554,3.2374,3.5971,0.7194,1.4388,1.0791,0.3597,0.0,JxP
050616,AYACUCHO,LUCANAS,SAN JUAN,11.0,41.0,1.0,2.0,0.0,0.0,3.0,3.0,2.0,23.0,0.0,0.0,201.0,1.0,1.0,54.0,9.0,1.0,5.0,6.0,1.0,9.0,2.0,0.0,5.0,2.0,9.0,4.0,0.0,0.0,42.0,7.0,10.0,4.0,4.0,0.0,0.0,0.0,463,113,29,2.3758,8.8553,0.216,0.432,0.0,0.0,0.6479,0.6479,0.432,4.9676,0.0,0.0,43.4125,0.216,0.216,11.6631,1.9438,0.216,1.0799,1.2959,0.216,1.9438,0.432,0.0,1.0799,0.432,1.9438,0.8639,0.0,0.0,9.0713,1.5119,2.1598,0.8639,0.8639,0.0,0.0,0.0,JxP
050701,AYACUCHO,PARINACOCHAS,CORACORA,13.0,138.0,2.0,1.0,0.0,0.0,7.0,1.0,27.0,20.0,0.0,3.0,311.0,4.0,2.0,150.0,34.0,0.0,27.0,7.0,2.0,33.0,8.0,0.0,6.0,0.0,6.0,4.0,0.0,1.0,32.0,13.0,11.0,3.0,8.0,3.0,13.0,1.0,891,171,44,1.459,15.4882,0.2245,0.1122,0.0,0.0,0.7856,0.1122,3.0303,2.2447,0.0,0.3367,34.9046,0.4489,0.2245,16.835,3.8159,0.0,3.0303,0.7856,0.2245,3.7037,0.8979,0.0,0.6734,0.0,0.6734,0.4489,0.0,0.1122,3.5915,1.459,1.2346,0.3367,0.8979,0.3367,1.459,0.1122,JxP
050702,AYACUCHO,PARINACOCHAS,CHUMPI,14.0,81.0,2.0,1.0,1.0,0.0,1.0,2.0,7.0,28.0,0.0,0.0,387.0,6.0,1.0,90.0,15.0,1.0,17.0,3.0,0.0,21.0,6.0,3.0,9.0,1.0,4.0,3.0,0.0,1.0,31.0,8.0,8.0,2.0,4.0,1.0,0.0,0.0,759,213,56,1.8445,10.6719,0.2635,0.1318,0.1318,0.0,0.1318,0.2635,0.9223,3.6891,0.0,0.0,50.9881,0.7905,0.1318,11.8577,1.9763,0.1318,2.2398,0.3953,0.0,2.7668,0.7905,0.3953,1.1858,0.1318,0.527,0.3953,0.0,0.1318,4.0843,1.054,1.054,0.2635,0.527,0.1318,0.0,0.0,JxP
050703,AYACUCHO,PARINACOCHAS,CORONEL CASTAÑEDA,4.0,43.0,0.0,0.0,0.0,0.0,4.0,0.0,6.0,24.0,0.0,0.0,91.0,0.0,0.0,36.0,4.0,0.0,7.0,1.0,0.0,5.0,2.0,0.0,5.0,1.0,3.0,4.0,0.0,0.0,6.0,3.0,9.0,1.0,2.0,0.0,1.0,0.0,262,76,27,1.5267,16.4122,0.0,0.0,0.0,0.0,1.5267,0.0,2.2901,9.1603,0.0,0.0,34.7328,0.0,0.0,13.7405,1.5267,0.0,2.6718,0.3817,0.0,1.9084,0.7634,0.0,1.9084,0.3817,1.145,1.5267,0.0,0.0,2.2901,1.145,3.4351,0.3817,0.7634,0.0,0.3817,0.0,JxP
050704,AYACUCHO,PARINACOCHAS,PACAPAUSA,23.0,75.0,4.0,1.0,2.0,0.0,37.0,3.0,13.0,51.0,0.0,4.0,361.0,1.0,6.0,149.0,29.0,3.0,24.0,5.0,1.0,32.0,10.0,0.0,16.0,2.0,8.0,5.0,1.0,1.0,34.0,31.0,13.0,5.0,11.0,3.0,3.0,0.0,967,309,91,2.3785,7.7559,0.4137,0.1034,0.2068,0.0,3.8263,0.3102,1.3444,5.274,0.0,0.4137,37.332,0.1034,0.6205,15.4085,2.999,0.3102,2.4819,0.5171,0.1034,3.3092,1.0341,0.0,1.6546,0.2068,0.8273,0.5171,0.1034,0.1034,3.516,3.2058,1.3444,0.5171,1.1375,0.3102,0.3102,0.0,JxP
050706,AYACUCHO,PARINACOCHAS,PUYUSCA,42.0,64.0,0.0,1.0,0.0,0.0,6.0,2.0,7.0,21.0,0.0,2.0,153.0,6.0,0.0,115.0,15.0,3.0,5.0,6.0,0.0,17.0,14.0,0.0,1.0,0.0,2.0,6.0,1.0,1.0,22.0,2.0,5.0,4.0,9.0,1.0,0.0,0.0,533,123,31,7.8799,12.0075,0.0,0.1876,0.0,0.0,1.1257,0.3752,1.3133,3.94,0.0,0.3752,28.7054,1.1257,0.0,21.576,2.8143,0.5629,0.9381,1.1257,0.0,3.1895,2.6266,0.0,0.1876,0.0,0.3752,1.1257,0.1876,0.1876,4.1276,0.3752,0.9381,0.7505,1.6886,0.1876,0.0,0.0,JxP
050707,AYACUCHO,PARINACOCHAS,SAN FRANCISCO DE RAVACAYCO,82.0,72.0,5.0,8.0,0.0,0.0,9.0,0.0,12.0,41.0,0.0,1.0,224.0,3.0,0.0,55.0,20.0,0.0,20.0,3.0,2.0,15.0,8.0,0.0,8.0,1.0,6.0,3.0,0.0,0.0,33.0,9.0,25.0,0.0,5.0,5.0,2.0,0.0,677,88,88,12.1123,10.6352,0.7386,1.1817,0.0,0.0,1.3294,0.0,1.7725,6.0561,0.0,0.1477,33.0871,0.4431,0.0,8.1241,2.9542,0.0,2.9542,0.4431,0.2954,2.2157,1.1817,0.0,1.1817,0.1477,0.8863,0.4431,0.0,0.0,4.8744,1.3294,3.6928,0.0,0.7386,0.7386,0.2954,0.0,JxP
050708,AYACUCHO,PARINACOCHAS,UPAHUACHO,15.0,103.0,4.0,1.0,2.0,0.0,2.0,2.0,15.0,23.0,0.0,0.0,329.0,10.0,1.0,200.0,25.0,3.0,21.0,10.0,0.0,15.0,5.0,0.0,4.0,4.0,8.0,4.0,1.0,2.0,24.0,12.0,6.0,1.0,8.0,1.0,2.0,0.0,863,230,58,1.7381,11.9351,0.4635,0.1159,0.2317,0.0,0.2317,0.2317,1.7381,2.6651,0.0,0.0,38.1228,1.1587,0.1159,23.175,2.8969,0.3476,2.4334,1.1587,0.0,1.7381,0.5794,0.0,0.4635,0.4635,0.927,0.4635,0.1159,0.2317,2.781,1.3905,0.6952,0.1159,0.927,0.1159,0.2317,0.0,JxP
050709,Ayacucho,Parinacochas,,4.0,25.0,2.0,1.0,1.0,0.0,3.0,2.0,5.0,18.0,0.0,0.0,271.0,13.0,0.0,66.0,7.0,1.0,12.0,5.0,0.0,2.0,1.0,0.0,16.0,1.0,2.0,0.0,1.0,0.0,18.0,2.0,6.0,5.0,11.0,0.0,0.0,1.0,502,93,29,0.7968,4.9801,0.3984,0.1992,0.1992,0.0,0.5976,0.3984,0.996,3.5857,0.0,0.0,53.9841,2.5896,0.0,13.1474,1.3944,0.1992,2.3904,0.996,0.0,0.3984,0.1992,0.0,3.1873,0.1992,0.3984,0.0,0.1992,0.0,3.5857,0.3984,1.1952,0.996,2.1912,0.0,0.0,0.1992,JxP
050710,Ayacucho,Parinacochas,,20.0,83.0,0.0,1.0,1.0,0.0,5.0,1.0,16.0,61.0,0.0,0.0,279.0,2.0,1.0,113.0,20.0,3.0,19.0,2.0,0.0,11.0,10.0,0.0,8.0,0.0,2.0,1.0,0.0,0.0,25.0,7.0,9.0,10.0,10.0,1.0,1.0,0.0,722,177,54,2.7701,11.4958,0.0,0.1385,0.1385,0.0,0.6925,0.1385,2.2161,8.4488,0.0,0.0,38.6427,0.277,0.1385,15.651,2.7701,0.4155,2.6316,0.277,0.0,1.5235,1.385,0.0,1.108,0.0,0.277,0.1385,0.0,0.0,3.4626,0.9695,1.2465,1.385,1.385,0.1385,0.1385,0.0,JxP
050713,Ayacucho,Parinacochas,,15.0,56.0,0.0,0.0,2.0,0.0,5.0,2.0,26.0,19.0,0.0,0.0,589.0,4.0,1.0,169.0,11.0,5.0,8.0,6.0,0.0,13.0,7.0,4.0,102.0,1.0,6.0,4.0,0.0,2.0,17.0,9.0,5.0,9.0,11.0,1.0,0.0,1.0,1110,288,67,1.3514,5.045,0.0,0.0,0.1802,0.0,0.4505,0.1802,2.3423,1.7117,0.0,0.0,53.0631,0.3604,0.0901,15.2252,0.991,0.4505,0.7207,0.5405,0.0,1.1712,0.6306,0.3604,9.1892,0.0901,0.5405,0.3604,0.0,0.1802,1.5315,0.8108,0.4505,0.8108,0.991,0.0901,0.0,0.0901,JxP
050714,Ayacucho,Parinacochas,,8.0,85.0,19.0,5.0,0.0,0.0,6.0,7.0,10.0,44.0,0.0,1.0,418.0,9.0,1.0,164.0,16.0,2.0,18.0,12.0,1.0,8.0,8.0,0.0,20.0,1.0,10.0,9.0,4.0,1.0,38.0,2.0,6.0,1.0,7.0,4.0,5.0,0.0,950,297,59,0.8421,8.9474,2.0,0.5263,0.0,0.0,0.6316,0.7368,1.0526,4.6316,0.0,0.1053,44.0,0.9474,0.1053,17.2632,1.6842,0.2105,1.8947,1.2632,0.1053,0.8421,0.8421,0.0,2.1053,0.1053,1.0526,0.9474,0.4211,0.1053,4.0,0.2105,0.6316,0.1053,0.7368,0.4211,0.5263,0.0,JxP
050715,Ayacucho,Parinacochas,,3.0,21.0,2.0,0.0,0.0,0.0,0.0,0.0,0.0,14.0,0.0,1.0,44.0,3.0,2.0,13.0,7.0,0.0,2.0,1.0,0.0,3.0,0.0,0.0,1.0,0.0,1.0,3.0,0.0,0.0,5.0,5.0,2.0,1.0,1.0,0.0,0.0,0.0,135,39,17,2.2222,15.5556,1.4815,0.0,0.0,0.0,0.0,0.0,0.0,10.3704,0.0,0.7407,32.5926,2.2222,1.4815,9.6296,5.1852,0.0,1.4815,0.7407,0.0,2.2222,0.0,0.0,0.7407,0.0,0.7407,2.2222,0.0,0.0,3.7037,3.7037,1.4815,0.7407,0.7407,0.0,0.0,0.0,JxP
050801,AYACUCHO,PÀUCAR DEL SARA SARA,PAUSA,19.0,284.0,9.0,7.0,1.0,0.0,18.0,2.0,19.0,81.0,0.0,2.0,544.0,4.0,1.0,213.0,77.0,0.0,27.0,6.0,3.0,21.0,24.0,0.0,3.0,8.0,12.0,6.0,1.0,5.0,23.0,14.0,43.0,2.0,27.0,12.0,0.0,2.0,1520,222,81,1.25,18.6842,0.5921,0.4605,0.0658,0.0,1.1842,0.1316,1.25,5.3289,0.0,0.1316,35.7895,0.2632,0.0658,14.0132,5.0658,0.0,1.7763,0.3947,0.1974,1.3816,1.5789,0.0,0.1974,0.5263,0.7895,0.3947,0.0658,0.3289,1.5132,0.9211,2.8289,0.1316,1.7763,0.7895,0.0,0.1316,JxP
050802,AYACUCHO,PÀUCAR DEL SARA SARA,COLTA,14.0,143.0,1.0,2.0,0.0,0.0,5.0,0.0,9.0,35.0,0.0,1.0,206.0,2.0,2.0,87.0,20.0,1.0,13.0,6.0,0.0,9.0,7.0,1.0,4.0,1.0,3.0,3.0,2.0,0.0,15.0,5.0,9.0,0.0,3.0,8.0,0.0,0.0,617,136,58,2.269,23.1767,0.1621,0.3241,0.0,0.0,0.8104,0.0,1.4587,5.6726,0.0,0.1621,33.3874,0.3241,0.3241,14.1005,3.2415,0.1621,2.107,0.9724,0.0,1.4587,1.1345,0.1621,0.6483,0.1621,0.4862,0.4862,0.3241,0.0,2.4311,0.8104,1.4587,0.0,0.4862,1.2966,0.0,0.0,JxP
050803,AYACUCHO,PÀUCAR DEL SARA SARA,CORCULLA,10.0,94.0,6.0,2.0,1.0,0.0,7.0,4.0,15.0,42.0,0.0,0.0,503.0,2.0,4.0,88.0,23.0,2.0,32.0,14.0,0.0,23.0,3.0,0.0,4.0,4.0,6.0,3.0,2.0,2.0,33.0,6.0,6.0,1.0,7.0,2.0,0.0,1.0,952,205,86,1.0504,9.8739,0.6303,0.2101,0.105,0.0,0.7353,0.4202,1.5756,4.4118,0.0,0.0,52.8361,0.2101,0.4202,9.2437,2.416,0.2101,3.3613,1.4706,0.0,2.416,0.3151,0.0,0.4202,0.4202,0.6303,0.3151,0.2101,0.2101,3.4664,0.6303,0.6303,0.105,0.7353,0.2101,0.0,0.105,JxP
050804,AYACUCHO,PÀUCAR DEL SARA SARA,LAMPA,14.0,86.0,4.0,2.0,0.0,0.0,10.0,4.0,10.0,23.0,0.0,1.0,370.0,3.0,0.0,105.0,23.0,1.0,27.0,6.0,2.0,21.0,7.0,0.0,3.0,4.0,12.0,7.0,2.0,0.0,21.0,5.0,8.0,1.0,12.0,3.0,0.0,0.0,797,215,76,1.7566,10.7905,0.5019,0.2509,0.0,0.0,1.2547,0.5019,1.2547,2.8858,0.0,0.1255,46.4241,0.3764,0.0,13.1744,2.8858,0.1255,3.3877,0.7528,0.2509,2.6349,0.8783,0.0,0.3764,0.5019,1.5056,0.8783,0.2509,0.0,2.6349,0.6274,1.0038,0.1255,1.5056,0.3764,0.0,0.0,JxP
050901,AYACUCHO,SUCRE,QUEROBAMBA,24.0,353.0,20.0,2.0,1.0,0.0,30.0,7.0,35.0,210.0,0.0,2.0,1421.0,20.0,4.0,327.0,54.0,3.0,33.0,16.0,1.0,31.0,25.0,3.0,32.0,4.0,26.0,8.0,4.0,2.0,85.0,25.0,33.0,7.0,24.0,1.0,2.0,3.0,2878,878,277,0.8339,12.2655,0.6949,0.0695,0.0347,0.0,1.0424,0.2432,1.2161,7.2967,0.0,0.0695,49.3746,0.6949,0.139,11.3621,1.8763,0.1042,1.1466,0.5559,0.0347,1.0771,0.8687,0.1042,1.1119,0.139,0.9034,0.278,0.139,0.0695,2.9534,0.8687,1.1466,0.2432,0.8339,0.0347,0.0695,0.1042,JxP
050902,AYACUCHO,SUCRE,BELÉN,13.0,184.0,9.0,2.0,0.0,0.0,15.0,3.0,20.0,114.0,0.0,1.0,986.0,5.0,2.0,300.0,31.0,0.0,15.0,9.0,10.0,17.0,8.0,0.0,13.0,5.0,13.0,5.0,1.0,2.0,49.0,15.0,29.0,3.0,21.0,12.0,12.0,0.0,1924,575,149,0.6757,9.5634,0.4678,0.104,0.0,0.0,0.7796,0.1559,1.0395,5.9252,0.0,0.052,51.2474,0.2599,0.104,15.5925,1.6112,0.0,0.7796,0.4678,0.5198,0.8836,0.4158,0.0,0.6757,0.2599,0.6757,0.2599,0.052,0.104,2.5468,0.7796,1.5073,0.1559,1.0915,0.6237,0.6237,0.0,JxP
050903,AYACUCHO,SUCRE,CHALCOS,4.0,56.0,0.0,2.0,3.0,0.0,7.0,1.0,14.0,21.0,0.0,0.0,205.0,1.0,4.0,58.0,20.0,0.0,12.0,4.0,1.0,5.0,25.0,0.0,1.0,3.0,2.0,1.0,0.0,0.0,10.0,7.0,5.0,2.0,5.0,46.0,0.0,0.0,525,134,24,0.7619,10.6667,0.0,0.381,0.5714,0.0,1.3333,0.1905,2.6667,4.0,0.0,0.0,39.0476,0.1905,0.7619,11.0476,3.8095,0.0,2.2857,0.7619,0.1905,0.9524,4.7619,0.0,0.1905,0.5714,0.381,0.1905,0.0,0.0,1.9048,1.3333,0.9524,0.381,0.9524,8.7619,0.0,0.0,JxP
050904,AYACUCHO,SUCRE,CHILCAYOC,9.0,81.0,1.0,6.0,1.0,0.0,3.0,1.0,5.0,25.0,0.0,0.0,112.0,8.0,1.0,47.0,15.0,0.0,11.0,3.0,0.0,3.0,3.0,0.0,2.0,1.0,2.0,2.0,1.0,0.0,21.0,4.0,15.0,1.0,6.0,1.0,1.0,0.0,392,142,30,2.2959,20.6633,0.2551,1.5306,0.2551,0.0,0.7653,0.2551,1.2755,6.3776,0.0,0.0,28.5714,2.0408,0.2551,11.9898,3.8265,0.0,2.8061,0.7653,0.0,0.7653,0.7653,0.0,0.5102,0.2551,0.5102,0.5102,0.2551,0.0,5.3571,1.0204,3.8265,0.2551,1.5306,0.2551,0.2551,0.0,JxP
050905,AYACUCHO,SUCRE,HUACAÑA,4.0,79.0,16.0,0.0,1.0,0.0,5.0,2.0,8.0,49.0,0.0,2.0,465.0,5.0,3.0,105.0,21.0,2.0,19.0,4.0,0.0,9.0,2.0,0.0,3.0,4.0,10.0,4.0,0.0,1.0,26.0,12.0,16.0,4.0,7.0,2.0,1.0,3.0,894,237,71,0.4474,8.8367,1.7897,0.0,0.1119,0.0,0.5593,0.2237,0.8949,5.481,0.0,0.2237,52.0134,0.5593,0.3356,11.745,2.349,0.2237,2.1253,0.4474,0.0,1.0067,0.2237,0.0,0.3356,0.4474,1.1186,0.4474,0.0,0.1119,2.9083,1.3423,1.7897,0.4474,0.783,0.2237,0.1119,0.3356,JxP
050906,AYACUCHO,SUCRE,MORCOLLA,4.0,69.0,7.0,1.0,0.0,0.0,6.0,3.0,13.0,80.0,0.0,4.0,334.0,1.0,0.0,72.0,12.0,1.0,26.0,6.0,0.0,11.0,5.0,0.0,3.0,3.0,7.0,9.0,1.0,1.0,26.0,11.0,3.0,2.0,1.0,1.0,2.0,0.0,725,229,75,0.5517,9.5172,0.9655,0.1379,0.0,0.0,0.8276,0.4138,1.7931,11.0345,0.0,0.5517,46.069,0.1379,0.0,9.931,1.6552,0.1379,3.5862,0.8276,0.0,1.5172,0.6897,0.0,0.4138,0.4138,0.9655,1.2414,0.1379,0.1379,3.5862,1.5172,0.4138,0.2759,0.1379,0.1379,0.2759,0.0,JxP
050907,AYACUCHO,SUCRE,PAICO,4.0,61.0,4.0,1.0,0.0,0.0,3.0,1.0,8.0,25.0,0.0,0.0,244.0,10.0,0.0,36.0,8.0,0.0,14.0,4.0,0.0,6.0,3.0,0.0,3.0,0.0,3.0,3.0,0.0,0.0,15.0,6.0,3.0,1.0,1.0,3.0,1.0,1.0,472,162,29,0.8475,12.9237,0.8475,0.2119,0.0,0.0,0.6356,0.2119,1.6949,5.2966,0.0,0.0,51.6949,2.1186,0.0,7.6271,1.6949,0.0,2.9661,0.8475,0.0,1.2712,0.6356,0.0,0.6356,0.0,0.6356,0.6356,0.0,0.0,3.178,1.2712,0.6356,0.2119,0.2119,0.6356,0.2119,0.2119,JxP
050908,AYACUCHO,SUCRE,SAN PEDRO DE LARCAY,4.0,21.0,4.0,0.0,1.0,0.0,6.0,4.0,7.0,25.0,0.0,1.0,185.0,1.0,0.0,39.0,9.0,0.0,4.0,1.0,1.0,3.0,5.0,0.0,6.0,1.0,2.0,2.0,0.0,0.0,44.0,5.0,4.0,1.0,4.0,3.0,1.0,0.0,394,145,39,1.0152,5.3299,1.0152,0.0,0.2538,0.0,1.5228,1.0152,1.7766,6.3452,0.0,0.2538,46.9543,0.2538,0.0,9.8985,2.2843,0.0,1.0152,0.2538,0.2538,0.7614,1.269,0.0,1.5228,0.2538,0.5076,0.5076,0.0,0.0,11.1675,1.269,1.0152,0.2538,1.0152,0.7614,0.2538,0.0,JxP
051001,AYACUCHO,VÍCTOR FAJARDO,HUANCAPI,25.0,211.0,2.0,5.0,0.0,0.0,5.0,2.0,18.0,163.0,0.0,3.0,261.0,3.0,4.0,171.0,123.0,1.0,20.0,10.0,2.0,15.0,13.0,1.0,6.0,2.0,5.0,6.0,0.0,0.0,12.0,35.0,27.0,1.0,20.0,7.0,1.0,0.0,1180,234,56,2.1186,17.8814,0.1695,0.4237,0.0,0.0,0.4237,0.1695,1.5254,13.8136,0.0,0.2542,22.1186,0.2542,0.339,14.4915,10.4237,0.0847,1.6949,0.8475,0.1695,1.2712,1.1017,0.0847,0.5085,0.1695,0.4237,0.5085,0.0,0.0,1.0169,2.9661,2.2881,0.0847,1.6949,0.5932,0.0847,0.0,JxP
051002,AYACUCHO,VÍCTOR FAJARDO,ALCAMENCA,3.0,21.0,1.0,2.0,0.0,0.0,5.0,0.0,6.0,23.0,0.0,2.0,160.0,0.0,1.0,25.0,8.0,0.0,7.0,2.0,0.0,3.0,2.0,0.0,0.0,0.0,15.0,2.0,0.0,0.0,11.0,6.0,12.0,2.0,1.0,0.0,1.0,0.0,321,69,26,0.9346,6.5421,0.3115,0.6231,0.0,0.0,1.5576,0.0,1.8692,7.1651,0.0,0.6231,49.8442,0.0,0.3115,7.7882,2.4922,0.0,2.1807,0.6231,0.0,0.9346,0.6231,0.0,0.0,0.0,4.6729,0.6231,0.0,0.0,3.4268,1.8692,3.7383,0.6231,0.3115,0.0,0.3115,0.0,JxP
051003,AYACUCHO,VÍCTOR FAJARDO,APONGO,5.0,24.0,1.0,5.0,0.0,0.0,0.0,0.0,1.0,28.0,0.0,0.0,38.0,9.0,0.0,6.0,9.0,0.0,3.0,0.0,0.0,2.0,0.0,0.0,0.0,0.0,0.0,0.0,0.0,0.0,4.0,4.0,8.0,0.0,2.0,2.0,0.0,0.0,151,34,4,3.3113,15.894,0.6623,3.3113,0.0,0.0,0.0,0.0,0.6623,18.543,0.0,0.0,25.1656,5.9603,0.0,3.9735,5.9603,0.0,1.9868,0.0,0.0,1.3245,0.0,0.0,0.0,0.0,0.0,0.0,0.0,0.0,2.649,2.649,5.298,0.0,1.3245,1.3245,0.0,0.0,JxP
051004,AYACUCHO,VÍCTOR FAJARDO,ASQUIPATA,10.0,112.0,4.0,2.0,2.0,0.0,6.0,3.0,3.0,96.0,0.0,1.0,369.0,2.0,1.0,96.0,17.0,0.0,12.0,5.0,0.0,5.0,6.0,0.0,7.0,3.0,5.0,2.0,1.0,1.0,18.0,9.0,15.0,1.0,6.0,2.0,1.0,2.0,825,167,66,1.2121,13.5758,0.4848,0.2424,0.2424,0.0,0.7273,0.3636,0.3636,11.6364,0.0,0.1212,44.7273,0.2424,0.1212,11.6364,2.0606,0.0,1.4545,0.6061,0.0,0.6061,0.7273,0.0,0.8485,0.3636,0.6061,0.2424,0.1212,0.1212,2.1818,1.0909,1.8182,0.1212,0.7273,0.2424,0.1212,0.2424,JxP
051005,AYACUCHO,VÍCTOR FAJARDO,CANARIA,3.0,45.0,1.0,4.0,0.0,0.0,3.0,0.0,2.0,21.0,0.0,0.0,62.0,1.0,2.0,27.0,18.0,0.0,3.0,3.0,5.0,1.0,2.0,0.0,1.0,0.0,1.0,0.0,2.0,0.0,3.0,5.0,16.0,1.0,3.0,2.0,0.0,1.0,238,68,13,1.2605,18.9076,0.4202,1.6807,0.0,0.0,1.2605,0.0,0.8403,8.8235,0.0,0.0,26.0504,0.4202,0.8403,11.3445,7.563,0.0,1.2605,1.2605,2.1008,0.4202,0.8403,0.0,0.4202,0.0,0.4202,0.0,0.8403,0.0,1.2605,2.1008,6.7227,0.4202,1.2605,0.8403,0.0,0.4202,JxP
051006,AYACUCHO,VÍCTOR FAJARDO,CAYARA,1.0,28.0,3.0,0.0,1.0,0.0,3.0,4.0,5.0,15.0,0.0,1.0,211.0,1.0,0.0,71.0,8.0,0.0,11.0,7.0,0.0,4.0,1.0,0.0,0.0,4.0,4.0,1.0,1.0,1.0,8.0,6.0,11.0,0.0,3.0,3.0,1.0,0.0,418,83,15,0.2392,6.6986,0.7177,0.0,0.2392,0.0,0.7177,0.9569,1.1962,3.5885,0.0,0.2392,50.4785,0.2392,0.0,16.9856,1.9139,0.0,2.6316,1.6746,0.0,0.9569,0.2392,0.0,0.0,0.9569,0.9569,0.2392,0.2392,0.2392,1.9139,1.4354,2.6316,0.0,0.7177,0.7177,0.2392,0.0,JxP
051007,AYACUCHO,VÍCTOR FAJARDO,COLCA,6.0,13.0,4.0,1.0,0.0,0.0,2.0,0.0,2.0,18.0,0.0,0.0,59.0,1.0,0.0,24.0,25.0,1.0,3.0,2.0,0.0,5.0,1.0,0.0,1.0,0.0,2.0,2.0,1.0,0.0,3.0,5.0,11.0,0.0,1.0,2.0,1.0,0.0,196,44,16,3.0612,6.6327,2.0408,0.5102,0.0,0.0,1.0204,0.0,1.0204,9.1837,0.0,0.0,30.102,0.5102,0.0,12.2449,12.7551,0.5102,1.5306,1.0204,0.0,2.551,0.5102,0.0,0.5102,0.0,1.0204,1.0204,0.5102,0.0,1.5306,2.551,5.6122,0.0,0.5102,1.0204,0.5102,0.0,JxP
051008,AYACUCHO,VÍCTOR FAJARDO,HUAMANQUIQUIA,4.0,25.0,2.0,0.0,0.0,0.0,7.0,1.0,10.0,37.0,0.0,1.0,52.0,1.0,1.0,30.0,9.0,2.0,0.0,4.0,1.0,4.0,4.0,0.0,2.0,0.0,3.0,1.0,0.0,0.0,9.0,3.0,9.0,0.0,1.0,5.0,0.0,0.0,228,56,23,1.7544,10.9649,0.8772,0.0,0.0,0.0,3.0702,0.4386,4.386,16.2281,0.0,0.4386,22.807,0.4386,0.4386,13.1579,3.9474,0.8772,0.0,1.7544,0.4386,1.7544,1.7544,0.0,0.8772,0.0,1.3158,0.4386,0.0,0.0,3.9474,1.3158,3.9474,0.0,0.4386,2.193,0.0,0.0,JxP
051009,AYACUCHO,VÍCTOR FAJARDO,HUANCARAYLLA,0.0,13.0,0.0,0.0,1.0,0.0,0.0,0.0,1.0,18.0,0.0,0.0,19.0,0.0,0.0,11.0,2.0,0.0,1.0,1.0,0.0,1.0,0.0,0.0,1.0,0.0,2.0,0.0,0.0,1.0,1.0,3.0,0.0,0.0,1.0,2.0,0.0,0.0,79,16,6,0.0,16.4557,0.0,0.0,1.2658,0.0,0.0,0.0,1.2658,22.7848,0.0,0.0,24.0506,0.0,0.0,13.9241,2.5316,0.0,1.2658,1.2658,0.0,1.2658,0.0,0.0,1.2658,0.0,2.5316,0.0,0.0,1.2658,1.2658,3.7975,0.0,0.0,1.2658,2.5316,0.0,0.0,JxP
051010,AYACUCHO,VÍCTOR FAJARDO,HUAYA,2.0,21.0,0.0,2.0,0.0,0.0,3.0,0.0,3.0,34.0,0.0,0.0,101.0,1.0,2.0,19.0,9.0,2.0,3.0,1.0,2.0,2.0,2.0,0.0,0.0,1.0,1.0,0.0,0.0,0.0,5.0,5.0,8.0,0.0,0.0,21.0,0.0,0.0,250,39,12,0.8,8.4,0.0,0.8,0.0,0.0,1.2,0.0,1.2,13.6,0.0,0.0,40.4,0.4,0.8,7.6,3.6,0.8,1.2,0.4,0.8,0.8,0.8,0.0,0.0,0.4,0.4,0.0,0.0,0.0,2.0,2.0,3.2,0.0,0.0,8.4,0.0,0.0,JxP
051101,AYACUCHO,VILCAS HUAMÁN,VILCAS HUAMÁN,14.0,110.0,5.0,4.0,0.0,0.0,3.0,1.0,14.0,82.0,0.0,3.0,355.0,1.0,0.0,124.0,29.0,0.0,15.0,12.0,1.0,8.0,11.0,3.0,7.0,1.0,2.0,3.0,1.0,1.0,57.0,14.0,13.0,1.0,18.0,1.0,1.0,1.0,916,281,69,1.5284,12.0087,0.5459,0.4367,0.0,0.0,0.3275,0.1092,1.5284,8.952,0.0,0.3275,38.7555,0.1092,0.0,13.5371,3.1659,0.0,1.6376,1.31,0.1092,0.8734,1.2009,0.3275,0.7642,0.1092,0.2183,0.3275,0.1092,0.1092,6.2227,1.5284,1.4192,0.1092,1.9651,0.1092,0.1092,0.1092,JxP
051102,AYACUCHO,VILCAS HUAMÁN,ACCOMARCA,2.0,15.0,1.0,0.0,0.0,0.0,0.0,0.0,2.0,7.0,0.0,0.0,37.0,0.0,2.0,10.0,0.0,0.0,1.0,1.0,0.0,1.0,3.0,0.0,0.0,0.0,1.0,2.0,0.0,0.0,17.0,1.0,1.0,0.0,0.0,1.0,0.0,0.0,105,17,7,1.9048,14.2857,0.9524,0.0,0.0,0.0,0.0,0.0,1.9048,6.6667,0.0,0.0,35.2381,0.0,1.9048,9.5238,0.0,0.0,0.9524,0.9524,0.0,0.9524,2.8571,0.0,0.0,0.0,0.9524,1.9048,0.0,0.0,16.1905,0.9524,0.9524,0.0,0.0,0.9524,0.0,0.0,JxP
051103,AYACUCHO,VILCAS HUAMÁN,CARHUANCA,1.0,5.0,2.0,0.0,0.0,0.0,5.0,1.0,1.0,21.0,0.0,0.0,77.0,0.0,0.0,20.0,2.0,0.0,3.0,1.0,0.0,2.0,1.0,1.0,2.0,1.0,2.0,2.0,0.0,0.0,9.0,0.0,1.0,0.0,0.0,0.0,0.0,0.0,160,58,17,0.625,3.125,1.25,0.0,0.0,0.0,3.125,0.625,0.625,13.125,0.0,0.0,48.125,0.0,0.0,12.5,1.25,0.0,1.875,0.625,0.0,1.25,0.625,0.625,1.25,0.625,1.25,1.25,0.0,0.0,5.625,0.0,0.625,0.0,0.0,0.0,0.0,0.0,JxP
051104,AYACUCHO,VILCAS HUAMÁN,CONCEPCIÓN,4.0,15.0,4.0,3.0,0.0,0.0,6.0,2.0,12.0,23.0,0.0,0.0,238.0,0.0,0.0,39.0,4.0,0.0,3.0,5.0,1.0,5.0,1.0,0.0,4.0,1.0,2.0,1.0,0.0,1.0,30.0,1.0,4.0,0.0,3.0,2.0,1.0,0.0,415,132,33,0.9639,3.6145,0.9639,0.7229,0.0,0.0,1.4458,0.4819,2.8916,5.5422,0.0,0.0,57.3494,0.0,0.0,9.3976,0.9639,0.0,0.7229,1.2048,0.241,1.2048,0.241,0.0,0.9639,0.241,0.4819,0.241,0.0,0.241,7.2289,0.241,0.9639,0.0,0.7229,0.4819,0.241,0.0,JxP
051105,AYACUCHO,VILCAS HUAMÁN,HUAMBALPA,3.0,26.0,10.0,0.0,0.0,0.0,3.0,1.0,5.0,31.0,0.0,1.0,107.0,0.0,0.0,28.0,2.0,0.0,10.0,5.0,0.0,3.0,0.0,0.0,0.0,0.0,1.0,2.0,0.0,1.0,25.0,6.0,2.0,1.0,0.0,0.0,1.0,0.0,274,61,12,1.0949,9.4891,3.6496,0.0,0.0,0.0,1.0949,0.365,1.8248,11.3139,0.0,0.365,39.0511,0.0,0.0,10.219,0.7299,0.0,3.6496,1.8248,0.0,1.0949,0.0,0.0,0.0,0.0,0.365,0.7299,0.0,0.365,9.1241,2.1898,0.7299,0.365,0.0,0.0,0.365,0.0,JxP
051106,AYACUCHO,VILCAS HUAMÁN,INDEPENDENCIA,0.0,24.0,2.0,0.0,0.0,0.0,4.0,0.0,6.0,30.0,0.0,0.0,127.0,0.0,0.0,16.0,2.0,0.0,9.0,0.0,0.0,0.0,0.0,0.0,0.0,0.0,4.0,1.0,0.0,0.0,10.0,4.0,2.0,0.0,0.0,1.0,0.0,0.0,242,63,13,0.0,9.9174,0.8264,0.0,0.0,0.0,1.6529,0.0,2.4793,12.3967,0.0,0.0,52.4793,0.0,0.0,6.6116,0.8264,0.0,3.719,0.0,0.0,0.0,0.0,0.0,0.0,0.0,1.6529,0.4132,0.0,0.0,4.1322,1.6529,0.8264,0.0,0.0,0.4132,0.0,0.0,JxP
051107,AYACUCHO,VILCAS HUAMÁN,SAURAMA,4.0,20.0,2.0,1.0,0.0,0.0,0.0,3.0,2.0,18.0,0.0,0.0,182.0,0.0,0.0,50.0,11.0,1.0,11.0,3.0,1.0,10.0,4.0,0.0,3.0,2.0,4.0,0.0,0.0,0.0,17.0,6.0,4.0,0.0,2.0,2.0,0.0,0.0,363,79,22,1.1019,5.5096,0.551,0.2755,0.0,0.0,0.0,0.8264,0.551,4.9587,0.0,0.0,50.1377,0.0,0.0,13.7741,3.0303,0.2755,3.0303,0.8264,0.2755,2.7548,1.1019,0.0,0.8264,0.551,1.1019,0.0,0.0,0.0,4.6832,1.6529,1.1019,0.0,0.551,0.551,0.0,0.0,JxP
051108,AYACUCHO,VILCAS HUAMÁN,VISCHONGO,2.0,31.0,1.0,1.0,0.0,0.0,2.0,1.0,4.0,34.0,0.0,1.0,126.0,0.0,0.0,16.0,5.0,1.0,1.0,3.0,0.0,3.0,104.0,0.0,0.0,0.0,1.0,1.0,0.0,0.0,6.0,5.0,5.0,1.0,2.0,2.0,0.0,1.0,360,119,30,0.5556,8.6111,0.2778,0.2778,0.0,0.0,0.5556,0.2778,1.1111,9.4444,0.0,0.2778,35.0,0.0,0.0,4.4444,1.3889,0.2778,0.2778,0.8333,0.0,0.8333,28.8889,0.0,0.0,0.0,0.2778,0.2778,0.0,0.0,1.6667,1.3889,1.3889,0.2778,0.5556,0.5556,0.0,0.2778,JxP
051109,Ayacucho,Vilcas Huamán,,1.0,40.0,2.0,5.0,0.0,0.0,1.0,0.0,1.0,21.0,0.0,0.0,45.0,1.0,0.0,28.0,11.0,0.0,5.0,0.0,0.0,0.0,2.0,0.0,0.0,0.0,2.0,0.0,0.0,0.0,10.0,3.0,3.0,0.0,1.0,0.0,0.0,0.0,182,44,9,0.5495,21.978,1.0989,2.7473,0.0,0.0,0.5495,0.0,0.5495,11.5385,0.0,0.0,24.7253,0.5495,0.0,15.3846,6.044,0.0,2.7473,0.0,0.0,0.0,1.0989,0.0,0.0,0.0,1.0989,0.0,0.0,0.0,5.4945,1.6484,1.6484,0.0,0.5495,0.0,0.0,0.0,JxP
051110,Ayacucho,Vilcas Huamán,,5.0,26.0,5.0,0.0,1.0,0.0,4.0,1.0,3.0,39.0,0.0,0.0,121.0,2.0,1.0,28.0,7.0,0.0,2.0,2.0,1.0,0.0,2.0,0.0,2.0,0.0,6.0,0.0,0.0,0.0,12.0,3.0,3.0,0.0,0.0,2.0,0.0,0.0,278,93,21,1.7986,9.3525,1.7986,0.0,0.3597,0.0,1.4388,0.3597,1.0791,14.0288,0.0,0.0,43.5252,0.7194,0.3597,10.0719,2.518,0.0,0.7194,0.7194,0.3597,0.0,0.7194,0.0,0.7194,0.0,2.1583,0.0,0.0,0.0,4.3165,1.0791,1.0791,0.0,0.0,0.7194,0.0,0.0,JxP
051111,Ayacucho,Vilcas Huamán,,3.0,53.0,1.0,1.0,1.0,0.0,1.0,1.0,4.0,41.0,0.0,0.0,163.0,1.0,1.0,61.0,12.0,1.0,18.0,0.0,0.0,8.0,6.0,0.0,4.0,0.0,3.0,4.0,0.0,0.0,28.0,7.0,7.0,2.0,4.0,0.0,0.0,0.0,436,154,39,0.6881,12.156,0.2294,0.2294,0.2294,0.0,0.2294,0.2294,0.9174,9.4037,0.0,0.0,37.3853,0.2294,0.2294,13.9908,2.7523,0.2294,4.1284,0.0,0.0,1.8349,1.3761,0.0,0.9174,0.0,0.6881,0.9174,0.0,0.0,6.422,1.6055,1.6055,0.4587,0.9174,0.0,0.0,0.0,JxP
060101,CAJAMARCA,CAJAMARCA,CAJAMARCA,670.0,7337.0,1128.0,1077.0,214.0,0.0,671.0,105.0,2059.0,19776.0,0.0,183.0,19877.0,847.0,1339.0,12983.0,14186.0,228.0,387.0,432.0,550.0,719.0,5172.0,111.0,848.0,240.0,1052.0,293.0,64.0,132.0,1243.0,8140.0,7877.0,139.0,4673.0,1607.0,590.0,693.0,117642,14639,8294,0.5695,6.2367,0.9588,0.9155,0.1819,0.0,0.5704,0.0893,1.7502,16.8103,0.0,0.1556,16.8962,0.72,1.1382,11.036,12.0586,0.1938,0.329,0.3672,0.4675,0.6112,4.3964,0.0944,0.7208,0.204,0.8942,0.2491,0.0544,0.1122,1.0566,6.9193,6.6957,0.1182,3.9722,1.366,0.5015,0.5891,JxP
060102,CAJAMARCA,CAJAMARCA,ASUNCIÓN,23.0,111.0,58.0,23.0,6.0,0.0,14.0,7.0,29.0,307.0,0.0,3.0,1653.0,11.0,10.0,407.0,74.0,8.0,34.0,17.0,3.0,41.0,27.0,0.0,27.0,4.0,34.0,6.0,3.0,1.0,88.0,79.0,46.0,16.0,34.0,39.0,48.0,12.0,3303,788,417,0.6963,3.3606,1.756,0.6963,0.1817,0.0,0.4239,0.2119,0.878,9.2946,0.0,0.0908,50.0454,0.333,0.3028,12.3221,2.2404,0.2422,1.0294,0.5147,0.0908,1.2413,0.8174,0.0,0.8174,0.1211,1.0294,0.1817,0.0908,0.0303,2.6642,2.3918,1.3927,0.4844,1.0294,1.1807,1.4532,0.3633,JxP
060103,CAJAMARCA,CAJAMARCA,CHETILLA,5.0,25.0,13.0,15.0,2.0,0.0,4.0,4.0,10.0,396.0,0.0,1.0,865.0,3.0,4.0,81.0,27.0,7.0,4.0,8.0,4.0,24.0,10.0,0.0,9.0,5.0,12.0,4.0,1.0,3.0,55.0,236.0,26.0,7.0,8.0,29.0,32.0,0.0,1939,872,363,0.2579,1.2893,0.6704,0.7736,0.1031,0.0,0.2063,0.2063,0.5157,20.4229,0.0,0.0516,44.6106,0.1547,0.2063,4.1774,1.3925,0.361,0.2063,0.4126,0.2063,1.2378,0.5157,0.0,0.4642,0.2579,0.6189,0.2063,0.0516,0.1547,2.8365,12.1712,1.3409,0.361,0.4126,1.4956,1.6503,0.0,JxP
060104,CAJAMARCA,CAJAMARCA,COSPAN,30.0,9.0,8.0,4.0,1.0,0.0,1.0,17.0,9.0,118.0,0.0,1.0,1079.0,7.0,4.0,178.0,11.0,6.0,8.0,5.0,3.0,12.0,4.0,2.0,5.0,2.0,7.0,10.0,1.0,1.0,33.0,18.0,15.0,6.0,11.0,15.0,2.0,1.0,1644,372,192,1.8248,0.5474,0.4866,0.2433,0.0608,0.0,0.0608,1.0341,0.5474,7.1776,0.0,0.0608,65.6326,0.4258,0.2433,10.8273,0.6691,0.365,0.4866,0.3041,0.1825,0.7299,0.2433,0.1217,0.3041,0.1217,0.4258,0.6083,0.0608,0.0608,2.0073,1.0949,0.9124,0.365,0.6691,0.9124,0.1217,0.0608,JxP
060105,CAJAMARCA,CAJAMARCA,ENCAÑADA,71.0,383.0,149.0,45.0,66.0,0.0,42.0,33.0,134.0,2342.0,0.0,12.0,7893.0,293.0,85.0,1733.0,310.0,21.0,51.0,52.0,18.0,116.0,117.0,10.0,83.0,26.0,117.0,34.0,5.0,17.0,357.0,343.0,240.0,48.0,201.0,129.0,46.0,31.0,15653,2988,1402,0.4536,2.4468,0.9519,0.2875,0.4216,0.0,0.2683,0.2108,0.8561,14.962,0.0,0.0767,50.4248,1.8718,0.543,11.0714,1.9805,0.1342,0.3258,0.3322,0.115,0.7411,0.7475,0.0639,0.5302,0.1661,0.7475,0.2172,0.0319,0.1086,2.2807,2.1913,1.5333,0.3067,1.2841,0.8241,0.2939,0.198,JxP
060106,CAJAMARCA,CAJAMARCA,JESÚS,34.0,278.0,133.0,96.0,11.0,0.0,16.0,10.0,100.0,1337.0,0.0,5.0,2315.0,51.0,26.0,683.0,207.0,14.0,50.0,87.0,16.0,65.0,73.0,1.0,47.0,8.0,55.0,15.0,4.0,12.0,215.0,253.0,182.0,15.0,115.0,85.0,38.0,22.0,6674,1853,990,0.5094,4.1654,1.9928,1.4384,0.1648,0.0,0.2397,0.1498,1.4984,20.033,0.0,0.0749,34.6868,0.7642,0.3896,10.2337,3.1016,0.2098,0.7492,1.3036,0.2397,0.9739,1.0938,0.015,0.7042,0.1199,0.8241,0.2248,0.0599,0.1798,3.2215,3.7908,2.727,0.2248,1.7231,1.2736,0.5694,0.3296,JxP
060107,CAJAMARCA,CAJAMARCA,LLACANORA,95.0,908.0,243.0,97.0,41.0,0.0,70.0,37.0,293.0,4769.0,0.0,24.0,6328.0,169.0,201.0,2730.0,1236.0,31.0,100.0,114.0,49.0,137.0,518.0,12.0,213.0,35.0,291.0,66.0,12.0,24.0,327.0,1198.0,897.0,64.0,784.0,414.0,93.0,54.0,22674,4167,1898,0.419,4.0046,1.0717,0.4278,0.1808,0.0,0.3087,0.1632,1.2922,21.0329,0.0,0.1058,27.9086,0.7453,0.8865,12.0402,5.4512,0.1367,0.441,0.5028,0.2161,0.6042,2.2846,0.0529,0.9394,0.1544,1.2834,0.2911,0.0529,0.1058,1.4422,5.2836,3.9561,0.2823,3.4577,1.8259,0.4102,0.2382,JxP
060108,CAJAMARCA,CAJAMARCA,LOS BAÑOS DEL INCA,8.0,112.0,60.0,11.0,2.0,0.0,9.0,2.0,60.0,768.0,0.0,2.0,1030.0,68.0,14.0,357.0,66.0,9.0,25.0,10.0,2.0,27.0,33.0,3.0,23.0,5.0,33.0,7.0,1.0,0.0,73.0,143.0,108.0,3.0,68.0,43.0,18.0,8.0,3211,606,279,0.2491,3.488,1.8686,0.3426,0.0623,0.0,0.2803,0.0623,1.8686,23.9178,0.0,0.0623,32.0772,2.1177,0.436,11.118,2.0554,0.2803,0.7786,0.3114,0.0623,0.8409,1.0277,0.0934,0.7163,0.1557,1.0277,0.218,0.0311,0.0,2.2734,4.4534,3.3634,0.0934,2.1177,1.3391,0.5606,0.2491,JxP
060109,CAJAMARCA,CAJAMARCA,MAGDALENA,29.0,190.0,57.0,29.0,6.0,0.0,8.0,13.0,48.0,551.0,0.0,5.0,2375.0,14.0,27.0,490.0,130.0,8.0,21.0,32.0,3.0,54.0,42.0,6.0,72.0,4.0,37.0,8.0,4.0,5.0,145.0,104.0,62.0,9.0,57.0,64.0,15.0,11.0,4735,957,458,0.6125,4.0127,1.2038,0.6125,0.1267,0.0,0.169,0.2746,1.0137,11.6367,0.0,0.1056,50.1584,0.2957,0.5702,10.3485,2.7455,0.169,0.4435,0.6758,0.0634,1.1404,0.887,0.1267,1.5206,0.0845,0.7814,0.169,0.0845,0.1056,3.0623,2.1964,1.3094,0.1901,1.2038,1.3516,0.3168,0.2323,JxP
060110,CAJAMARCA,CAJAMARCA,MATARA,11.0,103.0,72.0,21.0,1.0,0.0,7.0,7.0,12.0,485.0,0.0,1.0,642.0,8.0,7.0,221.0,72.0,4.0,12.0,9.0,2.0,15.0,14.0,1.0,37.0,3.0,13.0,4.0,1.0,2.0,41.0,80.0,42.0,8.0,36.0,26.0,7.0,2.0,2029,498,271,0.5421,5.0764,3.5485,1.035,0.0493,0.0,0.345,0.345,0.5914,23.9034,0.0,0.0493,31.6412,0.3943,0.345,10.8921,3.5485,0.1971,0.5914,0.4436,0.0986,0.7393,0.69,0.0493,1.8236,0.1479,0.6407,0.1971,0.0493,0.0986,2.0207,3.9428,2.07,0.3943,1.7743,1.2814,0.345,0.0986,JxP
060111,CAJAMARCA,CAJAMARCA,NAMORA,15.0,117.0,61.0,11.0,9.0,0.0,15.0,8.0,29.0,914.0,0.0,3.0,2411.0,40.0,19.0,635.0,105.0,3.0,20.0,24.0,6.0,37.0,120.0,4.0,28.0,10.0,38.0,6.0,9.0,1.0,89.0,106.0,68.0,19.0,69.0,49.0,12.0,10.0,5120,1343,347,0.293,2.2852,1.1914,0.2148,0.1758,0.0,0.293,0.1562,0.5664,17.8516,0.0,0.0586,47.0898,0.7812,0.3711,12.4023,2.0508,0.0586,0.3906,0.4688,0.1172,0.7227,2.3438,0.0781,0.5469,0.1953,0.7422,0.1172,0.1758,0.0195,1.7383,2.0703,1.3281,0.3711,1.3477,0.957,0.2344,0.1953,JxP
060112,CAJAMARCA,CAJAMARCA,SAN JUAN,7.0,83.0,31.0,16.0,2.0,0.0,12.0,5.0,24.0,514.0,0.0,2.0,1086.0,14.0,15.0,294.0,53.0,4.0,9.0,12.0,2.0,29.0,22.0,3.0,12.0,2.0,21.0,5.0,1.0,4.0,58.0,79.0,33.0,6.0,33.0,22.0,17.0,2.0,2534,660,309,0.2762,3.2755,1.2234,0.6314,0.0789,0.0,0.4736,0.1973,0.9471,20.2841,0.0,0.0789,42.8571,0.5525,0.5919,11.6022,2.0916,0.1579,0.3552,0.4736,0.0789,1.1444,0.8682,0.1184,0.4736,0.0789,0.8287,0.1973,0.0395,0.1579,2.2889,3.1176,1.3023,0.2368,1.3023,0.8682,0.6709,0.0789,JxP
060201,CAJAMARCA,CAJABAMBA,CAJABAMBA,77.0,725.0,204.0,143.0,13.0,0.0,58.0,22.0,175.0,3428.0,0.0,24.0,4074.0,40.0,110.0,1598.0,852.0,30.0,71.0,55.0,32.0,193.0,351.0,24.0,129.0,56.0,162.0,43.0,16.0,14.0,356.0,601.0,532.0,40.0,425.0,199.0,260.0,18.0,15150,3868,2168,0.5083,4.7855,1.3465,0.9439,0.0858,0.0,0.3828,0.1452,1.1551,22.6271,0.0,0.1584,26.8911,0.264,0.7261,10.5479,5.6238,0.198,0.4686,0.363,0.2112,1.2739,2.3168,0.1584,0.8515,0.3696,1.0693,0.2838,0.1056,0.0924,2.3498,3.967,3.5116,0.264,2.8053,1.3135,1.7162,0.1188,JxP
060202,CAJAMARCA,CAJABAMBA,CACHACHI,42.0,93.0,70.0,30.0,5.0,0.0,9.0,15.0,33.0,958.0,0.0,9.0,2762.0,23.0,23.0,457.0,73.0,19.0,40.0,36.0,12.0,69.0,23.0,1.0,39.0,10.0,44.0,14.0,4.0,4.0,231.0,64.0,64.0,19.0,41.0,38.0,54.0,6.0,5434,2373,860,0.7729,1.7114,1.2882,0.5521,0.092,0.0,0.1656,0.276,0.6073,17.6297,0.0,0.1656,50.8281,0.4233,0.4233,8.41,1.3434,0.3497,0.7361,0.6625,0.2208,1.2698,0.4233,0.0184,0.7177,0.184,0.8097,0.2576,0.0736,0.0736,4.251,1.1778,1.1778,0.3497,0.7545,0.6993,0.9937,0.1104,JxP
060203,CAJAMARCA,CAJABAMBA,CONDEBAMBA,37.0,122.0,70.0,14.0,3.0,0.0,6.0,7.0,38.0,1050.0,0.0,5.0,2077.0,10.0,19.0,392.0,70.0,10.0,14.0,26.0,5.0,63.0,43.0,3.0,19.0,7.0,40.0,16.0,2.0,1.0,162.0,100.0,63.0,14.0,40.0,54.0,39.0,1.0,4642,1638,670,0.7971,2.6282,1.508,0.3016,0.0646,0.0,0.1293,0.1508,0.8186,22.6196,0.0,0.1077,44.7436,0.2154,0.4093,8.4446,1.508,0.2154,0.3016,0.5601,0.1077,1.3572,0.9263,0.0646,0.4093,0.1508,0.8617,0.3447,0.0431,0.0215,3.4899,2.1542,1.3572,0.3016,0.8617,1.1633,0.8402,0.0215,JxP
060205,Cajamarca,Cajabamba,,14.0,30.0,57.0,9.0,6.0,0.0,5.0,7.0,13.0,750.0,0.0,3.0,600.0,5.0,8.0,200.0,28.0,2.0,10.0,20.0,1.0,21.0,9.0,3.0,16.0,5.0,17.0,8.0,2.0,1.0,80.0,30.0,20.0,12.0,8.0,53.0,44.0,1.0,2098,915,308,0.6673,1.4299,2.7169,0.429,0.286,0.0,0.2383,0.3337,0.6196,35.7483,0.0,0.143,28.5987,0.2383,0.3813,9.5329,1.3346,0.0953,0.4766,0.9533,0.0477,1.001,0.429,0.143,0.7626,0.2383,0.8103,0.3813,0.0953,0.0477,3.8132,1.4299,0.9533,0.572,0.3813,2.5262,2.0972,0.0477,FP
060301,CAJAMARCA,CELENDÍN,CELENDÍN,76.0,850.0,108.0,97.0,12.0,0.0,64.0,11.0,138.0,1231.0,0.0,16.0,3871.0,48.0,66.0,1493.0,763.0,8.0,26.0,42.0,14.0,91.0,272.0,4.0,170.0,14.0,71.0,26.0,3.0,7.0,154.0,762.0,365.0,20.0,270.0,124.0,46.0,13.0,11346,2116,859,0.6698,7.4916,0.9519,0.8549,0.1058,0.0,0.5641,0.097,1.2163,10.8496,0.0,0.141,34.1178,0.4231,0.5817,13.1588,6.7248,0.0705,0.2292,0.3702,0.1234,0.802,2.3973,0.0353,1.4983,0.1234,0.6258,0.2292,0.0264,0.0617,1.3573,6.716,3.217,0.1763,2.3797,1.0929,0.4054,0.1146,JxP
060302,CAJAMARCA,CELENDÍN,CHUMUCH,69.0,38.0,19.0,9.0,1.0,0.0,5.0,2.0,3.0,101.0,0.0,1.0,1519.0,2.0,8.0,162.0,4.0,1.0,6.0,8.0,1.0,9.0,8.0,0.0,22.0,3.0,5.0,4.0,2.0,2.0,59.0,14.0,19.0,2.0,5.0,16.0,0.0,11.0,2140,467,256,3.2243,1.7757,0.8879,0.4206,0.0467,0.0,0.2336,0.0935,0.1402,4.7196,0.0,0.0467,70.9813,0.0935,0.3738,7.5701,0.1869,0.0467,0.2804,0.3738,0.0467,0.4206,0.3738,0.0,1.028,0.1402,0.2336,0.1869,0.0935,0.0935,2.757,0.6542,0.8879,0.0935,0.2336,0.7477,0.0,0.514,JxP
060303,CAJAMARCA,CELENDÍN,CORTEGANA,2.0,4.0,9.0,2.0,1.0,0.0,0.0,0.0,0.0,70.0,0.0,1.0,600.0,3.0,1.0,40.0,3.0,0.0,4.0,2.0,1.0,3.0,5.0,0.0,7.0,0.0,6.0,1.0,0.0,1.0,32.0,12.0,3.0,4.0,0.0,7.0,0.0,0.0,824,238,63,0.2427,0.4854,1.0922,0.2427,0.1214,0.0,0.0,0.0,0.0,8.4951,0.0,0.1214,72.8155,0.3641,0.1214,4.8544,0.3641,0.0,0.4854,0.2427,0.1214,0.3641,0.6068,0.0,0.8495,0.0,0.7282,0.1214,0.0,0.1214,3.8835,1.4563,0.3641,0.4854,0.0,0.8495,0.0,0.0,JxP
060304,CAJAMARCA,CELENDÍN,HUASMIN,10.0,61.0,46.0,3.0,1.0,0.0,13.0,9.0,11.0,143.0,0.0,2.0,3088.0,21.0,6.0,323.0,14.0,2.0,2.0,9.0,3.0,30.0,11.0,1.0,78.0,4.0,15.0,5.0,2.0,2.0,118.0,41.0,37.0,23.0,18.0,24.0,5.0,1.0,4182,1008,279,0.2391,1.4586,1.1,0.0717,0.0239,0.0,0.3109,0.2152,0.263,3.4194,0.0,0.0478,73.8403,0.5022,0.1435,7.7236,0.3348,0.0478,0.0478,0.2152,0.0717,0.7174,0.263,0.0239,1.8651,0.0956,0.3587,0.1196,0.0478,0.0478,2.8216,0.9804,0.8847,0.55,0.4304,0.5739,0.1196,0.0239,JxP
060305,CAJAMARCA,CELENDÍN,JORGE CHÁVEZ,5.0,54.0,1.0,2.0,0.0,0.0,1.0,0.0,3.0,71.0,0.0,0.0,153.0,5.0,0.0,60.0,7.0,0.0,2.0,1.0,0.0,2.0,3.0,0.0,14.0,0.0,0.0,1.0,0.0,1.0,5.0,27.0,21.0,0.0,2.0,5.0,1.0,0.0,447,48,39,1.1186,12.0805,0.2237,0.4474,0.0,0.0,0.2237,0.0,0.6711,15.8837,0.0,0.0,34.2282,1.1186,0.0,13.4228,1.566,0.0,0.4474,0.2237,0.0,0.4474,0.6711,0.0,3.132,0.0,0.0,0.2237,0.0,0.2237,1.1186,6.0403,4.698,0.0,0.4474,1.1186,0.2237,0.0,JxP
060306,CAJAMARCA,CELENDÍN,JOSÉ GÁLVEZ,3.0,112.0,15.0,7.0,2.0,0.0,7.0,4.0,14.0,185.0,0.0,0.0,543.0,3.0,9.0,163.0,60.0,7.0,3.0,1.0,1.0,10.0,25.0,1.0,10.0,2.0,20.0,3.0,1.0,1.0,31.0,52.0,61.0,2.0,27.0,15.0,0.0,2.0,1402,331,113,0.214,7.9886,1.0699,0.4993,0.1427,0.0,0.4993,0.2853,0.9986,13.1954,0.0,0.0,38.7304,0.214,0.6419,11.6262,4.2796,0.4993,0.214,0.0713,0.0713,0.7133,1.7832,0.0713,0.7133,0.1427,1.4265,0.214,0.0713,0.0713,2.2111,3.709,4.3509,0.1427,1.9258,1.0699,0.0,0.1427,JxP
060307,CAJAMARCA,CELENDÍN,MIGUEL IGLESIAS,2.0,24.0,24.0,1.0,0.0,0.0,1.0,1.0,3.0,57.0,0.0,0.0,977.0,0.0,0.0,102.0,4.0,0.0,0.0,3.0,1.0,6.0,4.0,2.0,9.0,1.0,8.0,0.0,0.0,1.0,66.0,11.0,10.0,2.0,5.0,18.0,2.0,0.0,1345,334,90,0.1487,1.7844,1.7844,0.0743,0.0,0.0,0.0743,0.0743,0.223,4.2379,0.0,0.0,72.6394,0.0,0.0,7.5836,0.2974,0.0,0.0,0.223,0.0743,0.4461,0.2974,0.1487,0.6691,0.0743,0.5948,0.0,0.0,0.0743,4.9071,0.8178,0.7435,0.1487,0.3717,1.3383,0.1487,0.0,JxP
060308,CAJAMARCA,CELENDÍN,OXAMARCA,8.0,55.0,19.0,3.0,2.0,0.0,8.0,5.0,11.0,155.0,0.0,0.0,1394.0,3.0,6.0,152.0,19.0,2.0,0.0,8.0,0.0,13.0,1.0,1.0,20.0,3.0,8.0,3.0,1.0,2.0,74.0,10.0,10.0,9.0,14.0,14.0,1.0,0.0,2034,508,218,0.3933,2.704,0.9341,0.1475,0.0983,0.0,0.3933,0.2458,0.5408,7.6205,0.0,0.0,68.5349,0.1475,0.295,7.473,0.9341,0.0983,0.0,0.3933,0.0,0.6391,0.0492,0.0492,0.9833,0.1475,0.3933,0.1475,0.0492,0.0983,3.6382,0.4916,0.4916,0.4425,0.6883,0.6883,0.0492,0.0,JxP
060309,CAJAMARCA,CELENDÍN,SOROCHUCO,4.0,84.0,26.0,8.0,1.0,0.0,5.0,11.0,27.0,458.0,0.0,2.0,2059.0,12.0,8.0,348.0,39.0,11.0,7.0,19.0,3.0,24.0,15.0,4.0,59.0,6.0,19.0,8.0,3.0,8.0,152.0,43.0,50.0,6.0,19.0,27.0,5.0,23.0,3603,911,328,0.111,2.3314,0.7216,0.222,0.0278,0.0,0.1388,0.3053,0.7494,12.7116,0.0,0.0555,57.1468,0.3331,0.222,9.6586,1.0824,0.3053,0.1943,0.5273,0.0833,0.6661,0.4163,0.111,1.6375,0.1665,0.5273,0.222,0.0833,0.222,4.2187,1.1934,1.3877,0.1665,0.5273,0.7494,0.1388,0.6384,JxP
060310,CAJAMARCA,CELENDÍN,SUCRE,13.0,131.0,32.0,5.0,4.0,0.0,4.0,1.0,12.0,240.0,0.0,2.0,1146.0,23.0,19.0,250.0,65.0,2.0,7.0,5.0,1.0,22.0,18.0,1.0,18.0,3.0,16.0,2.0,5.0,1.0,49.0,65.0,46.0,10.0,19.0,8.0,5.0,3.0,2253,541,176,0.577,5.8145,1.4203,0.2219,0.1775,0.0,0.1775,0.0444,0.5326,10.6525,0.0,0.0888,50.8655,1.0209,0.8433,11.0963,2.885,0.0888,0.3107,0.2219,0.0444,0.9765,0.7989,0.0444,0.7989,0.1332,0.7102,0.0888,0.2219,0.0444,2.1749,2.885,2.0417,0.4439,0.8433,0.3551,0.2219,0.1332,JxP
060311,CAJAMARCA,CELENDÍN,UTCO,2.0,38.0,12.0,1.0,0.0,0.0,2.0,2.0,9.0,69.0,0.0,1.0,229.0,5.0,6.0,70.0,8.0,0.0,1.0,3.0,0.0,6.0,7.0,0.0,20.0,0.0,4.0,6.0,0.0,1.0,14.0,32.0,14.0,0.0,3.0,9.0,0.0,0.0,574,139,48,0.3484,6.6202,2.0906,0.1742,0.0,0.0,0.3484,0.3484,1.5679,12.0209,0.0,0.1742,39.8955,0.8711,1.0453,12.1951,1.3937,0.0,0.1742,0.5226,0.0,1.0453,1.2195,0.0,3.4843,0.0,0.6969,1.0453,0.0,0.1742,2.439,5.5749,2.439,0.0,0.5226,1.5679,0.0,0.0,JxP
060312,CAJAMARCA,CELENDÍN,LA LIBERTAD DE PALLAN,11.0,63.0,18.0,3.0,1.0,0.0,3.0,6.0,7.0,208.0,0.0,1.0,1804.0,2.0,3.0,198.0,14.0,4.0,5.0,6.0,2.0,11.0,6.0,1.0,31.0,2.0,18.0,0.0,2.0,2.0,145.0,9.0,34.0,4.0,7.0,24.0,4.0,5.0,2664,602,231,0.4129,2.3649,0.6757,0.1126,0.0375,0.0,0.1126,0.2252,0.2628,7.8078,0.0,0.0375,67.7177,0.0751,0.1126,7.4324,0.5255,0.1502,0.1877,0.2252,0.0751,0.4129,0.2252,0.0375,1.1637,0.0751,0.6757,0.0,0.0751,0.0751,5.4429,0.3378,1.2763,0.1502,0.2628,0.9009,0.1502,0.1877,JxP
060401,CAJAMARCA,CHOTA,CHOTA,32.0,141.0,43.0,135.0,2.0,0.0,16.0,3.0,12.0,374.0,0.0,2.0,1023.0,10.0,19.0,226.0,127.0,5.0,16.0,12.0,6.0,27.0,48.0,0.0,16.0,7.0,13.0,7.0,3.0,4.0,75.0,52.0,57.0,4.0,22.0,39.0,38.0,9.0,2625,758,310,1.219,5.3714,1.6381,5.1429,0.0762,0.0,0.6095,0.1143,0.4571,14.2476,0.0,0.0762,38.9714,0.381,0.7238,8.6095,4.8381,0.1905,0.6095,0.4571,0.2286,1.0286,1.8286,0.0,0.6095,0.2667,0.4952,0.2667,0.1143,0.1524,2.8571,1.981,2.1714,0.1524,0.8381,1.4857,1.4476,0.3429,JxP
060403,CAJAMARCA,CHOTA,CHADIN,5.0,68.0,58.0,32.0,18.0,0.0,7.0,0.0,24.0,302.0,0.0,2.0,499.0,2.0,12.0,135.0,89.0,1.0,2.0,5.0,1.0,11.0,23.0,1.0,14.0,1.0,10.0,3.0,1.0,2.0,22.0,68.0,37.0,1.0,13.0,19.0,27.0,4.0,1519,241,133,0.3292,4.4766,3.8183,2.1066,1.185,0.0,0.4608,0.0,1.58,19.8815,0.0,0.1317,32.8506,0.1317,0.79,8.8874,5.8591,0.0658,0.1317,0.3292,0.0658,0.7242,1.5142,0.0658,0.9217,0.0658,0.6583,0.1975,0.0658,0.1317,1.4483,4.4766,2.4358,0.0658,0.8558,1.2508,1.7775,0.2633,JxP
060404,CAJAMARCA,CHOTA,CHIGUIRIP,14.0,4.0,40.0,14.0,1.0,0.0,1.0,3.0,6.0,164.0,0.0,0.0,559.0,1.0,2.0,38.0,5.0,2.0,2.0,3.0,0.0,10.0,1.0,0.0,4.0,2.0,9.0,1.0,1.0,1.0,59.0,5.0,25.0,1.0,7.0,2.0,19.0,0.0,1006,266,123,1.3917,0.3976,3.9761,1.3917,0.0994,0.0,0.0994,0.2982,0.5964,16.3022,0.0,0.0,55.5666,0.0994,0.1988,3.7773,0.497,0.1988,0.1988,0.2982,0.0,0.994,0.0994,0.0,0.3976,0.1988,0.8946,0.0994,0.0994,0.0994,5.8648,0.497,2.4851,0.0994,0.6958,0.1988,1.8887,0.0,JxP
060405,CAJAMARCA,CHOTA,CHIMBAN,17.0,26.0,33.0,87.0,3.0,0.0,4.0,3.0,4.0,478.0,0.0,6.0,335.0,3.0,4.0,85.0,49.0,2.0,1.0,4.0,5.0,5.0,6.0,0.0,6.0,3.0,5.0,1.0,0.0,0.0,16.0,44.0,57.0,6.0,17.0,12.0,67.0,1.0,1395,313,121,1.2186,1.8638,2.3656,6.2366,0.2151,0.0,0.2867,0.2151,0.2867,34.2652,0.0,0.4301,24.0143,0.2151,0.2867,6.0932,3.5125,0.1434,0.0717,0.2867,0.3584,0.3584,0.4301,0.0,0.4301,0.2151,0.3584,0.0717,0.0,0.0,1.147,3.1541,4.086,0.4301,1.2186,0.8602,4.8029,0.0717,FP
060406,CAJAMARCA,CHOTA,CHOROPAMPA,0.0,6.0,11.0,13.0,0.0,0.0,3.0,1.0,5.0,217.0,0.0,0.0,224.0,3.0,1.0,27.0,13.0,1.0,3.0,2.0,1.0,5.0,1.0,0.0,2.0,2.0,6.0,2.0,1.0,0.0,8.0,19.0,13.0,1.0,5.0,8.0,12.0,0.0,616,125,29,0.0,0.974,1.7857,2.1104,0.0,0.0,0.487,0.1623,0.8117,35.2273,0.0,0.0,36.3636,0.487,0.1623,4.3831,2.1104,0.1623,0.487,0.3247,0.1623,0.8117,0.1623,0.0,0.3247,0.3247,0.974,0.3247,0.1623,0.0,1.2987,3.0844,2.1104,0.1623,0.8117,1.2987,1.9481,0.0,JxP
060407,CAJAMARCA,CHOTA,COCHABAMBA,7.0,20.0,14.0,19.0,2.0,0.0,0.0,1.0,5.0,244.0,0.0,0.0,487.0,12.0,3.0,76.0,6.0,1.0,6.0,6.0,1.0,9.0,6.0,0.0,4.0,1.0,14.0,0.0,0.0,0.0,30.0,13.0,11.0,2.0,10.0,7.0,27.0,0.0,1044,167,73,0.6705,1.9157,1.341,1.8199,0.1916,0.0,0.0,0.0958,0.4789,23.3716,0.0,0.0,46.6475,1.1494,0.2874,7.2797,0.5747,0.0958,0.5747,0.5747,0.0958,0.8621,0.5747,0.0,0.3831,0.0958,1.341,0.0,0.0,0.0,2.8736,1.2452,1.0536,0.1916,0.9579,0.6705,2.5862,0.0,JxP
060408,CAJAMARCA,CHOTA,CONCHAN,21.0,88.0,66.0,171.0,6.0,0.0,18.0,5.0,28.0,787.0,0.0,3.0,646.0,5.0,17.0,308.0,135.0,10.0,5.0,19.0,8.0,30.0,33.0,1.0,23.0,3.0,31.0,7.0,1.0,1.0,64.0,164.0,150.0,2.0,50.0,48.0,74.0,11.0,3039,550,189,0.691,2.8957,2.1718,5.6269,0.1974,0.0,0.5923,0.1645,0.9214,25.8967,0.0,0.0987,21.257,0.1645,0.5594,10.1349,4.4423,0.3291,0.1645,0.6252,0.2632,0.9872,1.0859,0.0329,0.7568,0.0987,1.0201,0.2303,0.0329,0.0329,2.106,5.3965,4.9358,0.0658,1.6453,1.5795,2.435,0.362,FP
060409,CAJAMARCA,CHOTA,HUAMBOS,4.0,5.0,53.0,14.0,0.0,0.0,1.0,1.0,1.0,73.0,0.0,1.0,297.0,0.0,1.0,31.0,5.0,0.0,0.0,1.0,1.0,4.0,0.0,0.0,0.0,0.0,2.0,0.0,0.0,0.0,18.0,0.0,20.0,0.0,1.0,2.0,5.0,0.0,541,101,11,0.7394,0.9242,9.7967,2.5878,0.0,0.0,0.1848,0.1848,0.1848,13.4935,0.0,0.1848,54.8983,0.0,0.1848,5.7301,0.9242,0.0,0.0,0.1848,0.1848,0.7394,0.0,0.0,0.0,0.0,0.3697,0.0,0.0,0.0,3.3272,0.0,3.6969,0.0,0.1848,0.3697,0.9242,0.0,JxP
060501,CAJAMARCA,CONTUMAZÁ,CONTUMAZÁ,150.0,1098.0,465.0,184.0,20.0,0.0,88.0,24.0,160.0,3490.0,0.0,23.0,10520.0,25.0,82.0,2991.0,1075.0,22.0,51.0,80.0,32.0,300.0,323.0,4.0,158.0,51.0,149.0,46.0,14.0,9.0,561.0,381.0,738.0,56.0,343.0,265.0,58.0,22.0,24058,5729,2155,0.6235,4.564,1.9328,0.7648,0.0831,0.0,0.3658,0.0998,0.6651,14.5066,0.0,0.0956,43.7277,0.1039,0.3408,12.4325,4.4684,0.0914,0.212,0.3325,0.133,1.247,1.3426,0.0166,0.6567,0.212,0.6193,0.1912,0.0582,0.0374,2.3319,1.5837,3.0676,0.2328,1.4257,1.1015,0.2411,0.0914,JxP
060502,CAJAMARCA,CONTUMAZÁ,CHILETE,16.0,42.0,33.0,4.0,4.0,0.0,5.0,2.0,9.0,270.0,0.0,5.0,1541.0,4.0,4.0,194.0,23.0,4.0,10.0,9.0,2.0,18.0,12.0,1.0,9.0,4.0,31.0,6.0,2.0,0.0,92.0,20.0,41.0,9.0,12.0,15.0,6.0,7.0,2466,634,272,0.6488,1.7032,1.3382,0.1622,0.1622,0.0,0.2028,0.0811,0.365,10.9489,0.0,0.2028,62.4899,0.1622,0.1622,7.867,0.9327,0.1622,0.4055,0.365,0.0811,0.7299,0.4866,0.0406,0.365,0.1622,1.2571,0.2433,0.0811,0.0,3.7307,0.811,1.6626,0.365,0.4866,0.6083,0.2433,0.2839,JxP
060503,CAJAMARCA,CONTUMAZÁ,CUPISNIQUE,7.0,12.0,83.0,4.0,0.0,0.0,5.0,0.0,2.0,39.0,0.0,0.0,426.0,0.0,2.0,87.0,10.0,0.0,2.0,3.0,0.0,13.0,4.0,0.0,11.0,1.0,6.0,0.0,0.0,3.0,30.0,12.0,44.0,2.0,2.0,38.0,0.0,1.0,849,185,57,0.8245,1.4134,9.7762,0.4711,0.0,0.0,0.5889,0.0,0.2356,4.5936,0.0,0.0,50.1767,0.0,0.2356,10.2473,1.1779,0.0,0.2356,0.3534,0.0,1.5312,0.4711,0.0,1.2956,0.1178,0.7067,0.0,0.0,0.3534,3.5336,1.4134,5.1826,0.2356,0.2356,4.4759,0.0,0.1178,JxP
060504,CAJAMARCA,CONTUMAZÁ,GUZMANGO,4.0,75.0,29.0,7.0,1.0,0.0,6.0,3.0,7.0,160.0,0.0,0.0,532.0,2.0,10.0,145.0,11.0,1.0,7.0,4.0,1.0,17.0,6.0,1.0,80.0,0.0,15.0,3.0,0.0,2.0,21.0,29.0,64.0,6.0,5.0,20.0,3.0,2.0,1279,288,106,0.3127,5.864,2.2674,0.5473,0.0782,0.0,0.4691,0.2346,0.5473,12.5098,0.0,0.0,41.595,0.1564,0.7819,11.337,0.86,0.0782,0.5473,0.3127,0.0782,1.3292,0.4691,0.0782,6.2549,0.0,1.1728,0.2346,0.0,0.1564,1.6419,2.2674,5.0039,0.4691,0.3909,1.5637,0.2346,0.1564,JxP
060505,CAJAMARCA,CONTUMAZÁ,SAN BENITO,6.0,29.0,27.0,1.0,1.0,0.0,0.0,3.0,8.0,66.0,0.0,0.0,1111.0,1.0,2.0,144.0,7.0,3.0,1.0,5.0,0.0,10.0,2.0,0.0,6.0,2.0,8.0,2.0,0.0,0.0,42.0,4.0,23.0,4.0,5.0,11.0,3.0,6.0,1543,263,129,0.3889,1.8795,1.7498,0.0648,0.0648,0.0,0.0,0.1944,0.5185,4.2774,0.0,0.0,72.0026,0.0648,0.1296,9.3325,0.4537,0.1944,0.0648,0.324,0.0,0.6481,0.1296,0.0,0.3889,0.1296,0.5185,0.1296,0.0,0.0,2.722,0.2592,1.4906,0.2592,0.324,0.7129,0.1944,0.3889,JxP
060506,CAJAMARCA,CONTUMAZÁ,SANTA CRUZ DE TOLEDO,8.0,51.0,34.0,6.0,1.0,0.0,6.0,5.0,9.0,171.0,0.0,2.0,1018.0,0.0,4.0,210.0,17.0,2.0,12.0,11.0,1.0,16.0,6.0,0.0,80.0,7.0,3.0,4.0,0.0,1.0,48.0,29.0,75.0,9.0,6.0,30.0,1.0,3.0,1886,315,70,0.4242,2.7041,1.8028,0.3181,0.053,0.0,0.3181,0.2651,0.4772,9.0668,0.0,0.106,53.9767,0.0,0.2121,11.1347,0.9014,0.106,0.6363,0.5832,0.053,0.8484,0.3181,0.0,4.2418,0.3712,0.1591,0.2121,0.0,0.053,2.5451,1.5376,3.9767,0.4772,0.3181,1.5907,0.053,0.1591,JxP
060507,CAJAMARCA,CONTUMAZÁ,TANTARICA,19.0,67.0,35.0,32.0,3.0,0.0,6.0,3.0,6.0,454.0,0.0,1.0,2135.0,0.0,26.0,216.0,33.0,9.0,19.0,11.0,12.0,35.0,14.0,0.0,9.0,1.0,27.0,4.0,4.0,0.0,129.0,45.0,73.0,4.0,8.0,12.0,15.0,7.0,3474,680,281,0.5469,1.9286,1.0075,0.9211,0.0864,0.0,0.1727,0.0864,0.1727,13.0685,0.0,0.0288,61.4565,0.0,0.7484,6.2176,0.9499,0.2591,0.5469,0.3166,0.3454,1.0075,0.403,0.0,0.2591,0.0288,0.7772,0.1151,0.1151,0.0,3.7133,1.2953,2.1013,0.1151,0.2303,0.3454,0.4318,0.2015,JxP
060508,CAJAMARCA,CONTUMAZÁ,YONAN,11.0,123.0,45.0,8.0,0.0,0.0,7.0,2.0,6.0,165.0,0.0,0.0,975.0,2.0,5.0,216.0,48.0,3.0,2.0,4.0,1.0,32.0,9.0,0.0,7.0,4.0,9.0,5.0,1.0,0.0,56.0,15.0,117.0,9.0,10.0,10.0,2.0,0.0,1909,298,135,0.5762,6.4432,2.3573,0.4191,0.0,0.0,0.3667,0.1048,0.3143,8.6433,0.0,0.0,51.0739,0.1048,0.2619,11.3148,2.5144,0.1572,0.1048,0.2095,0.0524,1.6763,0.4715,0.0,0.3667,0.2095,0.4715,0.2619,0.0524,0.0,2.9335,0.7858,6.1289,0.4715,0.5238,0.5238,0.1048,0.0,JxP
060509,Cajamarca,Contumazá,,2.0,15.0,19.0,1.0,0.0,0.0,2.0,1.0,11.0,80.0,0.0,0.0,475.0,0.0,0.0,109.0,15.0,0.0,1.0,2.0,0.0,3.0,1.0,0.0,5.0,1.0,3.0,3.0,0.0,0.0,36.0,9.0,29.0,4.0,5.0,10.0,0.0,1.0,843,176,59,0.2372,1.7794,2.2539,0.1186,0.0,0.0,0.2372,0.1186,1.3049,9.4899,0.0,0.0,56.3464,0.0,0.0,12.93,1.7794,0.0,0.1186,0.2372,0.0,0.3559,0.1186,0.0,0.5931,0.1186,0.3559,0.3559,0.0,0.0,4.2705,1.0676,3.4401,0.4745,0.5931,1.1862,0.0,0.1186,JxP
060510,Cajamarca,Contumazá,,8.0,47.0,22.0,11.0,1.0,0.0,7.0,3.0,6.0,77.0,0.0,1.0,812.0,0.0,0.0,114.0,30.0,3.0,3.0,5.0,1.0,19.0,3.0,0.0,16.0,0.0,8.0,0.0,0.0,0.0,35.0,11.0,37.0,3.0,7.0,4.0,1.0,3.0,1298,218,107,0.6163,3.621,1.6949,0.8475,0.077,0.0,0.5393,0.2311,0.4622,5.9322,0.0,0.077,62.5578,0.0,0.0,8.7827,2.3112,0.2311,0.2311,0.3852,0.077,1.4638,0.2311,0.0,1.2327,0.0,0.6163,0.0,0.0,0.0,2.6965,0.8475,2.8505,0.2311,0.5393,0.3082,0.077,0.2311,JxP
060511,Cajamarca,Contumazá,,7.0,18.0,34.0,9.0,1.0,0.0,1.0,3.0,10.0,102.0,0.0,0.0,576.0,0.0,3.0,89.0,15.0,1.0,4.0,4.0,0.0,6.0,1.0,0.0,7.0,1.0,6.0,1.0,1.0,1.0,23.0,12.0,35.0,5.0,7.0,19.0,2.0,0.0,1004,204,68,0.6972,1.7928,3.3865,0.8964,0.0996,0.0,0.0996,0.2988,0.996,10.1594,0.0,0.0,57.3705,0.0,0.2988,8.8645,1.494,0.0996,0.3984,0.3984,0.0,0.5976,0.0996,0.0,0.6972,0.0996,0.5976,0.0996,0.0996,0.0996,2.2908,1.1952,3.4861,0.498,0.6972,1.8924,0.1992,0.0,JxP
060512,Cajamarca,Contumazá,,9.0,102.0,37.0,3.0,0.0,0.0,7.0,4.0,8.0,207.0,0.0,4.0,1217.0,5.0,5.0,260.0,18.0,2.0,11.0,13.0,0.0,28.0,4.0,0.0,13.0,3.0,12.0,10.0,8.0,1.0,38.0,23.0,64.0,7.0,12.0,30.0,4.0,4.0,2173,472,215,0.4142,4.694,1.7027,0.1381,0.0,0.0,0.3221,0.1841,0.3682,9.526,0.0,0.1841,56.0055,0.2301,0.2301,11.965,0.8283,0.092,0.5062,0.5983,0.0,1.2885,0.1841,0.0,0.5983,0.1381,0.5522,0.4602,0.3682,0.046,1.7487,1.0584,2.9452,0.3221,0.5522,1.3806,0.1841,0.1841,JxP
060513,Cajamarca,Contumazá,,10.0,105.0,37.0,18.0,1.0,0.0,7.0,3.0,22.0,455.0,0.0,1.0,1454.0,3.0,6.0,293.0,63.0,6.0,10.0,11.0,3.0,30.0,13.0,3.0,42.0,1.0,21.0,8.0,2.0,2.0,61.0,50.0,170.0,6.0,17.0,47.0,3.0,0.0,2984,642,199,0.3351,3.5188,1.2399,0.6032,0.0335,0.0,0.2346,0.1005,0.7373,15.248,0.0,0.0335,48.7265,0.1005,0.2011,9.819,2.1113,0.2011,0.3351,0.3686,0.1005,1.0054,0.4357,0.1005,1.4075,0.0335,0.7038,0.2681,0.067,0.067,2.0442,1.6756,5.6971,0.2011,0.5697,1.5751,0.1005,0.0,JxP
060514,Cajamarca,Contumazá,,17.0,233.0,67.0,71.0,7.0,0.0,11.0,3.0,19.0,614.0,0.0,1.0,1544.0,5.0,11.0,426.0,108.0,3.0,13.0,23.0,8.0,43.0,17.0,3.0,15.0,10.0,21.0,10.0,6.0,3.0,85.0,60.0,185.0,7.0,31.0,136.0,7.0,5.0,3828,845,340,0.4441,6.0867,1.7503,1.8548,0.1829,0.0,0.2874,0.0784,0.4963,16.0397,0.0,0.0261,40.3344,0.1306,0.2874,11.1285,2.8213,0.0784,0.3396,0.6008,0.209,1.1233,0.4441,0.0784,0.3918,0.2612,0.5486,0.2612,0.1567,0.0784,2.2205,1.5674,4.8328,0.1829,0.8098,3.5528,0.1829,0.1306,JxP
060515,Cajamarca,Contumazá,,5.0,35.0,4.0,4.0,0.0,0.0,5.0,0.0,8.0,84.0,0.0,0.0,207.0,6.0,0.0,37.0,12.0,0.0,3.0,4.0,2.0,2.0,3.0,0.0,19.0,7.0,1.0,1.0,1.0,0.0,29.0,12.0,23.0,3.0,6.0,3.0,1.0,2.0,529,116,34,0.9452,6.6163,0.7561,0.7561,0.0,0.0,0.9452,0.0,1.5123,15.879,0.0,0.0,39.1304,1.1342,0.0,6.9943,2.2684,0.0,0.5671,0.7561,0.3781,0.3781,0.5671,0.0,3.5917,1.3233,0.189,0.189,0.189,0.0,5.482,2.2684,4.3478,0.5671,1.1342,0.5671,0.189,0.3781,JxP
060601,CAJAMARCA,CUTERVO,CUTERVO,209.0,1356.0,733.0,124.0,23.0,0.0,94.0,29.0,214.0,1892.0,0.0,36.0,12393.0,41.0,120.0,4181.0,888.0,58.0,69.0,57.0,45.0,150.0,322.0,7.0,76.0,38.0,187.0,45.0,13.0,18.0,410.0,280.0,479.0,33.0,364.0,197.0,45.0,31.0,25257,4260,1819,0.8275,5.3688,2.9022,0.491,0.0911,0.0,0.3722,0.1148,0.8473,7.491,0.0,0.1425,49.0676,0.1623,0.4751,16.5538,3.5159,0.2296,0.2732,0.2257,0.1782,0.5939,1.2749,0.0277,0.3009,0.1505,0.7404,0.1782,0.0515,0.0713,1.6233,1.1086,1.8965,0.1307,1.4412,0.78,0.1782,0.1227,JxP
060602,CAJAMARCA,CUTERVO,CALLAYUC,5.0,46.0,42.0,1.0,0.0,0.0,0.0,5.0,6.0,70.0,0.0,1.0,853.0,0.0,2.0,257.0,14.0,3.0,2.0,2.0,1.0,6.0,3.0,0.0,7.0,1.0,8.0,1.0,0.0,2.0,38.0,5.0,11.0,0.0,6.0,2.0,0.0,0.0,1400,207,102,0.3571,3.2857,3.0,0.0714,0.0,0.0,0.0,0.3571,0.4286,5.0,0.0,0.0714,60.9286,0.0,0.1429,18.3571,1.0,0.2143,0.1429,0.1429,0.0714,0.4286,0.2143,0.0,0.5,0.0714,0.5714,0.0714,0.0,0.1429,2.7143,0.3571,0.7857,0.0,0.4286,0.1429,0.0,0.0,JxP
060603,CAJAMARCA,CUTERVO,CHOROS,22.0,53.0,36.0,31.0,3.0,0.0,8.0,5.0,10.0,492.0,0.0,0.0,1226.0,4.0,6.0,178.0,55.0,6.0,8.0,7.0,1.0,15.0,17.0,0.0,10.0,2.0,17.0,8.0,1.0,1.0,89.0,35.0,52.0,5.0,25.0,15.0,6.0,2.0,2451,450,235,0.8976,2.1624,1.4688,1.2648,0.1224,0.0,0.3264,0.204,0.408,20.0734,0.0,0.0,50.0204,0.1632,0.2448,7.2623,2.244,0.2448,0.3264,0.2856,0.0408,0.612,0.6936,0.0,0.408,0.0816,0.6936,0.3264,0.0408,0.0408,3.6312,1.428,2.1216,0.204,1.02,0.612,0.2448,0.0816,JxP
060604,CAJAMARCA,CUTERVO,CUJILLO,12.0,52.0,67.0,4.0,0.0,0.0,2.0,2.0,9.0,154.0,0.0,0.0,1881.0,0.0,5.0,304.0,26.0,3.0,7.0,9.0,2.0,13.0,10.0,0.0,3.0,2.0,28.0,1.0,2.0,0.0,53.0,7.0,27.0,3.0,15.0,12.0,0.0,0.0,2715,412,224,0.442,1.9153,2.4678,0.1473,0.0,0.0,0.0737,0.0737,0.3315,5.6722,0.0,0.0,69.2818,0.0,0.1842,11.1971,0.9576,0.1105,0.2578,0.3315,0.0737,0.4788,0.3683,0.0,0.1105,0.0737,1.0313,0.0368,0.0737,0.0,1.9521,0.2578,0.9945,0.1105,0.5525,0.442,0.0,0.0,JxP
060605,CAJAMARCA,CUTERVO,LA RAMADA,3.0,103.0,31.0,1.0,0.0,0.0,3.0,0.0,10.0,91.0,0.0,1.0,993.0,0.0,6.0,299.0,23.0,1.0,6.0,5.0,0.0,7.0,7.0,0.0,6.0,3.0,9.0,2.0,1.0,0.0,28.0,23.0,23.0,3.0,15.0,79.0,5.0,1.0,1788,253,91,0.1678,5.7606,1.7338,0.0559,0.0,0.0,0.1678,0.0,0.5593,5.0895,0.0,0.0559,55.5369,0.0,0.3356,16.7226,1.2864,0.0559,0.3356,0.2796,0.0,0.3915,0.3915,0.0,0.3356,0.1678,0.5034,0.1119,0.0559,0.0,1.566,1.2864,1.2864,0.1678,0.8389,4.4183,0.2796,0.0559,JxP
060606,CAJAMARCA,CUTERVO,PIMPINGOS,6.0,32.0,33.0,0.0,2.0,0.0,3.0,5.0,11.0,83.0,0.0,0.0,1473.0,1.0,8.0,151.0,22.0,3.0,7.0,4.0,2.0,12.0,4.0,0.0,20.0,2.0,10.0,1.0,1.0,0.0,60.0,15.0,25.0,7.0,3.0,10.0,1.0,2.0,2019,327,121,0.2972,1.5849,1.6345,0.0,0.0991,0.0,0.1486,0.2476,0.5448,4.1109,0.0,0.0,72.9569,0.0495,0.3962,7.4789,1.0896,0.1486,0.3467,0.1981,0.0991,0.5944,0.1981,0.0,0.9906,0.0991,0.4953,0.0495,0.0495,0.0,2.9718,0.7429,1.2382,0.3467,0.1486,0.4953,0.0495,0.0991,JxP
060607,CAJAMARCA,CUTERVO,QUEROCOTILLO,2.0,13.0,4.0,2.0,0.0,0.0,0.0,0.0,1.0,31.0,0.0,0.0,400.0,0.0,0.0,60.0,5.0,1.0,0.0,0.0,0.0,2.0,0.0,0.0,0.0,1.0,3.0,2.0,1.0,0.0,12.0,1.0,8.0,1.0,1.0,12.0,0.0,0.0,563,105,39,0.3552,2.3091,0.7105,0.3552,0.0,0.0,0.0,0.0,0.1776,5.5062,0.0,0.0,71.048,0.0,0.0,10.6572,0.8881,0.1776,0.0,0.0,0.0,0.3552,0.0,0.0,0.0,0.1776,0.5329,0.3552,0.1776,0.0,2.1314,0.1776,1.421,0.1776,0.1776,2.1314,0.0,0.0,JxP
060608,CAJAMARCA,CUTERVO,SAN ANDRÉS DE CUTERVO,19.0,57.0,38.0,18.0,0.0,0.0,8.0,3.0,14.0,567.0,0.0,1.0,1676.0,4.0,11.0,195.0,44.0,4.0,8.0,23.0,1.0,20.0,5.0,0.0,8.0,3.0,17.0,4.0,4.0,1.0,112.0,20.0,89.0,4.0,19.0,31.0,4.0,6.0,3038,920,331,0.6254,1.8762,1.2508,0.5925,0.0,0.0,0.2633,0.0987,0.4608,18.6636,0.0,0.0329,55.1679,0.1317,0.3621,6.4187,1.4483,0.1317,0.2633,0.7571,0.0329,0.6583,0.1646,0.0,0.2633,0.0987,0.5596,0.1317,0.1317,0.0329,3.6866,0.6583,2.9296,0.1317,0.6254,1.0204,0.1317,0.1975,JxP
060609,CAJAMARCA,CUTERVO,SAN JUAN DE CUTERVO,20.0,138.0,218.0,8.0,2.0,0.0,3.0,6.0,33.0,658.0,0.0,0.0,3608.0,6.0,12.0,698.0,64.0,11.0,11.0,21.0,5.0,28.0,35.0,2.0,19.0,5.0,26.0,3.0,1.0,0.0,141.0,63.0,125.0,5.0,31.0,30.0,3.0,10.0,6049,1126,403,0.3306,2.2814,3.6039,0.1323,0.0331,0.0,0.0496,0.0992,0.5455,10.8778,0.0,0.0,59.6462,0.0992,0.1984,11.5391,1.058,0.1818,0.1818,0.3472,0.0827,0.4629,0.5786,0.0331,0.3141,0.0827,0.4298,0.0496,0.0165,0.0,2.331,1.0415,2.0665,0.0827,0.5125,0.4959,0.0496,0.1653,JxP
060610,CAJAMARCA,CUTERVO,SAN LUIS DE LUCMA,16.0,60.0,76.0,45.0,10.0,0.0,9.0,1.0,8.0,559.0,0.0,0.0,1138.0,1.0,8.0,195.0,76.0,7.0,15.0,12.0,38.0,18.0,16.0,1.0,11.0,7.0,17.0,9.0,2.0,2.0,59.0,47.0,85.0,11.0,45.0,58.0,10.0,3.0,2675,683,226,0.5981,2.243,2.8411,1.6822,0.3738,0.0,0.3364,0.0374,0.2991,20.8972,0.0,0.0,42.5421,0.0374,0.2991,7.2897,2.8411,0.2617,0.5607,0.4486,1.4206,0.6729,0.5981,0.0374,0.4112,0.2617,0.6355,0.3364,0.0748,0.0748,2.2056,1.757,3.1776,0.4112,1.6822,2.1682,0.3738,0.1121,JxP
060611,CAJAMARCA,CUTERVO,SANTA CRUZ,5.0,23.0,18.0,6.0,1.0,0.0,2.0,1.0,6.0,146.0,0.0,2.0,469.0,3.0,2.0,44.0,18.0,7.0,2.0,6.0,0.0,13.0,6.0,2.0,6.0,1.0,4.0,4.0,1.0,1.0,45.0,28.0,14.0,3.0,6.0,19.0,5.0,0.0,919,287,58,0.5441,2.5027,1.9587,0.6529,0.1088,0.0,0.2176,0.1088,0.6529,15.8868,0.0,0.2176,51.0337,0.3264,0.2176,4.7878,1.9587,0.7617,0.2176,0.6529,0.0,1.4146,0.6529,0.2176,0.6529,0.1088,0.4353,0.4353,0.1088,0.1088,4.8966,3.0468,1.5234,0.3264,0.6529,2.0675,0.5441,0.0,JxP
060612,CAJAMARCA,CUTERVO,SANTO DOMINGO DE LA CAPILLA,12.0,59.0,91.0,7.0,2.0,0.0,8.0,2.0,11.0,137.0,0.0,0.0,1282.0,1.0,11.0,343.0,30.0,3.0,3.0,5.0,3.0,7.0,19.0,0.0,1.0,2.0,8.0,2.0,0.0,0.0,28.0,12.0,60.0,3.0,13.0,54.0,2.0,0.0,2221,422,133,0.5403,2.6565,4.0973,0.3152,0.09,0.0,0.3602,0.09,0.4953,6.1684,0.0,0.0,57.7217,0.045,0.4953,15.4435,1.3507,0.1351,0.1351,0.2251,0.1351,0.3152,0.8555,0.0,0.045,0.09,0.3602,0.09,0.0,0.0,1.2607,0.5403,2.7015,0.1351,0.5853,2.4313,0.09,0.0,JxP
060613,CAJAMARCA,CUTERVO,SANTO TOMAS,2.0,10.0,13.0,0.0,0.0,0.0,1.0,0.0,1.0,20.0,0.0,0.0,331.0,0.0,60.0,51.0,1.0,2.0,0.0,1.0,0.0,4.0,1.0,0.0,4.0,1.0,2.0,0.0,0.0,0.0,7.0,5.0,2.0,5.0,5.0,2.0,1.0,0.0,532,99,39,0.3759,1.8797,2.4436,0.0,0.0,0.0,0.188,0.0,0.188,3.7594,0.0,0.0,62.218,0.0,11.2782,9.5865,0.188,0.3759,0.0,0.188,0.0,0.7519,0.188,0.0,0.7519,0.188,0.3759,0.0,0.0,0.0,1.3158,0.9398,0.3759,0.9398,0.9398,0.3759,0.188,0.0,JxP
060614,CAJAMARCA,CUTERVO,SOCOTA,14.0,127.0,76.0,11.0,3.0,0.0,5.0,6.0,7.0,379.0,0.0,0.0,1865.0,6.0,10.0,220.0,65.0,3.0,3.0,11.0,3.0,24.0,19.0,1.0,16.0,6.0,17.0,9.0,1.0,1.0,124.0,70.0,81.0,7.0,17.0,21.0,8.0,1.0,3237,737,209,0.4325,3.9234,2.3479,0.3398,0.0927,0.0,0.1545,0.1854,0.2162,11.7084,0.0,0.0,57.6151,0.1854,0.3089,6.7964,2.008,0.0927,0.0927,0.3398,0.0927,0.7414,0.587,0.0309,0.4943,0.1854,0.5252,0.278,0.0309,0.0309,3.8307,2.1625,2.5023,0.2162,0.5252,0.6487,0.2471,0.0309,JxP
060615,CAJAMARCA,CUTERVO,TORIBIO CASANOVA,25.0,206.0,302.0,8.0,5.0,0.0,11.0,8.0,20.0,336.0,0.0,0.0,4431.0,5.0,13.0,848.0,95.0,6.0,11.0,19.0,9.0,27.0,13.0,3.0,11.0,8.0,27.0,6.0,3.0,2.0,121.0,22.0,90.0,9.0,25.0,12.0,5.0,6.0,6748,1060,402,0.3705,3.0528,4.4754,0.1186,0.0741,0.0,0.163,0.1186,0.2964,4.9793,0.0,0.0,65.6639,0.0741,0.1926,12.5667,1.4078,0.0889,0.163,0.2816,0.1334,0.4001,0.1926,0.0445,0.163,0.1186,0.4001,0.0889,0.0445,0.0296,1.7931,0.326,1.3337,0.1334,0.3705,0.1778,0.0741,0.0889,JxP
060616,Cajamarca,Cutervo,,1.0,3.0,57.0,6.0,1.0,0.0,2.0,1.0,4.0,88.0,0.0,0.0,201.0,0.0,1.0,29.0,8.0,5.0,1.0,1.0,0.0,3.0,6.0,0.0,2.0,1.0,2.0,0.0,4.0,0.0,12.0,10.0,12.0,1.0,4.0,39.0,1.0,1.0,507,80,30,0.1972,0.5917,11.2426,1.1834,0.1972,0.0,0.3945,0.1972,0.789,17.357,0.0,0.0,39.645,0.0,0.1972,5.7199,1.5779,0.9862,0.1972,0.1972,0.0,0.5917,1.1834,0.0,0.3945,0.1972,0.3945,0.0,0.789,0.0,2.3669,1.9724,2.3669,0.1972,0.789,7.6923,0.1972,0.1972,JxP
060617,Cajamarca,Cutervo,,0.0,14.0,1.0,1.0,1.0,0.0,1.0,0.0,2.0,59.0,0.0,0.0,137.0,2.0,5.0,22.0,12.0,0.0,0.0,0.0,0.0,3.0,6.0,0.0,0.0,2.0,1.0,2.0,0.0,0.0,6.0,4.0,12.0,1.0,0.0,2.0,0.0,0.0,296,72,17,0.0,4.7297,0.3378,0.3378,0.3378,0.0,0.3378,0.0,0.6757,19.9324,0.0,0.0,46.2838,0.6757,1.6892,7.4324,4.0541,0.0,0.0,0.0,0.0,1.0135,2.027,0.0,0.0,0.6757,0.3378,0.6757,0.0,0.0,2.027,1.3514,4.0541,0.3378,0.0,0.6757,0.0,0.0,JxP
060618,Cajamarca,Cutervo,,4.0,27.0,14.0,3.0,1.0,0.0,1.0,0.0,0.0,63.0,0.0,1.0,657.0,2.0,1.0,87.0,7.0,1.0,3.0,1.0,0.0,6.0,9.0,0.0,1.0,1.0,14.0,1.0,1.0,0.0,11.0,2.0,8.0,0.0,6.0,26.0,1.0,0.0,960,119,42,0.4167,2.8125,1.4583,0.3125,0.1042,0.0,0.1042,0.0,0.0,6.5625,0.0,0.1042,68.4375,0.2083,0.1042,9.0625,0.7292,0.1042,0.3125,0.1042,0.0,0.625,0.9375,0.0,0.1042,0.1042,1.4583,0.1042,0.1042,0.0,1.1458,0.2083,0.8333,0.0,0.625,2.7083,0.1042,0.0,JxP
060619,Cajamarca,Cutervo,,71.0,137.0,46.0,9.0,0.0,0.0,10.0,12.0,13.0,170.0,0.0,3.0,3681.0,2.0,15.0,620.0,35.0,4.0,6.0,13.0,1.0,24.0,16.0,1.0,3.0,7.0,22.0,10.0,2.0,3.0,91.0,16.0,58.0,8.0,24.0,27.0,4.0,5.0,5169,659,318,1.3736,2.6504,0.8899,0.1741,0.0,0.0,0.1935,0.2322,0.2515,3.2888,0.0,0.058,71.213,0.0387,0.2902,11.9946,0.6771,0.0774,0.1161,0.2515,0.0193,0.4643,0.3095,0.0193,0.058,0.1354,0.4256,0.1935,0.0387,0.058,1.7605,0.3095,1.1221,0.1548,0.4643,0.5223,0.0774,0.0967,JxP
060701,CAJAMARCA,HUALGAYOC,BAMBAMARCA,109.0,680.0,295.0,100.0,26.0,0.0,238.0,38.0,271.0,1929.0,0.0,12.0,20920.0,49.0,80.0,2992.0,541.0,61.0,62.0,85.0,50.0,228.0,554.0,20.0,82.0,39.0,243.0,31.0,8.0,18.0,884.0,282.0,282.0,60.0,303.0,120.0,42.0,54.0,31788,6728,3238,0.3429,2.1392,0.928,0.3146,0.0818,0.0,0.7487,0.1195,0.8525,6.0683,0.0,0.0378,65.811,0.1541,0.2517,9.4124,1.7019,0.1919,0.195,0.2674,0.1573,0.7173,1.7428,0.0629,0.258,0.1227,0.7644,0.0975,0.0252,0.0566,2.7809,0.8871,0.8871,0.1888,0.9532,0.3775,0.1321,0.1699,JxP
060702,CAJAMARCA,HUALGAYOC,CHUGUR,40.0,70.0,23.0,1.0,0.0,0.0,4.0,2.0,10.0,98.0,0.0,0.0,875.0,8.0,6.0,266.0,24.0,1.0,5.0,8.0,3.0,5.0,14.0,2.0,4.0,3.0,2.0,3.0,1.0,1.0,58.0,23.0,48.0,5.0,14.0,9.0,4.0,4.0,1644,283,79,2.4331,4.2579,1.399,0.0608,0.0,0.0,0.2433,0.1217,0.6083,5.9611,0.0,0.0,53.2238,0.4866,0.365,16.18,1.4599,0.0608,0.3041,0.4866,0.1825,0.3041,0.8516,0.1217,0.2433,0.1825,0.1217,0.1825,0.0608,0.0608,3.528,1.399,2.9197,0.3041,0.8516,0.5474,0.2433,0.2433,JxP
060703,CAJAMARCA,HUALGAYOC,HUALGAYOC,26.0,119.0,63.0,17.0,7.0,0.0,27.0,7.0,88.0,417.0,0.0,4.0,4273.0,21.0,21.0,610.0,120.0,7.0,21.0,15.0,13.0,49.0,65.0,2.0,28.0,7.0,38.0,10.0,16.0,12.0,274.0,99.0,95.0,20.0,96.0,17.0,10.0,16.0,6730,1549,753,0.3863,1.7682,0.9361,0.2526,0.104,0.0,0.4012,0.104,1.3076,6.1961,0.0,0.0594,63.4918,0.312,0.312,9.0639,1.7831,0.104,0.312,0.2229,0.1932,0.7281,0.9658,0.0297,0.416,0.104,0.5646,0.1486,0.2377,0.1783,4.0713,1.471,1.4116,0.2972,1.4264,0.2526,0.1486,0.2377,JxP
060801,CAJAMARCA,JAÉN,JAÉN,489.0,4451.0,1312.0,353.0,161.0,0.0,449.0,59.0,889.0,8283.0,0.0,49.0,12192.0,99.0,837.0,7800.0,2924.0,81.0,245.0,214.0,172.0,620.0,1329.0,40.0,1463.0,97.0,600.0,99.0,34.0,57.0,687.0,2365.0,2649.0,71.0,1156.0,504.0,416.0,142.0,53388,8452,3640,0.9159,8.3371,2.4575,0.6612,0.3016,0.0,0.841,0.1105,1.6652,15.5147,0.0,0.0918,22.8366,0.1854,1.5678,14.61,5.4769,0.1517,0.4589,0.4008,0.3222,1.1613,2.4893,0.0749,2.7403,0.1817,1.1238,0.1854,0.0637,0.1068,1.2868,4.4298,4.9618,0.133,2.1653,0.944,0.7792,0.266,JxP
060802,CAJAMARCA,JAÉN,BELLAVISTA,56.0,532.0,242.0,26.0,25.0,0.0,48.0,5.0,76.0,1044.0,0.0,6.0,3231.0,16.0,88.0,843.0,226.0,17.0,39.0,24.0,11.0,94.0,99.0,4.0,227.0,20.0,67.0,19.0,3.0,5.0,203.0,213.0,132.0,20.0,94.0,103.0,63.0,42.0,7963,1569,734,0.7033,6.6809,3.0391,0.3265,0.314,0.0,0.6028,0.0628,0.9544,13.1106,0.0,0.0753,40.5752,0.2009,1.1051,10.5865,2.8381,0.2135,0.4898,0.3014,0.1381,1.1805,1.2433,0.0502,2.8507,0.2512,0.8414,0.2386,0.0377,0.0628,2.5493,2.6749,1.6577,0.2512,1.1805,1.2935,0.7912,0.5274,JxP
060803,CAJAMARCA,JAÉN,CHONTALI,16.0,185.0,71.0,6.0,4.0,0.0,12.0,8.0,29.0,683.0,0.0,2.0,2063.0,11.0,160.0,390.0,67.0,3.0,26.0,13.0,10.0,16.0,16.0,0.0,59.0,10.0,51.0,13.0,1.0,3.0,102.0,80.0,95.0,7.0,19.0,79.0,14.0,9.0,4333,974,382,0.3693,4.2696,1.6386,0.1385,0.0923,0.0,0.2769,0.1846,0.6693,15.7628,0.0,0.0462,47.6114,0.2539,3.6926,9.0007,1.5463,0.0692,0.6,0.3,0.2308,0.3693,0.3693,0.0,1.3616,0.2308,1.177,0.3,0.0231,0.0692,2.354,1.8463,2.1925,0.1616,0.4385,1.8232,0.3231,0.2077,JxP
060804,CAJAMARCA,JAÉN,COLASAY,51.0,207.0,62.0,11.0,6.0,0.0,9.0,8.0,16.0,835.0,0.0,2.0,2010.0,3.0,14.0,477.0,58.0,4.0,51.0,25.0,6.0,31.0,14.0,1.0,51.0,9.0,45.0,8.0,2.0,2.0,78.0,56.0,95.0,9.0,34.0,44.0,7.0,2.0,4343,864,451,1.1743,4.7663,1.4276,0.2533,0.1382,0.0,0.2072,0.1842,0.3684,19.2263,0.0,0.0461,46.2814,0.0691,0.3224,10.9832,1.3355,0.0921,1.1743,0.5756,0.1382,0.7138,0.3224,0.023,1.1743,0.2072,1.0362,0.1842,0.0461,0.0461,1.796,1.2894,2.1874,0.2072,0.7829,1.0131,0.1612,0.0461,JxP
060805,CAJAMARCA,JAÉN,HUABAL,34.0,115.0,50.0,40.0,1.0,0.0,122.0,9.0,20.0,305.0,0.0,3.0,1921.0,5.0,11.0,349.0,71.0,11.0,55.0,39.0,5.0,38.0,19.0,1.0,27.0,9.0,26.0,2.0,1.0,4.0,87.0,36.0,72.0,7.0,27.0,24.0,12.0,17.0,3575,889,351,0.951,3.2168,1.3986,1.1189,0.028,0.0,3.4126,0.2517,0.5594,8.5315,0.0,0.0839,53.7343,0.1399,0.3077,9.7622,1.986,0.3077,1.5385,1.0909,0.1399,1.0629,0.5315,0.028,0.7552,0.2517,0.7273,0.0559,0.028,0.1119,2.4336,1.007,2.014,0.1958,0.7552,0.6713,0.3357,0.4755,JxP
060806,CAJAMARCA,JAÉN,LAS PIRIAS,29.0,163.0,44.0,58.0,2.0,0.0,43.0,7.0,27.0,367.0,0.0,2.0,1554.0,9.0,44.0,351.0,100.0,8.0,9.0,14.0,8.0,33.0,32.0,2.0,44.0,8.0,20.0,8.0,2.0,2.0,98.0,88.0,131.0,11.0,42.0,27.0,19.0,14.0,3420,679,358,0.848,4.7661,1.2865,1.6959,0.0585,0.0,1.2573,0.2047,0.7895,10.731,0.0,0.0585,45.4386,0.2632,1.2865,10.2632,2.924,0.2339,0.2632,0.4094,0.2339,0.9649,0.9357,0.0585,1.2865,0.2339,0.5848,0.2339,0.0585,0.0585,2.8655,2.5731,3.8304,0.3216,1.2281,0.7895,0.5556,0.4094,JxP
060807,CAJAMARCA,JAÉN,POMAHUACA,32.0,41.0,19.0,3.0,2.0,0.0,4.0,6.0,10.0,70.0,0.0,0.0,1802.0,3.0,5.0,149.0,18.0,2.0,19.0,13.0,2.0,14.0,8.0,0.0,13.0,0.0,9.0,5.0,1.0,0.0,86.0,6.0,13.0,8.0,7.0,31.0,5.0,11.0,2417,415,226,1.324,1.6963,0.7861,0.1241,0.0827,0.0,0.1655,0.2482,0.4137,2.8962,0.0,0.0,74.5552,0.1241,0.2069,6.1647,0.7447,0.0827,0.7861,0.5379,0.0827,0.5792,0.331,0.0,0.5379,0.0,0.3724,0.2069,0.0414,0.0,3.5581,0.2482,0.5379,0.331,0.2896,1.2826,0.2069,0.4551,JxP
060808,CAJAMARCA,JAÉN,PUCARA,29.0,75.0,58.0,10.0,14.0,0.0,6.0,7.0,11.0,237.0,0.0,0.0,1088.0,4.0,20.0,202.0,39.0,1.0,53.0,17.0,1.0,22.0,8.0,1.0,21.0,10.0,20.0,4.0,1.0,1.0,38.0,9.0,21.0,4.0,8.0,40.0,11.0,8.0,2099,395,145,1.3816,3.5731,2.7632,0.4764,0.667,0.0,0.2859,0.3335,0.5241,11.2911,0.0,0.0,51.8342,0.1906,0.9528,9.6236,1.858,0.0476,2.525,0.8099,0.0476,1.0481,0.3811,0.0476,1.0005,0.4764,0.9528,0.1906,0.0476,0.0476,1.8104,0.4288,1.0005,0.1906,0.3811,1.9057,0.5241,0.3811,JxP
060809,CAJAMARCA,JAÉN,SALLIQUE,14.0,166.0,41.0,3.0,15.0,0.0,20.0,8.0,18.0,391.0,0.0,4.0,2095.0,4.0,17.0,358.0,76.0,4.0,34.0,14.0,2.0,15.0,22.0,0.0,61.0,8.0,22.0,8.0,2.0,0.0,73.0,40.0,25.0,6.0,15.0,20.0,14.0,4.0,3619,598,172,0.3868,4.5869,1.1329,0.0829,0.4145,0.0,0.5526,0.2211,0.4974,10.8041,0.0,0.1105,57.8889,0.1105,0.4697,9.8922,2.1,0.1105,0.9395,0.3868,0.0553,0.4145,0.6079,0.0,1.6855,0.2211,0.6079,0.2211,0.0553,0.0,2.0171,1.1053,0.6908,0.1658,0.4145,0.5526,0.3868,0.1105,JxP
060810,CAJAMARCA,JAÉN,SAN FELIPE,11.0,223.0,173.0,62.0,8.0,0.0,21.0,7.0,19.0,655.0,0.0,1.0,2500.0,14.0,47.0,529.0,64.0,7.0,24.0,16.0,9.0,34.0,35.0,1.0,70.0,7.0,46.0,6.0,6.0,7.0,149.0,83.0,123.0,7.0,29.0,27.0,23.0,7.0,5050,867,281,0.2178,4.4158,3.4257,1.2277,0.1584,0.0,0.4158,0.1386,0.3762,12.9703,0.0,0.0198,49.505,0.2772,0.9307,10.4752,1.2673,0.1386,0.4752,0.3168,0.1782,0.6733,0.6931,0.0198,1.3861,0.1386,0.9109,0.1188,0.1188,0.1386,2.9505,1.6436,2.4356,0.1386,0.5743,0.5347,0.4554,0.1386,JxP
060811,CAJAMARCA,JAÉN,SAN JOSÉ DEL ALTO,39.0,114.0,63.0,9.0,6.0,0.0,13.0,2.0,19.0,423.0,0.0,0.0,1515.0,8.0,14.0,346.0,54.0,0.0,14.0,7.0,5.0,44.0,24.0,0.0,26.0,7.0,25.0,9.0,3.0,2.0,64.0,87.0,54.0,3.0,37.0,34.0,16.0,2.0,3088,559,161,1.263,3.6917,2.0402,0.2915,0.1943,0.0,0.421,0.0648,0.6153,13.6982,0.0,0.0,49.0609,0.2591,0.4534,11.2047,1.7487,0.0,0.4534,0.2267,0.1619,1.4249,0.7772,0.0,0.842,0.2267,0.8096,0.2915,0.0972,0.0648,2.0725,2.8174,1.7487,0.0972,1.1982,1.101,0.5181,0.0648,JxP
060812,CAJAMARCA,JAÉN,SANTA ROSA,29.0,102.0,63.0,7.0,3.0,0.0,31.0,4.0,15.0,347.0,0.0,4.0,2435.0,11.0,11.0,430.0,43.0,6.0,19.0,13.0,2.0,21.0,19.0,0.0,30.0,8.0,34.0,2.0,0.0,0.0,95.0,59.0,38.0,10.0,25.0,34.0,11.0,6.0,3967,738,181,0.731,2.5712,1.5881,0.1765,0.0756,0.0,0.7814,0.1008,0.3781,8.7472,0.0,0.1008,61.3814,0.2773,0.2773,10.8394,1.0839,0.1512,0.479,0.3277,0.0504,0.5294,0.479,0.0,0.7562,0.2017,0.8571,0.0504,0.0,0.0,2.3948,1.4873,0.9579,0.2521,0.6302,0.8571,0.2773,0.1512,JxP
060901,CAJAMARCA,SAN IGNACIO,SAN IGNACIO,18.0,268.0,89.0,29.0,1.0,0.0,12.0,1.0,19.0,641.0,0.0,1.0,1563.0,15.0,12.0,284.0,180.0,12.0,19.0,27.0,10.0,77.0,58.0,35.0,18.0,5.0,15.0,3.0,11.0,12.0,64.0,74.0,109.0,14.0,54.0,63.0,9.0,4.0,3826,752,326,0.4705,7.0047,2.3262,0.758,0.0261,0.0,0.3136,0.0261,0.4966,16.7538,0.0,0.0261,40.8521,0.3921,0.3136,7.4229,4.7047,0.3136,0.4966,0.7057,0.2614,2.0125,1.5159,0.9148,0.4705,0.1307,0.3921,0.0784,0.2875,0.3136,1.6728,1.9341,2.8489,0.3659,1.4114,1.6466,0.2352,0.1045,JxP
060902,CAJAMARCA,SAN IGNACIO,CHIRINOS,6.0,99.0,43.0,8.0,0.0,0.0,5.0,1.0,7.0,351.0,0.0,0.0,2278.0,3.0,3.0,220.0,52.0,1.0,5.0,10.0,5.0,42.0,11.0,3.0,6.0,3.0,12.0,4.0,2.0,0.0,70.0,40.0,48.0,7.0,5.0,12.0,5.0,0.0,3367,636,177,0.1782,2.9403,1.2771,0.2376,0.0,0.0,0.1485,0.0297,0.2079,10.4247,0.0,0.0,67.6567,0.0891,0.0891,6.534,1.5444,0.0297,0.1485,0.297,0.1485,1.2474,0.3267,0.0891,0.1782,0.0891,0.3564,0.1188,0.0594,0.0,2.079,1.188,1.4256,0.2079,0.1485,0.3564,0.1485,0.0,JxP
060903,CAJAMARCA,SAN IGNACIO,HUARANGO,8.0,37.0,67.0,4.0,0.0,0.0,2.0,3.0,9.0,271.0,0.0,2.0,1037.0,1.0,0.0,68.0,24.0,5.0,5.0,9.0,0.0,20.0,6.0,0.0,10.0,3.0,8.0,5.0,2.0,2.0,42.0,13.0,23.0,1.0,13.0,16.0,2.0,0.0,1718,316,105,0.4657,2.1537,3.8999,0.2328,0.0,0.0,0.1164,0.1746,0.5239,15.7742,0.0,0.1164,60.3609,0.0582,0.0,3.9581,1.397,0.291,0.291,0.5239,0.0,1.1641,0.3492,0.0,0.5821,0.1746,0.4657,0.291,0.1164,0.1164,2.4447,0.7567,1.3388,0.0582,0.7567,0.9313,0.1164,0.0,JxP
060904,CAJAMARCA,SAN IGNACIO,LA COIPA,5.0,42.0,31.0,5.0,1.0,0.0,2.0,4.0,6.0,205.0,0.0,1.0,525.0,1.0,1.0,67.0,12.0,1.0,2.0,3.0,0.0,19.0,6.0,4.0,1.0,1.0,8.0,5.0,1.0,0.0,37.0,17.0,37.0,0.0,4.0,12.0,4.0,6.0,1076,267,78,0.4647,3.9033,2.881,0.4647,0.0929,0.0,0.1859,0.3717,0.5576,19.052,0.0,0.0929,48.7918,0.0929,0.0929,6.2268,1.1152,0.0929,0.1859,0.2788,0.0,1.7658,0.5576,0.3717,0.0929,0.0929,0.7435,0.4647,0.0929,0.0,3.4387,1.5799,3.4387,0.0,0.3717,1.1152,0.3717,0.5576,JxP
060905,CAJAMARCA,SAN IGNACIO,NAMBALLE,5.0,39.0,51.0,1.0,1.0,0.0,1.0,2.0,3.0,118.0,0.0,0.0,420.0,0.0,2.0,82.0,8.0,2.0,5.0,5.0,0.0,10.0,5.0,1.0,2.0,1.0,5.0,2.0,2.0,0.0,22.0,21.0,56.0,2.0,8.0,13.0,0.0,2.0,897,166,115,0.5574,4.3478,5.6856,0.1115,0.1115,0.0,0.1115,0.223,0.3344,13.155,0.0,0.0,46.8227,0.0,0.223,9.1416,0.8919,0.223,0.5574,0.5574,0.0,1.1148,0.5574,0.1115,0.223,0.1115,0.5574,0.223,0.223,0.0,2.4526,2.3411,6.243,0.223,0.8919,1.4493,0.0,0.223,JxP
060906,CAJAMARCA,SAN IGNACIO,SAN JOSÉ DE LOURDES,11.0,56.0,13.0,3.0,2.0,0.0,3.0,3.0,2.0,224.0,0.0,0.0,962.0,1.0,6.0,116.0,17.0,4.0,7.0,6.0,2.0,19.0,10.0,0.0,9.0,0.0,8.0,4.0,19.0,1.0,23.0,15.0,24.0,1.0,10.0,3.0,5.0,1.0,1590,283,135,0.6918,3.522,0.8176,0.1887,0.1258,0.0,0.1887,0.1887,0.1258,14.0881,0.0,0.0,60.5031,0.0629,0.3774,7.2956,1.0692,0.2516,0.4403,0.3774,0.1258,1.195,0.6289,0.0,0.566,0.0,0.5031,0.2516,1.195,0.0629,1.4465,0.9434,1.5094,0.0629,0.6289,0.1887,0.3145,0.0629,JxP
060907,CAJAMARCA,SAN IGNACIO,TABACONAS,0.0,23.0,9.0,1.0,0.0,0.0,1.0,0.0,4.0,36.0,0.0,0.0,113.0,0.0,1.0,18.0,3.0,2.0,0.0,0.0,0.0,4.0,0.0,1.0,2.0,1.0,2.0,0.0,0.0,0.0,1.0,3.0,7.0,1.0,5.0,0.0,0.0,0.0,238,38,10,0.0,9.6639,3.7815,0.4202,0.0,0.0,0.4202,0.0,1.6807,15.1261,0.0,0.0,47.479,0.0,0.4202,7.563,1.2605,0.8403,0.0,0.0,0.0,1.6807,0.0,0.4202,0.8403,0.4202,0.8403,0.0,0.0,0.0,0.4202,1.2605,2.9412,0.4202,2.1008,0.0,0.0,0.0,JxP
060908,Cajamarca,San Ignacio,,5.0,26.0,14.0,1.0,0.0,0.0,6.0,0.0,1.0,76.0,0.0,0.0,254.0,1.0,0.0,28.0,10.0,0.0,1.0,3.0,0.0,7.0,4.0,0.0,0.0,1.0,9.0,1.0,0.0,0.0,27.0,1.0,10.0,0.0,2.0,4.0,0.0,1.0,493,100,66,1.0142,5.2738,2.8398,0.2028,0.0,0.0,1.217,0.0,0.2028,15.4158,0.0,0.0,51.5213,0.2028,0.0,5.6795,2.0284,0.0,0.2028,0.6085,0.0,1.4199,0.8114,0.0,0.0,0.2028,1.8256,0.2028,0.0,0.0,5.4767,0.2028,2.0284,0.0,0.4057,0.8114,0.0,0.2028,JxP
060909,Cajamarca,San Ignacio,,8.0,16.0,22.0,2.0,0.0,0.0,1.0,0.0,6.0,157.0,0.0,0.0,776.0,1.0,0.0,115.0,16.0,3.0,0.0,24.0,0.0,11.0,2.0,0.0,2.0,0.0,7.0,1.0,1.0,1.0,15.0,13.0,27.0,9.0,4.0,15.0,4.0,9.0,1268,253,120,0.6309,1.2618,1.735,0.1577,0.0,0.0,0.0789,0.0,0.4732,12.3817,0.0,0.0,61.1987,0.0789,0.0,9.0694,1.2618,0.2366,0.0,1.8927,0.0,0.8675,0.1577,0.0,0.1577,0.0,0.5521,0.0789,0.0789,0.0789,1.183,1.0252,2.1293,0.7098,0.3155,1.183,0.3155,0.7098,JxP
060910,Cajamarca,San Ignacio,,3.0,40.0,12.0,2.0,0.0,0.0,1.0,1.0,3.0,105.0,0.0,1.0,246.0,1.0,0.0,36.0,4.0,0.0,0.0,9.0,0.0,8.0,1.0,0.0,2.0,3.0,6.0,1.0,0.0,0.0,7.0,7.0,22.0,2.0,1.0,12.0,3.0,1.0,540,147,42,0.5556,7.4074,2.2222,0.3704,0.0,0.0,0.1852,0.1852,0.5556,19.4444,0.0,0.1852,45.5556,0.1852,0.0,6.6667,0.7407,0.0,0.0,1.6667,0.0,1.4815,0.1852,0.0,0.3704,0.5556,1.1111,0.1852,0.0,0.0,1.2963,1.2963,4.0741,0.3704,0.1852,2.2222,0.5556,0.1852,JxP
060911,Cajamarca,San Ignacio,,3.0,19.0,11.0,1.0,0.0,0.0,1.0,1.0,5.0,192.0,0.0,1.0,423.0,0.0,0.0,72.0,19.0,0.0,1.0,2.0,1.0,6.0,2.0,2.0,4.0,2.0,1.0,2.0,1.0,0.0,16.0,6.0,16.0,2.0,8.0,14.0,2.0,0.0,836,119,46,0.3589,2.2727,1.3158,0.1196,0.0,0.0,0.1196,0.1196,0.5981,22.9665,0.0,0.1196,50.5981,0.0,0.0,8.6124,2.2727,0.0,0.1196,0.2392,0.1196,0.7177,0.2392,0.2392,0.4785,0.2392,0.1196,0.2392,0.1196,0.0,1.9139,0.7177,1.9139,0.2392,0.9569,1.6746,0.2392,0.0,JxP
061001,CAJAMARCA,SAN MARCOS,PEDRO GÁLVEZ,20.0,206.0,61.0,33.0,12.0,0.0,6.0,8.0,49.0,985.0,0.0,2.0,2296.0,29.0,30.0,350.0,178.0,5.0,61.0,13.0,36.0,82.0,49.0,2.0,50.0,6.0,42.0,15.0,11.0,3.0,133.0,99.0,96.0,18.0,77.0,92.0,25.0,3.0,5183,1303,532,0.3859,3.9745,1.1769,0.6367,0.2315,0.0,0.1158,0.1544,0.9454,19.0044,0.0,0.0386,44.2987,0.5595,0.5788,6.7528,3.4343,0.0965,1.1769,0.2508,0.6946,1.5821,0.9454,0.0386,0.9647,0.1158,0.8103,0.2894,0.2122,0.0579,2.5661,1.9101,1.8522,0.3473,1.4856,1.775,0.4823,0.0579,JxP
061002,CAJAMARCA,SAN MARCOS,CHANCAY,16.0,27.0,11.0,10.0,0.0,0.0,4.0,3.0,6.0,214.0,0.0,1.0,1152.0,6.0,5.0,200.0,16.0,3.0,5.0,6.0,2.0,25.0,5.0,0.0,13.0,6.0,12.0,6.0,17.0,0.0,65.0,10.0,19.0,4.0,5.0,22.0,7.0,2.0,1905,409,267,0.8399,1.4173,0.5774,0.5249,0.0,0.0,0.21,0.1575,0.315,11.2336,0.0,0.0525,60.4724,0.315,0.2625,10.4987,0.8399,0.1575,0.2625,0.315,0.105,1.3123,0.2625,0.0,0.6824,0.315,0.6299,0.315,0.8924,0.0,3.4121,0.5249,0.9974,0.21,0.2625,1.1549,0.3675,0.105,JxP
061003,CAJAMARCA,SAN MARCOS,EDUARDO VILLANUEVA,8.0,41.0,15.0,12.0,1.0,0.0,6.0,1.0,16.0,210.0,0.0,1.0,517.0,4.0,21.0,73.0,23.0,4.0,6.0,7.0,4.0,18.0,8.0,1.0,9.0,6.0,11.0,3.0,0.0,3.0,51.0,17.0,17.0,3.0,7.0,16.0,4.0,4.0,1148,263,106,0.6969,3.5714,1.3066,1.0453,0.0871,0.0,0.5226,0.0871,1.3937,18.2927,0.0,0.0871,45.0348,0.3484,1.8293,6.3589,2.0035,0.3484,0.5226,0.6098,0.3484,1.5679,0.6969,0.0871,0.784,0.5226,0.9582,0.2613,0.0,0.2613,4.4425,1.4808,1.4808,0.2613,0.6098,1.3937,0.3484,0.3484,JxP
061004,CAJAMARCA,SAN MARCOS,GREGORIO PITA,14.0,62.0,18.0,4.0,1.0,0.0,1.0,5.0,14.0,365.0,0.0,0.0,1186.0,17.0,4.0,156.0,35.0,1.0,11.0,5.0,1.0,35.0,11.0,1.0,18.0,1.0,7.0,3.0,6.0,0.0,64.0,20.0,20.0,6.0,10.0,19.0,7.0,1.0,2129,390,162,0.6576,2.9122,0.8455,0.1879,0.047,0.0,0.047,0.2349,0.6576,17.1442,0.0,0.0,55.7069,0.7985,0.1879,7.3274,1.644,0.047,0.5167,0.2349,0.047,1.644,0.5167,0.047,0.8455,0.047,0.3288,0.1409,0.2818,0.0,3.0061,0.9394,0.9394,0.2818,0.4697,0.8924,0.3288,0.047,JxP
061005,CAJAMARCA,SAN MARCOS,ICHOCAN,2.0,16.0,13.0,5.0,0.0,0.0,0.0,1.0,3.0,150.0,0.0,0.0,262.0,1.0,0.0,70.0,13.0,1.0,1.0,2.0,2.0,5.0,6.0,0.0,5.0,3.0,8.0,3.0,0.0,1.0,14.0,38.0,17.0,1.0,10.0,4.0,10.0,0.0,667,202,28,0.2999,2.3988,1.949,0.7496,0.0,0.0,0.0,0.1499,0.4498,22.4888,0.0,0.0,39.2804,0.1499,0.0,10.4948,1.949,0.1499,0.1499,0.2999,0.2999,0.7496,0.8996,0.0,0.7496,0.4498,1.1994,0.4498,0.0,0.1499,2.099,5.6972,2.5487,0.1499,1.4993,0.5997,1.4993,0.0,JxP
061006,CAJAMARCA,SAN MARCOS,JOSÉ MANUEL QUIROZ,10.0,31.0,13.0,8.0,1.0,0.0,5.0,5.0,4.0,200.0,0.0,2.0,645.0,1.0,7.0,66.0,27.0,4.0,2.0,7.0,0.0,14.0,7.0,0.0,6.0,3.0,47.0,1.0,0.0,1.0,58.0,17.0,22.0,4.0,7.0,29.0,4.0,3.0,1261,334,101,0.793,2.4584,1.0309,0.6344,0.0793,0.0,0.3965,0.3965,0.3172,15.8604,0.0,0.1586,51.1499,0.0793,0.5551,5.2339,2.1412,0.3172,0.1586,0.5551,0.0,1.1102,0.5551,0.0,0.4758,0.2379,3.7272,0.0793,0.0,0.0793,4.5995,1.3481,1.7446,0.3172,0.5551,2.2998,0.3172,0.2379,JxP
061007,CAJAMARCA,SAN MARCOS,JOSÉ SABOGAL,5.0,11.0,17.0,9.0,1.0,0.0,1.0,1.0,8.0,290.0,0.0,2.0,550.0,2.0,2.0,93.0,19.0,1.0,1.0,6.0,0.0,14.0,6.0,0.0,2.0,1.0,8.0,8.0,0.0,1.0,18.0,21.0,21.0,1.0,5.0,10.0,5.0,1.0,1141,218,71,0.4382,0.9641,1.4899,0.7888,0.0876,0.0,0.0876,0.0876,0.7011,25.4163,0.0,0.1753,48.2033,0.1753,0.1753,8.1507,1.6652,0.0876,0.0876,0.5259,0.0,1.227,0.5259,0.0,0.1753,0.0876,0.7011,0.7011,0.0,0.0876,1.5776,1.8405,1.8405,0.0876,0.4382,0.8764,0.4382,0.0876,JxP
061008,Cajamarca,San Marcos,,13.0,39.0,13.0,9.0,6.0,0.0,1.0,1.0,9.0,315.0,0.0,0.0,1079.0,4.0,2.0,239.0,44.0,6.0,6.0,9.0,5.0,30.0,8.0,2.0,17.0,7.0,27.0,2.0,11.0,0.0,59.0,36.0,28.0,5.0,25.0,13.0,2.0,1.0,2073,387,175,0.6271,1.8813,0.6271,0.4342,0.2894,0.0,0.0482,0.0482,0.4342,15.1954,0.0,0.0,52.0502,0.193,0.0965,11.5292,2.1225,0.2894,0.2894,0.4342,0.2412,1.4472,0.3859,0.0965,0.8201,0.3377,1.3025,0.0965,0.5306,0.0,2.8461,1.7366,1.3507,0.2412,1.206,0.6271,0.0965,0.0482,JxP
061009,Cajamarca,San Marcos,,6.0,14.0,11.0,3.0,4.0,0.0,6.0,2.0,5.0,307.0,0.0,1.0,567.0,2.0,4.0,86.0,17.0,3.0,3.0,7.0,2.0,17.0,3.0,0.0,34.0,1.0,0.0,4.0,2.0,0.0,36.0,18.0,12.0,2.0,8.0,14.0,16.0,0.0,1217,290,52,0.493,1.1504,0.9039,0.2465,0.3287,0.0,0.493,0.1643,0.4108,25.226,0.0,0.0822,46.59,0.1643,0.3287,7.0666,1.3969,0.2465,0.2465,0.5752,0.1643,1.3969,0.2465,0.0,2.7938,0.0822,0.0,0.3287,0.1643,0.0,2.9581,1.479,0.986,0.1643,0.6574,1.1504,1.3147,0.0,JxP
061010,Cajamarca,San Marcos,,5.0,31.0,22.0,9.0,0.0,0.0,6.0,4.0,9.0,430.0,0.0,0.0,599.0,8.0,5.0,96.0,18.0,4.0,0.0,3.0,2.0,5.0,10.0,1.0,3.0,2.0,19.0,2.0,0.0,1.0,35.0,27.0,16.0,7.0,9.0,9.0,21.0,3.0,1421,300,89,0.3519,2.1816,1.5482,0.6334,0.0,0.0,0.4222,0.2815,0.6334,30.2604,0.0,0.0,42.1534,0.563,0.3519,6.7558,1.2667,0.2815,0.0,0.2111,0.1407,0.3519,0.7037,0.0704,0.2111,0.1407,1.3371,0.1407,0.0,0.0704,2.4631,1.9001,1.126,0.4926,0.6334,0.6334,1.4778,0.2111,JxP
061011,Cajamarca,San Marcos,,9.0,45.0,25.0,1.0,1.0,0.0,2.0,1.0,11.0,123.0,0.0,0.0,990.0,2.0,8.0,137.0,28.0,2.0,5.0,4.0,2.0,11.0,6.0,0.0,4.0,2.0,8.0,1.0,1.0,0.0,31.0,12.0,27.0,2.0,14.0,2.0,1.0,2.0,1520,258,67,0.5921,2.9605,1.6447,0.0658,0.0658,0.0,0.1316,0.0658,0.7237,8.0921,0.0,0.0,65.1316,0.1316,0.5263,9.0132,1.8421,0.1316,0.3289,0.2632,0.1316,0.7237,0.3947,0.0,0.2632,0.1316,0.5263,0.0658,0.0658,0.0,2.0395,0.7895,1.7763,0.1316,0.9211,0.1316,0.0658,0.1316,JxP
061012,Cajamarca,San Marcos,,16.0,41.0,13.0,4.0,3.0,0.0,4.0,1.0,4.0,122.0,0.0,2.0,920.0,0.0,2.0,132.0,24.0,2.0,6.0,3.0,0.0,15.0,11.0,0.0,3.0,2.0,14.0,1.0,0.0,1.0,28.0,12.0,24.0,2.0,4.0,12.0,4.0,4.0,1436,233,132,1.1142,2.8552,0.9053,0.2786,0.2089,0.0,0.2786,0.0696,0.2786,8.4958,0.0,0.1393,64.0669,0.0,0.1393,9.1922,1.6713,0.1393,0.4178,0.2089,0.0,1.0446,0.766,0.0,0.2089,0.1393,0.9749,0.0696,0.0,0.0696,1.9499,0.8357,1.6713,0.1393,0.2786,0.8357,0.2786,0.2786,JxP
061013,Cajamarca,San Marcos,,2.0,26.0,3.0,2.0,2.0,0.0,1.0,1.0,8.0,161.0,0.0,0.0,269.0,0.0,2.0,33.0,9.0,1.0,1.0,4.0,0.0,6.0,2.0,0.0,3.0,1.0,9.0,2.0,0.0,1.0,17.0,15.0,24.0,2.0,3.0,16.0,3.0,0.0,629,179,47,0.318,4.1335,0.4769,0.318,0.318,0.0,0.159,0.159,1.2719,25.5962,0.0,0.0,42.7663,0.0,0.318,5.2464,1.4308,0.159,0.159,0.6359,0.0,0.9539,0.318,0.0,0.4769,0.159,1.4308,0.318,0.0,0.159,2.7027,2.3847,3.8156,0.318,0.4769,2.5437,0.4769,0.0,JxP
061101,CAJAMARCA,SAN MIGUEL,SAN MIGUEL,106.0,1181.0,220.0,84.0,17.0,0.0,105.0,25.0,187.0,1422.0,0.0,13.0,6708.0,16.0,140.0,2269.0,710.0,14.0,116.0,54.0,53.0,190.0,256.0,8.0,139.0,42.0,163.0,47.0,10.0,18.0,311.0,420.0,572.0,24.0,232.0,210.0,84.0,40.0,16206,3706,1385,0.6541,7.2874,1.3575,0.5183,0.1049,0.0,0.6479,0.1543,1.1539,8.7745,0.0,0.0802,41.3921,0.0987,0.8639,14.001,4.3811,0.0864,0.7158,0.3332,0.327,1.1724,1.5797,0.0494,0.8577,0.2592,1.0058,0.29,0.0617,0.1111,1.919,2.5916,3.5296,0.1481,1.4316,1.2958,0.5183,0.2468,JxP
061102,CAJAMARCA,SAN MIGUEL,BOLÍVAR,33.0,335.0,147.0,25.0,11.0,0.0,47.0,13.0,65.0,598.0,0.0,5.0,3863.0,12.0,37.0,843.0,174.0,11.0,44.0,39.0,9.0,73.0,41.0,6.0,58.0,15.0,55.0,14.0,4.0,5.0,215.0,118.0,131.0,16.0,83.0,64.0,41.0,11.0,7261,1439,559,0.4545,4.6137,2.0245,0.3443,0.1515,0.0,0.6473,0.179,0.8952,8.2358,0.0,0.0689,53.202,0.1653,0.5096,11.61,2.3964,0.1515,0.606,0.5371,0.1239,1.0054,0.5647,0.0826,0.7988,0.2066,0.7575,0.1928,0.0551,0.0689,2.961,1.6251,1.8042,0.2204,1.1431,0.8814,0.5647,0.1515,JxP
061103,CAJAMARCA,SAN MIGUEL,CALQUIS,44.0,255.0,80.0,20.0,8.0,0.0,34.0,18.0,45.0,972.0,0.0,13.0,4331.0,6.0,90.0,1107.0,110.0,16.0,41.0,23.0,5.0,74.0,41.0,4.0,119.0,13.0,76.0,18.0,3.0,2.0,226.0,82.0,163.0,9.0,66.0,33.0,45.0,13.0,8205,1735,567,0.5363,3.1079,0.975,0.2438,0.0975,0.0,0.4144,0.2194,0.5484,11.8464,0.0,0.1584,52.7849,0.0731,1.0969,13.4918,1.3406,0.195,0.4997,0.2803,0.0609,0.9019,0.4997,0.0488,1.4503,0.1584,0.9263,0.2194,0.0366,0.0244,2.7544,0.9994,1.9866,0.1097,0.8044,0.4022,0.5484,0.1584,JxP
061104,CAJAMARCA,SAN MIGUEL,CATILLUC,67.0,141.0,44.0,2.0,2.0,0.0,11.0,8.0,15.0,271.0,0.0,2.0,2005.0,4.0,36.0,381.0,62.0,2.0,22.0,23.0,6.0,32.0,15.0,0.0,27.0,7.0,41.0,13.0,5.0,4.0,105.0,60.0,67.0,7.0,36.0,33.0,39.0,4.0,3599,908,239,1.8616,3.9178,1.2226,0.0556,0.0556,0.0,0.3056,0.2223,0.4168,7.5299,0.0,0.0556,55.7099,0.1111,1.0003,10.5863,1.7227,0.0556,0.6113,0.6391,0.1667,0.8891,0.4168,0.0,0.7502,0.1945,1.1392,0.3612,0.1389,0.1111,2.9175,1.6671,1.8616,0.1945,1.0003,0.9169,1.0836,0.1111,JxP
061105,CAJAMARCA,SAN MIGUEL,EL PRADO,57.0,335.0,75.0,17.0,33.0,0.0,50.0,29.0,63.0,989.0,0.0,5.0,5108.0,10.0,57.0,921.0,270.0,13.0,60.0,39.0,10.0,63.0,54.0,4.0,85.0,17.0,67.0,17.0,4.0,10.0,641.0,165.0,132.0,14.0,115.0,104.0,41.0,15.0,9689,1970,694,0.5883,3.4575,0.7741,0.1755,0.3406,0.0,0.516,0.2993,0.6502,10.2075,0.0,0.0516,52.7196,0.1032,0.5883,9.5056,2.7867,0.1342,0.6193,0.4025,0.1032,0.6502,0.5573,0.0413,0.8773,0.1755,0.6915,0.1755,0.0413,0.1032,6.6157,1.703,1.3624,0.1445,1.1869,1.0734,0.4232,0.1548,JxP
061106,CAJAMARCA,SAN MIGUEL,LA FLORIDA,50.0,226.0,57.0,12.0,5.0,0.0,234.0,11.0,48.0,971.0,0.0,4.0,3672.0,9.0,19.0,813.0,112.0,18.0,33.0,29.0,13.0,73.0,31.0,3.0,86.0,6.0,97.0,4.0,3.0,2.0,150.0,104.0,180.0,16.0,67.0,29.0,37.0,5.0,7229,1395,487,0.6917,3.1263,0.7885,0.166,0.0692,0.0,3.237,0.1522,0.664,13.432,0.0,0.0553,50.7954,0.1245,0.2628,11.2464,1.5493,0.249,0.4565,0.4012,0.1798,1.0098,0.4288,0.0415,1.1897,0.083,1.3418,0.0553,0.0415,0.0277,2.075,1.4386,2.49,0.2213,0.9268,0.4012,0.5118,0.0692,JxP
061107,CAJAMARCA,SAN MIGUEL,LLAPA,58.0,183.0,57.0,7.0,11.0,0.0,31.0,15.0,22.0,417.0,0.0,3.0,5500.0,9.0,12.0,694.0,119.0,13.0,40.0,17.0,5.0,52.0,38.0,0.0,61.0,6.0,40.0,7.0,6.0,0.0,207.0,41.0,76.0,17.0,38.0,36.0,43.0,0.0,7881,1424,498,0.7359,2.322,0.7233,0.0888,0.1396,0.0,0.3934,0.1903,0.2792,5.2912,0.0,0.0381,69.7881,0.1142,0.1523,8.806,1.51,0.165,0.5075,0.2157,0.0634,0.6598,0.4822,0.0,0.774,0.0761,0.5075,0.0888,0.0761,0.0,2.6266,0.5202,0.9643,0.2157,0.4822,0.4568,0.5456,0.0,JxP
061201,CAJAMARCA,SAN PABLO,SAN PABLO,99.0,303.0,172.0,43.0,6.0,0.0,56.0,15.0,81.0,1351.0,0.0,4.0,3492.0,45.0,28.0,825.0,472.0,20.0,22.0,168.0,21.0,87.0,146.0,2.0,49.0,15.0,53.0,31.0,3.0,4.0,198.0,309.0,282.0,15.0,212.0,166.0,41.0,7.0,8843,1896,981,1.1195,3.4264,1.945,0.4863,0.0679,0.0,0.6333,0.1696,0.916,15.2776,0.0,0.0452,39.4889,0.5089,0.3166,9.3294,5.3376,0.2262,0.2488,1.8998,0.2375,0.9838,1.651,0.0226,0.5541,0.1696,0.5993,0.3506,0.0339,0.0452,2.2391,3.4943,3.189,0.1696,2.3974,1.8772,0.4636,0.0792,JxP
061202,CAJAMARCA,SAN PABLO,SAN BERNARDINO,10.0,40.0,26.0,6.0,0.0,0.0,8.0,2.0,12.0,196.0,0.0,1.0,313.0,27.0,7.0,75.0,49.0,5.0,8.0,4.0,1.0,13.0,13.0,1.0,9.0,2.0,1.0,3.0,2.0,0.0,18.0,51.0,29.0,2.0,14.0,64.0,8.0,8.0,1028,230,133,0.9728,3.8911,2.5292,0.5837,0.0,0.0,0.7782,0.1946,1.1673,19.0661,0.0,0.0973,30.4475,2.6265,0.6809,7.2957,4.7665,0.4864,0.7782,0.3891,0.0973,1.2646,1.2646,0.0973,0.8755,0.1946,0.0973,0.2918,0.1946,0.0,1.751,4.9611,2.821,0.1946,1.3619,6.2257,0.7782,0.7782,JxP
061203,CAJAMARCA,SAN PABLO,SAN LUIS,16.0,129.0,45.0,0.0,5.0,0.0,20.0,2.0,15.0,314.0,0.0,2.0,1207.0,5.0,11.0,256.0,34.0,6.0,6.0,11.0,3.0,20.0,9.0,2.0,115.0,10.0,36.0,7.0,3.0,1.0,71.0,35.0,50.0,8.0,22.0,52.0,11.0,1.0,2540,520,265,0.6299,5.0787,1.7717,0.0,0.1969,0.0,0.7874,0.0787,0.5906,12.3622,0.0,0.0787,47.5197,0.1969,0.4331,10.0787,1.3386,0.2362,0.2362,0.4331,0.1181,0.7874,0.3543,0.0787,4.5276,0.3937,1.4173,0.2756,0.1181,0.0394,2.7953,1.378,1.9685,0.315,0.8661,2.0472,0.4331,0.0394,JxP
061204,CAJAMARCA,SAN PABLO,TUMBADEN,7.0,21.0,29.0,3.0,3.0,0.0,4.0,8.0,6.0,304.0,0.0,3.0,593.0,4.0,7.0,127.0,25.0,1.0,2.0,5.0,1.0,11.0,10.0,0.0,39.0,0.0,12.0,6.0,1.0,1.0,32.0,30.0,24.0,8.0,7.0,20.0,12.0,6.0,1372,395,195,0.5102,1.5306,2.1137,0.2187,0.2187,0.0,0.2915,0.5831,0.4373,22.1574,0.0,0.2187,43.2216,0.2915,0.5102,9.2566,1.8222,0.0729,0.1458,0.3644,0.0729,0.8017,0.7289,0.0,2.8426,0.0,0.8746,0.4373,0.0729,0.0729,2.3324,2.1866,1.7493,0.5831,0.5102,1.4577,0.8746,0.4373,JxP
061205,Cajamarca,San Pablo,,23.0,50.0,11.0,5.0,0.0,0.0,4.0,5.0,9.0,245.0,0.0,1.0,548.0,4.0,3.0,178.0,46.0,4.0,4.0,8.0,1.0,13.0,10.0,2.0,16.0,5.0,16.0,0.0,1.0,0.0,28.0,49.0,36.0,0.0,11.0,36.0,13.0,2.0,1387,265,141,1.6583,3.6049,0.7931,0.3605,0.0,0.0,0.2884,0.3605,0.6489,17.664,0.0,0.0721,39.5097,0.2884,0.2163,12.8335,3.3165,0.2884,0.2884,0.5768,0.0721,0.9373,0.721,0.1442,1.1536,0.3605,1.1536,0.0,0.0721,0.0,2.0187,3.5328,2.5955,0.0,0.7931,2.5955,0.9373,0.1442,JxP
061206,Cajamarca,San Pablo,,32.0,44.0,118.0,3.0,3.0,0.0,7.0,7.0,22.0,624.0,0.0,2.0,2960.0,19.0,7.0,230.0,31.0,7.0,25.0,30.0,1.0,37.0,17.0,1.0,35.0,5.0,32.0,8.0,4.0,2.0,140.0,114.0,51.0,7.0,29.0,50.0,21.0,21.0,4746,1300,465,0.6743,0.9271,2.4863,0.0632,0.0632,0.0,0.1475,0.1475,0.4635,13.1479,0.0,0.0421,62.3683,0.4003,0.1475,4.8462,0.6532,0.1475,0.5268,0.6321,0.0211,0.7796,0.3582,0.0211,0.7375,0.1054,0.6743,0.1686,0.0843,0.0421,2.9499,2.402,1.0746,0.1475,0.611,1.0535,0.4425,0.4425,JxP
061207,Cajamarca,San Pablo,,13.0,26.0,28.0,1.0,1.0,0.0,10.0,4.0,9.0,360.0,0.0,1.0,414.0,4.0,4.0,99.0,35.0,6.0,3.0,9.0,2.0,14.0,10.0,1.0,6.0,1.0,22.0,6.0,0.0,0.0,51.0,38.0,24.0,1.0,19.0,10.0,5.0,2.0,1239,413,211,1.0492,2.0985,2.2599,0.0807,0.0807,0.0,0.8071,0.3228,0.7264,29.0557,0.0,0.0807,33.414,0.3228,0.3228,7.9903,2.8249,0.4843,0.2421,0.7264,0.1614,1.1299,0.8071,0.0807,0.4843,0.0807,1.7756,0.4843,0.0,0.0,4.1162,3.067,1.937,0.0807,1.5335,0.8071,0.4036,0.1614,JxP
061301,CAJAMARCA,SANTA CRUZ,SANTA CRUZ,39.0,115.0,107.0,10.0,12.0,0.0,17.0,7.0,32.0,737.0,0.0,6.0,3476.0,15.0,15.0,522.0,192.0,10.0,18.0,23.0,11.0,60.0,51.0,6.0,37.0,8.0,51.0,13.0,4.0,2.0,134.0,117.0,91.0,14.0,70.0,53.0,22.0,2.0,6099,1083,461,0.6394,1.8856,1.7544,0.164,0.1968,0.0,0.2787,0.1148,0.5247,12.0839,0.0,0.0984,56.9929,0.2459,0.2459,8.5588,3.1481,0.164,0.2951,0.3771,0.1804,0.9838,0.8362,0.0984,0.6067,0.1312,0.8362,0.2131,0.0656,0.0328,2.1971,1.9183,1.492,0.2295,1.1477,0.869,0.3607,0.0328,JxP
061302,CAJAMARCA,SANTA CRUZ,ANDABAMBA,14.0,34.0,31.0,2.0,0.0,0.0,5.0,2.0,10.0,255.0,0.0,1.0,1459.0,7.0,0.0,203.0,48.0,4.0,4.0,5.0,3.0,9.0,5.0,2.0,15.0,4.0,14.0,4.0,2.0,0.0,59.0,27.0,10.0,2.0,9.0,7.0,14.0,1.0,2271,396,115,0.6165,1.4971,1.365,0.0881,0.0,0.0,0.2202,0.0881,0.4403,11.2285,0.0,0.044,64.2448,0.3082,0.0,8.9388,2.1136,0.1761,0.1761,0.2202,0.1321,0.3963,0.2202,0.0881,0.6605,0.1761,0.6165,0.1761,0.0881,0.0,2.598,1.1889,0.4403,0.0881,0.3963,0.3082,0.6165,0.044,JxP
061303,CAJAMARCA,SANTA CRUZ,CATACHE,3.0,17.0,16.0,0.0,3.0,0.0,0.0,2.0,1.0,158.0,0.0,0.0,337.0,1.0,2.0,70.0,12.0,1.0,1.0,2.0,1.0,2.0,5.0,2.0,6.0,1.0,4.0,0.0,0.0,0.0,16.0,23.0,18.0,2.0,4.0,1.0,8.0,0.0,719,125,47,0.4172,2.3644,2.2253,0.0,0.4172,0.0,0.0,0.2782,0.1391,21.975,0.0,0.0,46.8707,0.1391,0.2782,9.7357,1.669,0.1391,0.1391,0.2782,0.1391,0.2782,0.6954,0.2782,0.8345,0.1391,0.5563,0.0,0.0,0.0,2.2253,3.1989,2.5035,0.2782,0.5563,0.1391,1.1127,0.0,JxP
061304,CAJAMARCA,SANTA CRUZ,CHANCAYBAÑOS,23.0,49.0,20.0,3.0,1.0,0.0,4.0,2.0,12.0,244.0,0.0,0.0,1114.0,6.0,14.0,292.0,36.0,0.0,8.0,2.0,1.0,13.0,14.0,1.0,7.0,1.0,13.0,0.0,1.0,1.0,69.0,32.0,50.0,5.0,17.0,5.0,4.0,1.0,2065,403,154,1.1138,2.3729,0.9685,0.1453,0.0484,0.0,0.1937,0.0969,0.5811,11.816,0.0,0.0,53.9467,0.2906,0.678,14.1404,1.7433,0.0,0.3874,0.0969,0.0484,0.6295,0.678,0.0484,0.339,0.0484,0.6295,0.0,0.0484,0.0484,3.3414,1.5496,2.4213,0.2421,0.8232,0.2421,0.1937,0.0484,JxP
070101,CALLAO,CALLAO,CALLAO,683.0,11555.0,364.0,1163.0,104.0,0.0,1811.0,64.0,2278.0,5858.0,0.0,175.0,3406.0,263.0,555.0,7028.0,11322.0,118.0,276.0,236.0,223.0,354.0,3941.0,50.0,422.0,178.0,893.0,491.0,120.0,52.0,542.0,3505.0,7127.0,54.0,2865.0,488.0,128.0,251.0,68943,5830,3673,0.9907,16.7602,0.528,1.6869,0.1508,0.0,2.6268,0.0928,3.3042,8.4969,0.0,0.2538,4.9403,0.3815,0.805,10.1939,16.4223,0.1712,0.4003,0.3423,0.3235,0.5135,5.7163,0.0725,0.6121,0.2582,1.2953,0.7122,0.1741,0.0754,0.7862,5.0839,10.3375,0.0783,4.1556,0.7078,0.1857,0.3641,AN
070102,CALLAO,CALLAO,BELLAVISTA,54.0,226.0,13.0,0.0,2.0,0.0,30.0,2.0,49.0,60.0,0.0,2.0,642.0,12.0,7.0,235.0,46.0,3.0,12.0,12.0,1.0,26.0,24.0,1.0,10.0,4.0,32.0,22.0,5.0,0.0,36.0,25.0,36.0,8.0,20.0,7.0,4.0,3.0,1671,399,176,3.2316,13.5248,0.778,0.0,0.1197,0.0,1.7953,0.1197,2.9324,3.5907,0.0,0.1197,38.4201,0.7181,0.4189,14.0634,2.7528,0.1795,0.7181,0.7181,0.0598,1.556,1.4363,0.0598,0.5984,0.2394,1.915,1.3166,0.2992,0.0,2.1544,1.4961,2.1544,0.4788,1.1969,0.4189,0.2394,0.1795,JxP
070103,CALLAO,CALLAO,CARMEN DE LA LEGUA REYNOSO,92.0,764.0,47.0,20.0,5.0,0.0,160.0,12.0,247.0,379.0,0.0,18.0,901.0,13.0,57.0,797.0,448.0,14.0,40.0,38.0,12.0,56.0,190.0,6.0,43.0,16.0,91.0,40.0,25.0,4.0,69.0,221.0,146.0,8.0,195.0,62.0,11.0,13.0,5260,755,307,1.749,14.5247,0.8935,0.3802,0.0951,0.0,3.0418,0.2281,4.6958,7.2053,0.0,0.3422,17.1293,0.2471,1.0837,15.1521,8.5171,0.2662,0.7605,0.7224,0.2281,1.0646,3.6122,0.1141,0.8175,0.3042,1.73,0.7605,0.4753,0.076,1.3118,4.2015,2.7757,0.1521,3.7072,1.1787,0.2091,0.2471,JxP
070104,CALLAO,CALLAO,LA PERLA,326.0,4670.0,160.0,207.0,30.0,0.0,851.0,19.0,1056.0,2282.0,0.0,40.0,3132.0,65.0,202.0,3552.0,3941.0,34.0,125.0,87.0,78.0,210.0,1243.0,9.0,190.0,61.0,378.0,143.0,65.0,18.0,210.0,1039.0,1930.0,38.0,1178.0,218.0,45.0,72.0,27904,2931,1433,1.1683,16.736,0.5734,0.7418,0.1075,0.0,3.0497,0.0681,3.7844,8.178,0.0,0.1433,11.2242,0.2329,0.7239,12.7294,14.1234,0.1218,0.448,0.3118,0.2795,0.7526,4.4546,0.0323,0.6809,0.2186,1.3546,0.5125,0.2329,0.0645,0.7526,3.7235,6.9166,0.1362,4.2216,0.7812,0.1613,0.258,AN
070105,CALLAO,CALLAO,LA PUNTA,670.0,9001.0,405.0,509.0,82.0,0.0,1638.0,45.0,2142.0,4526.0,0.0,101.0,4323.0,156.0,391.0,6914.0,8075.0,87.0,335.0,216.0,200.0,325.0,2848.0,40.0,371.0,127.0,806.0,295.0,125.0,38.0,386.0,2511.0,3456.0,65.0,2442.0,371.0,92.0,129.0,54243,4872,3058,1.2352,16.5938,0.7466,0.9384,0.1512,0.0,3.0197,0.083,3.9489,8.3439,0.0,0.1862,7.9697,0.2876,0.7208,12.7463,14.8867,0.1604,0.6176,0.3982,0.3687,0.5992,5.2504,0.0737,0.684,0.2341,1.4859,0.5438,0.2304,0.0701,0.7116,4.6292,6.3713,0.1198,4.502,0.684,0.1696,0.2378,AN
070106,CALLAO,CALLAO,VENTANILLA,636.0,8613.0,389.0,451.0,85.0,0.0,1495.0,56.0,2098.0,4639.0,0.0,127.0,4101.0,146.0,408.0,6512.0,7028.0,98.0,326.0,224.0,157.0,362.0,2431.0,26.0,446.0,126.0,719.0,421.0,139.0,44.0,559.0,2810.0,2804.0,49.0,2360.0,359.0,113.0,110.0,51467,5597,3336,1.2357,16.735,0.7558,0.8763,0.1652,0.0,2.9048,0.1088,4.0764,9.0135,0.0,0.2468,7.9682,0.2837,0.7927,12.6528,13.6554,0.1904,0.6334,0.4352,0.305,0.7034,4.7234,0.0505,0.8666,0.2448,1.397,0.818,0.2701,0.0855,1.0861,5.4598,5.4482,0.0952,4.5855,0.6975,0.2196,0.2137,AN
070107,CALLAO,CALLAO,MI PERÚ,54.0,577.0,22.0,15.0,3.0,0.0,103.0,3.0,148.0,258.0,0.0,5.0,874.0,9.0,25.0,750.0,344.0,4.0,36.0,20.0,6.0,34.0,104.0,1.0,47.0,8.0,78.0,18.0,7.0,4.0,32.0,132.0,115.0,5.0,177.0,25.0,8.0,6.0,4057,522,248,1.331,14.2223,0.5423,0.3697,0.0739,0.0,2.5388,0.0739,3.648,6.3594,0.0,0.1232,21.543,0.2218,0.6162,18.4866,8.4792,0.0986,0.8874,0.493,0.1479,0.8381,2.5635,0.0246,1.1585,0.1972,1.9226,0.4437,0.1725,0.0986,0.7888,3.2536,2.8346,0.1232,4.3628,0.6162,0.1972,0.1479,JxP
070108,Callao,Callao,,339.0,7432.0,187.0,1000.0,58.0,0.0,1173.0,32.0,1108.0,3914.0,0.0,75.0,1113.0,156.0,277.0,3476.0,8816.0,43.0,125.0,93.0,191.0,140.0,3080.0,20.0,231.0,108.0,386.0,206.0,76.0,24.0,210.0,2183.0,7328.0,24.0,1645.0,330.0,57.0,189.0,45845,2569,1864,0.7394,16.2111,0.4079,2.1813,0.1265,0.0,2.5586,0.0698,2.4168,8.5375,0.0,0.1636,2.4277,0.3403,0.6042,7.5821,19.23,0.0938,0.2727,0.2029,0.4166,0.3054,6.7183,0.0436,0.5039,0.2356,0.842,0.4493,0.1658,0.0524,0.4581,4.7617,15.9843,0.0524,3.5882,0.7198,0.1243,0.4123,PBG
070201,Callao,,,122.0,444.0,9.0,20.0,2.0,0.0,36.0,4.0,46.0,94.0,0.0,3.0,578.0,2.0,9.0,392.0,105.0,0.0,9.0,10.0,7.0,20.0,38.0,0.0,42.0,2.0,38.0,11.0,0.0,3.0,18.0,33.0,39.0,10.0,52.0,8.0,1.0,1.0,2208,486,251,5.5254,20.1087,0.4076,0.9058,0.0906,0.0,1.6304,0.1812,2.0833,4.2572,0.0,0.1359,26.1775,0.0906,0.4076,17.7536,4.7554,0.0,0.4076,0.4529,0.317,0.9058,1.721,0.0,1.9022,0.0906,1.721,0.4982,0.0,0.1359,0.8152,1.4946,1.7663,0.4529,2.3551,0.3623,0.0453,0.0453,JxP
070202,Callao,,,23.0,235.0,3.0,2.0,4.0,0.0,35.0,6.0,38.0,40.0,0.0,1.0,333.0,2.0,2.0,466.0,39.0,3.0,9.0,7.0,2.0,12.0,18.0,0.0,11.0,8.0,23.0,4.0,0.0,2.0,12.0,14.0,20.0,1.0,35.0,2.0,1.0,0.0,1413,182,80,1.6277,16.6313,0.2123,0.1415,0.2831,0.0,2.477,0.4246,2.6893,2.8309,0.0,0.0708,23.5669,0.1415,0.1415,32.9795,2.7601,0.2123,0.6369,0.4954,0.1415,0.8493,1.2739,0.0,0.7785,0.5662,1.6277,0.2831,0.0,0.1415,0.8493,0.9908,1.4154,0.0708,2.477,0.1415,0.0708,0.0,Obras
070203,Callao,,,51.0,150.0,6.0,5.0,0.0,0.0,17.0,7.0,40.0,61.0,0.0,2.0,330.0,1.0,1.0,184.0,72.0,2.0,7.0,9.0,0.0,10.0,12.0,1.0,6.0,4.0,19.0,8.0,1.0,0.0,21.0,32.0,21.0,4.0,23.0,8.0,1.0,1.0,1117,249,90,4.5658,13.4288,0.5372,0.4476,0.0,0.0,1.5219,0.6267,3.581,5.4611,0.0,0.1791,29.5434,0.0895,0.0895,16.4727,6.4458,0.1791,0.6267,0.8057,0.0,0.8953,1.0743,0.0895,0.5372,0.3581,1.701,0.7162,0.0895,0.0,1.88,2.8648,1.88,0.3581,2.0591,0.7162,0.0895,0.0895,JxP
070204,Callao,,,67.0,483.0,19.0,13.0,3.0,0.0,56.0,15.0,94.0,98.0,0.0,0.0,1323.0,4.0,8.0,931.0,137.0,10.0,37.0,26.0,7.0,31.0,41.0,3.0,43.0,9.0,54.0,12.0,9.0,2.0,49.0,32.0,54.0,9.0,73.0,19.0,9.0,4.0,3784,611,279,1.7706,12.7643,0.5021,0.3436,0.0793,0.0,1.4799,0.3964,2.4841,2.5899,0.0,0.0,34.963,0.1057,0.2114,24.6036,3.6205,0.2643,0.9778,0.6871,0.185,0.8192,1.0835,0.0793,1.1364,0.2378,1.4271,0.3171,0.2378,0.0529,1.2949,0.8457,1.4271,0.2378,1.9292,0.5021,0.2378,0.1057,JxP
070205,Callao,,,38.0,251.0,6.0,4.0,0.0,0.0,32.0,2.0,30.0,55.0,0.0,1.0,417.0,4.0,11.0,235.0,31.0,0.0,11.0,11.0,0.0,20.0,14.0,2.0,10.0,6.0,37.0,4.0,2.0,1.0,27.0,12.0,14.0,4.0,16.0,9.0,1.0,0.0,1318,279,109,2.8832,19.044,0.4552,0.3035,0.0,0.0,2.4279,0.1517,2.2762,4.173,0.0,0.0759,31.6388,0.3035,0.8346,17.83,2.352,0.0,0.8346,0.8346,0.0,1.5175,1.0622,0.1517,0.7587,0.4552,2.8073,0.3035,0.1517,0.0759,2.0486,0.9105,1.0622,0.3035,1.214,0.6829,0.0759,0.0,JxP
070206,Callao,,,30.0,197.0,5.0,4.0,1.0,0.0,50.0,5.0,41.0,68.0,0.0,1.0,574.0,5.0,3.0,423.0,36.0,2.0,18.0,10.0,1.0,13.0,23.0,1.0,6.0,4.0,23.0,6.0,3.0,1.0,26.0,43.0,14.0,3.0,30.0,5.0,4.0,1.0,1680,250,110,1.7857,11.7262,0.2976,0.2381,0.0595,0.0,2.9762,0.2976,2.4405,4.0476,0.0,0.0595,34.1667,0.2976,0.1786,25.1786,2.1429,0.119,1.0714,0.5952,0.0595,0.7738,1.369,0.0595,0.3571,0.2381,1.369,0.3571,0.1786,0.0595,1.5476,2.5595,0.8333,0.1786,1.7857,0.2976,0.2381,0.0595,JxP
070207,Callao,,,15.0,149.0,2.0,1.0,1.0,0.0,12.0,1.0,29.0,12.0,0.0,0.0,184.0,0.0,3.0,210.0,37.0,0.0,7.0,3.0,0.0,11.0,5.0,0.0,12.0,0.0,10.0,1.0,3.0,1.0,5.0,10.0,25.0,2.0,12.0,4.0,0.0,0.0,767,74,78,1.9557,19.4263,0.2608,0.1304,0.1304,0.0,1.5645,0.1304,3.781,1.5645,0.0,0.0,23.9896,0.0,0.3911,27.3794,4.824,0.0,0.9126,0.3911,0.0,1.4342,0.6519,0.0,1.5645,0.0,1.3038,0.1304,0.3911,0.1304,0.6519,1.3038,3.2595,0.2608,1.5645,0.5215,0.0,0.0,Obras
070301,Callao,,,217.0,2312.0,61.0,54.0,7.0,0.0,226.0,25.0,358.0,595.0,0.0,18.0,2170.0,28.0,43.0,1709.0,660.0,17.0,76.0,64.0,24.0,133.0,257.0,9.0,258.0,26.0,182.0,149.0,27.0,8.0,192.0,325.0,288.0,37.0,309.0,38.0,32.0,9.0,10943,1950,1077,1.983,21.1277,0.5574,0.4935,0.064,0.0,2.0652,0.2285,3.2715,5.4373,0.0,0.1645,19.83,0.2559,0.3929,15.6173,6.0313,0.1554,0.6945,0.5848,0.2193,1.2154,2.3485,0.0822,2.3577,0.2376,1.6632,1.3616,0.2467,0.0731,1.7545,2.9699,2.6318,0.3381,2.8237,0.3473,0.2924,0.0822,AN
070302,Callao,,,37.0,486.0,26.0,6.0,3.0,0.0,24.0,5.0,33.0,78.0,0.0,7.0,702.0,7.0,6.0,443.0,96.0,4.0,20.0,13.0,1.0,21.0,30.0,0.0,94.0,3.0,20.0,61.0,6.0,3.0,50.0,44.0,53.0,6.0,24.0,14.0,5.0,4.0,2435,594,288,1.5195,19.9589,1.0678,0.2464,0.1232,0.0,0.9856,0.2053,1.3552,3.2033,0.0,0.2875,28.8296,0.2875,0.2464,18.193,3.9425,0.1643,0.8214,0.5339,0.0411,0.8624,1.232,0.0,3.8604,0.1232,0.8214,2.5051,0.2464,0.1232,2.0534,1.807,2.1766,0.2464,0.9856,0.5749,0.2053,0.1643,JxP
070303,Callao,,,41.0,744.0,15.0,12.0,2.0,0.0,53.0,7.0,85.0,144.0,0.0,4.0,977.0,6.0,6.0,398.0,145.0,5.0,28.0,24.0,4.0,41.0,51.0,1.0,40.0,6.0,31.0,19.0,1.0,1.0,54.0,57.0,74.0,5.0,40.0,11.0,3.0,2.0,3137,795,289,1.307,23.7169,0.4782,0.3825,0.0638,0.0,1.6895,0.2231,2.7096,4.5904,0.0,0.1275,31.1444,0.1913,0.1913,12.6873,4.6223,0.1594,0.8926,0.7651,0.1275,1.307,1.6258,0.0319,1.2751,0.1913,0.9882,0.6057,0.0319,0.0319,1.7214,1.817,2.3589,0.1594,1.2751,0.3507,0.0956,0.0638,JxP
070304,Callao,,,66.0,528.0,39.0,25.0,2.0,0.0,46.0,9.0,80.0,341.0,0.0,5.0,1256.0,24.0,11.0,669.0,153.0,12.0,30.0,24.0,18.0,49.0,76.0,4.0,77.0,12.0,81.0,28.0,9.0,2.0,101.0,102.0,146.0,20.0,60.0,14.0,5.0,19.0,4143,1160,488,1.593,12.7444,0.9413,0.6034,0.0483,0.0,1.1103,0.2172,1.931,8.2308,0.0,0.1207,30.3162,0.5793,0.2655,16.1477,3.693,0.2896,0.7241,0.5793,0.4345,1.1827,1.8344,0.0965,1.8586,0.2896,1.9551,0.6758,0.2172,0.0483,2.4378,2.462,3.524,0.4827,1.4482,0.3379,0.1207,0.4586,JxP
070305,Callao,,,15.0,319.0,9.0,14.0,2.0,0.0,32.0,6.0,31.0,247.0,0.0,2.0,331.0,3.0,1.0,249.0,130.0,5.0,18.0,15.0,4.0,19.0,28.0,0.0,26.0,5.0,27.0,8.0,9.0,2.0,76.0,19.0,93.0,3.0,24.0,35.0,5.0,0.0,1812,381,186,0.8278,17.6049,0.4967,0.7726,0.1104,0.0,1.766,0.3311,1.7108,13.6313,0.0,0.1104,18.2671,0.1656,0.0552,13.7417,7.1744,0.2759,0.9934,0.8278,0.2208,1.0486,1.5453,0.0,1.4349,0.2759,1.4901,0.4415,0.4967,0.1104,4.1943,1.0486,5.1325,0.1656,1.3245,1.9316,0.2759,0.0,JxP
070306,Callao,,,26.0,537.0,26.0,8.0,3.0,0.0,62.0,4.0,73.0,145.0,0.0,4.0,432.0,6.0,9.0,377.0,154.0,4.0,19.0,11.0,9.0,26.0,44.0,0.0,24.0,5.0,17.0,34.0,2.0,2.0,34.0,52.0,64.0,2.0,39.0,3.0,4.0,1.0,2262,414,247,1.1494,23.7401,1.1494,0.3537,0.1326,0.0,2.7409,0.1768,3.2272,6.4103,0.0,0.1768,19.0981,0.2653,0.3979,16.6667,6.8081,0.1768,0.84,0.4863,0.3979,1.1494,1.9452,0.0,1.061,0.221,0.7515,1.5031,0.0884,0.0884,1.5031,2.2989,2.8294,0.0884,1.7241,0.1326,0.1768,0.0442,AN
070307,Callao,,,63.0,458.0,14.0,15.0,2.0,0.0,50.0,8.0,38.0,149.0,0.0,2.0,441.0,9.0,7.0,393.0,143.0,11.0,37.0,10.0,5.0,26.0,42.0,1.0,122.0,6.0,30.0,18.0,10.0,1.0,32.0,48.0,56.0,10.0,43.0,14.0,5.0,6.0,2325,401,217,2.7097,19.6989,0.6022,0.6452,0.086,0.0,2.1505,0.3441,1.6344,6.4086,0.0,0.086,18.9677,0.3871,0.3011,16.9032,6.1505,0.4731,1.5914,0.4301,0.2151,1.1183,1.8065,0.043,5.2473,0.2581,1.2903,0.7742,0.4301,0.043,1.3763,2.0645,2.4086,0.4301,1.8495,0.6022,0.2151,0.2581,AN
070308,Callao,,,30.0,350.0,12.0,13.0,2.0,0.0,51.0,2.0,60.0,166.0,0.0,3.0,171.0,3.0,7.0,243.0,323.0,5.0,9.0,8.0,3.0,10.0,45.0,0.0,19.0,2.0,14.0,8.0,6.0,2.0,13.0,64.0,78.0,2.0,49.0,6.0,2.0,3.0,1784,221,105,1.6816,19.6188,0.6726,0.7287,0.1121,0.0,2.8587,0.1121,3.3632,9.3049,0.0,0.1682,9.5852,0.1682,0.3924,13.6211,18.1054,0.2803,0.5045,0.4484,0.1682,0.5605,2.5224,0.0,1.065,0.1121,0.7848,0.4484,0.3363,0.1121,0.7287,3.5874,4.3722,0.1121,2.7466,0.3363,0.1121,0.1682,AN
070309,Callao,,,77.0,585.0,20.0,5.0,2.0,0.0,44.0,20.0,80.0,190.0,0.0,3.0,1230.0,54.0,7.0,613.0,109.0,11.0,19.0,19.0,3.0,36.0,35.0,5.0,89.0,15.0,41.0,73.0,10.0,5.0,75.0,62.0,59.0,15.0,68.0,16.0,5.0,1.0,3701,983,375,2.0805,15.8065,0.5404,0.1351,0.054,0.0,1.1889,0.5404,2.1616,5.1337,0.0,0.0811,33.2343,1.4591,0.1891,16.5631,2.9451,0.2972,0.5134,0.5134,0.0811,0.9727,0.9457,0.1351,2.4048,0.4053,1.1078,1.9724,0.2702,0.1351,2.0265,1.6752,1.5942,0.4053,1.8373,0.4323,0.1351,0.027,JxP
070401,Callao,,,147.0,2247.0,52.0,75.0,9.0,0.0,261.0,21.0,255.0,609.0,0.0,8.0,2759.0,37.0,38.0,1739.0,968.0,12.0,86.0,68.0,24.0,104.0,295.0,5.0,61.0,33.0,158.0,44.0,65.0,11.0,102.0,282.0,499.0,25.0,323.0,56.0,8.0,21.0,11507,1692,972,1.2775,19.5272,0.4519,0.6518,0.0782,0.0,2.2682,0.1825,2.216,5.2924,0.0,0.0695,23.9767,0.3215,0.3302,15.1125,8.4123,0.1043,0.7474,0.5909,0.2086,0.9038,2.5637,0.0435,0.5301,0.2868,1.3731,0.3824,0.5649,0.0956,0.8864,2.4507,4.3365,0.2173,2.807,0.4867,0.0695,0.1825,JxP
070402,Callao,,,30.0,356.0,12.0,5.0,2.0,0.0,70.0,4.0,71.0,116.0,0.0,5.0,602.0,1.0,6.0,338.0,135.0,5.0,6.0,22.0,6.0,18.0,30.0,2.0,8.0,2.0,16.0,11.0,3.0,1.0,22.0,42.0,85.0,9.0,55.0,16.0,5.0,2.0,2119,356,196,1.4158,16.8004,0.5663,0.236,0.0944,0.0,3.3034,0.1888,3.3506,5.4743,0.0,0.236,28.4096,0.0472,0.2832,15.9509,6.3709,0.236,0.2832,1.0382,0.2832,0.8495,1.4158,0.0944,0.3775,0.0944,0.7551,0.5191,0.1416,0.0472,1.0382,1.9821,4.0113,0.4247,2.5956,0.7551,0.236,0.0944,JxP
070403,Callao,,,32.0,467.0,51.0,4.0,1.0,0.0,67.0,8.0,58.0,120.0,0.0,3.0,939.0,7.0,7.0,691.0,153.0,1.0,30.0,17.0,5.0,30.0,43.0,3.0,18.0,3.0,42.0,11.0,7.0,4.0,26.0,47.0,73.0,9.0,45.0,16.0,0.0,5.0,3043,558,344,1.0516,15.3467,1.676,0.1314,0.0329,0.0,2.2018,0.2629,1.906,3.9435,0.0,0.0986,30.8577,0.23,0.23,22.7079,5.0279,0.0329,0.9859,0.5587,0.1643,0.9859,1.4131,0.0986,0.5915,0.0986,1.3802,0.3615,0.23,0.1314,0.8544,1.5445,2.3989,0.2958,1.4788,0.5258,0.0,0.1643,JxP
070404,Callao,,,54.0,343.0,5.0,14.0,3.0,0.0,68.0,9.0,50.0,76.0,0.0,3.0,1281.0,30.0,1.0,431.0,56.0,5.0,34.0,22.0,8.0,50.0,28.0,1.0,15.0,7.0,38.0,14.0,5.0,2.0,63.0,21.0,29.0,16.0,31.0,20.0,2.0,2.0,2837,846,389,1.9034,12.0902,0.1762,0.4935,0.1057,0.0,2.3969,0.3172,1.7624,2.6789,0.0,0.1057,45.1533,1.0575,0.0352,15.1921,1.9739,0.1762,1.1984,0.7755,0.282,1.7624,0.987,0.0352,0.5287,0.2467,1.3394,0.4935,0.1762,0.0705,2.2207,0.7402,1.0222,0.564,1.0927,0.705,0.0705,0.0705,JxP
070405,Callao,,,86.0,733.0,31.0,18.0,3.0,0.0,109.0,14.0,202.0,312.0,0.0,4.0,1449.0,11.0,19.0,1014.0,323.0,5.0,43.0,39.0,5.0,51.0,103.0,3.0,43.0,10.0,86.0,21.0,31.0,5.0,70.0,134.0,185.0,10.0,126.0,44.0,10.0,6.0,5358,1060,693,1.6051,13.6805,0.5786,0.3359,0.056,0.0,2.0343,0.2613,3.7701,5.8231,0.0,0.0747,27.0437,0.2053,0.3546,18.925,6.0284,0.0933,0.8025,0.7279,0.0933,0.9518,1.9224,0.056,0.8025,0.1866,1.6051,0.3919,0.5786,0.0933,1.3065,2.5009,3.4528,0.1866,2.3516,0.8212,0.1866,0.112,JxP
070406,Callao,,,32.0,305.0,41.0,23.0,6.0,0.0,52.0,8.0,107.0,224.0,0.0,9.0,1147.0,5.0,11.0,616.0,121.0,3.0,37.0,13.0,2.0,20.0,38.0,4.0,9.0,8.0,48.0,15.0,11.0,5.0,37.0,53.0,56.0,10.0,48.0,55.0,2.0,7.0,3188,636,340,1.0038,9.5671,1.2861,0.7215,0.1882,0.0,1.6311,0.2509,3.3563,7.0263,0.0,0.2823,35.9787,0.1568,0.345,19.3225,3.7955,0.0941,1.1606,0.4078,0.0627,0.6274,1.192,0.1255,0.2823,0.2509,1.5056,0.4705,0.345,0.1568,1.1606,1.6625,1.7566,0.3137,1.5056,1.7252,0.0627,0.2196,JxP
070407,Callao,,,44.0,360.0,20.0,7.0,1.0,0.0,58.0,11.0,82.0,204.0,0.0,11.0,804.0,5.0,4.0,533.0,121.0,7.0,12.0,16.0,6.0,25.0,34.0,1.0,9.0,5.0,39.0,12.0,24.0,3.0,33.0,57.0,62.0,8.0,54.0,23.0,2.0,2.0,2699,395,179,1.6302,13.3383,0.741,0.2594,0.0371,0.0,2.1489,0.4076,3.0382,7.5584,0.0,0.4076,29.7888,0.1853,0.1482,19.7481,4.4831,0.2594,0.4446,0.5928,0.2223,0.9263,1.2597,0.0371,0.3335,0.1853,1.445,0.4446,0.8892,0.1112,1.2227,2.1119,2.2971,0.2964,2.0007,0.8522,0.0741,0.0741,JxP
070408,Callao,,,113.0,474.0,10.0,8.0,6.0,0.0,62.0,16.0,87.0,183.0,0.0,4.0,1408.0,38.0,8.0,560.0,91.0,5.0,40.0,22.0,2.0,33.0,48.0,0.0,25.0,7.0,40.0,23.0,17.0,6.0,47.0,38.0,39.0,13.0,60.0,11.0,7.0,2.0,3553,835,306,3.1804,13.3408,0.2815,0.2252,0.1689,0.0,1.745,0.4503,2.4486,5.1506,0.0,0.1126,39.6285,1.0695,0.2252,15.7613,2.5612,0.1407,1.1258,0.6192,0.0563,0.9288,1.351,0.0,0.7036,0.197,1.1258,0.6473,0.4785,0.1689,1.3228,1.0695,1.0977,0.3659,1.6887,0.3096,0.197,0.0563,JxP
070501,Callao,,,94.0,534.0,24.0,17.0,2.0,0.0,419.0,11.0,108.0,77.0,0.0,5.0,1414.0,3.0,14.0,896.0,132.0,5.0,50.0,29.0,2.0,48.0,64.0,4.0,28.0,4.0,76.0,11.0,3.0,1.0,64.0,48.0,47.0,17.0,89.0,7.0,6.0,4.0,4357,578,365,2.1574,12.2561,0.5508,0.3902,0.0459,0.0,9.6167,0.2525,2.4788,1.7673,0.0,0.1148,32.4535,0.0689,0.3213,20.5646,3.0296,0.1148,1.1476,0.6656,0.0459,1.1017,1.4689,0.0918,0.6426,0.0918,1.7443,0.2525,0.0689,0.023,1.4689,1.1017,1.0787,0.3902,2.0427,0.1607,0.1377,0.0918,JxP
070502,Callao,,,50.0,278.0,6.0,6.0,3.0,0.0,61.0,6.0,53.0,35.0,0.0,3.0,1258.0,4.0,6.0,539.0,50.0,3.0,33.0,12.0,2.0,22.0,10.0,0.0,9.0,5.0,17.0,6.0,14.0,4.0,50.0,4.0,22.0,7.0,30.0,9.0,0.0,1.0,2618,384,233,1.9099,10.6188,0.2292,0.2292,0.1146,0.0,2.33,0.2292,2.0244,1.3369,0.0,0.1146,48.0519,0.1528,0.2292,20.5882,1.9099,0.1146,1.2605,0.4584,0.0764,0.8403,0.382,0.0,0.3438,0.191,0.6494,0.2292,0.5348,0.1528,1.9099,0.1528,0.8403,0.2674,1.1459,0.3438,0.0,0.0382,JxP
070503,Callao,,,66.0,263.0,5.0,8.0,0.0,0.0,79.0,8.0,68.0,63.0,0.0,2.0,1213.0,6.0,9.0,630.0,78.0,3.0,19.0,11.0,3.0,23.0,19.0,0.0,10.0,3.0,31.0,4.0,8.0,1.0,52.0,13.0,34.0,4.0,41.0,3.0,0.0,1.0,2781,318,218,2.3732,9.457,0.1798,0.2877,0.0,0.0,2.8407,0.2877,2.4452,2.2654,0.0,0.0719,43.6174,0.2157,0.3236,22.6537,2.8047,0.1079,0.6832,0.3955,0.1079,0.827,0.6832,0.0,0.3596,0.1079,1.1147,0.1438,0.2877,0.036,1.8698,0.4675,1.2226,0.1438,1.4743,0.1079,0.0,0.036,JxP
070504,Callao,,,31.0,236.0,3.0,2.0,1.0,0.0,84.0,0.0,42.0,35.0,0.0,1.0,541.0,3.0,7.0,273.0,57.0,0.0,17.0,9.0,1.0,10.0,14.0,1.0,11.0,1.0,52.0,7.0,4.0,2.0,20.0,16.0,25.0,2.0,32.0,2.0,1.0,1.0,1544,195,118,2.0078,15.285,0.1943,0.1295,0.0648,0.0,5.4404,0.0,2.7202,2.2668,0.0,0.0648,35.0389,0.1943,0.4534,17.6813,3.6917,0.0,1.101,0.5829,0.0648,0.6477,0.9067,0.0648,0.7124,0.0648,3.3679,0.4534,0.2591,0.1295,1.2953,1.0363,1.6192,0.1295,2.0725,0.1295,0.0648,0.0648,JxP
070505,Callao,,,67.0,252.0,3.0,4.0,3.0,0.0,77.0,3.0,90.0,56.0,0.0,2.0,1275.0,7.0,10.0,644.0,83.0,4.0,31.0,22.0,2.0,33.0,17.0,1.0,15.0,3.0,50.0,14.0,2.0,0.0,65.0,22.0,23.0,11.0,47.0,5.0,2.0,1.0,2946,378,248,2.2743,8.554,0.1018,0.1358,0.1018,0.0,2.6137,0.1018,3.055,1.9009,0.0,0.0679,43.279,0.2376,0.3394,21.8601,2.8174,0.1358,1.0523,0.7468,0.0679,1.1202,0.5771,0.0339,0.5092,0.1018,1.6972,0.4752,0.0679,0.0,2.2064,0.7468,0.7807,0.3734,1.5954,0.1697,0.0679,0.0339,JxP
070506,Callao,,,56.0,196.0,3.0,3.0,1.0,0.0,57.0,0.0,35.0,27.0,0.0,0.0,232.0,2.0,4.0,252.0,37.0,0.0,10.0,3.0,0.0,9.0,10.0,1.0,9.0,3.0,17.0,0.0,2.0,0.0,13.0,8.0,13.0,1.0,11.0,1.0,0.0,0.0,1016,152,85,5.5118,19.2913,0.2953,0.2953,0.0984,0.0,5.6102,0.0,3.4449,2.6575,0.0,0.0,22.8346,0.1969,0.3937,24.8031,3.6417,0.0,0.9843,0.2953,0.0,0.8858,0.9843,0.0984,0.8858,0.2953,1.6732,0.0,0.1969,0.0,1.2795,0.7874,1.2795,0.0984,1.0827,0.0984,0.0,0.0,Obras
070507,Callao,,,41.0,121.0,6.0,4.0,1.0,0.0,87.0,4.0,17.0,19.0,0.0,0.0,569.0,1.0,0.0,307.0,31.0,3.0,11.0,6.0,3.0,13.0,8.0,1.0,9.0,3.0,23.0,2.0,3.0,1.0,25.0,2.0,6.0,6.0,10.0,25.0,1.0,0.0,1369,245,115,2.9949,8.8386,0.4383,0.2922,0.073,0.0,6.355,0.2922,1.2418,1.3879,0.0,0.0,41.5632,0.073,0.0,22.4251,2.2644,0.2191,0.8035,0.4383,0.2191,0.9496,0.5844,0.073,0.6574,0.2191,1.6801,0.1461,0.2191,0.073,1.8262,0.1461,0.4383,0.4383,0.7305,1.8262,0.073,0.0,JxP
070508,Callao,,,32.0,152.0,3.0,2.0,0.0,0.0,66.0,5.0,31.0,23.0,0.0,2.0,660.0,27.0,2.0,237.0,27.0,3.0,26.0,3.0,1.0,16.0,7.0,1.0,12.0,5.0,14.0,3.0,1.0,1.0,21.0,14.0,8.0,8.0,22.0,2.0,4.0,0.0,1441,225,100,2.2207,10.5482,0.2082,0.1388,0.0,0.0,4.5802,0.347,2.1513,1.5961,0.0,0.1388,45.8015,1.8737,0.1388,16.4469,1.8737,0.2082,1.8043,0.2082,0.0694,1.1103,0.4858,0.0694,0.8328,0.347,0.9715,0.2082,0.0694,0.0694,1.4573,0.9715,0.5552,0.5552,1.5267,0.1388,0.2776,0.0,JxP
070601,Callao,,,616.0,4850.0,92.0,140.0,29.0,0.0,1053.0,44.0,1321.0,984.0,0.0,51.0,6666.0,61.0,164.0,6175.0,3178.0,75.0,272.0,184.0,49.0,306.0,857.0,24.0,190.0,77.0,480.0,120.0,56.0,28.0,403.0,607.0,789.0,39.0,1161.0,112.0,42.0,36.0,31331,3364,1480,1.9661,15.4799,0.2936,0.4468,0.0926,0.0,3.3609,0.1404,4.2163,3.1407,0.0,0.1628,21.2761,0.1947,0.5234,19.7089,10.1433,0.2394,0.8681,0.5873,0.1564,0.9767,2.7353,0.0766,0.6064,0.2458,1.532,0.383,0.1787,0.0894,1.2863,1.9374,2.5183,0.1245,3.7056,0.3575,0.1341,0.1149,JxP
070602,Callao,,,52.0,359.0,10.0,5.0,7.0,0.0,57.0,6.0,58.0,76.0,0.0,4.0,836.0,15.0,14.0,558.0,120.0,7.0,26.0,21.0,3.0,36.0,47.0,1.0,22.0,7.0,36.0,10.0,3.0,0.0,50.0,33.0,41.0,10.0,67.0,4.0,3.0,0.0,2604,389,267,1.9969,13.7865,0.384,0.192,0.2688,0.0,2.1889,0.2304,2.2273,2.9186,0.0,0.1536,32.1045,0.576,0.5376,21.4286,4.6083,0.2688,0.9985,0.8065,0.1152,1.3825,1.8049,0.0384,0.8449,0.2688,1.3825,0.384,0.1152,0.0,1.9201,1.2673,1.5745,0.384,2.573,0.1536,0.1152,0.0,JxP
070603,Callao,,,50.0,418.0,11.0,11.0,1.0,0.0,44.0,6.0,69.0,63.0,0.0,6.0,938.0,4.0,7.0,633.0,118.0,3.0,21.0,16.0,1.0,30.0,24.0,3.0,18.0,9.0,40.0,9.0,5.0,0.0,46.0,23.0,30.0,9.0,57.0,18.0,1.0,6.0,2748,401,190,1.8195,15.2111,0.4003,0.4003,0.0364,0.0,1.6012,0.2183,2.5109,2.2926,0.0,0.2183,34.1339,0.1456,0.2547,23.0349,4.294,0.1092,0.7642,0.5822,0.0364,1.0917,0.8734,0.1092,0.655,0.3275,1.4556,0.3275,0.182,0.0,1.6739,0.837,1.0917,0.3275,2.0742,0.655,0.0364,0.2183,JxP
070604,Callao,,,125.0,737.0,18.0,13.0,4.0,0.0,200.0,17.0,241.0,119.0,0.0,8.0,1747.0,18.0,19.0,1367.0,297.0,8.0,67.0,26.0,6.0,118.0,79.0,2.0,22.0,16.0,78.0,29.0,9.0,4.0,113.0,66.0,68.0,14.0,149.0,9.0,9.0,5.0,5827,791,459,2.1452,12.648,0.3089,0.2231,0.0686,0.0,3.4323,0.2917,4.1359,2.0422,0.0,0.1373,29.9811,0.3089,0.3261,23.4598,5.097,0.1373,1.1498,0.4462,0.103,2.0251,1.3558,0.0343,0.3776,0.2746,1.3386,0.4977,0.1545,0.0686,1.9392,1.1327,1.167,0.2403,2.5571,0.1545,0.1545,0.0858,JxP
070605,Callao,,,53.0,272.0,5.0,3.0,1.0,0.0,44.0,13.0,129.0,88.0,0.0,3.0,1631.0,10.0,13.0,667.0,132.0,10.0,47.0,26.0,4.0,60.0,29.0,0.0,37.0,6.0,47.0,19.0,5.0,4.0,71.0,20.0,40.0,9.0,44.0,14.0,1.0,4.0,3561,658,271,1.4883,7.6383,0.1404,0.0842,0.0281,0.0,1.2356,0.3651,3.6226,2.4712,0.0,0.0842,45.8017,0.2808,0.3651,18.7307,3.7068,0.2808,1.3199,0.7301,0.1123,1.6849,0.8144,0.0,1.039,0.1685,1.3199,0.5336,0.1404,0.1123,1.9938,0.5616,1.1233,0.2527,1.2356,0.3931,0.0281,0.1123,JxP
070606,Callao,,,57.0,357.0,12.0,8.0,4.0,0.0,59.0,1.0,111.0,73.0,0.0,3.0,976.0,5.0,10.0,648.0,151.0,9.0,47.0,17.0,1.0,28.0,37.0,4.0,30.0,7.0,35.0,9.0,2.0,2.0,44.0,28.0,43.0,5.0,40.0,15.0,7.0,2.0,2887,384,167,1.9744,12.3658,0.4157,0.2771,0.1386,0.0,2.0436,0.0346,3.8448,2.5286,0.0,0.1039,33.8067,0.1732,0.3464,22.4454,5.2303,0.3117,1.628,0.5888,0.0346,0.9699,1.2816,0.1386,1.0391,0.2425,1.2123,0.3117,0.0693,0.0693,1.5241,0.9699,1.4894,0.1732,1.3855,0.5196,0.2425,0.0693,JxP
070607,Callao,,,43.0,350.0,8.0,4.0,0.0,0.0,44.0,6.0,60.0,55.0,0.0,3.0,460.0,2.0,3.0,484.0,103.0,4.0,24.0,12.0,1.0,32.0,30.0,1.0,6.0,7.0,28.0,6.0,0.0,2.0,26.0,30.0,26.0,0.0,49.0,3.0,9.0,2.0,1923,172,115,2.2361,18.2007,0.416,0.208,0.0,0.0,2.2881,0.312,3.1201,2.8601,0.0,0.156,23.921,0.104,0.156,25.169,5.3562,0.208,1.248,0.624,0.052,1.6641,1.5601,0.052,0.312,0.364,1.4561,0.312,0.0,0.104,1.3521,1.5601,1.3521,0.0,2.5481,0.156,0.468,0.104,Obras
070608,Callao,,,54.0,521.0,7.0,5.0,5.0,0.0,69.0,8.0,89.0,81.0,0.0,3.0,1091.0,19.0,15.0,619.0,163.0,6.0,38.0,10.0,0.0,52.0,38.0,3.0,23.0,7.0,38.0,13.0,2.0,2.0,44.0,30.0,31.0,12.0,64.0,3.0,2.0,2.0,3169,352,161,1.704,16.4405,0.2209,0.1578,0.1578,0.0,2.1773,0.2524,2.8085,2.556,0.0,0.0947,34.4273,0.5996,0.4733,19.533,5.1436,0.1893,1.1991,0.3156,0.0,1.6409,1.1991,0.0947,0.7258,0.2209,1.1991,0.4102,0.0631,0.0631,1.3885,0.9467,0.9782,0.3787,2.0196,0.0947,0.0631,0.0631,JxP
070701,Callao,,,634.0,641.0,14.0,27.0,4.0,0.0,113.0,21.0,203.0,106.0,0.0,4.0,3920.0,24.0,13.0,1394.0,315.0,7.0,93.0,24.0,6.0,180.0,66.0,0.0,65.0,11.0,83.0,29.0,12.0,2.0,156.0,68.0,67.0,44.0,128.0,22.0,7.0,5.0,8508,1869,855,7.4518,7.5341,0.1646,0.3173,0.047,0.0,1.3282,0.2468,2.386,1.2459,0.0,0.047,46.0743,0.2821,0.1528,16.3846,3.7024,0.0823,1.0931,0.2821,0.0705,2.1157,0.7757,0.0,0.764,0.1293,0.9756,0.3409,0.141,0.0235,1.8336,0.7992,0.7875,0.5172,1.5045,0.2586,0.0823,0.0588,JxP
070702,Callao,,,148.0,214.0,3.0,10.0,2.0,0.0,21.0,6.0,52.0,61.0,0.0,0.0,779.0,66.0,2.0,379.0,80.0,4.0,7.0,17.0,2.0,144.0,19.0,1.0,11.0,3.0,22.0,8.0,11.0,0.0,28.0,18.0,34.0,44.0,12.0,4.0,0.0,1.0,2213,577,270,6.6878,9.6701,0.1356,0.4519,0.0904,0.0,0.9489,0.2711,2.3498,2.7564,0.0,0.0,35.2011,2.9824,0.0904,17.1261,3.615,0.1808,0.3163,0.7682,0.0904,6.507,0.8586,0.0452,0.4971,0.1356,0.9941,0.3615,0.4971,0.0,1.2653,0.8134,1.5364,1.9883,0.5423,0.1808,0.0,0.0452,JxP
070703,Callao,,,346.0,235.0,8.0,7.0,0.0,0.0,31.0,3.0,111.0,104.0,0.0,3.0,2984.0,13.0,4.0,655.0,100.0,7.0,40.0,24.0,2.0,69.0,40.0,1.0,36.0,11.0,64.0,23.0,8.0,2.0,99.0,26.0,32.0,17.0,58.0,11.0,4.0,2.0,5180,1010,362,6.6795,4.5367,0.1544,0.1351,0.0,0.0,0.5985,0.0579,2.1429,2.0077,0.0,0.0579,57.6062,0.251,0.0772,12.6448,1.9305,0.1351,0.7722,0.4633,0.0386,1.332,0.7722,0.0193,0.695,0.2124,1.2355,0.444,0.1544,0.0386,1.9112,0.5019,0.6178,0.3282,1.1197,0.2124,0.0772,0.0386,JxP
070704,Callao,,,302.0,314.0,5.0,10.0,2.0,0.0,57.0,7.0,61.0,42.0,0.0,2.0,1414.0,9.0,0.0,667.0,82.0,8.0,44.0,10.0,2.0,82.0,18.0,1.0,20.0,5.0,38.0,13.0,3.0,3.0,60.0,18.0,51.0,13.0,33.0,9.0,2.0,2.0,3409,615,342,8.8589,9.2109,0.1467,0.2933,0.0587,0.0,1.672,0.2053,1.7894,1.232,0.0,0.0587,41.4784,0.264,0.0,19.5659,2.4054,0.2347,1.2907,0.2933,0.0587,2.4054,0.528,0.0293,0.5867,0.1467,1.1147,0.3813,0.088,0.088,1.76,0.528,1.496,0.3813,0.968,0.264,0.0587,0.0587,JxP
070705,Callao,,,693.0,478.0,14.0,11.0,5.0,0.0,76.0,10.0,164.0,76.0,0.0,6.0,1914.0,13.0,7.0,1110.0,155.0,7.0,32.0,16.0,3.0,41.0,22.0,5.0,56.0,9.0,65.0,21.0,6.0,2.0,151.0,22.0,32.0,11.0,56.0,9.0,6.0,6.0,5310,1306,557,13.0508,9.0019,0.2637,0.2072,0.0942,0.0,1.4313,0.1883,3.0885,1.4313,0.0,0.113,36.0452,0.2448,0.1318,20.904,2.919,0.1318,0.6026,0.3013,0.0565,0.7721,0.4143,0.0942,1.0546,0.1695,1.2241,0.3955,0.113,0.0377,2.8437,0.4143,0.6026,0.2072,1.0546,0.1695,0.113,0.113,JxP
070706,Callao,,,205.0,126.0,4.0,1.0,0.0,0.0,32.0,8.0,78.0,28.0,0.0,2.0,1718.0,6.0,4.0,443.0,54.0,7.0,15.0,9.0,3.0,43.0,14.0,0.0,35.0,2.0,32.0,6.0,5.0,1.0,50.0,8.0,13.0,16.0,27.0,9.0,1.0,2.0,3007,497,283,6.8174,4.1902,0.133,0.0333,0.0,0.0,1.0642,0.266,2.5939,0.9312,0.0,0.0665,57.1334,0.1995,0.133,14.7323,1.7958,0.2328,0.4988,0.2993,0.0998,1.43,0.4656,0.0,1.164,0.0665,1.0642,0.1995,0.1663,0.0333,1.6628,0.266,0.4323,0.5321,0.8979,0.2993,0.0333,0.0665,JxP
070707,Callao,,,274.0,79.0,1.0,2.0,0.0,0.0,8.0,3.0,31.0,39.0,0.0,1.0,898.0,1.0,1.0,335.0,18.0,4.0,13.0,5.0,1.0,26.0,3.0,0.0,15.0,3.0,23.0,9.0,1.0,3.0,30.0,7.0,8.0,13.0,10.0,4.0,0.0,1.0,1870,407,187,14.6524,4.2246,0.0535,0.107,0.0,0.0,0.4278,0.1604,1.6578,2.0856,0.0,0.0535,48.0214,0.0535,0.0535,17.9144,0.9626,0.2139,0.6952,0.2674,0.0535,1.3904,0.1604,0.0,0.8021,0.1604,1.2299,0.4813,0.0535,0.1604,1.6043,0.3743,0.4278,0.6952,0.5348,0.2139,0.0,0.0535,JxP
070708,Callao,,,355.0,290.0,2.0,12.0,2.0,0.0,30.0,13.0,80.0,71.0,0.0,6.0,1690.0,15.0,5.0,843.0,121.0,6.0,39.0,21.0,1.0,52.0,20.0,1.0,87.0,5.0,19.0,12.0,4.0,5.0,81.0,17.0,40.0,10.0,27.0,7.0,4.0,4.0,3997,656,322,8.8817,7.2554,0.05,0.3002,0.05,0.0,0.7506,0.3252,2.0015,1.7763,0.0,0.1501,42.2817,0.3753,0.1251,21.0908,3.0273,0.1501,0.9757,0.5254,0.025,1.301,0.5004,0.025,2.1766,0.1251,0.4754,0.3002,0.1001,0.1251,2.0265,0.4253,1.0008,0.2502,0.6755,0.1751,0.1001,0.1001,JxP
070801,Callao,,,340.0,1902.0,51.0,91.0,20.0,0.0,420.0,37.0,918.0,626.0,0.0,23.0,4022.0,47.0,105.0,4266.0,1607.0,15.0,202.0,54.0,25.0,142.0,444.0,2.0,103.0,29.0,297.0,89.0,8.0,11.0,186.0,332.0,411.0,20.0,821.0,45.0,23.0,12.0,17746,2113,972,1.9159,10.7179,0.2874,0.5128,0.1127,0.0,2.3667,0.2085,5.173,3.5276,0.0,0.1296,22.6643,0.2648,0.5917,24.0392,9.0556,0.0845,1.1383,0.3043,0.1409,0.8002,2.502,0.0113,0.5804,0.1634,1.6736,0.5015,0.0451,0.062,1.0481,1.8708,2.316,0.1127,4.6264,0.2536,0.1296,0.0676,Obras
070802,Callao,,,20.0,40.0,3.0,1.0,0.0,0.0,26.0,5.0,26.0,23.0,0.0,2.0,181.0,1.0,4.0,194.0,42.0,2.0,14.0,1.0,2.0,10.0,14.0,0.0,3.0,2.0,7.0,6.0,2.0,1.0,8.0,5.0,6.0,1.0,22.0,1.0,2.0,4.0,681,79,66,2.9369,5.8737,0.4405,0.1468,0.0,0.0,3.8179,0.7342,3.8179,3.3774,0.0,0.2937,26.5786,0.1468,0.5874,28.4875,6.1674,0.2937,2.0558,0.1468,0.2937,1.4684,2.0558,0.0,0.4405,0.2937,1.0279,0.8811,0.2937,0.1468,1.1747,0.7342,0.8811,0.1468,3.2305,0.1468,0.2937,0.5874,Obras
070803,Callao,,,227.0,561.0,31.0,17.0,7.0,0.0,100.0,29.0,308.0,191.0,0.0,11.0,3409.0,29.0,25.0,2330.0,328.0,10.0,94.0,49.0,8.0,76.0,89.0,7.0,56.0,12.0,128.0,35.0,10.0,11.0,146.0,60.0,110.0,20.0,202.0,27.0,11.0,4.0,8768,1443,541,2.589,6.3983,0.3536,0.1939,0.0798,0.0,1.1405,0.3307,3.5128,2.1784,0.0,0.1255,38.88,0.3307,0.2851,26.5739,3.7409,0.1141,1.0721,0.5589,0.0912,0.8668,1.0151,0.0798,0.6387,0.1369,1.4599,0.3992,0.1141,0.1255,1.6651,0.6843,1.2546,0.2281,2.3038,0.3079,0.1255,0.0456,JxP
070804,Callao,,,38.0,67.0,7.0,1.0,2.0,0.0,28.0,5.0,30.0,24.0,0.0,2.0,358.0,4.0,7.0,256.0,54.0,1.0,9.0,5.0,2.0,16.0,3.0,0.0,7.0,2.0,9.0,5.0,1.0,0.0,16.0,11.0,24.0,5.0,18.0,3.0,3.0,1.0,1024,162,78,3.7109,6.543,0.6836,0.0977,0.1953,0.0,2.7344,0.4883,2.9297,2.3438,0.0,0.1953,34.9609,0.3906,0.6836,25.0,5.2734,0.0977,0.8789,0.4883,0.1953,1.5625,0.293,0.0,0.6836,0.1953,0.8789,0.4883,0.0977,0.0,1.5625,1.0742,2.3438,0.4883,1.7578,0.293,0.293,0.0977,JxP
070805,Callao,,,79.0,286.0,9.0,9.0,0.0,0.0,55.0,9.0,164.0,100.0,0.0,3.0,1446.0,5.0,16.0,1158.0,201.0,3.0,54.0,21.0,3.0,45.0,33.0,0.0,10.0,8.0,59.0,22.0,1.0,5.0,53.0,35.0,78.0,6.0,102.0,12.0,4.0,3.0,4097,630,337,1.9282,6.9807,0.2197,0.2197,0.0,0.0,1.3424,0.2197,4.0029,2.4408,0.0,0.0732,35.2941,0.122,0.3905,28.2646,4.906,0.0732,1.318,0.5126,0.0732,1.0984,0.8055,0.0,0.2441,0.1953,1.4401,0.537,0.0244,0.122,1.2936,0.8543,1.9038,0.1464,2.4896,0.2929,0.0976,0.0732,JxP
070806,Callao,,,55.0,209.0,14.0,12.0,1.0,0.0,43.0,5.0,82.0,71.0,0.0,2.0,1080.0,9.0,6.0,707.0,94.0,3.0,27.0,13.0,2.0,58.0,29.0,1.0,9.0,7.0,49.0,6.0,2.0,1.0,31.0,24.0,30.0,8.0,61.0,9.0,3.0,1.0,2764,397,235,1.9899,7.5615,0.5065,0.4342,0.0362,0.0,1.5557,0.1809,2.9667,2.5687,0.0,0.0724,39.0738,0.3256,0.2171,25.5789,3.4009,0.1085,0.9768,0.4703,0.0724,2.0984,1.0492,0.0362,0.3256,0.2533,1.7728,0.2171,0.0724,0.0362,1.1216,0.8683,1.0854,0.2894,2.2069,0.3256,0.1085,0.0362,JxP
070807,Callao,,,44.0,79.0,8.0,2.0,3.0,0.0,27.0,7.0,50.0,25.0,0.0,0.0,602.0,2.0,5.0,373.0,36.0,4.0,32.0,9.0,0.0,18.0,16.0,0.0,13.0,4.0,22.0,3.0,1.0,4.0,22.0,24.0,18.0,7.0,37.0,7.0,2.0,0.0,1506,301,123,2.9216,5.2457,0.5312,0.1328,0.1992,0.0,1.7928,0.4648,3.3201,1.66,0.0,0.0,39.9734,0.1328,0.332,24.7676,2.3904,0.2656,2.1248,0.5976,0.0,1.1952,1.0624,0.0,0.8632,0.2656,1.4608,0.1992,0.0664,0.2656,1.4608,1.5936,1.1952,0.4648,2.4568,0.4648,0.1328,0.0,JxP
070808,Callao,,,78.0,125.0,14.0,4.0,1.0,0.0,29.0,8.0,77.0,45.0,0.0,0.0,720.0,8.0,7.0,484.0,80.0,1.0,20.0,7.0,5.0,31.0,15.0,1.0,8.0,4.0,20.0,10.0,2.0,2.0,19.0,18.0,24.0,4.0,37.0,5.0,1.0,1.0,1915,273,136,4.0731,6.5274,0.7311,0.2089,0.0522,0.0,1.5144,0.4178,4.0209,2.3499,0.0,0.0,37.5979,0.4178,0.3655,25.2742,4.1775,0.0522,1.0444,0.3655,0.2611,1.6188,0.7833,0.0522,0.4178,0.2089,1.0444,0.5222,0.1044,0.1044,0.9922,0.9399,1.2533,0.2089,1.9321,0.2611,0.0522,0.0522,JxP
070901,Callao,,,283.0,3653.0,119.0,206.0,13.0,0.0,678.0,25.0,429.0,1715.0,0.0,20.0,3405.0,43.0,112.0,2551.0,1107.0,21.0,111.0,85.0,38.0,175.0,521.0,12.0,194.0,66.0,212.0,129.0,58.0,14.0,257.0,725.0,1015.0,14.0,622.0,128.0,38.0,26.0,18820,2749,1104,1.5037,19.4102,0.6323,1.0946,0.0691,0.0,3.6026,0.1328,2.2795,9.1126,0.0,0.1063,18.0925,0.2285,0.5951,13.5547,5.882,0.1116,0.5898,0.4516,0.2019,0.9299,2.7683,0.0638,1.0308,0.3507,1.1265,0.6854,0.3082,0.0744,1.3656,3.8523,5.3932,0.0744,3.305,0.6801,0.2019,0.1382,AN
070902,Callao,,,195.0,1987.0,76.0,45.0,11.0,0.0,308.0,38.0,205.0,1016.0,0.0,15.0,3961.0,9.0,24.0,1833.0,319.0,26.0,129.0,77.0,29.0,161.0,164.0,4.0,88.0,31.0,165.0,84.0,35.0,7.0,161.0,251.0,336.0,26.0,201.0,70.0,20.0,10.0,12117,2427,899,1.6093,16.3984,0.6272,0.3714,0.0908,0.0,2.5419,0.3136,1.6918,8.3849,0.0,0.1238,32.6896,0.0743,0.1981,15.1275,2.6327,0.2146,1.0646,0.6355,0.2393,1.3287,1.3535,0.033,0.7263,0.2558,1.3617,0.6932,0.2889,0.0578,1.3287,2.0715,2.773,0.2146,1.6588,0.5777,0.1651,0.0825,JxP
070903,Callao,,,78.0,537.0,17.0,21.0,3.0,0.0,117.0,2.0,62.0,267.0,0.0,7.0,577.0,0.0,8.0,410.0,139.0,15.0,22.0,21.0,4.0,35.0,60.0,1.0,27.0,3.0,37.0,15.0,4.0,3.0,37.0,59.0,134.0,2.0,40.0,25.0,12.0,1.0,2802,528,217,2.7837,19.1649,0.6067,0.7495,0.1071,0.0,4.1756,0.0714,2.2127,9.5289,0.0,0.2498,20.5924,0.0,0.2855,14.6324,4.9607,0.5353,0.7852,0.7495,0.1428,1.2491,2.1413,0.0357,0.9636,0.1071,1.3205,0.5353,0.1428,0.1071,1.3205,2.1056,4.7823,0.0714,1.4276,0.8922,0.4283,0.0357,JxP
070904,Callao,,,72.0,740.0,26.0,17.0,2.0,0.0,180.0,4.0,67.0,280.0,0.0,4.0,727.0,6.0,12.0,564.0,125.0,4.0,20.0,33.0,8.0,51.0,56.0,2.0,23.0,9.0,22.0,43.0,32.0,4.0,45.0,85.0,101.0,6.0,84.0,31.0,9.0,5.0,3499,524,213,2.0577,21.1489,0.7431,0.4859,0.0572,0.0,5.1443,0.1143,1.9148,8.0023,0.0,0.1143,20.7774,0.1715,0.343,16.1189,3.5724,0.1143,0.5716,0.9431,0.2286,1.4576,1.6005,0.0572,0.6573,0.2572,0.6288,1.2289,0.9145,0.1143,1.2861,2.4293,2.8865,0.1715,2.4007,0.886,0.2572,0.1429,AN
070905,Callao,,,40.0,221.0,40.0,6.0,1.0,0.0,50.0,11.0,35.0,79.0,0.0,0.0,900.0,0.0,1.0,325.0,99.0,5.0,24.0,16.0,3.0,28.0,19.0,0.0,6.0,5.0,45.0,6.0,23.0,0.0,32.0,17.0,41.0,11.0,17.0,9.0,0.0,1.0,2116,368,127,1.8904,10.4442,1.8904,0.2836,0.0473,0.0,2.3629,0.5198,1.6541,3.7335,0.0,0.0,42.5331,0.0,0.0473,15.3592,4.6786,0.2363,1.1342,0.7561,0.1418,1.3233,0.8979,0.0,0.2836,0.2363,2.1267,0.2836,1.087,0.0,1.5123,0.8034,1.9376,0.5198,0.8034,0.4253,0.0,0.0473,JxP
070906,Callao,,,49.0,675.0,20.0,8.0,2.0,0.0,60.0,7.0,68.0,304.0,0.0,2.0,985.0,9.0,5.0,539.0,134.0,12.0,40.0,37.0,7.0,36.0,59.0,1.0,23.0,10.0,74.0,35.0,17.0,1.0,48.0,58.0,69.0,4.0,68.0,43.0,8.0,6.0,3523,634,273,1.3909,19.1598,0.5677,0.2271,0.0568,0.0,1.7031,0.1987,1.9302,8.629,0.0,0.0568,27.9591,0.2555,0.1419,15.2995,3.8036,0.3406,1.1354,1.0502,0.1987,1.0219,1.6747,0.0284,0.6529,0.2838,2.1005,0.9935,0.4825,0.0284,1.3625,1.6463,1.9586,0.1135,1.9302,1.2206,0.2271,0.1703,JxP
070907,Callao,,,63.0,585.0,42.0,9.0,4.0,0.0,93.0,15.0,44.0,166.0,0.0,8.0,1640.0,5.0,14.0,768.0,104.0,6.0,22.0,25.0,1.0,44.0,26.0,2.0,21.0,6.0,60.0,29.0,11.0,5.0,58.0,39.0,47.0,17.0,31.0,8.0,2.0,4.0,4024,767,286,1.5656,14.5378,1.0437,0.2237,0.0994,0.0,2.3111,0.3728,1.0934,4.1252,0.0,0.1988,40.7555,0.1243,0.3479,19.0855,2.5845,0.1491,0.5467,0.6213,0.0249,1.0934,0.6461,0.0497,0.5219,0.1491,1.4911,0.7207,0.2734,0.1243,1.4414,0.9692,1.168,0.4225,0.7704,0.1988,0.0497,0.0994,JxP
070908,Callao,,,129.0,626.0,35.0,15.0,6.0,0.0,122.0,22.0,73.0,447.0,0.0,1.0,2199.0,6.0,17.0,1001.0,149.0,8.0,56.0,45.0,8.0,57.0,57.0,4.0,28.0,16.0,42.0,28.0,64.0,1.0,68.0,91.0,93.0,13.0,73.0,16.0,6.0,6.0,5628,1216,460,2.2921,11.123,0.6219,0.2665,0.1066,0.0,2.1677,0.3909,1.2971,7.9424,0.0,0.0178,39.0725,0.1066,0.3021,17.7861,2.6475,0.1421,0.995,0.7996,0.1421,1.0128,1.0128,0.0711,0.4975,0.2843,0.7463,0.4975,1.1372,0.0178,1.2082,1.6169,1.6525,0.231,1.2971,0.2843,0.1066,0.1066,JxP
070909,Callao,,,71.0,718.0,32.0,12.0,7.0,0.0,105.0,13.0,101.0,623.0,0.0,4.0,2479.0,10.0,10.0,1565.0,159.0,12.0,108.0,21.0,12.0,73.0,43.0,1.0,27.0,14.0,68.0,100.0,18.0,2.0,66.0,79.0,149.0,13.0,77.0,15.0,8.0,4.0,6819,1264,491,1.0412,10.5294,0.4693,0.176,0.1027,0.0,1.5398,0.1906,1.4812,9.1362,0.0,0.0587,36.3543,0.1466,0.1466,22.9506,2.3317,0.176,1.5838,0.308,0.176,1.0705,0.6306,0.0147,0.396,0.2053,0.9972,1.4665,0.264,0.0293,0.9679,1.1585,2.1851,0.1906,1.1292,0.22,0.1173,0.0587,JxP
070910,Callao,,,80.0,1030.0,56.0,11.0,6.0,0.0,183.0,21.0,241.0,886.0,0.0,9.0,5361.0,13.0,18.0,3212.0,315.0,26.0,313.0,46.0,20.0,72.0,98.0,2.0,50.0,15.0,140.0,104.0,8.0,1.0,108.0,186.0,182.0,12.0,176.0,37.0,20.0,14.0,13072,2265,685,0.612,7.8794,0.4284,0.0841,0.0459,0.0,1.3999,0.1606,1.8436,6.7778,0.0,0.0688,41.0113,0.0994,0.1377,24.5716,2.4097,0.1989,2.3944,0.3519,0.153,0.5508,0.7497,0.0153,0.3825,0.1147,1.071,0.7956,0.0612,0.0076,0.8262,1.4229,1.3923,0.0918,1.3464,0.283,0.153,0.1071,JxP
070911,Callao,,,23.0,39.0,9.0,1.0,1.0,0.0,10.0,2.0,12.0,78.0,0.0,1.0,1025.0,1.0,1.0,299.0,18.0,0.0,109.0,17.0,3.0,21.0,4.0,1.0,4.0,3.0,17.0,10.0,5.0,0.0,29.0,8.0,14.0,5.0,6.0,11.0,1.0,0.0,1788,394,112,1.2864,2.1812,0.5034,0.0559,0.0559,0.0,0.5593,0.1119,0.6711,4.3624,0.0,0.0559,57.3266,0.0559,0.0559,16.7226,1.0067,0.0,6.0962,0.9508,0.1678,1.1745,0.2237,0.0559,0.2237,0.1678,0.9508,0.5593,0.2796,0.0,1.6219,0.4474,0.783,0.2796,0.3356,0.6152,0.0559,0.0,JxP
070912,Callao,,,4.0,115.0,35.0,0.0,0.0,0.0,8.0,1.0,3.0,89.0,0.0,0.0,480.0,0.0,3.0,183.0,14.0,0.0,18.0,2.0,0.0,31.0,6.0,0.0,3.0,0.0,11.0,10.0,6.0,1.0,7.0,8.0,15.0,2.0,7.0,0.0,2.0,1.0,1065,229,99,0.3756,10.7981,3.2864,0.0,0.0,0.0,0.7512,0.0939,0.2817,8.3568,0.0,0.0,45.0704,0.0,0.2817,17.1831,1.3146,0.0,1.6901,0.1878,0.0,2.9108,0.5634,0.0,0.2817,0.0,1.0329,0.939,0.5634,0.0939,0.6573,0.7512,1.4085,0.1878,0.6573,0.0,0.1878,0.0939,JxP
070913,Callao,,,7.0,253.0,19.0,0.0,1.0,0.0,23.0,2.0,10.0,88.0,0.0,0.0,386.0,1.0,0.0,236.0,20.0,1.0,28.0,6.0,0.0,9.0,4.0,1.0,0.0,1.0,14.0,8.0,0.0,0.0,22.0,6.0,63.0,2.0,6.0,7.0,2.0,0.0,1226,244,115,0.571,20.6362,1.5498,0.0,0.0816,0.0,1.876,0.1631,0.8157,7.1778,0.0,0.0,31.4845,0.0816,0.0,19.2496,1.6313,0.0816,2.2838,0.4894,0.0,0.7341,0.3263,0.0816,0.0,0.0816,1.1419,0.6525,0.0,0.0,1.7945,0.4894,5.1387,0.1631,0.4894,0.571,0.1631,0.0,JxP
070915,Callao,,,98.0,685.0,36.0,1.0,1.0,0.0,31.0,8.0,24.0,341.0,0.0,4.0,964.0,9.0,0.0,231.0,22.0,13.0,26.0,41.0,9.0,78.0,18.0,2.0,29.0,8.0,59.0,14.0,8.0,5.0,77.0,40.0,29.0,10.0,16.0,31.0,5.0,1.0,2974,1297,302,3.2952,23.033,1.2105,0.0336,0.0336,0.0,1.0424,0.269,0.807,11.466,0.0,0.1345,32.4143,0.3026,0.0,7.7673,0.7397,0.4371,0.8742,1.3786,0.3026,2.6227,0.6052,0.0672,0.9751,0.269,1.9839,0.4707,0.269,0.1681,2.5891,1.345,0.9751,0.3362,0.538,1.0424,0.1681,0.0336,JxP
070916,Callao,,,105.0,301.0,11.0,2.0,2.0,0.0,36.0,8.0,19.0,138.0,0.0,0.0,1194.0,2.0,3.0,280.0,34.0,5.0,41.0,16.0,4.0,34.0,11.0,1.0,21.0,9.0,28.0,19.0,10.0,3.0,38.0,29.0,39.0,6.0,18.0,3.0,1.0,1.0,2472,654,240,4.2476,12.1764,0.445,0.0809,0.0809,0.0,1.4563,0.3236,0.7686,5.5825,0.0,0.0,48.301,0.0809,0.1214,11.3269,1.3754,0.2023,1.6586,0.6472,0.1618,1.3754,0.445,0.0405,0.8495,0.3641,1.1327,0.7686,0.4045,0.1214,1.5372,1.1731,1.5777,0.2427,0.7282,0.1214,0.0405,0.0405,JxP
070917,Callao,,,4.0,122.0,3.0,1.0,3.0,0.0,17.0,2.0,15.0,89.0,0.0,1.0,344.0,0.0,1.0,284.0,11.0,3.0,25.0,3.0,0.0,3.0,5.0,0.0,5.0,0.0,13.0,12.0,0.0,1.0,8.0,6.0,14.0,0.0,6.0,151.0,0.0,1.0,1153,203,124,0.3469,10.5811,0.2602,0.0867,0.2602,0.0,1.4744,0.1735,1.301,7.719,0.0,0.0867,29.8352,0.0,0.0867,24.6314,0.954,0.2602,2.1683,0.2602,0.0,0.2602,0.4337,0.0,0.4337,0.0,1.1275,1.0408,0.0,0.0867,0.6938,0.5204,1.2142,0.0,0.5204,13.0963,0.0,0.0867,JxP
070918,Callao,,,14.0,227.0,6.0,3.0,1.0,0.0,21.0,4.0,17.0,84.0,0.0,1.0,542.0,1.0,1.0,410.0,16.0,2.0,58.0,3.0,0.0,5.0,8.0,0.0,6.0,6.0,16.0,67.0,0.0,0.0,10.0,18.0,28.0,3.0,11.0,38.0,2.0,2.0,1631,368,215,0.8584,13.9178,0.3679,0.1839,0.0613,0.0,1.2876,0.2452,1.0423,5.1502,0.0,0.0613,33.2311,0.0613,0.0613,25.138,0.981,0.1226,3.5561,0.1839,0.0,0.3066,0.4905,0.0,0.3679,0.3679,0.981,4.1079,0.0,0.0,0.6131,1.1036,1.7167,0.1839,0.6744,2.3299,0.1226,0.1226,JxP
070919,Callao,,,23.0,167.0,24.0,0.0,0.0,0.0,60.0,1.0,46.0,127.0,0.0,8.0,1494.0,4.0,2.0,455.0,37.0,7.0,76.0,4.0,5.0,16.0,7.0,1.0,7.0,2.0,17.0,5.0,6.0,0.0,36.0,24.0,19.0,2.0,21.0,9.0,6.0,1.0,2719,505,143,0.8459,6.142,0.8827,0.0,0.0,0.0,2.2067,0.0368,1.6918,4.6708,0.0,0.2942,54.9467,0.1471,0.0736,16.7341,1.3608,0.2574,2.7951,0.1471,0.1839,0.5885,0.2574,0.0368,0.2574,0.0736,0.6252,0.1839,0.2207,0.0,1.324,0.8827,0.6988,0.0736,0.7723,0.331,0.2207,0.0368,JxP
071001,Callao,,,61.0,447.0,10.0,17.0,0.0,0.0,55.0,2.0,55.0,100.0,0.0,3.0,412.0,2.0,3.0,298.0,73.0,1.0,7.0,11.0,2.0,16.0,34.0,0.0,7.0,6.0,26.0,11.0,4.0,5.0,16.0,31.0,43.0,3.0,32.0,34.0,5.0,3.0,1835,279,159,3.3243,24.3597,0.545,0.9264,0.0,0.0,2.9973,0.109,2.9973,5.4496,0.0,0.1635,22.4523,0.109,0.1635,16.2398,3.9782,0.0545,0.3815,0.5995,0.109,0.8719,1.8529,0.0,0.3815,0.327,1.4169,0.5995,0.218,0.2725,0.8719,1.6894,2.3433,0.1635,1.7439,1.8529,0.2725,0.1635,AN
071002,Callao,,,130.0,272.0,1.0,7.0,3.0,0.0,18.0,1.0,29.0,58.0,0.0,1.0,444.0,3.0,5.0,215.0,54.0,4.0,28.0,6.0,1.0,21.0,20.0,0.0,4.0,4.0,15.0,14.0,0.0,2.0,16.0,26.0,53.0,5.0,25.0,47.0,1.0,1.0,1534,434,154,8.4746,17.7314,0.0652,0.4563,0.1956,0.0,1.1734,0.0652,1.8905,3.781,0.0,0.0652,28.9439,0.1956,0.3259,14.0156,3.5202,0.2608,1.8253,0.3911,0.0652,1.369,1.3038,0.0,0.2608,0.2608,0.9778,0.9126,0.0,0.1304,1.043,1.6949,3.455,0.3259,1.6297,3.0639,0.0652,0.0652,JxP
071003,Callao,,,27.0,424.0,8.0,8.0,1.0,0.0,13.0,2.0,28.0,64.0,0.0,2.0,352.0,1.0,2.0,153.0,18.0,1.0,14.0,6.0,0.0,26.0,8.0,0.0,14.0,2.0,21.0,8.0,4.0,2.0,20.0,20.0,15.0,8.0,9.0,12.0,2.0,0.0,1295,549,208,2.0849,32.7413,0.6178,0.6178,0.0772,0.0,1.0039,0.1544,2.1622,4.9421,0.0,0.1544,27.1815,0.0772,0.1544,11.8147,1.39,0.0772,1.0811,0.4633,0.0,2.0077,0.6178,0.0,1.0811,0.1544,1.6216,0.6178,0.3089,0.1544,1.5444,1.5444,1.1583,0.6178,0.695,0.9266,0.1544,0.0,AN
071004,Callao,,,49.0,221.0,0.0,7.0,1.0,0.0,10.0,2.0,14.0,52.0,0.0,0.0,85.0,1.0,2.0,50.0,16.0,0.0,1.0,2.0,2.0,6.0,5.0,0.0,2.0,2.0,6.0,5.0,0.0,1.0,9.0,9.0,9.0,3.0,4.0,13.0,2.0,1.0,592,139,51,8.277,37.3311,0.0,1.1824,0.1689,0.0,1.6892,0.3378,2.3649,8.7838,0.0,0.0,14.3581,0.1689,0.3378,8.4459,2.7027,0.0,0.1689,0.3378,0.3378,1.0135,0.8446,0.0,0.3378,0.3378,1.0135,0.8446,0.0,0.1689,1.5203,1.5203,1.5203,0.5068,0.6757,2.1959,0.3378,0.1689,AN
071005,Callao,,,48.0,321.0,21.0,9.0,2.0,0.0,38.0,7.0,65.0,106.0,0.0,2.0,1015.0,11.0,9.0,706.0,90.0,8.0,8.0,31.0,6.0,45.0,26.0,2.0,12.0,11.0,49.0,32.0,11.0,1.0,55.0,35.0,47.0,10.0,18.0,21.0,2.0,1.0,2881,717,279,1.6661,11.142,0.7289,0.3124,0.0694,0.0,1.319,0.243,2.2562,3.6793,0.0,0.0694,35.2308,0.3818,0.3124,24.5054,3.1239,0.2777,0.2777,1.076,0.2083,1.562,0.9025,0.0694,0.4165,0.3818,1.7008,1.1107,0.3818,0.0347,1.9091,1.2149,1.6314,0.3471,0.6248,0.7289,0.0694,0.0347,JxP
071006,Callao,,,88.0,269.0,7.0,0.0,1.0,0.0,12.0,15.0,27.0,39.0,0.0,2.0,955.0,4.0,0.0,242.0,19.0,6.0,15.0,20.0,0.0,17.0,4.0,1.0,11.0,3.0,19.0,22.0,3.0,1.0,40.0,13.0,19.0,12.0,10.0,24.0,3.0,3.0,1926,725,237,4.5691,13.9668,0.3634,0.0,0.0519,0.0,0.6231,0.7788,1.4019,2.0249,0.0,0.1038,49.5846,0.2077,0.0,12.5649,0.9865,0.3115,0.7788,1.0384,0.0,0.8827,0.2077,0.0519,0.5711,0.1558,0.9865,1.1423,0.1558,0.0519,2.0768,0.675,0.9865,0.6231,0.5192,1.2461,0.1558,0.1558,JxP
071007,Callao,,,47.0,375.0,4.0,5.0,2.0,0.0,34.0,5.0,61.0,60.0,0.0,5.0,621.0,2.0,7.0,294.0,76.0,1.0,19.0,6.0,3.0,8.0,18.0,0.0,7.0,1.0,26.0,18.0,3.0,1.0,27.0,27.0,40.0,8.0,18.0,6.0,7.0,0.0,1842,334,175,2.5516,20.3583,0.2172,0.2714,0.1086,0.0,1.8458,0.2714,3.3116,3.2573,0.0,0.2714,33.7134,0.1086,0.38,15.9609,4.126,0.0543,1.0315,0.3257,0.1629,0.4343,0.9772,0.0,0.38,0.0543,1.4115,0.9772,0.1629,0.0543,1.4658,1.4658,2.1716,0.4343,0.9772,0.3257,0.38,0.0,JxP
071008,Callao,,,26.0,224.0,11.0,4.0,7.0,0.0,39.0,7.0,24.0,72.0,0.0,1.0,334.0,5.0,6.0,137.0,50.0,4.0,7.0,9.0,1.0,16.0,19.0,0.0,6.0,2.0,15.0,8.0,7.0,1.0,21.0,17.0,15.0,3.0,17.0,11.0,1.0,2.0,1129,300,170,2.3029,19.8406,0.9743,0.3543,0.62,0.0,3.4544,0.62,2.1258,6.3773,0.0,0.0886,29.5837,0.4429,0.5314,12.1346,4.4287,0.3543,0.62,0.7972,0.0886,1.4172,1.6829,0.0,0.5314,0.1771,1.3286,0.7086,0.62,0.0886,1.8601,1.5058,1.3286,0.2657,1.5058,0.9743,0.0886,0.1771,JxP
071009,Callao,,,28.0,136.0,2.0,2.0,0.0,0.0,16.0,4.0,10.0,99.0,0.0,1.0,135.0,0.0,0.0,98.0,23.0,2.0,2.0,5.0,1.0,4.0,6.0,1.0,3.0,1.0,17.0,6.0,3.0,1.0,9.0,21.0,25.0,6.0,5.0,3.0,1.0,2.0,678,127,48,4.1298,20.059,0.295,0.295,0.0,0.0,2.3599,0.59,1.4749,14.6018,0.0,0.1475,19.9115,0.0,0.0,14.4543,3.3923,0.295,0.295,0.7375,0.1475,0.59,0.885,0.1475,0.4425,0.1475,2.5074,0.885,0.4425,0.1475,1.3274,3.0973,3.6873,0.885,0.7375,0.4425,0.1475,0.295,AN
071101,Callao,,,122.0,500.0,30.0,18.0,4.0,0.0,117.0,25.0,146.0,186.0,0.0,10.0,2514.0,66.0,11.0,1092.0,172.0,12.0,58.0,37.0,8.0,78.0,72.0,0.0,33.0,24.0,96.0,37.0,16.0,7.0,83.0,77.0,57.0,14.0,110.0,52.0,5.0,3.0,5892,1349,693,2.0706,8.4861,0.5092,0.3055,0.0679,0.0,1.9857,0.4243,2.4779,3.1568,0.0,0.1697,42.668,1.1202,0.1867,18.5336,2.9192,0.2037,0.9844,0.628,0.1358,1.3238,1.222,0.0,0.5601,0.4073,1.6293,0.628,0.2716,0.1188,1.4087,1.3069,0.9674,0.2376,1.8669,0.8826,0.0849,0.0509,JxP
071102,Callao,,,54.0,168.0,7.0,12.0,2.0,0.0,44.0,6.0,53.0,67.0,0.0,7.0,656.0,8.0,3.0,357.0,61.0,6.0,15.0,7.0,1.0,15.0,17.0,1.0,7.0,5.0,39.0,6.0,1.0,0.0,26.0,27.0,26.0,4.0,49.0,6.0,0.0,3.0,1766,325,147,3.0578,9.513,0.3964,0.6795,0.1133,0.0,2.4915,0.3398,3.0011,3.7939,0.0,0.3964,37.1461,0.453,0.1699,20.2152,3.4541,0.3398,0.8494,0.3964,0.0566,0.8494,0.9626,0.0566,0.3964,0.2831,2.2084,0.3398,0.0566,0.0,1.4723,1.5289,1.4723,0.2265,2.7746,0.3398,0.0,0.1699,JxP
071103,Callao,,,76.0,255.0,24.0,4.0,3.0,0.0,49.0,18.0,90.0,197.0,0.0,3.0,2451.0,34.0,19.0,980.0,94.0,5.0,47.0,24.0,4.0,47.0,36.0,1.0,20.0,3.0,68.0,21.0,20.0,3.0,60.0,46.0,52.0,11.0,61.0,19.0,3.0,3.0,4851,853,556,1.5667,5.2566,0.4947,0.0825,0.0618,0.0,1.0101,0.3711,1.8553,4.061,0.0,0.0618,50.5257,0.7009,0.3917,20.202,1.9377,0.1031,0.9689,0.4947,0.0825,0.9689,0.7421,0.0206,0.4123,0.0618,1.4018,0.4329,0.4123,0.0618,1.2369,0.9483,1.0719,0.2268,1.2575,0.3917,0.0618,0.0618,JxP
071104,Callao,,,78.0,222.0,14.0,7.0,3.0,0.0,42.0,11.0,69.0,100.0,0.0,3.0,2301.0,23.0,9.0,560.0,58.0,4.0,27.0,22.0,3.0,44.0,26.0,3.0,33.0,5.0,45.0,16.0,11.0,2.0,81.0,18.0,27.0,17.0,35.0,70.0,2.0,3.0,3994,881,419,1.9529,5.5583,0.3505,0.1753,0.0751,0.0,1.0516,0.2754,1.7276,2.5038,0.0,0.0751,57.6114,0.5759,0.2253,14.021,1.4522,0.1002,0.676,0.5508,0.0751,1.1017,0.651,0.0751,0.8262,0.1252,1.1267,0.4006,0.2754,0.0501,2.028,0.4507,0.676,0.4256,0.8763,1.7526,0.0501,0.0751,JxP
071105,Callao,,,134.0,168.0,16.0,8.0,4.0,0.0,38.0,12.0,62.0,131.0,0.0,5.0,1274.0,12.0,5.0,427.0,53.0,7.0,33.0,25.0,11.0,28.0,42.0,1.0,9.0,7.0,22.0,27.0,6.0,3.0,57.0,54.0,33.0,6.0,56.0,14.0,5.0,4.0,2799,675,222,4.7874,6.0021,0.5716,0.2858,0.1429,0.0,1.3576,0.4287,2.2151,4.6802,0.0,0.1786,45.5163,0.4287,0.1786,15.2554,1.8935,0.2501,1.179,0.8932,0.393,1.0004,1.5005,0.0357,0.3215,0.2501,0.786,0.9646,0.2144,0.1072,2.0364,1.9293,1.179,0.2144,2.0007,0.5002,0.1786,0.1429,JxP
071106,Callao,,,89.0,275.0,24.0,13.0,3.0,0.0,63.0,7.0,88.0,130.0,0.0,1.0,1540.0,12.0,11.0,746.0,73.0,11.0,38.0,39.0,3.0,44.0,36.0,0.0,27.0,6.0,56.0,15.0,10.0,5.0,70.0,49.0,49.0,6.0,64.0,18.0,2.0,4.0,3627,597,244,2.4538,7.582,0.6617,0.3584,0.0827,0.0,1.737,0.193,2.4262,3.5842,0.0,0.0276,42.4593,0.3309,0.3033,20.568,2.0127,0.3033,1.0477,1.0753,0.0827,1.2131,0.9926,0.0,0.7444,0.1654,1.544,0.4136,0.2757,0.1379,1.93,1.351,1.351,0.1654,1.7645,0.4963,0.0551,0.1103,JxP
071201,Callao,,,93.0,1067.0,70.0,58.0,11.0,0.0,141.0,23.0,281.0,399.0,0.0,9.0,1871.0,15.0,42.0,1130.0,404.0,21.0,65.0,40.0,13.0,74.0,171.0,1.0,38.0,15.0,128.0,28.0,15.0,8.0,96.0,190.0,209.0,13.0,208.0,30.0,5.0,11.0,6993,1143,561,1.3299,15.2581,1.001,0.8294,0.1573,0.0,2.0163,0.3289,4.0183,5.7057,0.0,0.1287,26.7553,0.2145,0.6006,16.159,5.7772,0.3003,0.9295,0.572,0.1859,1.0582,2.4453,0.0143,0.5434,0.2145,1.8304,0.4004,0.2145,0.1144,1.3728,2.717,2.9887,0.1859,2.9744,0.429,0.0715,0.1573,JxP
071202,Callao,,,45.0,718.0,32.0,10.0,3.0,0.0,82.0,5.0,111.0,206.0,0.0,4.0,788.0,3.0,14.0,564.0,210.0,26.0,22.0,21.0,6.0,14.0,65.0,0.0,27.0,7.0,54.0,7.0,5.0,1.0,52.0,89.0,113.0,4.0,114.0,13.0,7.0,3.0,3445,443,232,1.3062,20.8418,0.9289,0.2903,0.0871,0.0,2.3803,0.1451,3.2221,5.9797,0.0,0.1161,22.8737,0.0871,0.4064,16.3716,6.0958,0.7547,0.6386,0.6096,0.1742,0.4064,1.8868,0.0,0.7837,0.2032,1.5675,0.2032,0.1451,0.029,1.5094,2.5835,3.2801,0.1161,3.3091,0.3774,0.2032,0.0871,JxP
071203,Callao,,,25.0,130.0,7.0,3.0,2.0,0.0,47.0,1.0,50.0,139.0,0.0,0.0,424.0,1.0,8.0,180.0,45.0,2.0,32.0,4.0,1.0,24.0,17.0,1.0,5.0,4.0,26.0,2.0,1.0,0.0,41.0,43.0,14.0,0.0,37.0,7.0,5.0,1.0,1329,249,87,1.8811,9.7818,0.5267,0.2257,0.1505,0.0,3.5365,0.0752,3.7622,10.459,0.0,0.0,31.9037,0.0752,0.602,13.544,3.386,0.1505,2.4078,0.301,0.0752,1.8059,1.2792,0.0752,0.3762,0.301,1.9564,0.1505,0.0752,0.0,3.085,3.2355,1.0534,0.0,2.784,0.5267,0.3762,0.0752,JxP
071204,Callao,,,10.0,62.0,7.0,1.0,2.0,0.0,21.0,2.0,22.0,36.0,0.0,1.0,1089.0,0.0,1.0,169.0,29.0,2.0,3.0,12.0,1.0,9.0,10.0,0.0,5.0,2.0,12.0,5.0,1.0,0.0,37.0,10.0,20.0,5.0,32.0,3.0,4.0,0.0,1625,292,131,0.6154,3.8154,0.4308,0.0615,0.1231,0.0,1.2923,0.1231,1.3538,2.2154,0.0,0.0615,67.0154,0.0,0.0615,10.4,1.7846,0.1231,0.1846,0.7385,0.0615,0.5538,0.6154,0.0,0.3077,0.1231,0.7385,0.3077,0.0615,0.0,2.2769,0.6154,1.2308,0.3077,1.9692,0.1846,0.2462,0.0,JxP
071205,Callao,,,88.0,258.0,32.0,17.0,9.0,0.0,60.0,12.0,99.0,256.0,0.0,8.0,2638.0,6.0,202.0,1034.0,119.0,6.0,31.0,32.0,5.0,43.0,56.0,2.0,29.0,7.0,89.0,20.0,5.0,5.0,86.0,32.0,86.0,21.0,70.0,20.0,1.0,48.0,5532,1042,545,1.5907,4.6638,0.5785,0.3073,0.1627,0.0,1.0846,0.2169,1.7896,4.6276,0.0,0.1446,47.6862,0.1085,3.6515,18.6913,2.1511,0.1085,0.5604,0.5785,0.0904,0.7773,1.0123,0.0362,0.5242,0.1265,1.6088,0.3615,0.0904,0.0904,1.5546,0.5785,1.5546,0.3796,1.2654,0.3615,0.0181,0.8677,JxP
071206,Callao,,,41.0,349.0,9.0,6.0,1.0,0.0,35.0,4.0,86.0,75.0,0.0,2.0,917.0,3.0,7.0,554.0,91.0,4.0,27.0,17.0,0.0,26.0,47.0,0.0,18.0,8.0,38.0,9.0,3.0,2.0,35.0,40.0,42.0,6.0,41.0,13.0,3.0,0.0,2559,373,200,1.6022,13.6381,0.3517,0.2345,0.0391,0.0,1.3677,0.1563,3.3607,2.9308,0.0,0.0782,35.8343,0.1172,0.2735,21.6491,3.5561,0.1563,1.0551,0.6643,0.0,1.016,1.8367,0.0,0.7034,0.3126,1.485,0.3517,0.1172,0.0782,1.3677,1.5631,1.6413,0.2345,1.6022,0.508,0.1172,0.0,JxP
071207,Callao,,,62.0,422.0,26.0,3.0,3.0,0.0,53.0,7.0,114.0,145.0,0.0,1.0,630.0,5.0,3.0,343.0,140.0,2.0,12.0,9.0,2.0,26.0,39.0,1.0,15.0,2.0,31.0,15.0,0.0,2.0,33.0,57.0,76.0,4.0,44.0,16.0,4.0,0.0,2347,369,184,2.6417,17.9804,1.1078,0.1278,0.1278,0.0,2.2582,0.2983,4.8573,6.1781,0.0,0.0426,26.8428,0.213,0.1278,14.6144,5.9651,0.0852,0.5113,0.3835,0.0852,1.1078,1.6617,0.0426,0.6391,0.0852,1.3208,0.6391,0.0,0.0852,1.4061,2.4286,3.2382,0.1704,1.8747,0.6817,0.1704,0.0,JxP
071208,Callao,,,39.0,476.0,52.0,14.0,3.0,0.0,45.0,6.0,73.0,198.0,0.0,8.0,489.0,6.0,21.0,420.0,153.0,8.0,18.0,12.0,4.0,29.0,62.0,1.0,14.0,11.0,53.0,7.0,4.0,2.0,50.0,71.0,95.0,5.0,79.0,15.0,6.0,5.0,2554,345,201,1.527,18.6374,2.036,0.5482,0.1175,0.0,1.7619,0.2349,2.8583,7.7525,0.0,0.3132,19.1464,0.2349,0.8222,16.4448,5.9906,0.3132,0.7048,0.4699,0.1566,1.1355,2.4276,0.0392,0.5482,0.4307,2.0752,0.2741,0.1566,0.0783,1.9577,2.78,3.7197,0.1958,3.0932,0.5873,0.2349,0.1958,JxP
071209,Callao,,,95.0,106.0,9.0,10.0,1.0,0.0,28.0,4.0,59.0,93.0,0.0,2.0,1106.0,5.0,8.0,259.0,56.0,1.0,17.0,23.0,2.0,17.0,12.0,0.0,13.0,7.0,30.0,13.0,2.0,1.0,65.0,12.0,25.0,3.0,33.0,2.0,0.0,1.0,2120,402,203,4.4811,5.0,0.4245,0.4717,0.0472,0.0,1.3208,0.1887,2.783,4.3868,0.0,0.0943,52.1698,0.2358,0.3774,12.217,2.6415,0.0472,0.8019,1.0849,0.0943,0.8019,0.566,0.0,0.6132,0.3302,1.4151,0.6132,0.0943,0.0472,3.066,0.566,1.1792,0.1415,1.5566,0.0943,0.0,0.0472,JxP
071210,Callao,,,93.0,306.0,28.0,7.0,2.0,0.0,91.0,17.0,142.0,143.0,0.0,4.0,5674.0,11.0,12.0,1394.0,104.0,9.0,55.0,25.0,7.0,36.0,40.0,7.0,31.0,5.0,108.0,9.0,4.0,4.0,114.0,37.0,62.0,15.0,118.0,15.0,3.0,7.0,8739,1255,454,1.0642,3.5015,0.3204,0.0801,0.0229,0.0,1.0413,0.1945,1.6249,1.6363,0.0,0.0458,64.9273,0.1259,0.1373,15.9515,1.1901,0.103,0.6294,0.2861,0.0801,0.4119,0.4577,0.0801,0.3547,0.0572,1.2358,0.103,0.0458,0.0458,1.3045,0.4234,0.7095,0.1716,1.3503,0.1716,0.0343,0.0801,JxP
071211,Callao,,,73.0,1126.0,36.0,37.0,6.0,0.0,189.0,10.0,194.0,432.0,0.0,8.0,1004.0,6.0,16.0,939.0,438.0,10.0,34.0,31.0,16.0,43.0,121.0,4.0,34.0,15.0,105.0,13.0,17.0,6.0,66.0,162.0,190.0,11.0,183.0,47.0,5.0,5.0,5632,757,345,1.2962,19.9929,0.6392,0.657,0.1065,0.0,3.3558,0.1776,3.4446,7.6705,0.0,0.142,17.8267,0.1065,0.2841,16.6726,7.777,0.1776,0.6037,0.5504,0.2841,0.7635,2.1484,0.071,0.6037,0.2663,1.8643,0.2308,0.3018,0.1065,1.1719,2.8764,3.3736,0.1953,3.2493,0.8345,0.0888,0.0888,AN
071212,Callao,,,57.0,646.0,26.0,13.0,2.0,0.0,74.0,18.0,102.0,130.0,0.0,7.0,2169.0,6.0,17.0,899.0,164.0,13.0,53.0,42.0,3.0,47.0,57.0,3.0,38.0,13.0,67.0,15.0,5.0,3.0,65.0,35.0,61.0,10.0,86.0,15.0,8.0,4.0,4973,996,557,1.1462,12.9901,0.5228,0.2614,0.0402,0.0,1.488,0.362,2.0511,2.6141,0.0,0.1408,43.6155,0.1207,0.3418,18.0776,3.2978,0.2614,1.0658,0.8446,0.0603,0.9451,1.1462,0.0603,0.7641,0.2614,1.3473,0.3016,0.1005,0.0603,1.3071,0.7038,1.2266,0.2011,1.7293,0.3016,0.1609,0.0804,JxP
071301,Callao,,,145.0,2421.0,59.0,77.0,14.0,0.0,281.0,17.0,446.0,765.0,0.0,20.0,1806.0,21.0,75.0,1750.0,1426.0,10.0,94.0,56.0,19.0,124.0,472.0,13.0,99.0,35.0,212.0,70.0,29.0,9.0,163.0,520.0,706.0,12.0,393.0,171.0,21.0,33.0,12584,1823,966,1.1523,19.2387,0.4688,0.6119,0.1113,0.0,2.233,0.1351,3.5442,6.0791,0.0,0.1589,14.3516,0.1669,0.596,13.9065,11.3318,0.0795,0.747,0.445,0.151,0.9854,3.7508,0.1033,0.7867,0.2781,1.6847,0.5563,0.2305,0.0715,1.2953,4.1322,5.6103,0.0954,3.123,1.3589,0.1669,0.2622,AN
071302,Callao,,,107.0,1368.0,44.0,18.0,10.0,0.0,208.0,10.0,269.0,361.0,0.0,14.0,1509.0,19.0,61.0,1367.0,439.0,11.0,49.0,36.0,12.0,107.0,129.0,10.0,48.0,24.0,148.0,53.0,28.0,6.0,129.0,193.0,176.0,26.0,205.0,26.0,11.0,10.0,7241,1103,631,1.4777,18.8924,0.6077,0.2486,0.1381,0.0,2.8725,0.1381,3.715,4.9855,0.0,0.1933,20.8397,0.2624,0.8424,18.8786,6.0627,0.1519,0.6767,0.4972,0.1657,1.4777,1.7815,0.1381,0.6629,0.3314,2.0439,0.7319,0.3867,0.0829,1.7815,2.6654,2.4306,0.3591,2.8311,0.3591,0.1519,0.1381,JxP
071303,Callao,,,56.0,595.0,17.0,19.0,3.0,0.0,82.0,11.0,119.0,246.0,0.0,3.0,590.0,9.0,18.0,554.0,219.0,3.0,15.0,24.0,10.0,35.0,75.0,3.0,24.0,14.0,20.0,43.0,11.0,2.0,44.0,126.0,109.0,5.0,87.0,19.0,1.0,2.0,3213,510,238,1.7429,18.5185,0.5291,0.5913,0.0934,0.0,2.5521,0.3424,3.7037,7.6564,0.0,0.0934,18.3629,0.2801,0.5602,17.2425,6.8161,0.0934,0.4669,0.747,0.3112,1.0893,2.3343,0.0934,0.747,0.4357,0.6225,1.3383,0.3424,0.0622,1.3694,3.9216,3.3925,0.1556,2.7077,0.5913,0.0311,0.0622,AN
071304,Callao,,,49.0,1108.0,26.0,30.0,2.0,0.0,178.0,2.0,139.0,288.0,0.0,5.0,446.0,6.0,25.0,842.0,672.0,3.0,27.0,12.0,7.0,23.0,225.0,3.0,31.0,11.0,55.0,26.0,13.0,4.0,73.0,223.0,236.0,2.0,139.0,23.0,9.0,4.0,4967,514,270,0.9865,22.3072,0.5235,0.604,0.0403,0.0,3.5837,0.0403,2.7985,5.7983,0.0,0.1007,8.9793,0.1208,0.5033,16.9519,13.5293,0.0604,0.5436,0.2416,0.1409,0.4631,4.5299,0.0604,0.6241,0.2215,1.1073,0.5235,0.2617,0.0805,1.4697,4.4896,4.7514,0.0403,2.7985,0.4631,0.1812,0.0805,AN
071305,Callao,,,93.0,842.0,25.0,6.0,6.0,0.0,90.0,11.0,142.0,216.0,0.0,9.0,1038.0,3.0,19.0,605.0,140.0,3.0,27.0,24.0,4.0,49.0,42.0,4.0,28.0,14.0,59.0,40.0,24.0,1.0,111.0,87.0,90.0,10.0,58.0,35.0,5.0,8.0,3968,890,305,2.3438,21.2198,0.63,0.1512,0.1512,0.0,2.2681,0.2772,3.5786,5.4435,0.0,0.2268,26.1593,0.0756,0.4788,15.247,3.5282,0.0756,0.6804,0.6048,0.1008,1.2349,1.0585,0.1008,0.7056,0.3528,1.4869,1.0081,0.6048,0.0252,2.7974,2.1925,2.2681,0.252,1.4617,0.8821,0.126,0.2016,JxP
071306,Callao,,,90.0,827.0,25.0,35.0,5.0,0.0,192.0,12.0,167.0,274.0,0.0,5.0,1334.0,15.0,32.0,967.0,348.0,6.0,37.0,26.0,10.0,75.0,128.0,2.0,53.0,24.0,67.0,30.0,14.0,8.0,121.0,136.0,179.0,11.0,117.0,45.0,9.0,5.0,5431,1183,720,1.6572,15.2274,0.4603,0.6444,0.0921,0.0,3.5353,0.221,3.0749,5.0451,0.0,0.0921,24.5627,0.2762,0.5892,17.8052,6.4077,0.1105,0.6813,0.4787,0.1841,1.381,2.3568,0.0368,0.9759,0.4419,1.2337,0.5524,0.2578,0.1473,2.228,2.5041,3.2959,0.2025,2.1543,0.8286,0.1657,0.0921,JxP
071307,Callao,,,29.0,559.0,10.0,16.0,0.0,0.0,56.0,2.0,70.0,124.0,0.0,3.0,180.0,0.0,8.0,216.0,190.0,0.0,2.0,12.0,3.0,18.0,82.0,1.0,13.0,4.0,22.0,6.0,6.0,1.0,14.0,73.0,96.0,2.0,54.0,18.0,2.0,4.0,1896,248,136,1.5295,29.4831,0.5274,0.8439,0.0,0.0,2.9536,0.1055,3.692,6.5401,0.0,0.1582,9.4937,0.0,0.4219,11.3924,10.0211,0.0,0.1055,0.6329,0.1582,0.9494,4.3249,0.0527,0.6857,0.211,1.1603,0.3165,0.3165,0.0527,0.7384,3.8502,5.0633,0.1055,2.8481,0.9494,0.1055,0.211,AN
080101,CUSCO,CUSCO,CUSCO,273.0,3574.0,146.0,77.0,25.0,0.0,804.0,20.0,612.0,1047.0,0.0,51.0,4696.0,21.0,114.0,3205.0,1588.0,28.0,218.0,144.0,63.0,300.0,531.0,6.0,181.0,60.0,191.0,78.0,11.0,20.0,431.0,633.0,667.0,18.0,681.0,42.0,34.0,35.0,20625,2166,1098,1.3236,17.3285,0.7079,0.3733,0.1212,0.0,3.8982,0.097,2.9673,5.0764,0.0,0.2473,22.7685,0.1018,0.5527,15.5394,7.6994,0.1358,1.057,0.6982,0.3055,1.4545,2.5745,0.0291,0.8776,0.2909,0.9261,0.3782,0.0533,0.097,2.0897,3.0691,3.2339,0.0873,3.3018,0.2036,0.1648,0.1697,JxP
080102,CUSCO,CUSCO,CCORCA,9.0,85.0,5.0,3.0,2.0,0.0,20.0,2.0,21.0,140.0,0.0,8.0,452.0,0.0,11.0,156.0,14.0,3.0,31.0,7.0,3.0,24.0,8.0,1.0,5.0,2.0,10.0,4.0,0.0,0.0,27.0,19.0,18.0,1.0,5.0,1.0,1.0,5.0,1103,127,70,0.816,7.7063,0.4533,0.272,0.1813,0.0,1.8132,0.1813,1.9039,12.6927,0.0,0.7253,40.9791,0.0,0.9973,14.1432,1.2693,0.272,2.8105,0.6346,0.272,2.1759,0.7253,0.0907,0.4533,0.1813,0.9066,0.3626,0.0,0.0,2.4479,1.7226,1.6319,0.0907,0.4533,0.0907,0.0907,0.4533,JxP
080103,CUSCO,CUSCO,POROY,62.0,1078.0,76.0,5.0,4.0,0.0,175.0,24.0,88.0,347.0,0.0,19.0,4377.0,8.0,11.0,965.0,102.0,12.0,372.0,37.0,5.0,115.0,42.0,3.0,54.0,24.0,97.0,54.0,15.0,3.0,335.0,58.0,132.0,23.0,87.0,17.0,15.0,8.0,8849,1721,688,0.7006,12.1822,0.8589,0.0565,0.0452,0.0,1.9776,0.2712,0.9945,3.9213,0.0,0.2147,49.4632,0.0904,0.1243,10.9052,1.1527,0.1356,4.2039,0.4181,0.0565,1.2996,0.4746,0.0339,0.6102,0.2712,1.0962,0.6102,0.1695,0.0339,3.7857,0.6554,1.4917,0.2599,0.9832,0.1921,0.1695,0.0904,JxP
080104,CUSCO,CUSCO,SAN JERÓNIMO,4.0,42.0,17.0,0.0,0.0,0.0,5.0,2.0,12.0,28.0,0.0,2.0,143.0,0.0,1.0,56.0,22.0,1.0,11.0,2.0,0.0,6.0,5.0,0.0,7.0,0.0,0.0,1.0,1.0,0.0,12.0,19.0,7.0,1.0,5.0,1.0,0.0,1.0,414,81,44,0.9662,10.1449,4.1063,0.0,0.0,0.0,1.2077,0.4831,2.8986,6.7633,0.0,0.4831,34.5411,0.0,0.2415,13.5266,5.314,0.2415,2.657,0.4831,0.0,1.4493,1.2077,0.0,1.6908,0.0,0.0,0.2415,0.2415,0.0,2.8986,4.5894,1.6908,0.2415,1.2077,0.2415,0.0,0.2415,JxP
080105,CUSCO,CUSCO,SAN SEBASTIAN,8.0,95.0,13.0,6.0,1.0,0.0,4.0,1.0,23.0,100.0,0.0,0.0,310.0,1.0,0.0,121.0,21.0,1.0,21.0,4.0,3.0,14.0,7.0,1.0,6.0,7.0,6.0,15.0,15.0,3.0,22.0,17.0,12.0,1.0,12.0,1.0,0.0,0.0,872,153,49,0.9174,10.8945,1.4908,0.6881,0.1147,0.0,0.4587,0.1147,2.6376,11.4679,0.0,0.0,35.5505,0.1147,0.0,13.8761,2.4083,0.1147,2.4083,0.4587,0.344,1.6055,0.8028,0.1147,0.6881,0.8028,0.6881,1.7202,1.7202,0.344,2.5229,1.9495,1.3761,0.1147,1.3761,0.1147,0.0,0.0,JxP
080106,CUSCO,CUSCO,SANTIAGO,12.0,46.0,8.0,0.0,0.0,0.0,14.0,4.0,6.0,56.0,0.0,4.0,445.0,4.0,1.0,146.0,18.0,3.0,31.0,7.0,1.0,12.0,9.0,0.0,6.0,5.0,34.0,1.0,0.0,0.0,100.0,9.0,8.0,2.0,16.0,0.0,1.0,0.0,1009,264,84,1.1893,4.559,0.7929,0.0,0.0,0.0,1.3875,0.3964,0.5946,5.55,0.0,0.3964,44.1031,0.3964,0.0991,14.4698,1.7839,0.2973,3.0723,0.6938,0.0991,1.1893,0.892,0.0,0.5946,0.4955,3.3697,0.0991,0.0,0.0,9.9108,0.892,0.7929,0.1982,1.5857,0.0,0.0991,0.0,JxP
080108,CUSCO,CUSCO,WANCHAQ,4.0,33.0,17.0,1.0,0.0,0.0,3.0,1.0,9.0,25.0,0.0,0.0,128.0,0.0,0.0,53.0,6.0,0.0,4.0,5.0,1.0,15.0,7.0,0.0,0.0,1.0,6.0,3.0,1.0,2.0,24.0,8.0,2.0,1.0,10.0,1.0,0.0,1.0,372,59,20,1.0753,8.871,4.5699,0.2688,0.0,0.0,0.8065,0.2688,2.4194,6.7204,0.0,0.0,34.4086,0.0,0.0,14.2473,1.6129,0.0,1.0753,1.3441,0.2688,4.0323,1.8817,0.0,0.0,0.2688,1.6129,0.8065,0.2688,0.5376,6.4516,2.1505,0.5376,0.2688,2.6882,0.2688,0.0,0.2688,JxP
080109,Cusco,Cusco,,5.0,104.0,2.0,4.0,0.0,0.0,10.0,1.0,27.0,130.0,0.0,2.0,129.0,1.0,2.0,63.0,25.0,0.0,12.0,0.0,1.0,38.0,16.0,0.0,4.0,0.0,3.0,1.0,0.0,2.0,4.0,33.0,30.0,0.0,12.0,1.0,0.0,1.0,663,63,35,0.7541,15.6863,0.3017,0.6033,0.0,0.0,1.5083,0.1508,4.0724,19.6078,0.0,0.3017,19.457,0.1508,0.3017,9.5023,3.7707,0.0,1.81,0.0,0.1508,5.7315,2.4133,0.0,0.6033,0.0,0.4525,0.1508,0.0,0.3017,0.6033,4.9774,4.5249,0.0,1.81,0.1508,0.0,0.1508,FP
080110,Cusco,Cusco,,1.0,13.0,10.0,1.0,0.0,0.0,5.0,0.0,5.0,15.0,0.0,1.0,167.0,0.0,0.0,54.0,10.0,0.0,14.0,6.0,1.0,13.0,2.0,0.0,3.0,1.0,0.0,0.0,0.0,1.0,70.0,3.0,5.0,0.0,3.0,2.0,0.0,0.0,406,44,30,0.2463,3.202,2.4631,0.2463,0.0,0.0,1.2315,0.0,1.2315,3.6946,0.0,0.2463,41.133,0.0,0.0,13.3005,2.4631,0.0,3.4483,1.4778,0.2463,3.202,0.4926,0.0,0.7389,0.2463,0.0,0.0,0.0,0.2463,17.2414,0.7389,1.2315,0.0,0.7389,0.4926,0.0,0.0,JxP
080111,Cusco,Cusco,,1.0,21.0,3.0,1.0,2.0,0.0,6.0,0.0,5.0,31.0,0.0,1.0,140.0,0.0,0.0,72.0,13.0,0.0,14.0,3.0,0.0,18.0,4.0,1.0,3.0,0.0,3.0,2.0,0.0,0.0,18.0,4.0,2.0,0.0,5.0,1.0,1.0,0.0,375,81,29,0.2667,5.6,0.8,0.2667,0.5333,0.0,1.6,0.0,1.3333,8.2667,0.0,0.2667,37.3333,0.0,0.0,19.2,3.4667,0.0,3.7333,0.8,0.0,4.8,1.0667,0.2667,0.8,0.0,0.8,0.5333,0.0,0.0,4.8,1.0667,0.5333,0.0,1.3333,0.2667,0.2667,0.0,JxP
080112,Cusco,Cusco,,3.0,28.0,6.0,3.0,0.0,0.0,14.0,0.0,6.0,47.0,0.0,1.0,173.0,0.0,1.0,66.0,8.0,0.0,3.0,0.0,0.0,3.0,1.0,0.0,2.0,1.0,4.0,0.0,0.0,0.0,34.0,10.0,22.0,0.0,12.0,1.0,0.0,0.0,449,74,25,0.6682,6.2361,1.3363,0.6682,0.0,0.0,3.118,0.0,1.3363,10.4677,0.0,0.2227,38.5301,0.0,0.2227,14.6993,1.7817,0.0,0.6682,0.0,0.0,0.6682,0.2227,0.0,0.4454,0.2227,0.8909,0.0,0.0,0.0,7.5724,2.2272,4.8998,0.0,2.6726,0.2227,0.0,0.0,JxP
080113,Cusco,Cusco,,3.0,66.0,1.0,0.0,0.0,0.0,4.0,0.0,24.0,59.0,0.0,2.0,135.0,0.0,4.0,48.0,24.0,1.0,6.0,5.0,4.0,5.0,6.0,0.0,5.0,1.0,6.0,3.0,1.0,2.0,19.0,16.0,8.0,1.0,3.0,1.0,0.0,4.0,467,95,49,0.6424,14.1328,0.2141,0.0,0.0,0.0,0.8565,0.0,5.1392,12.6338,0.0,0.4283,28.9079,0.0,0.8565,10.2784,5.1392,0.2141,1.2848,1.0707,0.8565,1.0707,1.2848,0.0,1.0707,0.2141,1.2848,0.6424,0.2141,0.4283,4.0685,3.4261,1.7131,0.2141,0.6424,0.2141,0.0,0.8565,JxP
080114,Cusco,Cusco,,7.0,43.0,3.0,0.0,1.0,0.0,16.0,1.0,15.0,31.0,0.0,3.0,575.0,2.0,3.0,147.0,13.0,1.0,24.0,2.0,0.0,24.0,5.0,0.0,7.0,2.0,10.0,1.0,0.0,0.0,29.0,3.0,11.0,5.0,13.0,1.0,5.0,0.0,1003,165,60,0.6979,4.2871,0.2991,0.0,0.0997,0.0,1.5952,0.0997,1.4955,3.0907,0.0,0.2991,57.328,0.1994,0.2991,14.656,1.2961,0.0997,2.3928,0.1994,0.0,2.3928,0.4985,0.0,0.6979,0.1994,0.997,0.0997,0.0,0.0,2.8913,0.2991,1.0967,0.4985,1.2961,0.0997,0.4985,0.0,JxP
080115,Cusco,Cusco,,35.0,112.0,5.0,2.0,1.0,0.0,31.0,3.0,27.0,73.0,0.0,2.0,652.0,0.0,2.0,235.0,35.0,1.0,57.0,9.0,1.0,17.0,7.0,0.0,2.0,3.0,15.0,5.0,0.0,2.0,35.0,9.0,22.0,1.0,23.0,0.0,1.0,3.0,1428,242,70,2.451,7.8431,0.3501,0.1401,0.07,0.0,2.1709,0.2101,1.8908,5.112,0.0,0.1401,45.6583,0.0,0.1401,16.4566,2.451,0.07,3.9916,0.6303,0.07,1.1905,0.4902,0.0,0.1401,0.2101,1.0504,0.3501,0.0,0.1401,2.451,0.6303,1.5406,0.07,1.6106,0.0,0.07,0.2101,JxP
080116,Cusco,Cusco,,2.0,141.0,6.0,2.0,0.0,0.0,9.0,3.0,14.0,62.0,0.0,2.0,124.0,0.0,3.0,44.0,21.0,2.0,4.0,4.0,0.0,8.0,15.0,0.0,4.0,1.0,4.0,2.0,2.0,0.0,30.0,26.0,12.0,1.0,20.0,2.0,3.0,1.0,574,86,26,0.3484,24.5645,1.0453,0.3484,0.0,0.0,1.5679,0.5226,2.439,10.8014,0.0,0.3484,21.6028,0.0,0.5226,7.6655,3.6585,0.3484,0.6969,0.6969,0.0,1.3937,2.6132,0.0,0.6969,0.1742,0.6969,0.3484,0.3484,0.0,5.2265,4.5296,2.0906,0.1742,3.4843,0.3484,0.5226,0.1742,AN
080117,Cusco,Cusco,,11.0,76.0,17.0,0.0,0.0,0.0,14.0,1.0,25.0,77.0,0.0,4.0,337.0,1.0,3.0,127.0,11.0,3.0,10.0,9.0,3.0,19.0,2.0,2.0,9.0,3.0,3.0,6.0,1.0,0.0,26.0,19.0,14.0,2.0,6.0,5.0,5.0,2.0,853,208,140,1.2896,8.9097,1.993,0.0,0.0,0.0,1.6413,0.1172,2.9308,9.027,0.0,0.4689,39.5076,0.1172,0.3517,14.8886,1.2896,0.3517,1.1723,1.0551,0.3517,2.2274,0.2345,0.2345,1.0551,0.3517,0.3517,0.7034,0.1172,0.0,3.0481,2.2274,1.6413,0.2345,0.7034,0.5862,0.5862,0.2345,JxP
080118,Cusco,Cusco,,69.0,547.0,54.0,9.0,3.0,0.0,130.0,14.0,94.0,389.0,0.0,16.0,5751.0,8.0,11.0,1189.0,115.0,18.0,154.0,46.0,16.0,146.0,36.0,3.0,58.0,16.0,44.0,31.0,8.0,8.0,426.0,320.0,188.0,11.0,98.0,15.0,8.0,5.0,10054,1940,760,0.6863,5.4406,0.5371,0.0895,0.0298,0.0,1.293,0.1392,0.935,3.8691,0.0,0.1591,57.2011,0.0796,0.1094,11.8261,1.1438,0.179,1.5317,0.4575,0.1591,1.4522,0.3581,0.0298,0.5769,0.1591,0.4376,0.3083,0.0796,0.0796,4.2371,3.1828,1.8699,0.1094,0.9747,0.1492,0.0796,0.0497,JxP
080119,Cusco,Cusco,,115.0,1194.0,32.0,10.0,7.0,0.0,291.0,7.0,173.0,341.0,0.0,29.0,1652.0,9.0,40.0,1099.0,533.0,6.0,75.0,33.0,18.0,93.0,166.0,2.0,72.0,19.0,79.0,22.0,2.0,9.0,201.0,204.0,172.0,5.0,246.0,15.0,9.0,10.0,6990,692,340,1.6452,17.0815,0.4578,0.1431,0.1001,0.0,4.1631,0.1001,2.475,4.8784,0.0,0.4149,23.6338,0.1288,0.5722,15.7225,7.6252,0.0858,1.073,0.4721,0.2575,1.3305,2.3748,0.0286,1.03,0.2718,1.1302,0.3147,0.0286,0.1288,2.8755,2.9185,2.4607,0.0715,3.5193,0.2146,0.1288,0.1431,JxP
080120,Cusco,Cusco,,42.0,149.0,25.0,3.0,3.0,0.0,44.0,4.0,35.0,138.0,0.0,6.0,1561.0,2.0,2.0,389.0,56.0,3.0,74.0,18.0,7.0,42.0,18.0,0.0,11.0,10.0,33.0,7.0,4.0,1.0,98.0,36.0,50.0,4.0,31.0,0.0,3.0,2.0,2911,580,219,1.4428,5.1185,0.8588,0.1031,0.1031,0.0,1.5115,0.1374,1.2023,4.7406,0.0,0.2061,53.6242,0.0687,0.0687,13.3631,1.9237,0.1031,2.5421,0.6183,0.2405,1.4428,0.6183,0.0,0.3779,0.3435,1.1336,0.2405,0.1374,0.0344,3.3665,1.2367,1.7176,0.1374,1.0649,0.0,0.1031,0.0687,JxP
080201,CUSCO,ACOMAYO,ACOMAYO,35.0,515.0,18.0,8.0,0.0,0.0,61.0,3.0,34.0,246.0,0.0,7.0,1929.0,5.0,13.0,639.0,127.0,4.0,78.0,18.0,4.0,38.0,28.0,0.0,36.0,8.0,41.0,9.0,2.0,2.0,54.0,56.0,105.0,9.0,31.0,7.0,0.0,3.0,4173,627,305,0.8387,12.3412,0.4313,0.1917,0.0,0.0,1.4618,0.0719,0.8148,5.895,0.0,0.1677,46.2257,0.1198,0.3115,15.3127,3.0434,0.0959,1.8692,0.4313,0.0959,0.9106,0.671,0.0,0.8627,0.1917,0.9825,0.2157,0.0479,0.0479,1.294,1.342,2.5162,0.2157,0.7429,0.1677,0.0,0.0719,JxP
080202,CUSCO,ACOMAYO,ACOPIA,16.0,127.0,11.0,3.0,0.0,0.0,6.0,8.0,5.0,112.0,0.0,2.0,1101.0,5.0,1.0,230.0,9.0,6.0,36.0,8.0,1.0,27.0,7.0,2.0,18.0,3.0,11.0,26.0,3.0,0.0,54.0,13.0,23.0,11.0,10.0,2.0,6.0,0.0,1903,468,171,0.8408,6.6737,0.578,0.1576,0.0,0.0,0.3153,0.4204,0.2627,5.8854,0.0,0.1051,57.856,0.2627,0.0525,12.0862,0.4729,0.3153,1.8917,0.4204,0.0525,1.4188,0.3678,0.1051,0.9459,0.1576,0.578,1.3663,0.1576,0.0,2.8376,0.6831,1.2086,0.578,0.5255,0.1051,0.3153,0.0,JxP
080203,CUSCO,ACOMAYO,ACOS,8.0,73.0,2.0,0.0,1.0,0.0,8.0,5.0,7.0,96.0,0.0,1.0,1166.0,1.0,1.0,202.0,5.0,0.0,56.0,7.0,1.0,12.0,9.0,1.0,6.0,3.0,4.0,1.0,1.0,0.0,56.0,12.0,9.0,2.0,7.0,0.0,0.0,2.0,1765,309,107,0.4533,4.136,0.1133,0.0,0.0567,0.0,0.4533,0.2833,0.3966,5.4391,0.0,0.0567,66.0623,0.0567,0.0567,11.4448,0.2833,0.0,3.1728,0.3966,0.0567,0.6799,0.5099,0.0567,0.3399,0.17,0.2266,0.0567,0.0567,0.0,3.1728,0.6799,0.5099,0.1133,0.3966,0.0,0.0,0.1133,JxP
080204,CUSCO,ACOMAYO,MOSOC LLACTA,12.0,102.0,10.0,1.0,1.0,0.0,10.0,5.0,3.0,103.0,0.0,2.0,567.0,1.0,0.0,142.0,27.0,2.0,22.0,9.0,1.0,12.0,4.0,0.0,4.0,6.0,7.0,5.0,1.0,1.0,28.0,10.0,21.0,2.0,4.0,2.0,0.0,0.0,1127,186,57,1.0648,9.0506,0.8873,0.0887,0.0887,0.0,0.8873,0.4437,0.2662,9.1393,0.0,0.1775,50.3106,0.0887,0.0,12.5998,2.3957,0.1775,1.9521,0.7986,0.0887,1.0648,0.3549,0.0,0.3549,0.5324,0.6211,0.4437,0.0887,0.0887,2.4845,0.8873,1.8634,0.1775,0.3549,0.1775,0.0,0.0,JxP
080205,CUSCO,ACOMAYO,POMACANCHI,17.0,142.0,2.0,1.0,1.0,0.0,6.0,2.0,10.0,114.0,0.0,0.0,430.0,1.0,3.0,111.0,22.0,2.0,16.0,10.0,0.0,17.0,6.0,1.0,7.0,1.0,5.0,1.0,0.0,0.0,29.0,3.0,15.0,1.0,10.0,1.0,1.0,3.0,991,162,46,1.7154,14.329,0.2018,0.1009,0.1009,0.0,0.6054,0.2018,1.0091,11.5035,0.0,0.0,43.3905,0.1009,0.3027,11.2008,2.22,0.2018,1.6145,1.0091,0.0,1.7154,0.6054,0.1009,0.7064,0.1009,0.5045,0.1009,0.0,0.0,2.9263,0.3027,1.5136,0.1009,1.0091,0.1009,0.1009,0.3027,JxP
080206,CUSCO,ACOMAYO,RONDOCAN,26.0,213.0,14.0,5.0,2.0,0.0,34.0,4.0,38.0,252.0,0.0,3.0,2693.0,3.0,3.0,698.0,59.0,12.0,54.0,17.0,3.0,57.0,19.0,1.0,40.0,5.0,75.0,44.0,1.0,3.0,191.0,34.0,119.0,7.0,44.0,2.0,15.0,8.0,4798,792,302,0.5419,4.4393,0.2918,0.1042,0.0417,0.0,0.7086,0.0834,0.792,5.2522,0.0,0.0625,56.1276,0.0625,0.0625,14.5477,1.2297,0.2501,1.1255,0.3543,0.0625,1.188,0.396,0.0208,0.8337,0.1042,1.5632,0.917,0.0208,0.0625,3.9808,0.7086,2.4802,0.1459,0.917,0.0417,0.3126,0.1667,JxP
080207,CUSCO,ACOMAYO,SANGARARA,13.0,112.0,6.0,3.0,1.0,0.0,19.0,3.0,24.0,113.0,0.0,4.0,767.0,2.0,6.0,189.0,21.0,2.0,19.0,7.0,5.0,20.0,10.0,0.0,21.0,1.0,14.0,2.0,0.0,1.0,36.0,9.0,45.0,1.0,18.0,4.0,0.0,2.0,1500,256,134,0.8667,7.4667,0.4,0.2,0.0667,0.0,1.2667,0.2,1.6,7.5333,0.0,0.2667,51.1333,0.1333,0.4,12.6,1.4,0.1333,1.2667,0.4667,0.3333,1.3333,0.6667,0.0,1.4,0.0667,0.9333,0.1333,0.0,0.0667,2.4,0.6,3.0,0.0667,1.2,0.2667,0.0,0.1333,JxP
080208,Cusco,Acomayo,,13.0,124.0,12.0,2.0,1.0,0.0,15.0,6.0,19.0,111.0,0.0,0.0,1196.0,2.0,3.0,210.0,18.0,5.0,35.0,4.0,1.0,18.0,7.0,0.0,22.0,3.0,15.0,43.0,0.0,1.0,160.0,9.0,32.0,6.0,10.0,0.0,2.0,0.0,2105,499,183,0.6176,5.8907,0.5701,0.095,0.0475,0.0,0.7126,0.285,0.9026,5.2732,0.0,0.0,56.8171,0.095,0.1425,9.9762,0.8551,0.2375,1.6627,0.19,0.0475,0.8551,0.3325,0.0,1.0451,0.1425,0.7126,2.0428,0.0,0.0475,7.601,0.4276,1.5202,0.285,0.4751,0.0,0.095,0.0,JxP
080301,CUSCO,ANTA,ANTA,61.0,943.0,44.0,18.0,4.0,0.0,77.0,18.0,132.0,568.0,0.0,12.0,4251.0,12.0,17.0,1404.0,243.0,13.0,150.0,43.0,17.0,149.0,158.0,3.0,77.0,18.0,126.0,34.0,8.0,5.0,496.0,103.0,303.0,21.0,219.0,19.0,9.0,7.0,9782,2372,921,0.6236,9.6402,0.4498,0.184,0.0409,0.0,0.7872,0.184,1.3494,5.8066,0.0,0.1227,43.4574,0.1227,0.1738,14.3529,2.4842,0.1329,1.5334,0.4396,0.1738,1.5232,1.6152,0.0307,0.7872,0.184,1.2881,0.3476,0.0818,0.0511,5.0705,1.053,3.0975,0.2147,2.2388,0.1942,0.092,0.0716,JxP
080302,CUSCO,ANTA,ANCAHUASI,18.0,130.0,4.0,4.0,0.0,0.0,11.0,16.0,16.0,70.0,0.0,4.0,1948.0,2.0,2.0,414.0,25.0,2.0,99.0,12.0,5.0,42.0,11.0,2.0,37.0,4.0,24.0,7.0,1.0,0.0,107.0,13.0,43.0,7.0,16.0,3.0,0.0,1.0,3100,709,199,0.5806,4.1935,0.129,0.129,0.0,0.0,0.3548,0.5161,0.5161,2.2581,0.0,0.129,62.8387,0.0645,0.0645,13.3548,0.8065,0.0645,3.1935,0.3871,0.1613,1.3548,0.3548,0.0645,1.1935,0.129,0.7742,0.2258,0.0323,0.0,3.4516,0.4194,1.3871,0.2258,0.5161,0.0968,0.0,0.0323,JxP
080303,CUSCO,ANTA,CACHIMAYO,3.0,54.0,3.0,1.0,0.0,0.0,4.0,1.0,3.0,20.0,0.0,0.0,167.0,1.0,0.0,68.0,14.0,2.0,3.0,4.0,0.0,2.0,2.0,0.0,1.0,0.0,4.0,0.0,1.0,0.0,28.0,1.0,6.0,0.0,6.0,1.0,0.0,0.0,400,51,42,0.75,13.5,0.75,0.25,0.0,0.0,1.0,0.25,0.75,5.0,0.0,0.0,41.75,0.25,0.0,17.0,3.5,0.5,0.75,1.0,0.0,0.5,0.5,0.0,0.25,0.0,1.0,0.0,0.25,0.0,7.0,0.25,1.5,0.0,1.5,0.25,0.0,0.0,JxP
080304,CUSCO,ANTA,CHINCHAYPUJIO,20.0,118.0,6.0,1.0,1.0,0.0,17.0,3.0,15.0,56.0,0.0,1.0,782.0,1.0,2.0,270.0,11.0,4.0,40.0,8.0,0.0,22.0,7.0,0.0,5.0,5.0,10.0,6.0,1.0,0.0,72.0,9.0,27.0,3.0,17.0,2.0,1.0,0.0,1543,346,134,1.2962,7.6474,0.3889,0.0648,0.0648,0.0,1.1017,0.1944,0.9721,3.6293,0.0,0.0648,50.6805,0.0648,0.1296,17.4984,0.7129,0.2592,2.5924,0.5185,0.0,1.4258,0.4537,0.0,0.324,0.324,0.6481,0.3889,0.0648,0.0,4.6662,0.5833,1.7498,0.1944,1.1017,0.1296,0.0648,0.0,JxP
080305,CUSCO,ANTA,HUAROCONDO,11.0,72.0,4.0,0.0,0.0,0.0,10.0,1.0,5.0,90.0,0.0,0.0,200.0,1.0,1.0,58.0,20.0,0.0,10.0,4.0,1.0,17.0,7.0,0.0,4.0,3.0,10.0,2.0,0.0,1.0,22.0,6.0,11.0,2.0,5.0,1.0,0.0,0.0,579,144,42,1.8998,12.4352,0.6908,0.0,0.0,0.0,1.7271,0.1727,0.8636,15.544,0.0,0.0,34.5423,0.1727,0.1727,10.0173,3.4542,0.0,1.7271,0.6908,0.1727,2.9361,1.209,0.0,0.6908,0.5181,1.7271,0.3454,0.0,0.1727,3.7997,1.0363,1.8998,0.3454,0.8636,0.1727,0.0,0.0,JxP
080306,CUSCO,ANTA,LIMATAMBO,4.0,44.0,7.0,0.0,0.0,0.0,0.0,2.0,3.0,19.0,0.0,1.0,344.0,1.0,0.0,98.0,11.0,3.0,13.0,3.0,0.0,13.0,5.0,1.0,7.0,4.0,4.0,0.0,0.0,0.0,34.0,3.0,8.0,0.0,6.0,1.0,1.0,0.0,640,149,52,0.625,6.875,1.0938,0.0,0.0,0.0,0.0,0.3125,0.4688,2.9688,0.0,0.1562,53.75,0.1562,0.0,15.3125,1.7188,0.4688,2.0312,0.4688,0.0,2.0312,0.7812,0.1562,1.0938,0.625,0.625,0.0,0.0,0.0,5.3125,0.4688,1.25,0.0,0.9375,0.1562,0.1562,0.0,JxP
080307,CUSCO,ANTA,MOLLEPATA,6.0,41.0,6.0,2.0,1.0,0.0,4.0,1.0,8.0,16.0,0.0,1.0,332.0,1.0,1.0,87.0,6.0,2.0,11.0,4.0,1.0,6.0,3.0,0.0,8.0,3.0,3.0,2.0,0.0,0.0,17.0,2.0,15.0,2.0,2.0,3.0,1.0,0.0,598,183,32,1.0033,6.8562,1.0033,0.3344,0.1672,0.0,0.6689,0.1672,1.3378,2.6756,0.0,0.1672,55.5184,0.1672,0.1672,14.5485,1.0033,0.3344,1.8395,0.6689,0.1672,1.0033,0.5017,0.0,1.3378,0.5017,0.5017,0.3344,0.0,0.0,2.8428,0.3344,2.5084,0.3344,0.3344,0.5017,0.1672,0.0,JxP
080308,CUSCO,ANTA,PUCYURA,5.0,107.0,2.0,0.0,0.0,0.0,2.0,1.0,6.0,26.0,0.0,1.0,200.0,1.0,1.0,116.0,24.0,1.0,15.0,1.0,1.0,7.0,13.0,0.0,4.0,2.0,7.0,2.0,0.0,0.0,37.0,5.0,23.0,3.0,3.0,1.0,1.0,0.0,618,101,25,0.8091,17.3139,0.3236,0.0,0.0,0.0,0.3236,0.1618,0.9709,4.2071,0.0,0.1618,32.3625,0.1618,0.1618,18.7702,3.8835,0.1618,2.4272,0.1618,0.1618,1.1327,2.1036,0.0,0.6472,0.3236,1.1327,0.3236,0.0,0.0,5.9871,0.8091,3.7217,0.4854,0.4854,0.1618,0.1618,0.0,JxP
080309,CUSCO,ANTA,ZURITE,7.0,113.0,6.0,1.0,0.0,0.0,14.0,2.0,12.0,36.0,0.0,2.0,232.0,2.0,2.0,91.0,26.0,1.0,12.0,2.0,0.0,6.0,2.0,0.0,4.0,0.0,6.0,2.0,1.0,1.0,22.0,12.0,8.0,1.0,6.0,3.0,0.0,0.0,635,81,29,1.1024,17.7953,0.9449,0.1575,0.0,0.0,2.2047,0.315,1.8898,5.6693,0.0,0.315,36.5354,0.315,0.315,14.3307,4.0945,0.1575,1.8898,0.315,0.0,0.9449,0.315,0.0,0.6299,0.0,0.9449,0.315,0.1575,0.1575,3.4646,1.8898,1.2598,0.1575,0.9449,0.4724,0.0,0.0,JxP
080310,Cusco,Anta,,4.0,61.0,4.0,0.0,0.0,0.0,2.0,0.0,9.0,80.0,0.0,2.0,368.0,1.0,0.0,111.0,19.0,0.0,18.0,4.0,0.0,8.0,6.0,1.0,5.0,2.0,4.0,2.0,1.0,2.0,10.0,4.0,10.0,1.0,4.0,1.0,0.0,2.0,746,119,50,0.5362,8.1769,0.5362,0.0,0.0,0.0,0.2681,0.0,1.2064,10.7239,0.0,0.2681,49.3298,0.134,0.0,14.8794,2.5469,0.0,2.4129,0.5362,0.0,1.0724,0.8043,0.134,0.6702,0.2681,0.5362,0.2681,0.134,0.2681,1.3405,0.5362,1.3405,0.134,0.5362,0.134,0.0,0.2681,JxP
080311,Cusco,Anta,,15.0,107.0,6.0,1.0,1.0,0.0,7.0,4.0,10.0,53.0,0.0,1.0,794.0,0.0,2.0,200.0,12.0,3.0,26.0,4.0,0.0,9.0,4.0,0.0,3.0,0.0,6.0,4.0,0.0,0.0,44.0,10.0,7.0,2.0,11.0,1.0,1.0,0.0,1348,194,75,1.1128,7.9377,0.4451,0.0742,0.0742,0.0,0.5193,0.2967,0.7418,3.9318,0.0,0.0742,58.9021,0.0,0.1484,14.8368,0.8902,0.2226,1.9288,0.2967,0.0,0.6677,0.2967,0.0,0.2226,0.0,0.4451,0.2967,0.0,0.0,3.2641,0.7418,0.5193,0.1484,0.816,0.0742,0.0742,0.0,JxP
080312,Cusco,Anta,,15.0,64.0,7.0,2.0,0.0,0.0,10.0,3.0,26.0,53.0,0.0,1.0,914.0,1.0,1.0,271.0,22.0,2.0,62.0,7.0,1.0,17.0,11.0,0.0,7.0,4.0,34.0,2.0,3.0,0.0,112.0,14.0,19.0,4.0,19.0,0.0,2.0,1.0,1711,314,132,0.8767,3.7405,0.4091,0.1169,0.0,0.0,0.5845,0.1753,1.5196,3.0976,0.0,0.0584,53.4191,0.0584,0.0584,15.8387,1.2858,0.1169,3.6236,0.4091,0.0584,0.9936,0.6429,0.0,0.4091,0.2338,1.9871,0.1169,0.1753,0.0,6.5459,0.8182,1.1105,0.2338,1.1105,0.0,0.1169,0.0584,JxP
080401,CUSCO,CALCA,CALCA,5.0,144.0,11.0,9.0,0.0,0.0,5.0,1.0,9.0,174.0,0.0,0.0,448.0,3.0,1.0,127.0,24.0,0.0,13.0,3.0,0.0,17.0,12.0,2.0,7.0,3.0,9.0,6.0,0.0,0.0,25.0,22.0,50.0,3.0,11.0,7.0,1.0,2.0,1154,281,96,0.4333,12.4783,0.9532,0.7799,0.0,0.0,0.4333,0.0867,0.7799,15.078,0.0,0.0,38.8215,0.26,0.0867,11.0052,2.0797,0.0,1.1265,0.26,0.0,1.4731,1.0399,0.1733,0.6066,0.26,0.7799,0.5199,0.0,0.0,2.1664,1.9064,4.3328,0.26,0.9532,0.6066,0.0867,0.1733,JxP
080402,CUSCO,CALCA,COYA,9.0,60.0,4.0,8.0,0.0,0.0,4.0,1.0,5.0,149.0,0.0,3.0,130.0,0.0,3.0,61.0,11.0,0.0,10.0,4.0,2.0,6.0,7.0,2.0,5.0,4.0,1.0,3.0,1.0,1.0,7.0,9.0,29.0,1.0,3.0,3.0,1.0,1.0,548,140,31,1.6423,10.9489,0.7299,1.4599,0.0,0.0,0.7299,0.1825,0.9124,27.1898,0.0,0.5474,23.7226,0.0,0.5474,11.1314,2.0073,0.0,1.8248,0.7299,0.365,1.0949,1.2774,0.365,0.9124,0.7299,0.1825,0.5474,0.1825,0.1825,1.2774,1.6423,5.292,0.1825,0.5474,0.5474,0.1825,0.1825,FP
080403,CUSCO,CALCA,LAMAY,5.0,34.0,0.0,5.0,1.0,0.0,4.0,0.0,7.0,45.0,0.0,4.0,330.0,0.0,1.0,97.0,0.0,0.0,6.0,6.0,1.0,11.0,6.0,0.0,8.0,0.0,2.0,2.0,1.0,0.0,16.0,8.0,10.0,1.0,5.0,2.0,0.0,1.0,619,109,48,0.8078,5.4927,0.0,0.8078,0.1616,0.0,0.6462,0.0,1.1309,7.2698,0.0,0.6462,53.3118,0.0,0.1616,15.6704,0.0,0.0,0.9693,0.9693,0.1616,1.7771,0.9693,0.0,1.2924,0.0,0.3231,0.3231,0.1616,0.0,2.5848,1.2924,1.6155,0.1616,0.8078,0.3231,0.0,0.1616,JxP
080405,CUSCO,CALCA,PISAC,5.0,33.0,2.0,1.0,0.0,0.0,4.0,1.0,4.0,103.0,0.0,1.0,267.0,2.0,2.0,58.0,10.0,0.0,6.0,4.0,2.0,9.0,5.0,0.0,0.0,3.0,2.0,0.0,7.0,1.0,12.0,24.0,10.0,3.0,1.0,1.0,1.0,0.0,584,117,18,0.8562,5.6507,0.3425,0.1712,0.0,0.0,0.6849,0.1712,0.6849,17.637,0.0,0.1712,45.7192,0.3425,0.3425,9.9315,1.7123,0.0,1.0274,0.6849,0.3425,1.5411,0.8562,0.0,0.0,0.5137,0.3425,0.0,1.1986,0.1712,2.0548,4.1096,1.7123,0.5137,0.1712,0.1712,0.1712,0.0,JxP
080406,CUSCO,CALCA,SAN SALVADOR,1.0,90.0,1.0,1.0,0.0,0.0,0.0,4.0,5.0,77.0,0.0,0.0,121.0,1.0,0.0,69.0,3.0,1.0,9.0,0.0,0.0,4.0,2.0,0.0,2.0,0.0,4.0,1.0,0.0,0.0,11.0,2.0,7.0,1.0,2.0,2.0,0.0,3.0,424,51,16,0.2358,21.2264,0.2358,0.2358,0.0,0.0,0.0,0.9434,1.1792,18.1604,0.0,0.0,28.5377,0.2358,0.0,16.2736,0.7075,0.2358,2.1226,0.0,0.0,0.9434,0.4717,0.0,0.4717,0.0,0.9434,0.2358,0.0,0.0,2.5943,0.4717,1.6509,0.2358,0.4717,0.4717,0.0,0.7075,JxP
080408,CUSCO,CALCA,YANATILE,3.0,32.0,0.0,3.0,0.0,0.0,2.0,2.0,2.0,45.0,0.0,1.0,145.0,0.0,0.0,54.0,11.0,0.0,3.0,1.0,0.0,5.0,5.0,0.0,2.0,0.0,3.0,0.0,0.0,0.0,25.0,3.0,10.0,0.0,4.0,1.0,0.0,0.0,362,85,25,0.8287,8.8398,0.0,0.8287,0.0,0.0,0.5525,0.5525,0.5525,12.4309,0.0,0.2762,40.0552,0.0,0.0,14.9171,3.0387,0.0,0.8287,0.2762,0.0,1.3812,1.3812,0.0,0.5525,0.0,0.8287,0.0,0.0,0.0,6.9061,0.8287,2.7624,0.0,1.105,0.2762,0.0,0.0,JxP
080409,Cusco,Calca,,19.0,109.0,5.0,2.0,0.0,0.0,6.0,2.0,15.0,120.0,0.0,1.0,220.0,2.0,1.0,83.0,24.0,0.0,16.0,4.0,2.0,11.0,11.0,0.0,10.0,4.0,12.0,3.0,1.0,1.0,30.0,31.0,22.0,2.0,7.0,6.0,0.0,4.0,786,149,42,2.4173,13.8677,0.6361,0.2545,0.0,0.0,0.7634,0.2545,1.9084,15.2672,0.0,0.1272,27.9898,0.2545,0.1272,10.5598,3.0534,0.0,2.0356,0.5089,0.2545,1.3995,1.3995,0.0,1.2723,0.5089,1.5267,0.3817,0.1272,0.1272,3.8168,3.944,2.799,0.2545,0.8906,0.7634,0.0,0.5089,JxP
080410,Cusco,Calca,,1.0,18.0,1.0,6.0,0.0,0.0,4.0,0.0,1.0,114.0,0.0,0.0,85.0,0.0,0.0,56.0,7.0,2.0,4.0,2.0,1.0,2.0,2.0,1.0,0.0,2.0,0.0,2.0,1.0,1.0,12.0,12.0,4.0,2.0,2.0,0.0,0.0,0.0,345,53,7,0.2899,5.2174,0.2899,1.7391,0.0,0.0,1.1594,0.0,0.2899,33.0435,0.0,0.0,24.6377,0.0,0.0,16.2319,2.029,0.5797,1.1594,0.5797,0.2899,0.5797,0.5797,0.2899,0.0,0.5797,0.0,0.5797,0.2899,0.2899,3.4783,3.4783,1.1594,0.5797,0.5797,0.0,0.0,0.0,FP
080414,Cusco,Calca,,3.0,37.0,1.0,0.0,0.0,0.0,7.0,2.0,6.0,107.0,0.0,2.0,152.0,2.0,1.0,84.0,16.0,1.0,20.0,0.0,0.0,10.0,4.0,1.0,2.0,5.0,1.0,3.0,0.0,0.0,11.0,12.0,14.0,2.0,4.0,1.0,0.0,1.0,512,83,29,0.5859,7.2266,0.1953,0.0,0.0,0.0,1.3672,0.3906,1.1719,20.8984,0.0,0.3906,29.6875,0.3906,0.1953,16.4062,3.125,0.1953,3.9062,0.0,0.0,1.9531,0.7812,0.1953,0.3906,0.9766,0.1953,0.5859,0.0,0.0,2.1484,2.3438,2.7344,0.3906,0.7812,0.1953,0.0,0.1953,JxP
080422,Cusco,Calca,,6.0,42.0,4.0,3.0,1.0,0.0,7.0,0.0,7.0,165.0,0.0,1.0,172.0,1.0,1.0,58.0,22.0,2.0,2.0,3.0,0.0,8.0,8.0,0.0,2.0,2.0,4.0,2.0,0.0,0.0,16.0,30.0,5.0,1.0,22.0,3.0,0.0,0.0,600,115,28,1.0,7.0,0.6667,0.5,0.1667,0.0,1.1667,0.0,1.1667,27.5,0.0,0.1667,28.6667,0.1667,0.1667,9.6667,3.6667,0.3333,0.3333,0.5,0.0,1.3333,1.3333,0.0,0.3333,0.3333,0.6667,0.3333,0.0,0.0,2.6667,5.0,0.8333,0.1667,3.6667,0.5,0.0,0.0,JxP
080427,Cusco,Calca,,3.0,20.0,1.0,2.0,0.0,0.0,0.0,1.0,4.0,197.0,0.0,2.0,77.0,1.0,1.0,44.0,19.0,0.0,5.0,2.0,2.0,1.0,1.0,0.0,1.0,1.0,3.0,2.0,0.0,0.0,3.0,15.0,39.0,0.0,3.0,0.0,1.0,0.0,451,59,15,0.6652,4.4346,0.2217,0.4435,0.0,0.0,0.0,0.2217,0.8869,43.6807,0.0,0.4435,17.0732,0.2217,0.2217,9.7561,4.2129,0.0,1.1086,0.4435,0.4435,0.2217,0.2217,0.0,0.2217,0.2217,0.6652,0.4435,0.0,0.0,0.6652,3.3259,8.6475,0.0,0.6652,0.0,0.2217,0.0,FP
080428,Cusco,Calca,,16.0,120.0,1.0,2.0,0.0,0.0,8.0,4.0,5.0,216.0,0.0,3.0,252.0,1.0,2.0,149.0,52.0,0.0,11.0,3.0,2.0,8.0,12.0,0.0,3.0,2.0,10.0,4.0,1.0,0.0,13.0,36.0,43.0,0.0,15.0,3.0,0.0,4.0,1001,176,76,1.5984,11.988,0.0999,0.1998,0.0,0.0,0.7992,0.3996,0.4995,21.5784,0.0,0.2997,25.1748,0.0999,0.1998,14.8851,5.1948,0.0,1.0989,0.2997,0.1998,0.7992,1.1988,0.0,0.2997,0.1998,0.999,0.3996,0.0999,0.0,1.2987,3.5964,4.2957,0.0,1.4985,0.2997,0.0,0.3996,JxP
080429,Cusco,Calca,,22.0,51.0,2.0,1.0,2.0,0.0,25.0,3.0,19.0,40.0,0.0,2.0,245.0,2.0,1.0,73.0,14.0,0.0,9.0,4.0,1.0,12.0,8.0,0.0,6.0,1.0,3.0,2.0,0.0,1.0,19.0,5.0,4.0,0.0,4.0,0.0,0.0,0.0,581,122,55,3.7866,8.778,0.3442,0.1721,0.3442,0.0,4.3029,0.5164,3.2702,6.8847,0.0,0.3442,42.1687,0.3442,0.1721,12.5645,2.4096,0.0,1.5491,0.6885,0.1721,2.0654,1.3769,0.0,1.0327,0.1721,0.5164,0.3442,0.0,0.1721,3.2702,0.8606,0.6885,0.0,0.6885,0.0,0.0,0.0,JxP
080501,CUSCO,CANAS,YANAOCA,25.0,459.0,77.0,14.0,0.0,0.0,37.0,4.0,89.0,281.0,0.0,7.0,1385.0,3.0,14.0,567.0,378.0,2.0,65.0,20.0,8.0,50.0,81.0,2.0,16.0,13.0,53.0,8.0,3.0,3.0,70.0,123.0,215.0,1.0,137.0,15.0,7.0,5.0,4237,719,230,0.59,10.8331,1.8173,0.3304,0.0,0.0,0.8733,0.0944,2.1005,6.6321,0.0,0.1652,32.6882,0.0708,0.3304,13.3821,8.9214,0.0472,1.5341,0.472,0.1888,1.1801,1.9117,0.0472,0.3776,0.3068,1.2509,0.1888,0.0708,0.0708,1.6521,2.903,5.0743,0.0236,3.2334,0.354,0.1652,0.118,JxP
080502,CUSCO,CANAS,CHECCA,13.0,206.0,18.0,2.0,5.0,0.0,8.0,5.0,32.0,171.0,0.0,16.0,940.0,2.0,6.0,314.0,34.0,6.0,52.0,10.0,5.0,52.0,12.0,0.0,10.0,6.0,12.0,7.0,2.0,0.0,79.0,38.0,28.0,3.0,25.0,3.0,3.0,6.0,2131,416,114,0.61,9.6668,0.8447,0.0939,0.2346,0.0,0.3754,0.2346,1.5016,8.0244,0.0,0.7508,44.1107,0.0939,0.2816,14.7349,1.5955,0.2816,2.4402,0.4693,0.2346,2.4402,0.5631,0.0,0.4693,0.2816,0.5631,0.3285,0.0939,0.0,3.7072,1.7832,1.3139,0.1408,1.1732,0.1408,0.1408,0.2816,JxP
080503,CUSCO,CANAS,KUNTURKANKI,12.0,159.0,36.0,4.0,2.0,0.0,23.0,7.0,29.0,139.0,0.0,5.0,1106.0,2.0,6.0,374.0,132.0,4.0,45.0,15.0,3.0,23.0,17.0,0.0,19.0,1.0,25.0,9.0,0.0,3.0,52.0,41.0,49.0,3.0,53.0,5.0,3.0,0.0,2406,400,127,0.4988,6.6085,1.4963,0.1663,0.0831,0.0,0.9559,0.2909,1.2053,5.7772,0.0,0.2078,45.9684,0.0831,0.2494,15.5445,5.4863,0.1663,1.8703,0.6234,0.1247,0.9559,0.7066,0.0,0.7897,0.0416,1.0391,0.3741,0.0,0.1247,2.1613,1.7041,2.0366,0.1247,2.2028,0.2078,0.1247,0.0,JxP
080504,CUSCO,CANAS,LANGUI,7.0,174.0,32.0,3.0,0.0,0.0,26.0,6.0,27.0,107.0,0.0,3.0,1408.0,1.0,2.0,324.0,77.0,2.0,51.0,9.0,0.0,35.0,18.0,1.0,6.0,4.0,14.0,26.0,1.0,0.0,38.0,18.0,41.0,1.0,43.0,3.0,1.0,1.0,2510,396,148,0.2789,6.9323,1.2749,0.1195,0.0,0.0,1.0359,0.239,1.0757,4.2629,0.0,0.1195,56.0956,0.0398,0.0797,12.9084,3.0677,0.0797,2.0319,0.3586,0.0,1.3944,0.7171,0.0398,0.239,0.1594,0.5578,1.0359,0.0398,0.0,1.5139,0.7171,1.6335,0.0398,1.7131,0.1195,0.0398,0.0398,JxP
080506,CUSCO,CANAS,PAMPAMARCA,15.0,272.0,20.0,10.0,1.0,0.0,35.0,13.0,31.0,185.0,0.0,11.0,3441.0,6.0,5.0,515.0,80.0,5.0,187.0,17.0,4.0,42.0,21.0,2.0,23.0,9.0,37.0,21.0,0.0,1.0,112.0,42.0,58.0,11.0,30.0,9.0,4.0,4.0,5279,1219,342,0.2841,5.1525,0.3789,0.1894,0.0189,0.0,0.663,0.2463,0.5872,3.5045,0.0,0.2084,65.1828,0.1137,0.0947,9.7556,1.5154,0.0947,3.5423,0.322,0.0758,0.7956,0.3978,0.0379,0.4357,0.1705,0.7009,0.3978,0.0,0.0189,2.1216,0.7956,1.0987,0.2084,0.5683,0.1705,0.0758,0.0758,JxP
080509,Cusco,Canas,,31.0,365.0,88.0,7.0,0.0,0.0,31.0,6.0,64.0,285.0,0.0,2.0,2333.0,4.0,14.0,644.0,260.0,7.0,130.0,30.0,5.0,54.0,44.0,3.0,42.0,9.0,69.0,19.0,2.0,1.0,97.0,86.0,111.0,8.0,118.0,18.0,6.0,9.0,5002,892,274,0.6198,7.2971,1.7593,0.1399,0.0,0.0,0.6198,0.12,1.2795,5.6977,0.0,0.04,46.6413,0.08,0.2799,12.8749,5.1979,0.1399,2.599,0.5998,0.1,1.0796,0.8796,0.06,0.8397,0.1799,1.3794,0.3798,0.04,0.02,1.9392,1.7193,2.2191,0.1599,2.3591,0.3599,0.12,0.1799,JxP
080511,Cusco,Canas,,9.0,29.0,6.0,1.0,2.0,0.0,7.0,0.0,15.0,140.0,0.0,3.0,309.0,2.0,2.0,130.0,21.0,1.0,8.0,7.0,2.0,10.0,6.0,1.0,8.0,6.0,10.0,19.0,0.0,2.0,41.0,10.0,19.0,4.0,6.0,1.0,2.0,1.0,840,276,62,1.0714,3.4524,0.7143,0.119,0.2381,0.0,0.8333,0.0,1.7857,16.6667,0.0,0.3571,36.7857,0.2381,0.2381,15.4762,2.5,0.119,0.9524,0.8333,0.2381,1.1905,0.7143,0.119,0.9524,0.7143,1.1905,2.2619,0.0,0.2381,4.881,1.1905,2.2619,0.4762,0.7143,0.119,0.2381,0.119,JxP
080512,Cusco,Canas,,8.0,98.0,4.0,4.0,1.0,0.0,7.0,4.0,27.0,89.0,0.0,5.0,985.0,1.0,2.0,296.0,64.0,2.0,33.0,14.0,4.0,42.0,8.0,0.0,9.0,2.0,21.0,5.0,4.0,1.0,79.0,23.0,53.0,6.0,24.0,1.0,1.0,0.0,1927,438,126,0.4152,5.0856,0.2076,0.2076,0.0519,0.0,0.3633,0.2076,1.4011,4.6186,0.0,0.2595,51.1157,0.0519,0.1038,15.3607,3.3212,0.1038,1.7125,0.7265,0.2076,2.1796,0.4152,0.0,0.467,0.1038,1.0898,0.2595,0.2076,0.0519,4.0996,1.1936,2.7504,0.3114,1.2455,0.0519,0.0519,0.0,JxP
080515,Cusco,Canas,,5.0,161.0,15.0,2.0,3.0,0.0,15.0,2.0,30.0,105.0,0.0,2.0,317.0,0.0,1.0,189.0,41.0,5.0,21.0,4.0,3.0,22.0,15.0,2.0,10.0,4.0,10.0,3.0,0.0,1.0,41.0,42.0,15.0,1.0,25.0,26.0,2.0,1.0,1141,178,86,0.4382,14.1104,1.3146,0.1753,0.2629,0.0,1.3146,0.1753,2.6293,9.2025,0.0,0.1753,27.7826,0.0,0.0876,16.5644,3.5933,0.4382,1.8405,0.3506,0.2629,1.9281,1.3146,0.1753,0.8764,0.3506,0.8764,0.2629,0.0,0.0876,3.5933,3.681,1.3146,0.0876,2.1911,2.2787,0.1753,0.0876,JxP
080517,Cusco,Canas,,21.0,218.0,24.0,5.0,3.0,0.0,29.0,4.0,55.0,182.0,0.0,10.0,1594.0,3.0,6.0,437.0,70.0,4.0,101.0,14.0,4.0,46.0,34.0,1.0,20.0,5.0,32.0,8.0,1.0,1.0,117.0,33.0,40.0,6.0,67.0,5.0,2.0,3.0,3205,714,291,0.6552,6.8019,0.7488,0.156,0.0936,0.0,0.9048,0.1248,1.7161,5.6786,0.0,0.312,49.7348,0.0936,0.1872,13.6349,2.1841,0.1248,3.1513,0.4368,0.1248,1.4353,1.0608,0.0312,0.624,0.156,0.9984,0.2496,0.0312,0.0312,3.6505,1.0296,1.248,0.1872,2.0905,0.156,0.0624,0.0936,JxP
080518,Cusco,Canas,,4.0,19.0,6.0,1.0,1.0,0.0,0.0,0.0,3.0,36.0,0.0,1.0,78.0,1.0,1.0,44.0,2.0,0.0,1.0,5.0,0.0,6.0,4.0,0.0,6.0,2.0,1.0,3.0,1.0,0.0,11.0,5.0,4.0,3.0,4.0,1.0,3.0,0.0,257,110,21,1.5564,7.393,2.3346,0.3891,0.3891,0.0,0.0,0.0,1.1673,14.0078,0.0,0.3891,30.3502,0.3891,0.3891,17.1206,0.7782,0.0,0.3891,1.9455,0.0,2.3346,1.5564,0.0,2.3346,0.7782,0.3891,1.1673,0.3891,0.0,4.2802,1.9455,1.5564,1.1673,1.5564,0.3891,1.1673,0.0,JxP
080519,Cusco,Canas,,14.0,85.0,22.0,1.0,2.0,0.0,16.0,8.0,18.0,128.0,0.0,3.0,814.0,2.0,0.0,188.0,31.0,1.0,37.0,10.0,1.0,17.0,10.0,0.0,13.0,6.0,16.0,4.0,2.0,1.0,68.0,12.0,28.0,7.0,17.0,27.0,1.0,0.0,1610,494,144,0.8696,5.2795,1.3665,0.0621,0.1242,0.0,0.9938,0.4969,1.118,7.9503,0.0,0.1863,50.559,0.1242,0.0,11.677,1.9255,0.0621,2.2981,0.6211,0.0621,1.0559,0.6211,0.0,0.8075,0.3727,0.9938,0.2484,0.1242,0.0621,4.2236,0.7453,1.7391,0.4348,1.0559,1.677,0.0621,0.0,JxP
080520,Cusco,Canas,,15.0,84.0,12.0,1.0,2.0,0.0,25.0,0.0,25.0,117.0,0.0,1.0,430.0,2.0,2.0,139.0,26.0,0.0,18.0,13.0,6.0,17.0,3.0,1.0,6.0,3.0,8.0,6.0,0.0,0.0,125.0,13.0,32.0,1.0,18.0,24.0,0.0,1.0,1176,300,53,1.2755,7.1429,1.0204,0.085,0.1701,0.0,2.1259,0.0,2.1259,9.949,0.0,0.085,36.5646,0.1701,0.1701,11.8197,2.2109,0.0,1.5306,1.1054,0.5102,1.4456,0.2551,0.085,0.5102,0.2551,0.6803,0.5102,0.0,0.0,10.6293,1.1054,2.7211,0.085,1.5306,2.0408,0.0,0.085,JxP
080523,Cusco,Canas,,10.0,48.0,42.0,1.0,2.0,0.0,5.0,1.0,7.0,148.0,0.0,4.0,893.0,1.0,1.0,183.0,28.0,1.0,34.0,7.0,0.0,14.0,3.0,1.0,13.0,5.0,8.0,29.0,1.0,0.0,34.0,21.0,42.0,1.0,8.0,2.0,2.0,1.0,1601,427,113,0.6246,2.9981,2.6234,0.0625,0.1249,0.0,0.3123,0.0625,0.4372,9.2442,0.0,0.2498,55.7776,0.0625,0.0625,11.4304,1.7489,0.0625,2.1237,0.4372,0.0,0.8745,0.1874,0.0625,0.812,0.3123,0.4997,1.8114,0.0625,0.0,2.1237,1.3117,2.6234,0.0625,0.4997,0.1249,0.1249,0.0625,JxP
080525,Cusco,Canas,,7.0,14.0,29.0,3.0,0.0,0.0,4.0,3.0,4.0,102.0,0.0,2.0,403.0,1.0,0.0,98.0,11.0,0.0,10.0,1.0,0.0,12.0,7.0,0.0,5.0,2.0,7.0,13.0,1.0,0.0,27.0,3.0,13.0,3.0,11.0,3.0,1.0,0.0,800,189,50,0.875,1.75,3.625,0.375,0.0,0.0,0.5,0.375,0.5,12.75,0.0,0.25,50.375,0.125,0.0,12.25,1.375,0.0,1.25,0.125,0.0,1.5,0.875,0.0,0.625,0.25,0.875,1.625,0.125,0.0,3.375,0.375,1.625,0.375,1.375,0.375,0.125,0.0,JxP
080526,Cusco,Canas,,21.0,34.0,6.0,2.0,0.0,0.0,43.0,3.0,10.0,164.0,0.0,3.0,526.0,2.0,4.0,153.0,18.0,1.0,29.0,11.0,1.0,17.0,11.0,1.0,4.0,4.0,9.0,28.0,1.0,0.0,84.0,15.0,20.0,3.0,7.0,9.0,0.0,1.0,1245,385,119,1.6867,2.7309,0.4819,0.1606,0.0,0.0,3.4538,0.241,0.8032,13.1727,0.0,0.241,42.249,0.1606,0.3213,12.2892,1.4458,0.0803,2.3293,0.8835,0.0803,1.3655,0.8835,0.0803,0.3213,0.3213,0.7229,2.249,0.0803,0.0,6.747,1.2048,1.6064,0.241,0.5622,0.7229,0.0,0.0803,JxP
080528,Cusco,Canas,,9.0,74.0,8.0,2.0,2.0,0.0,11.0,6.0,13.0,102.0,0.0,3.0,1339.0,1.0,0.0,281.0,23.0,2.0,73.0,12.0,1.0,22.0,7.0,0.0,6.0,2.0,23.0,9.0,1.0,0.0,55.0,23.0,35.0,4.0,13.0,2.0,5.0,0.0,2169,468,163,0.4149,3.4117,0.3688,0.0922,0.0922,0.0,0.5071,0.2766,0.5994,4.7026,0.0,0.1383,61.7335,0.0461,0.0,12.9553,1.0604,0.0922,3.3656,0.5533,0.0461,1.0143,0.3227,0.0,0.2766,0.0922,1.0604,0.4149,0.0461,0.0,2.5357,1.0604,1.6136,0.1844,0.5994,0.0922,0.2305,0.0,JxP
080529,Cusco,Canas,,15.0,56.0,9.0,2.0,1.0,0.0,9.0,0.0,14.0,65.0,0.0,5.0,537.0,6.0,2.0,97.0,18.0,0.0,32.0,3.0,2.0,8.0,7.0,0.0,5.0,2.0,4.0,4.0,1.0,1.0,33.0,18.0,11.0,2.0,7.0,0.0,1.0,1.0,978,284,77,1.5337,5.726,0.9202,0.2045,0.1022,0.0,0.9202,0.0,1.4315,6.6462,0.0,0.5112,54.908,0.6135,0.2045,9.9182,1.8405,0.0,3.272,0.3067,0.2045,0.818,0.7157,0.0,0.5112,0.2045,0.409,0.409,0.1022,0.1022,3.3742,1.8405,1.1247,0.2045,0.7157,0.0,0.1022,0.1022,JxP
080530,Cusco,Canas,,3.0,12.0,6.0,0.0,0.0,0.0,5.0,0.0,1.0,37.0,0.0,0.0,407.0,0.0,1.0,44.0,6.0,0.0,3.0,2.0,0.0,12.0,2.0,0.0,3.0,0.0,2.0,11.0,0.0,0.0,13.0,0.0,1.0,1.0,2.0,1.0,0.0,0.0,575,137,31,0.5217,2.087,1.0435,0.0,0.0,0.0,0.8696,0.0,0.1739,6.4348,0.0,0.0,70.7826,0.0,0.1739,7.6522,1.0435,0.0,0.5217,0.3478,0.0,2.087,0.3478,0.0,0.5217,0.0,0.3478,1.913,0.0,0.0,2.2609,0.0,0.1739,0.1739,0.3478,0.1739,0.0,0.0,JxP
080531,Cusco,Canas,,11.0,43.0,8.0,1.0,0.0,0.0,2.0,2.0,24.0,44.0,0.0,1.0,732.0,1.0,2.0,163.0,28.0,2.0,6.0,7.0,1.0,13.0,9.0,0.0,11.0,3.0,9.0,1.0,0.0,0.0,55.0,8.0,26.0,3.0,17.0,2.0,2.0,0.0,1237,276,104,0.8892,3.4762,0.6467,0.0808,0.0,0.0,0.1617,0.1617,1.9402,3.557,0.0,0.0808,59.1754,0.0808,0.1617,13.177,2.2635,0.1617,0.485,0.5659,0.0808,1.0509,0.7276,0.0,0.8892,0.2425,0.7276,0.0808,0.0,0.0,4.4462,0.6467,2.1019,0.2425,1.3743,0.1617,0.1617,0.0,JxP
080532,Cusco,Canas,,2.0,49.0,15.0,2.0,0.0,0.0,3.0,4.0,14.0,56.0,0.0,0.0,452.0,0.0,4.0,99.0,14.0,1.0,15.0,1.0,2.0,12.0,2.0,0.0,3.0,1.0,7.0,2.0,3.0,2.0,28.0,8.0,12.0,3.0,9.0,1.0,1.0,0.0,827,193,57,0.2418,5.925,1.8138,0.2418,0.0,0.0,0.3628,0.4837,1.6929,6.7715,0.0,0.0,54.6554,0.0,0.4837,11.971,1.6929,0.1209,1.8138,0.1209,0.2418,1.451,0.2418,0.0,0.3628,0.1209,0.8464,0.2418,0.3628,0.2418,3.3857,0.9674,1.451,0.3628,1.0883,0.1209,0.1209,0.0,JxP
080533,Cusco,Canas,,4.0,60.0,9.0,1.0,0.0,0.0,0.0,0.0,3.0,75.0,0.0,0.0,249.0,0.0,1.0,110.0,11.0,0.0,12.0,0.0,0.0,9.0,5.0,1.0,7.0,3.0,7.0,22.0,1.0,0.0,49.0,4.0,25.0,3.0,0.0,2.0,0.0,0.0,673,125,57,0.5944,8.9153,1.3373,0.1486,0.0,0.0,0.0,0.0,0.4458,11.1441,0.0,0.0,36.9985,0.0,0.1486,16.3447,1.6345,0.0,1.7831,0.0,0.0,1.3373,0.7429,0.1486,1.0401,0.4458,1.0401,3.2689,0.1486,0.0,7.2808,0.5944,3.7147,0.4458,0.0,0.2972,0.0,0.0,JxP
080534,Cusco,Canas,,0.0,9.0,5.0,0.0,0.0,0.0,1.0,0.0,1.0,24.0,0.0,0.0,138.0,0.0,1.0,34.0,2.0,0.0,3.0,1.0,1.0,110.0,2.0,1.0,1.0,1.0,2.0,18.0,0.0,0.0,5.0,2.0,14.0,5.0,3.0,0.0,0.0,0.0,384,108,23,0.0,2.3438,1.3021,0.0,0.0,0.0,0.2604,0.0,0.2604,6.25,0.0,0.0,35.9375,0.0,0.2604,8.8542,0.5208,0.0,0.7812,0.2604,0.2604,28.6458,0.5208,0.2604,0.2604,0.2604,0.5208,4.6875,0.0,0.0,1.3021,0.5208,3.6458,1.3021,0.7812,0.0,0.0,0.0,JxP
080601,CUSCO,CANCHIS,SICUANI,18.0,20.0,8.0,1.0,0.0,0.0,6.0,0.0,8.0,100.0,0.0,0.0,124.0,0.0,0.0,38.0,13.0,1.0,5.0,3.0,0.0,3.0,7.0,0.0,1.0,1.0,4.0,3.0,1.0,0.0,15.0,15.0,8.0,1.0,13.0,1.0,3.0,0.0,421,91,20,4.2755,4.7506,1.9002,0.2375,0.0,0.0,1.4252,0.0,1.9002,23.753,0.0,0.0,29.4537,0.0,0.0,9.0261,3.0879,0.2375,1.1876,0.7126,0.0,0.7126,1.6627,0.0,0.2375,0.2375,0.9501,0.7126,0.2375,0.0,3.5629,3.5629,1.9002,0.2375,3.0879,0.2375,0.7126,0.0,JxP
080602,CUSCO,CANCHIS,CHECACUPE,78.0,56.0,15.0,3.0,0.0,0.0,0.0,2.0,6.0,136.0,0.0,1.0,150.0,1.0,1.0,109.0,22.0,0.0,5.0,4.0,1.0,10.0,3.0,1.0,6.0,0.0,8.0,2.0,0.0,2.0,26.0,37.0,29.0,3.0,6.0,4.0,4.0,4.0,735,122,54,10.6122,7.619,2.0408,0.4082,0.0,0.0,0.0,0.2721,0.8163,18.5034,0.0,0.1361,20.4082,0.1361,0.1361,14.8299,2.9932,0.0,0.6803,0.5442,0.1361,1.3605,0.4082,0.1361,0.8163,0.0,1.0884,0.2721,0.0,0.2721,3.5374,5.034,3.9456,0.4082,0.8163,0.5442,0.5442,0.5442,JxP
080603,CUSCO,CANCHIS,COMBAPATA,30.0,64.0,0.0,0.0,0.0,0.0,3.0,0.0,1.0,38.0,0.0,1.0,86.0,0.0,1.0,27.0,25.0,1.0,5.0,0.0,0.0,1.0,4.0,0.0,4.0,1.0,6.0,0.0,0.0,0.0,9.0,9.0,5.0,0.0,2.0,4.0,0.0,0.0,327,46,10,9.1743,19.5719,0.0,0.0,0.0,0.0,0.9174,0.0,0.3058,11.6208,0.0,0.3058,26.2997,0.0,0.3058,8.2569,7.6453,0.3058,1.5291,0.0,0.0,0.3058,1.2232,0.0,1.2232,0.3058,1.8349,0.0,0.0,0.0,2.7523,2.7523,1.5291,0.0,0.6116,1.2232,0.0,0.0,JxP
080604,CUSCO,CANCHIS,MARANGANI,18.0,99.0,1.0,16.0,2.0,0.0,15.0,3.0,5.0,208.0,0.0,2.0,195.0,2.0,3.0,89.0,72.0,1.0,14.0,7.0,4.0,11.0,25.0,1.0,15.0,5.0,8.0,4.0,1.0,2.0,33.0,23.0,39.0,1.0,25.0,3.0,1.0,3.0,956,145,46,1.8828,10.3556,0.1046,1.6736,0.2092,0.0,1.569,0.3138,0.523,21.7573,0.0,0.2092,20.3975,0.2092,0.3138,9.3096,7.5314,0.1046,1.4644,0.7322,0.4184,1.1506,2.6151,0.1046,1.569,0.523,0.8368,0.4184,0.1046,0.2092,3.4519,2.4059,4.0795,0.1046,2.6151,0.3138,0.1046,0.3138,FP
080605,CUSCO,CANCHIS,PITUMARCA,7.0,25.0,5.0,4.0,0.0,0.0,2.0,3.0,6.0,41.0,0.0,1.0,68.0,1.0,1.0,38.0,18.0,1.0,3.0,2.0,0.0,2.0,4.0,0.0,2.0,0.0,3.0,4.0,0.0,0.0,14.0,11.0,14.0,2.0,2.0,0.0,1.0,0.0,285,77,22,2.4561,8.7719,1.7544,1.4035,0.0,0.0,0.7018,1.0526,2.1053,14.386,0.0,0.3509,23.8596,0.3509,0.3509,13.3333,6.3158,0.3509,1.0526,0.7018,0.0,0.7018,1.4035,0.0,0.7018,0.0,1.0526,1.4035,0.0,0.0,4.9123,3.8596,4.9123,0.7018,0.7018,0.0,0.3509,0.0,JxP
080606,CUSCO,CANCHIS,SAN PABLO,12.0,16.0,3.0,4.0,0.0,0.0,6.0,1.0,4.0,81.0,0.0,1.0,120.0,1.0,0.0,78.0,30.0,1.0,4.0,3.0,0.0,4.0,7.0,0.0,3.0,4.0,4.0,0.0,1.0,0.0,21.0,16.0,24.0,2.0,5.0,4.0,1.0,0.0,461,95,23,2.603,3.4707,0.6508,0.8677,0.0,0.0,1.3015,0.2169,0.8677,17.5705,0.0,0.2169,26.0304,0.2169,0.0,16.9197,6.5076,0.2169,0.8677,0.6508,0.0,0.8677,1.5184,0.0,0.6508,0.8677,0.8677,0.0,0.2169,0.0,4.5553,3.4707,5.2061,0.4338,1.0846,0.8677,0.2169,0.0,JxP
080607,CUSCO,CANCHIS,SAN PEDRO,34.0,92.0,6.0,6.0,0.0,0.0,76.0,3.0,14.0,141.0,0.0,3.0,747.0,3.0,4.0,259.0,29.0,2.0,19.0,12.0,2.0,22.0,14.0,2.0,26.0,2.0,15.0,4.0,2.0,0.0,57.0,14.0,45.0,9.0,18.0,1.0,1.0,3.0,1687,412,146,2.0154,5.4535,0.3557,0.3557,0.0,0.0,4.505,0.1778,0.8299,8.358,0.0,0.1778,44.2798,0.1778,0.2371,15.3527,1.719,0.1186,1.1263,0.7113,0.1186,1.3041,0.8299,0.1186,1.5412,0.1186,0.8892,0.2371,0.1186,0.0,3.3788,0.8299,2.6675,0.5335,1.067,0.0593,0.0593,0.1778,JxP
080608,CUSCO,CANCHIS,TINTA,7.0,20.0,4.0,6.0,0.0,0.0,6.0,1.0,4.0,68.0,0.0,0.0,75.0,1.0,1.0,40.0,17.0,0.0,2.0,3.0,0.0,6.0,8.0,1.0,10.0,0.0,6.0,6.0,1.0,0.0,24.0,18.0,4.0,1.0,4.0,0.0,0.0,1.0,345,100,30,2.029,5.7971,1.1594,1.7391,0.0,0.0,1.7391,0.2899,1.1594,19.7101,0.0,0.0,21.7391,0.2899,0.2899,11.5942,4.9275,0.0,0.5797,0.8696,0.0,1.7391,2.3188,0.2899,2.8986,0.0,1.7391,1.7391,0.2899,0.0,6.9565,5.2174,1.1594,0.2899,1.1594,0.0,0.0,0.2899,JxP
080609,Cusco,Canchis,,3.0,36.0,3.0,1.0,0.0,0.0,1.0,0.0,6.0,52.0,0.0,0.0,180.0,0.0,0.0,30.0,4.0,0.0,4.0,0.0,1.0,6.0,1.0,0.0,1.0,1.0,5.0,1.0,0.0,1.0,32.0,3.0,9.0,0.0,3.0,1.0,0.0,0.0,385,59,14,0.7792,9.3506,0.7792,0.2597,0.0,0.0,0.2597,0.0,1.5584,13.5065,0.0,0.0,46.7532,0.0,0.0,7.7922,1.039,0.0,1.039,0.0,0.2597,1.5584,0.2597,0.0,0.2597,0.2597,1.2987,0.2597,0.0,0.2597,8.3117,0.7792,2.3377,0.0,0.7792,0.2597,0.0,0.0,JxP
080610,Cusco,Canchis,,5.0,23.0,2.0,4.0,0.0,0.0,1.0,4.0,3.0,81.0,0.0,0.0,234.0,2.0,0.0,73.0,12.0,2.0,10.0,2.0,0.0,6.0,1.0,0.0,3.0,3.0,1.0,3.0,0.0,0.0,42.0,5.0,6.0,1.0,6.0,0.0,0.0,0.0,535,167,57,0.9346,4.2991,0.3738,0.7477,0.0,0.0,0.1869,0.7477,0.5607,15.1402,0.0,0.0,43.7383,0.3738,0.0,13.6449,2.243,0.3738,1.8692,0.3738,0.0,1.1215,0.1869,0.0,0.5607,0.5607,0.1869,0.5607,0.0,0.0,7.8505,0.9346,1.1215,0.1869,1.1215,0.0,0.0,0.0,JxP
080611,Cusco,Canchis,,5.0,33.0,1.0,12.0,1.0,0.0,26.0,5.0,7.0,117.0,0.0,1.0,113.0,0.0,1.0,71.0,19.0,1.0,3.0,6.0,1.0,9.0,5.0,0.0,9.0,2.0,2.0,1.0,0.0,1.0,17.0,26.0,18.0,1.0,3.0,3.0,1.0,0.0,521,150,31,0.9597,6.334,0.1919,2.3033,0.1919,0.0,4.9904,0.9597,1.3436,22.4568,0.0,0.1919,21.6891,0.0,0.1919,13.6276,3.6468,0.1919,0.5758,1.1516,0.1919,1.7274,0.9597,0.0,1.7274,0.3839,0.3839,0.1919,0.0,0.1919,3.263,4.9904,3.4549,0.1919,0.5758,0.5758,0.1919,0.0,FP
080612,Cusco,Canchis,,5.0,34.0,2.0,1.0,1.0,0.0,3.0,2.0,4.0,84.0,0.0,3.0,108.0,1.0,2.0,69.0,19.0,2.0,2.0,1.0,2.0,8.0,5.0,0.0,2.0,2.0,6.0,0.0,0.0,0.0,16.0,16.0,8.0,0.0,9.0,1.0,1.0,1.0,420,104,28,1.1905,8.0952,0.4762,0.2381,0.2381,0.0,0.7143,0.4762,0.9524,20.0,0.0,0.7143,25.7143,0.2381,0.4762,16.4286,4.5238,0.4762,0.4762,0.2381,0.4762,1.9048,1.1905,0.0,0.4762,0.4762,1.4286,0.0,0.0,0.0,3.8095,3.8095,1.9048,0.0,2.1429,0.2381,0.2381,0.2381,JxP
080613,Cusco,Canchis,,10.0,88.0,10.0,3.0,1.0,0.0,33.0,4.0,17.0,213.0,0.0,0.0,243.0,1.0,4.0,162.0,39.0,2.0,31.0,8.0,1.0,15.0,10.0,1.0,22.0,4.0,3.0,7.0,1.0,1.0,18.0,24.0,17.0,2.0,7.0,6.0,4.0,2.0,1014,262,46,0.9862,8.6785,0.9862,0.2959,0.0986,0.0,3.2544,0.3945,1.6765,21.0059,0.0,0.0,23.9645,0.0986,0.3945,15.9763,3.8462,0.1972,3.0572,0.789,0.0986,1.4793,0.9862,0.0986,2.1696,0.3945,0.2959,0.6903,0.0986,0.0986,1.7751,2.3669,1.6765,0.1972,0.6903,0.5917,0.3945,0.1972,JxP
080614,Cusco,Canchis,,3.0,20.0,4.0,3.0,0.0,0.0,4.0,1.0,2.0,35.0,0.0,0.0,149.0,0.0,1.0,50.0,13.0,0.0,1.0,2.0,0.0,3.0,0.0,0.0,1.0,1.0,5.0,1.0,1.0,0.0,19.0,4.0,3.0,0.0,8.0,0.0,1.0,0.0,335,80,11,0.8955,5.9701,1.194,0.8955,0.0,0.0,1.194,0.2985,0.597,10.4478,0.0,0.0,44.4776,0.0,0.2985,14.9254,3.8806,0.0,0.2985,0.597,0.0,0.8955,0.0,0.0,0.2985,0.2985,1.4925,0.2985,0.2985,0.0,5.6716,1.194,0.8955,0.0,2.3881,0.0,0.2985,0.0,JxP
080615,Cusco,Canchis,,4.0,24.0,7.0,5.0,0.0,0.0,4.0,2.0,3.0,80.0,0.0,0.0,96.0,0.0,2.0,49.0,9.0,0.0,5.0,0.0,1.0,2.0,8.0,0.0,2.0,0.0,7.0,2.0,0.0,0.0,7.0,17.0,9.0,2.0,3.0,2.0,1.0,1.0,354,90,23,1.1299,6.7797,1.9774,1.4124,0.0,0.0,1.1299,0.565,0.8475,22.5989,0.0,0.0,27.1186,0.0,0.565,13.8418,2.5424,0.0,1.4124,0.0,0.2825,0.565,2.2599,0.0,0.565,0.0,1.9774,0.565,0.0,0.0,1.9774,4.8023,2.5424,0.565,0.8475,0.565,0.2825,0.2825,JxP
080616,Cusco,Canchis,,18.0,58.0,3.0,1.0,2.0,0.0,4.0,3.0,8.0,146.0,0.0,0.0,137.0,0.0,3.0,74.0,21.0,2.0,13.0,3.0,1.0,5.0,6.0,0.0,6.0,1.0,5.0,4.0,3.0,0.0,18.0,16.0,11.0,1.0,4.0,2.0,1.0,0.0,580,118,51,3.1034,10.0,0.5172,0.1724,0.3448,0.0,0.6897,0.5172,1.3793,25.1724,0.0,0.0,23.6207,0.0,0.5172,12.7586,3.6207,0.3448,2.2414,0.5172,0.1724,0.8621,1.0345,0.0,1.0345,0.1724,0.8621,0.6897,0.5172,0.0,3.1034,2.7586,1.8966,0.1724,0.6897,0.3448,0.1724,0.0,FP
080701,CUSCO,CHUMBIVILCAS,SANTO TOMAS,42.0,201.0,31.0,8.0,1.0,0.0,16.0,3.0,23.0,108.0,0.0,1.0,729.0,1.0,1.0,304.0,78.0,4.0,45.0,6.0,8.0,27.0,16.0,0.0,10.0,6.0,8.0,193.0,2.0,0.0,42.0,19.0,53.0,1.0,19.0,4.0,1.0,7.0,2018,380,241,2.0813,9.9604,1.5362,0.3964,0.0496,0.0,0.7929,0.1487,1.1397,5.3518,0.0,0.0496,36.1249,0.0496,0.0496,15.0644,3.8652,0.1982,2.2299,0.2973,0.3964,1.338,0.7929,0.0,0.4955,0.2973,0.3964,9.5639,0.0991,0.0,2.0813,0.9415,2.6264,0.0496,0.9415,0.1982,0.0496,0.3469,JxP
080702,CUSCO,CHUMBIVILCAS,CAPACMARCA,15.0,68.0,25.0,2.0,1.0,0.0,6.0,3.0,8.0,94.0,0.0,3.0,1289.0,3.0,2.0,289.0,22.0,0.0,97.0,13.0,1.0,22.0,12.0,1.0,29.0,2.0,20.0,31.0,2.0,4.0,88.0,17.0,37.0,2.0,8.0,2.0,1.0,3.0,2222,587,150,0.6751,3.0603,1.1251,0.09,0.045,0.0,0.27,0.135,0.36,4.2304,0.0,0.135,58.0108,0.135,0.09,13.0063,0.9901,0.0,4.3654,0.5851,0.045,0.9901,0.5401,0.045,1.3051,0.09,0.9001,1.3951,0.09,0.18,3.9604,0.7651,1.6652,0.09,0.36,0.09,0.045,0.135,JxP
080703,CUSCO,CHUMBIVILCAS,CHAMACA,9.0,87.0,22.0,1.0,0.0,0.0,4.0,5.0,5.0,56.0,0.0,4.0,377.0,1.0,0.0,122.0,22.0,1.0,46.0,5.0,3.0,7.0,3.0,0.0,3.0,4.0,4.0,12.0,1.0,2.0,18.0,9.0,49.0,2.0,4.0,1.0,0.0,1.0,890,236,65,1.0112,9.7753,2.4719,0.1124,0.0,0.0,0.4494,0.5618,0.5618,6.2921,0.0,0.4494,42.3596,0.1124,0.0,13.7079,2.4719,0.1124,5.1685,0.5618,0.3371,0.7865,0.3371,0.0,0.3371,0.4494,0.4494,1.3483,0.1124,0.2247,2.0225,1.0112,5.5056,0.2247,0.4494,0.1124,0.0,0.1124,JxP
080704,CUSCO,CHUMBIVILCAS,COLQUEMARCA,12.0,53.0,19.0,1.0,1.0,0.0,4.0,1.0,11.0,62.0,0.0,0.0,517.0,1.0,3.0,151.0,32.0,1.0,57.0,4.0,0.0,13.0,3.0,0.0,2.0,1.0,7.0,29.0,0.0,1.0,20.0,4.0,13.0,1.0,8.0,1.0,1.0,2.0,1036,221,82,1.1583,5.1158,1.834,0.0965,0.0965,0.0,0.3861,0.0965,1.0618,5.9846,0.0,0.0,49.9035,0.0965,0.2896,14.5753,3.0888,0.0965,5.5019,0.3861,0.0,1.2548,0.2896,0.0,0.1931,0.0965,0.6757,2.7992,0.0,0.0965,1.9305,0.3861,1.2548,0.0965,0.7722,0.0965,0.0965,0.1931,JxP
080705,CUSCO,CHUMBIVILCAS,LIVITACA,4.0,75.0,11.0,1.0,0.0,0.0,2.0,1.0,4.0,49.0,0.0,0.0,113.0,0.0,1.0,44.0,6.0,2.0,8.0,0.0,1.0,5.0,6.0,1.0,11.0,1.0,3.0,16.0,0.0,0.0,13.0,10.0,12.0,1.0,3.0,1.0,0.0,2.0,407,77,28,0.9828,18.4275,2.7027,0.2457,0.0,0.0,0.4914,0.2457,0.9828,12.0393,0.0,0.0,27.7641,0.0,0.2457,10.8108,1.4742,0.4914,1.9656,0.0,0.2457,1.2285,1.4742,0.2457,2.7027,0.2457,0.7371,3.9312,0.0,0.0,3.1941,2.457,2.9484,0.2457,0.7371,0.2457,0.0,0.4914,JxP
080706,CUSCO,CHUMBIVILCAS,LLUSCO,26.0,49.0,15.0,1.0,1.0,0.0,3.0,3.0,12.0,53.0,0.0,2.0,788.0,2.0,0.0,173.0,26.0,1.0,78.0,4.0,1.0,14.0,4.0,1.0,5.0,5.0,10.0,60.0,0.0,0.0,37.0,7.0,14.0,2.0,4.0,1.0,1.0,0.0,1403,341,179,1.8532,3.4925,1.0691,0.0713,0.0713,0.0,0.2138,0.2138,0.8553,3.7776,0.0,0.1426,56.1654,0.1426,0.0,12.3307,1.8532,0.0713,5.5595,0.2851,0.0713,0.9979,0.2851,0.0713,0.3564,0.3564,0.7128,4.2766,0.0,0.0,2.6372,0.4989,0.9979,0.1426,0.2851,0.0713,0.0713,0.0,JxP
080707,CUSCO,CHUMBIVILCAS,QUIÑOTA,8.0,200.0,10.0,5.0,1.0,0.0,48.0,2.0,10.0,131.0,0.0,2.0,756.0,1.0,1.0,271.0,27.0,3.0,139.0,9.0,1.0,18.0,5.0,0.0,5.0,2.0,9.0,32.0,1.0,1.0,62.0,12.0,148.0,5.0,7.0,4.0,2.0,1.0,1939,427,249,0.4126,10.3146,0.5157,0.2579,0.0516,0.0,2.4755,0.1031,0.5157,6.7561,0.0,0.1031,38.9892,0.0516,0.0516,13.9763,1.3925,0.1547,7.1686,0.4642,0.0516,0.9283,0.2579,0.0,0.2579,0.1031,0.4642,1.6503,0.0516,0.0516,3.1975,0.6189,7.6328,0.2579,0.361,0.2063,0.1031,0.0516,JxP
080708,CUSCO,CHUMBIVILCAS,VELILLE,3.0,116.0,5.0,4.0,0.0,0.0,1.0,0.0,5.0,92.0,0.0,1.0,165.0,1.0,0.0,44.0,22.0,0.0,6.0,1.0,1.0,1.0,3.0,0.0,2.0,2.0,3.0,12.0,1.0,1.0,13.0,8.0,15.0,0.0,6.0,1.0,1.0,0.0,536,81,22,0.5597,21.6418,0.9328,0.7463,0.0,0.0,0.1866,0.0,0.9328,17.1642,0.0,0.1866,30.7836,0.1866,0.0,8.209,4.1045,0.0,1.1194,0.1866,0.1866,0.1866,0.5597,0.0,0.3731,0.3731,0.5597,2.2388,0.1866,0.1866,2.4254,1.4925,2.7985,0.0,1.1194,0.1866,0.1866,0.0,JxP
080709,Cusco,Chumbivilcas,,12.0,100.0,13.0,1.0,0.0,0.0,27.0,2.0,18.0,110.0,0.0,0.0,425.0,4.0,2.0,159.0,43.0,2.0,27.0,11.0,1.0,28.0,15.0,0.0,11.0,1.0,17.0,24.0,0.0,1.0,36.0,25.0,41.0,2.0,10.0,2.0,2.0,1.0,1173,329,118,1.023,8.5251,1.1083,0.0853,0.0,0.0,2.3018,0.1705,1.5345,9.3777,0.0,0.0,36.2319,0.341,0.1705,13.555,3.6658,0.1705,2.3018,0.9378,0.0853,2.387,1.2788,0.0,0.9378,0.0853,1.4493,2.046,0.0,0.0853,3.0691,2.1313,3.4953,0.1705,0.8525,0.1705,0.1705,0.0853,JxP
080710,Cusco,Chumbivilcas,,3.0,71.0,12.0,0.0,0.0,0.0,19.0,4.0,2.0,95.0,0.0,1.0,352.0,3.0,2.0,94.0,10.0,1.0,56.0,8.0,1.0,7.0,0.0,0.0,6.0,2.0,8.0,8.0,0.0,0.0,30.0,5.0,53.0,2.0,9.0,0.0,4.0,1.0,869,176,58,0.3452,8.1703,1.3809,0.0,0.0,0.0,2.1864,0.4603,0.2301,10.9321,0.0,0.1151,40.5063,0.3452,0.2301,10.817,1.1507,0.1151,6.4442,0.9206,0.1151,0.8055,0.0,0.0,0.6904,0.2301,0.9206,0.9206,0.0,0.0,3.4522,0.5754,6.099,0.2301,1.0357,0.0,0.4603,0.1151,JxP
080711,Cusco,Chumbivilcas,,13.0,41.0,10.0,4.0,0.0,0.0,7.0,5.0,9.0,63.0,0.0,2.0,939.0,0.0,2.0,246.0,11.0,3.0,54.0,8.0,0.0,21.0,2.0,1.0,6.0,4.0,7.0,5.0,0.0,1.0,42.0,12.0,23.0,4.0,6.0,5.0,0.0,0.0,1556,322,77,0.8355,2.635,0.6427,0.2571,0.0,0.0,0.4499,0.3213,0.5784,4.0488,0.0,0.1285,60.347,0.0,0.1285,15.8098,0.7069,0.1928,3.4704,0.5141,0.0,1.3496,0.1285,0.0643,0.3856,0.2571,0.4499,0.3213,0.0,0.0643,2.6992,0.7712,1.4781,0.2571,0.3856,0.3213,0.0,0.0,JxP
090101,HUANCAVELICA,HUANCAVELICA,HUANCAVELICA,334.0,3720.0,279.0,470.0,55.0,0.0,320.0,56.0,998.0,6903.0,0.0,77.0,5016.0,123.0,214.0,5933.0,4031.0,83.0,218.0,174.0,267.0,235.0,1560.0,55.0,484.0,93.0,393.0,173.0,21.0,38.0,460.0,3720.0,4971.0,29.0,1718.0,371.0,142.0,198.0,43932,5492,2218,0.7603,8.4676,0.6351,1.0698,0.1252,0.0,0.7284,0.1275,2.2717,15.7129,0.0,0.1753,11.4176,0.28,0.4871,13.505,9.1755,0.1889,0.4962,0.3961,0.6078,0.5349,3.5509,0.1252,1.1017,0.2117,0.8946,0.3938,0.0478,0.0865,1.0471,8.4676,11.3152,0.066,3.9106,0.8445,0.3232,0.4507,FP
090102,HUANCAVELICA,HUANCAVELICA,ACOBAMBILLA,44.0,261.0,42.0,24.0,13.0,0.0,26.0,26.0,70.0,2071.0,0.0,6.0,1684.0,20.0,10.0,1243.0,157.0,13.0,26.0,45.0,12.0,64.0,49.0,4.0,137.0,14.0,65.0,22.0,12.0,7.0,122.0,248.0,204.0,18.0,98.0,78.0,25.0,12.0,6972,1753,538,0.6311,3.7435,0.6024,0.3442,0.1865,0.0,0.3729,0.3729,1.004,29.7045,0.0,0.0861,24.1538,0.2869,0.1434,17.8285,2.2519,0.1865,0.3729,0.6454,0.1721,0.918,0.7028,0.0574,1.965,0.2008,0.9323,0.3155,0.1721,0.1004,1.7499,3.5571,2.926,0.2582,1.4056,1.1188,0.3586,0.1721,FP
090103,HUANCAVELICA,HUANCAVELICA,ACORIA,46.0,187.0,36.0,22.0,8.0,0.0,21.0,44.0,75.0,734.0,0.0,1.0,4955.0,17.0,5.0,783.0,103.0,21.0,62.0,43.0,11.0,74.0,46.0,8.0,89.0,16.0,62.0,47.0,5.0,5.0,183.0,196.0,160.0,24.0,63.0,38.0,17.0,5.0,8212,2002,766,0.5602,2.2772,0.4384,0.2679,0.0974,0.0,0.2557,0.5358,0.9133,8.9381,0.0,0.0122,60.3385,0.207,0.0609,9.5348,1.2543,0.2557,0.755,0.5236,0.134,0.9011,0.5602,0.0974,1.0838,0.1948,0.755,0.5723,0.0609,0.0609,2.2284,2.3868,1.9484,0.2923,0.7672,0.4627,0.207,0.0609,JxP
090104,HUANCAVELICA,HUANCAVELICA,CONAYCA,14.0,83.0,4.0,6.0,4.0,0.0,13.0,6.0,15.0,137.0,0.0,1.0,1443.0,6.0,3.0,295.0,48.0,1.0,47.0,12.0,13.0,36.0,7.0,1.0,16.0,0.0,14.0,9.0,3.0,1.0,58.0,52.0,53.0,13.0,17.0,31.0,2.0,1.0,2465,662,179,0.568,3.3671,0.1623,0.2434,0.1623,0.0,0.5274,0.2434,0.6085,5.5578,0.0,0.0406,58.5396,0.2434,0.1217,11.9675,1.9473,0.0406,1.9067,0.4868,0.5274,1.4604,0.284,0.0406,0.6491,0.0,0.568,0.3651,0.1217,0.0406,2.3529,2.1095,2.1501,0.5274,0.6897,1.2576,0.0811,0.0406,JxP
090105,HUANCAVELICA,HUANCAVELICA,CUENCA,17.0,90.0,17.0,11.0,5.0,0.0,10.0,16.0,37.0,257.0,0.0,0.0,1421.0,7.0,4.0,390.0,63.0,4.0,32.0,12.0,2.0,16.0,30.0,4.0,9.0,3.0,22.0,11.0,1.0,0.0,57.0,112.0,73.0,5.0,38.0,19.0,2.0,4.0,2801,569,223,0.6069,3.2131,0.6069,0.3927,0.1785,0.0,0.357,0.5712,1.321,9.1753,0.0,0.0,50.7319,0.2499,0.1428,13.9236,2.2492,0.1428,1.1424,0.4284,0.0714,0.5712,1.071,0.1428,0.3213,0.1071,0.7854,0.3927,0.0357,0.0,2.035,3.9986,2.6062,0.1785,1.3567,0.6783,0.0714,0.1428,JxP
090106,HUANCAVELICA,HUANCAVELICA,HUACHOCOLPA,35.0,182.0,38.0,13.0,5.0,0.0,14.0,13.0,47.0,398.0,0.0,4.0,1030.0,26.0,8.0,493.0,77.0,10.0,39.0,23.0,8.0,36.0,43.0,4.0,37.0,8.0,25.0,15.0,2.0,3.0,76.0,211.0,118.0,4.0,69.0,43.0,8.0,9.0,3174,760,230,1.1027,5.7341,1.1972,0.4096,0.1575,0.0,0.4411,0.4096,1.4808,12.5394,0.0,0.126,32.4512,0.8192,0.252,15.5325,2.426,0.3151,1.2287,0.7246,0.252,1.1342,1.3548,0.126,1.1657,0.252,0.7876,0.4726,0.063,0.0945,2.3945,6.6478,3.7177,0.126,2.1739,1.3548,0.252,0.2836,JxP
090107,HUANCAVELICA,HUANCAVELICA,HUAYLLAHUARA,8.0,29.0,11.0,3.0,1.0,0.0,5.0,6.0,6.0,68.0,0.0,8.0,1002.0,5.0,3.0,140.0,15.0,2.0,10.0,12.0,2.0,14.0,1.0,0.0,8.0,2.0,24.0,5.0,1.0,0.0,49.0,20.0,19.0,7.0,9.0,14.0,4.0,2.0,1515,350,143,0.5281,1.9142,0.7261,0.198,0.066,0.0,0.33,0.396,0.396,4.4884,0.0,0.5281,66.1386,0.33,0.198,9.2409,0.9901,0.132,0.6601,0.7921,0.132,0.9241,0.066,0.0,0.5281,0.132,1.5842,0.33,0.066,0.0,3.2343,1.3201,1.2541,0.462,0.5941,0.9241,0.264,0.132,JxP
090108,HUANCAVELICA,HUANCAVELICA,IZCUCHACA,65.0,256.0,54.0,17.0,10.0,0.0,37.0,43.0,141.0,1229.0,0.0,11.0,4513.0,21.0,32.0,1258.0,230.0,22.0,63.0,60.0,16.0,104.0,110.0,6.0,139.0,16.0,108.0,50.0,7.0,14.0,256.0,369.0,281.0,34.0,128.0,123.0,28.0,11.0,9862,3053,1084,0.6591,2.5958,0.5476,0.1724,0.1014,0.0,0.3752,0.436,1.4297,12.462,0.0,0.1115,45.7615,0.2129,0.3245,12.756,2.3322,0.2231,0.6388,0.6084,0.1622,1.0546,1.1154,0.0608,1.4095,0.1622,1.0951,0.507,0.071,0.142,2.5958,3.7416,2.8493,0.3448,1.2979,1.2472,0.2839,0.1115,JxP
090109,HUANCAVELICA,HUANCAVELICA,LARIA,12.0,40.0,8.0,3.0,1.0,0.0,6.0,7.0,28.0,110.0,0.0,1.0,710.0,16.0,2.0,194.0,17.0,3.0,7.0,2.0,0.0,6.0,9.0,4.0,10.0,4.0,4.0,4.0,0.0,0.0,34.0,54.0,92.0,1.0,20.0,6.0,6.0,2.0,1423,360,91,0.8433,2.811,0.5622,0.2108,0.0703,0.0,0.4216,0.4919,1.9677,7.7301,0.0,0.0703,49.8946,1.1244,0.1405,13.6332,1.1947,0.2108,0.4919,0.1405,0.0,0.4216,0.6325,0.2811,0.7027,0.2811,0.2811,0.2811,0.0,0.0,2.3893,3.7948,6.4652,0.0703,1.4055,0.4216,0.4216,0.1405,JxP
090110,HUANCAVELICA,HUANCAVELICA,MANTA,332.0,3999.0,289.0,274.0,61.0,0.0,339.0,78.0,1097.0,6445.0,0.0,82.0,5382.0,159.0,212.0,6397.0,3993.0,63.0,224.0,175.0,248.0,245.0,1521.0,26.0,549.0,89.0,444.0,144.0,20.0,40.0,566.0,3731.0,3865.0,36.0,1633.0,402.0,131.0,179.0,43470,5505,2526,0.7637,9.1994,0.6648,0.6303,0.1403,0.0,0.7798,0.1794,2.5236,14.8263,0.0,0.1886,12.381,0.3658,0.4877,14.7159,9.1856,0.1449,0.5153,0.4026,0.5705,0.5636,3.499,0.0598,1.2629,0.2047,1.0214,0.3313,0.046,0.092,1.302,8.5829,8.8912,0.0828,3.7566,0.9248,0.3014,0.4118,FP
090111,HUANCAVELICA,HUANCAVELICA,MARISCAL CÁCERES,178.0,2085.0,121.0,90.0,29.0,0.0,174.0,40.0,523.0,2599.0,0.0,37.0,2958.0,37.0,84.0,3209.0,1754.0,28.0,168.0,66.0,94.0,109.0,577.0,16.0,205.0,23.0,245.0,52.0,11.0,15.0,261.0,1437.0,1166.0,13.0,808.0,133.0,39.0,49.0,19433,2229,997,0.916,10.7292,0.6227,0.4631,0.1492,0.0,0.8954,0.2058,2.6913,13.3742,0.0,0.1904,15.2215,0.1904,0.4323,16.5131,9.0259,0.1441,0.8645,0.3396,0.4837,0.5609,2.9692,0.0823,1.0549,0.1184,1.2607,0.2676,0.0566,0.0772,1.3431,7.3946,6.0001,0.0669,4.1579,0.6844,0.2007,0.2521,Obras
090112,HUANCAVELICA,HUANCAVELICA,MOYA,15.0,50.0,6.0,0.0,3.0,0.0,2.0,3.0,11.0,115.0,0.0,1.0,883.0,7.0,1.0,241.0,27.0,3.0,19.0,9.0,3.0,12.0,2.0,0.0,17.0,0.0,16.0,5.0,1.0,1.0,33.0,43.0,32.0,0.0,14.0,16.0,0.0,4.0,1595,346,116,0.9404,3.1348,0.3762,0.0,0.1881,0.0,0.1254,0.1881,0.6897,7.21,0.0,0.0627,55.3605,0.4389,0.0627,15.1097,1.6928,0.1881,1.1912,0.5643,0.1881,0.7524,0.1254,0.0,1.0658,0.0,1.0031,0.3135,0.0627,0.0627,2.069,2.6959,2.0063,0.0,0.8777,1.0031,0.0,0.2508,JxP
090113,HUANCAVELICA,HUANCAVELICA,NUEVO OCCORO,35.0,97.0,21.0,11.0,7.0,0.0,7.0,26.0,50.0,460.0,0.0,1.0,2234.0,6.0,8.0,593.0,57.0,6.0,25.0,23.0,6.0,27.0,21.0,2.0,74.0,5.0,37.0,13.0,1.0,2.0,91.0,105.0,98.0,9.0,51.0,28.0,6.0,2.0,4245,972,369,0.8245,2.285,0.4947,0.2591,0.1649,0.0,0.1649,0.6125,1.1779,10.8363,0.0,0.0236,52.6266,0.1413,0.1885,13.9694,1.3428,0.1413,0.5889,0.5418,0.1413,0.636,0.4947,0.0471,1.7432,0.1178,0.8716,0.3062,0.0236,0.0471,2.1437,2.4735,2.3086,0.212,1.2014,0.6596,0.1413,0.0471,JxP
090201,HUANCAVELICA,ACOBAMBA,ACOBAMBA,65.0,483.0,89.0,59.0,10.0,0.0,45.0,28.0,143.0,1632.0,0.0,11.0,2393.0,21.0,20.0,1272.0,359.0,18.0,60.0,81.0,16.0,82.0,143.0,3.0,116.0,24.0,101.0,28.0,4.0,5.0,194.0,396.0,605.0,19.0,225.0,90.0,18.0,21.0,8879,1995,789,0.7321,5.4398,1.0024,0.6645,0.1126,0.0,0.5068,0.3154,1.6105,18.3804,0.0,0.1239,26.9512,0.2365,0.2253,14.3259,4.0432,0.2027,0.6758,0.9123,0.1802,0.9235,1.6105,0.0338,1.3065,0.2703,1.1375,0.3154,0.0451,0.0563,2.1849,4.46,6.8138,0.214,2.5341,1.0136,0.2027,0.2365,JxP
090202,HUANCAVELICA,ACOBAMBA,ANDABAMBA,6.0,67.0,36.0,2.0,0.0,0.0,3.0,2.0,10.0,181.0,0.0,6.0,680.0,6.0,4.0,185.0,29.0,0.0,11.0,12.0,0.0,10.0,9.0,2.0,12.0,5.0,19.0,5.0,0.0,0.0,58.0,36.0,60.0,2.0,8.0,16.0,2.0,1.0,1485,349,121,0.404,4.5118,2.4242,0.1347,0.0,0.0,0.202,0.1347,0.6734,12.1886,0.0,0.404,45.7912,0.404,0.2694,12.4579,1.9529,0.0,0.7407,0.8081,0.0,0.6734,0.6061,0.1347,0.8081,0.3367,1.2795,0.3367,0.0,0.0,3.9057,2.4242,4.0404,0.1347,0.5387,1.0774,0.1347,0.0673,JxP
090203,HUANCAVELICA,ACOBAMBA,ANTA,7.0,22.0,8.0,1.0,0.0,0.0,3.0,6.0,8.0,69.0,0.0,5.0,508.0,0.0,3.0,148.0,12.0,0.0,4.0,5.0,0.0,7.0,9.0,1.0,6.0,0.0,4.0,0.0,0.0,1.0,24.0,18.0,38.0,2.0,9.0,12.0,1.0,0.0,941,206,63,0.7439,2.3379,0.8502,0.1063,0.0,0.0,0.3188,0.6376,0.8502,7.3326,0.0,0.5313,53.9851,0.0,0.3188,15.7279,1.2752,0.0,0.4251,0.5313,0.0,0.7439,0.9564,0.1063,0.6376,0.0,0.4251,0.0,0.0,0.1063,2.5505,1.9129,4.0383,0.2125,0.9564,1.2752,0.1063,0.0,JxP
090204,HUANCAVELICA,ACOBAMBA,CAJA,31.0,148.0,65.0,10.0,5.0,0.0,23.0,6.0,48.0,695.0,0.0,3.0,974.0,14.0,5.0,452.0,121.0,1.0,29.0,22.0,13.0,28.0,37.0,4.0,60.0,8.0,49.0,8.0,2.0,3.0,84.0,209.0,154.0,8.0,48.0,19.0,3.0,5.0,3394,811,236,0.9134,4.3606,1.9151,0.2946,0.1473,0.0,0.6777,0.1768,1.4143,20.4773,0.0,0.0884,28.6977,0.4125,0.1473,13.3176,3.5651,0.0295,0.8544,0.6482,0.383,0.825,1.0902,0.1179,1.7678,0.2357,1.4437,0.2357,0.0589,0.0884,2.475,6.1579,4.5374,0.2357,1.4143,0.5598,0.0884,0.1473,JxP
090205,HUANCAVELICA,ACOBAMBA,MARCAS,17.0,108.0,45.0,14.0,4.0,0.0,16.0,18.0,42.0,679.0,0.0,10.0,1474.0,8.0,9.0,433.0,96.0,4.0,32.0,24.0,4.0,35.0,39.0,9.0,70.0,11.0,32.0,19.0,3.0,1.0,150.0,123.0,153.0,12.0,47.0,77.0,6.0,8.0,3832,1009,346,0.4436,2.8184,1.1743,0.3653,0.1044,0.0,0.4175,0.4697,1.096,17.7192,0.0,0.261,38.4656,0.2088,0.2349,11.2996,2.5052,0.1044,0.8351,0.6263,0.1044,0.9134,1.0177,0.2349,1.8267,0.2871,0.8351,0.4958,0.0783,0.0261,3.9144,3.2098,3.9927,0.3132,1.2265,2.0094,0.1566,0.2088,JxP
090206,HUANCAVELICA,ACOBAMBA,PAUCARA,9.0,22.0,1.0,3.0,4.0,0.0,2.0,3.0,13.0,157.0,0.0,1.0,298.0,1.0,5.0,159.0,12.0,3.0,11.0,6.0,1.0,3.0,3.0,0.0,16.0,0.0,7.0,6.0,0.0,0.0,18.0,79.0,45.0,0.0,7.0,5.0,2.0,0.0,902,170,121,0.9978,2.439,0.1109,0.3326,0.4435,0.0,0.2217,0.3326,1.4412,17.4058,0.0,0.1109,33.0377,0.1109,0.5543,17.6275,1.3304,0.3326,1.2195,0.6652,0.1109,0.3326,0.3326,0.0,1.7738,0.0,0.7761,0.6652,0.0,0.0,1.9956,8.7583,4.9889,0.0,0.7761,0.5543,0.2217,0.0,JxP
090207,HUANCAVELICA,ACOBAMBA,POMACOCHA,27.0,145.0,24.0,11.0,5.0,0.0,12.0,9.0,28.0,493.0,0.0,1.0,2576.0,8.0,8.0,451.0,63.0,9.0,29.0,32.0,24.0,32.0,20.0,2.0,38.0,6.0,39.0,14.0,2.0,3.0,149.0,105.0,183.0,8.0,37.0,18.0,10.0,2.0,4623,1101,310,0.584,3.1365,0.5191,0.2379,0.1082,0.0,0.2596,0.1947,0.6057,10.6641,0.0,0.0216,55.7214,0.173,0.173,9.7556,1.3628,0.1947,0.6273,0.6922,0.5191,0.6922,0.4326,0.0433,0.822,0.1298,0.8436,0.3028,0.0433,0.0649,3.223,2.2713,3.9585,0.173,0.8003,0.3894,0.2163,0.0433,JxP
090208,HUANCAVELICA,ACOBAMBA,ROSARIO,15.0,161.0,32.0,11.0,1.0,0.0,13.0,8.0,29.0,501.0,0.0,3.0,303.0,4.0,10.0,316.0,101.0,2.0,35.0,10.0,1.0,9.0,28.0,0.0,26.0,2.0,9.0,18.0,2.0,2.0,37.0,181.0,198.0,0.0,54.0,7.0,5.0,6.0,2140,450,237,0.7009,7.5234,1.4953,0.514,0.0467,0.0,0.6075,0.3738,1.3551,23.4112,0.0,0.1402,14.1589,0.1869,0.4673,14.7664,4.7196,0.0935,1.6355,0.4673,0.0467,0.4206,1.3084,0.0,1.215,0.0935,0.4206,0.8411,0.0935,0.0935,1.729,8.4579,9.2523,0.0,2.5234,0.3271,0.2336,0.2804,FP
090301,HUANCAVELICA,ANGARAES,LIRCAY,13.0,142.0,5.0,13.0,1.0,0.0,23.0,7.0,12.0,170.0,0.0,0.0,706.0,7.0,0.0,225.0,78.0,2.0,15.0,12.0,16.0,10.0,15.0,3.0,9.0,5.0,15.0,4.0,1.0,0.0,52.0,67.0,71.0,5.0,29.0,14.0,0.0,2.0,1749,408,97,0.7433,8.1189,0.2859,0.7433,0.0572,0.0,1.315,0.4002,0.6861,9.7198,0.0,0.0,40.3659,0.4002,0.0,12.8645,4.4597,0.1144,0.8576,0.6861,0.9148,0.5718,0.8576,0.1715,0.5146,0.2859,0.8576,0.2287,0.0572,0.0,2.9731,3.8308,4.0595,0.2859,1.6581,0.8005,0.0,0.1144,JxP
090307,HUANCAVELICA,ANGARAES,HUANCA-HUANCA,14.0,62.0,5.0,3.0,0.0,0.0,8.0,13.0,13.0,90.0,0.0,1.0,722.0,8.0,0.0,162.0,76.0,0.0,29.0,9.0,2.0,18.0,3.0,0.0,13.0,2.0,6.0,6.0,0.0,1.0,71.0,32.0,71.0,2.0,18.0,17.0,8.0,0.0,1485,432,123,0.9428,4.1751,0.3367,0.202,0.0,0.0,0.5387,0.8754,0.8754,6.0606,0.0,0.0673,48.6195,0.5387,0.0,10.9091,5.1178,0.0,1.9529,0.6061,0.1347,1.2121,0.202,0.0,0.8754,0.1347,0.404,0.404,0.0,0.0673,4.7811,2.1549,4.7811,0.1347,1.2121,1.1448,0.5387,0.0,JxP
090312,HUANCAVELICA,ANGARAES,SECCLLA,8.0,40.0,10.0,2.0,3.0,0.0,14.0,12.0,6.0,101.0,0.0,1.0,1109.0,4.0,3.0,158.0,17.0,4.0,20.0,8.0,2.0,18.0,15.0,1.0,21.0,4.0,10.0,11.0,1.0,1.0,59.0,38.0,27.0,5.0,9.0,16.0,1.0,1.0,1760,506,196,0.4545,2.2727,0.5682,0.1136,0.1705,0.0,0.7955,0.6818,0.3409,5.7386,0.0,0.0568,63.0114,0.2273,0.1705,8.9773,0.9659,0.2273,1.1364,0.4545,0.1136,1.0227,0.8523,0.0568,1.1932,0.2273,0.5682,0.625,0.0568,0.0568,3.3523,2.1591,1.5341,0.2841,0.5114,0.9091,0.0568,0.0568,JxP
090314,Huancavelica,Angaraes,,29.0,156.0,14.0,24.0,7.0,0.0,14.0,14.0,27.0,326.0,0.0,3.0,1067.0,11.0,6.0,313.0,48.0,1.0,24.0,18.0,0.0,19.0,14.0,6.0,20.0,7.0,21.0,15.0,6.0,3.0,83.0,109.0,84.0,4.0,27.0,13.0,7.0,2.0,2542,652,209,1.1408,6.1369,0.5507,0.9441,0.2754,0.0,0.5507,0.5507,1.0622,12.8245,0.0,0.118,41.9748,0.4327,0.236,12.3131,1.8883,0.0393,0.9441,0.7081,0.0,0.7474,0.5507,0.236,0.7868,0.2754,0.8261,0.5901,0.236,0.118,3.2651,4.288,3.3045,0.1574,1.0622,0.5114,0.2754,0.0787,JxP
090316,Huancavelica,Angaraes,,11.0,34.0,0.0,2.0,0.0,0.0,3.0,1.0,6.0,25.0,0.0,1.0,152.0,0.0,3.0,116.0,7.0,0.0,3.0,0.0,0.0,7.0,6.0,0.0,3.0,0.0,5.0,2.0,0.0,2.0,9.0,7.0,20.0,0.0,8.0,5.0,0.0,0.0,438,105,31,2.5114,7.7626,0.0,0.4566,0.0,0.0,0.6849,0.2283,1.3699,5.7078,0.0,0.2283,34.7032,0.0,0.6849,26.484,1.5982,0.0,0.6849,0.0,0.0,1.5982,1.3699,0.0,0.6849,0.0,1.1416,0.4566,0.0,0.4566,2.0548,1.5982,4.5662,0.0,1.8265,1.1416,0.0,0.0,JxP
090317,Huancavelica,Angaraes,,14.0,157.0,15.0,3.0,2.0,0.0,9.0,4.0,21.0,377.0,0.0,1.0,1102.0,10.0,1.0,300.0,59.0,7.0,12.0,12.0,3.0,18.0,20.0,0.0,14.0,4.0,9.0,5.0,3.0,1.0,77.0,69.0,62.0,4.0,30.0,34.0,5.0,0.0,2464,512,211,0.5682,6.3718,0.6088,0.1218,0.0812,0.0,0.3653,0.1623,0.8523,15.3003,0.0,0.0406,44.724,0.4058,0.0406,12.1753,2.3945,0.2841,0.487,0.487,0.1218,0.7305,0.8117,0.0,0.5682,0.1623,0.3653,0.2029,0.1218,0.0406,3.125,2.8003,2.5162,0.1623,1.2175,1.3799,0.2029,0.0,JxP
090321,Huancavelica,Angaraes,,9.0,34.0,3.0,1.0,0.0,0.0,2.0,5.0,4.0,167.0,0.0,1.0,355.0,3.0,1.0,83.0,10.0,1.0,18.0,9.0,0.0,7.0,4.0,0.0,6.0,1.0,3.0,0.0,0.0,1.0,22.0,18.0,22.0,2.0,8.0,73.0,1.0,0.0,874,202,106,1.0297,3.8902,0.3432,0.1144,0.0,0.0,0.2288,0.5721,0.4577,19.1076,0.0,0.1144,40.6178,0.3432,0.1144,9.4966,1.1442,0.1144,2.0595,1.0297,0.0,0.8009,0.4577,0.0,0.6865,0.1144,0.3432,0.0,0.0,0.1144,2.5172,2.0595,2.5172,0.2288,0.9153,8.3524,0.1144,0.0,JxP
090322,Huancavelica,Angaraes,,13.0,78.0,2.0,11.0,0.0,0.0,6.0,3.0,11.0,88.0,0.0,0.0,690.0,8.0,1.0,187.0,10.0,2.0,14.0,10.0,0.0,32.0,6.0,1.0,26.0,0.0,4.0,4.0,1.0,1.0,56.0,37.0,48.0,2.0,12.0,12.0,0.0,0.0,1376,253,69,0.9448,5.6686,0.1453,0.7994,0.0,0.0,0.436,0.218,0.7994,6.3953,0.0,0.0,50.1453,0.5814,0.0727,13.5901,0.7267,0.1453,1.0174,0.7267,0.0,2.3256,0.436,0.0727,1.8895,0.0,0.2907,0.2907,0.0727,0.0727,4.0698,2.689,3.4884,0.1453,0.8721,0.8721,0.0,0.0,JxP
090323,Huancavelica,Angaraes,,10.0,62.0,4.0,3.0,2.0,0.0,13.0,6.0,13.0,161.0,0.0,1.0,393.0,7.0,0.0,160.0,26.0,1.0,23.0,6.0,0.0,16.0,4.0,3.0,24.0,4.0,9.0,3.0,0.0,1.0,43.0,42.0,31.0,6.0,6.0,41.0,9.0,1.0,1134,262,93,0.8818,5.4674,0.3527,0.2646,0.1764,0.0,1.1464,0.5291,1.1464,14.1975,0.0,0.0882,34.6561,0.6173,0.0,14.1093,2.2928,0.0882,2.0282,0.5291,0.0,1.4109,0.3527,0.2646,2.1164,0.3527,0.7937,0.2646,0.0,0.0882,3.7919,3.7037,2.7337,0.5291,0.5291,3.6155,0.7937,0.0882,JxP
090401,HUANCAVELICA,CASTROVIRREYNA,CASTROVIRREYNA,64.0,325.0,38.0,29.0,6.0,0.0,29.0,15.0,80.0,465.0,0.0,4.0,1702.0,19.0,11.0,852.0,110.0,7.0,88.0,34.0,5.0,64.0,34.0,2.0,40.0,18.0,54.0,20.0,6.0,17.0,147.0,214.0,133.0,10.0,56.0,25.0,11.0,11.0,4745,1379,397,1.3488,6.8493,0.8008,0.6112,0.1264,0.0,0.6112,0.3161,1.686,9.7998,0.0,0.0843,35.8693,0.4004,0.2318,17.9557,2.3182,0.1475,1.8546,0.7165,0.1054,1.3488,0.7165,0.0421,0.843,0.3793,1.138,0.4215,0.1264,0.3583,3.098,4.51,2.803,0.2107,1.1802,0.5269,0.2318,0.2318,JxP
090402,HUANCAVELICA,CASTROVIRREYNA,ARMA,13.0,16.0,5.0,2.0,0.0,0.0,2.0,1.0,4.0,63.0,0.0,0.0,233.0,3.0,0.0,120.0,12.0,1.0,4.0,9.0,0.0,18.0,1.0,1.0,5.0,2.0,4.0,4.0,2.0,1.0,14.0,22.0,9.0,3.0,3.0,7.0,1.0,0.0,585,126,36,2.2222,2.735,0.8547,0.3419,0.0,0.0,0.3419,0.1709,0.6838,10.7692,0.0,0.0,39.8291,0.5128,0.0,20.5128,2.0513,0.1709,0.6838,1.5385,0.0,3.0769,0.1709,0.1709,0.8547,0.3419,0.6838,0.6838,0.3419,0.1709,2.3932,3.7607,1.5385,0.5128,0.5128,1.1966,0.1709,0.0,JxP
090403,HUANCAVELICA,CASTROVIRREYNA,AURAHUA,14.0,94.0,12.0,2.0,2.0,0.0,3.0,6.0,11.0,182.0,0.0,1.0,784.0,54.0,1.0,244.0,33.0,1.0,22.0,10.0,3.0,24.0,19.0,1.0,11.0,4.0,13.0,5.0,2.0,0.0,48.0,33.0,40.0,1.0,22.0,20.0,4.0,1.0,1727,361,129,0.8107,5.443,0.6948,0.1158,0.1158,0.0,0.1737,0.3474,0.6369,10.5385,0.0,0.0579,45.3966,3.1268,0.0579,14.1285,1.9108,0.0579,1.2739,0.579,0.1737,1.3897,1.1002,0.0579,0.6369,0.2316,0.7528,0.2895,0.1158,0.0,2.7794,1.9108,2.3162,0.0579,1.2739,1.1581,0.2316,0.0579,JxP
090404,HUANCAVELICA,CASTROVIRREYNA,CAPILLAS,44.0,120.0,9.0,3.0,7.0,0.0,4.0,15.0,32.0,162.0,0.0,4.0,927.0,11.0,3.0,312.0,17.0,3.0,61.0,16.0,3.0,29.0,9.0,1.0,17.0,6.0,24.0,8.0,4.0,0.0,85.0,37.0,39.0,5.0,9.0,27.0,7.0,0.0,2060,649,312,2.1359,5.8252,0.4369,0.1456,0.3398,0.0,0.1942,0.7282,1.5534,7.8641,0.0,0.1942,45.0,0.534,0.1456,15.1456,0.8252,0.1456,2.9612,0.7767,0.1456,1.4078,0.4369,0.0485,0.8252,0.2913,1.165,0.3883,0.1942,0.0,4.1262,1.7961,1.8932,0.2427,0.4369,1.3107,0.3398,0.0,JxP
090405,HUANCAVELICA,CASTROVIRREYNA,CHUPAMARCA,10.0,17.0,12.0,0.0,1.0,0.0,3.0,6.0,4.0,50.0,0.0,0.0,125.0,1.0,1.0,60.0,1.0,1.0,1.0,3.0,1.0,2.0,2.0,0.0,2.0,4.0,6.0,0.0,1.0,2.0,10.0,13.0,35.0,3.0,3.0,8.0,2.0,0.0,390,139,47,2.5641,4.359,3.0769,0.0,0.2564,0.0,0.7692,1.5385,1.0256,12.8205,0.0,0.0,32.0513,0.2564,0.2564,15.3846,0.2564,0.2564,0.2564,0.7692,0.2564,0.5128,0.5128,0.0,0.5128,1.0256,1.5385,0.0,0.2564,0.5128,2.5641,3.3333,8.9744,0.7692,0.7692,2.0513,0.5128,0.0,JxP
090406,HUANCAVELICA,CASTROVIRREYNA,COCAS,20.0,88.0,5.0,2.0,0.0,0.0,8.0,5.0,4.0,77.0,0.0,0.0,742.0,2.0,7.0,165.0,12.0,0.0,8.0,9.0,1.0,22.0,0.0,1.0,15.0,1.0,10.0,4.0,1.0,1.0,52.0,28.0,34.0,0.0,8.0,12.0,1.0,0.0,1345,358,83,1.487,6.5428,0.3717,0.1487,0.0,0.0,0.5948,0.3717,0.2974,5.7249,0.0,0.0,55.1673,0.1487,0.5204,12.2677,0.8922,0.0,0.5948,0.6691,0.0743,1.6357,0.0,0.0743,1.1152,0.0743,0.7435,0.2974,0.0743,0.0743,3.8662,2.0818,2.5279,0.0,0.5948,0.8922,0.0743,0.0,JxP
090407,HUANCAVELICA,CASTROVIRREYNA,HUACHOS,275.0,295.0,34.0,17.0,10.0,0.0,26.0,18.0,76.0,561.0,0.0,5.0,1936.0,10.0,15.0,885.0,141.0,10.0,126.0,35.0,8.0,68.0,47.0,5.0,116.0,12.0,67.0,26.0,3.0,4.0,127.0,228.0,177.0,8.0,93.0,46.0,27.0,8.0,5545,1410,345,4.9594,5.3201,0.6132,0.3066,0.1803,0.0,0.4689,0.3246,1.3706,10.1172,0.0,0.0902,34.9143,0.1803,0.2705,15.9603,2.5428,0.1803,2.2723,0.6312,0.1443,1.2263,0.8476,0.0902,2.092,0.2164,1.2083,0.4689,0.0541,0.0721,2.2904,4.1118,3.1921,0.1443,1.6772,0.8296,0.4869,0.1443,JxP
090408,HUANCAVELICA,CASTROVIRREYNA,HUAMATAMBO,16.0,47.0,2.0,1.0,1.0,0.0,1.0,5.0,4.0,71.0,0.0,0.0,350.0,3.0,4.0,159.0,41.0,1.0,13.0,6.0,0.0,6.0,3.0,0.0,5.0,4.0,11.0,3.0,0.0,3.0,21.0,29.0,19.0,4.0,11.0,2.0,1.0,0.0,847,175,59,1.889,5.549,0.2361,0.1181,0.1181,0.0,0.1181,0.5903,0.4723,8.3825,0.0,0.0,41.3223,0.3542,0.4723,18.7721,4.8406,0.1181,1.5348,0.7084,0.0,0.7084,0.3542,0.0,0.5903,0.4723,1.2987,0.3542,0.0,0.3542,2.4793,3.4238,2.2432,0.4723,1.2987,0.2361,0.1181,0.0,JxP
090409,HUANCAVELICA,CASTROVIRREYNA,MOLLEPAMPA,41.0,135.0,8.0,5.0,2.0,0.0,10.0,11.0,19.0,114.0,0.0,3.0,839.0,6.0,4.0,246.0,28.0,1.0,39.0,17.0,1.0,22.0,9.0,0.0,17.0,4.0,18.0,6.0,2.0,2.0,78.0,50.0,49.0,7.0,9.0,23.0,3.0,3.0,1831,489,214,2.2392,7.373,0.4369,0.2731,0.1092,0.0,0.5461,0.6008,1.0377,6.2261,0.0,0.1638,45.822,0.3277,0.2185,13.4353,1.5292,0.0546,2.13,0.9285,0.0546,1.2015,0.4915,0.0,0.9285,0.2185,0.9831,0.3277,0.1092,0.1092,4.26,2.7307,2.6761,0.3823,0.4915,1.2561,0.1638,0.1638,JxP
090410,HUANCAVELICA,CASTROVIRREYNA,SAN JUAN,25.0,38.0,8.0,2.0,0.0,0.0,1.0,5.0,8.0,105.0,0.0,2.0,463.0,2.0,2.0,107.0,12.0,1.0,17.0,5.0,1.0,13.0,8.0,0.0,6.0,1.0,13.0,6.0,1.0,1.0,29.0,117.0,15.0,1.0,5.0,1.0,1.0,1.0,1023,305,117,2.4438,3.7146,0.782,0.1955,0.0,0.0,0.0978,0.4888,0.782,10.2639,0.0,0.1955,45.259,0.1955,0.1955,10.4594,1.173,0.0978,1.6618,0.4888,0.0978,1.2708,0.782,0.0,0.5865,0.0978,1.2708,0.5865,0.0978,0.0978,2.8348,11.437,1.4663,0.0978,0.4888,0.0978,0.0978,0.0978,JxP
090411,HUANCAVELICA,CASTROVIRREYNA,SANTA ANA,9.0,51.0,1.0,0.0,4.0,0.0,7.0,6.0,9.0,89.0,0.0,1.0,225.0,1.0,1.0,102.0,17.0,0.0,8.0,6.0,0.0,13.0,5.0,1.0,6.0,0.0,4.0,5.0,1.0,0.0,25.0,35.0,16.0,5.0,1.0,14.0,0.0,0.0,668,217,65,1.3473,7.6347,0.1497,0.0,0.5988,0.0,1.0479,0.8982,1.3473,13.3234,0.0,0.1497,33.6826,0.1497,0.1497,15.2695,2.5449,0.0,1.1976,0.8982,0.0,1.9461,0.7485,0.1497,0.8982,0.0,0.5988,0.7485,0.1497,0.0,3.7425,5.2395,2.3952,0.7485,0.1497,2.0958,0.0,0.0,JxP
090501,HUANCAVELICA,CHURCAMPA,CHURCAMPA,28.0,119.0,41.0,8.0,9.0,0.0,58.0,18.0,37.0,1061.0,0.0,4.0,1573.0,20.0,10.0,465.0,62.0,8.0,44.0,32.0,3.0,51.0,16.0,0.0,34.0,10.0,40.0,14.0,4.0,4.0,114.0,284.0,88.0,10.0,14.0,37.0,10.0,2.0,4332,1633,589,0.6464,2.747,0.9464,0.1847,0.2078,0.0,1.3389,0.4155,0.8541,24.4922,0.0,0.0923,36.3112,0.4617,0.2308,10.7341,1.4312,0.1847,1.0157,0.7387,0.0693,1.1773,0.3693,0.0,0.7849,0.2308,0.9234,0.3232,0.0923,0.0923,2.6316,6.5559,2.0314,0.2308,0.3232,0.8541,0.2308,0.0462,JxP
090502,HUANCAVELICA,CHURCAMPA,ANCO,17.0,77.0,10.0,3.0,1.0,0.0,5.0,7.0,27.0,332.0,0.0,5.0,1038.0,4.0,4.0,209.0,22.0,2.0,25.0,10.0,2.0,23.0,4.0,1.0,9.0,3.0,29.0,4.0,0.0,5.0,63.0,82.0,49.0,5.0,18.0,6.0,8.0,4.0,2113,576,190,0.8045,3.6441,0.4733,0.142,0.0473,0.0,0.2366,0.3313,1.2778,15.7123,0.0,0.2366,49.1245,0.1893,0.1893,9.8912,1.0412,0.0947,1.1832,0.4733,0.0947,1.0885,0.1893,0.0473,0.4259,0.142,1.3725,0.1893,0.0,0.2366,2.9815,3.8807,2.319,0.2366,0.8519,0.284,0.3786,0.1893,JxP
090505,HUANCAVELICA,CHURCAMPA,LA MERCED,12.0,16.0,13.0,1.0,0.0,0.0,4.0,5.0,2.0,47.0,0.0,0.0,268.0,4.0,4.0,40.0,6.0,1.0,3.0,6.0,1.0,7.0,0.0,0.0,12.0,3.0,7.0,2.0,2.0,0.0,35.0,64.0,30.0,5.0,4.0,3.0,0.0,0.0,607,328,92,1.9769,2.6359,2.1417,0.1647,0.0,0.0,0.659,0.8237,0.3295,7.743,0.0,0.0,44.1516,0.659,0.659,6.5898,0.9885,0.1647,0.4942,0.9885,0.1647,1.1532,0.0,0.0,1.9769,0.4942,1.1532,0.3295,0.3295,0.0,5.7661,10.5437,4.9423,0.8237,0.659,0.4942,0.0,0.0,JxP
090506,HUANCAVELICA,CHURCAMPA,LOCROJA,17.0,49.0,5.0,2.0,3.0,0.0,10.0,7.0,22.0,185.0,0.0,0.0,664.0,3.0,2.0,346.0,24.0,5.0,21.0,6.0,5.0,17.0,11.0,3.0,30.0,5.0,29.0,2.0,1.0,1.0,36.0,54.0,48.0,1.0,30.0,12.0,7.0,7.0,1670,450,126,1.018,2.9341,0.2994,0.1198,0.1796,0.0,0.5988,0.4192,1.3174,11.0778,0.0,0.0,39.7605,0.1796,0.1198,20.7186,1.4371,0.2994,1.2575,0.3593,0.2994,1.018,0.6587,0.1796,1.7964,0.2994,1.7365,0.1198,0.0599,0.0599,2.1557,3.2335,2.8743,0.0599,1.7964,0.7186,0.4192,0.4192,JxP
090507,HUANCAVELICA,CHURCAMPA,PAUCARBAMBA,23.0,37.0,10.0,0.0,2.0,0.0,6.0,0.0,13.0,194.0,0.0,3.0,638.0,0.0,1.0,197.0,10.0,0.0,17.0,5.0,0.0,10.0,9.0,0.0,2.0,3.0,33.0,4.0,0.0,0.0,54.0,33.0,27.0,1.0,15.0,15.0,1.0,1.0,1364,345,88,1.6862,2.7126,0.7331,0.0,0.1466,0.0,0.4399,0.0,0.9531,14.2229,0.0,0.2199,46.7742,0.0,0.0733,14.4428,0.7331,0.0,1.2463,0.3666,0.0,0.7331,0.6598,0.0,0.1466,0.2199,2.4194,0.2933,0.0,0.0,3.9589,2.4194,1.9795,0.0733,1.0997,1.0997,0.0733,0.0733,JxP
090601,HUANCAVELICA,HUAYTARÁ,HUAYTARÁ,245.0,1533.0,189.0,230.0,65.0,0.0,151.0,40.0,409.0,6224.0,0.0,29.0,2280.0,115.0,90.0,3305.0,1624.0,30.0,165.0,99.0,83.0,189.0,608.0,23.0,309.0,54.0,371.0,94.0,17.0,19.0,389.0,1783.0,2720.0,19.0,851.0,209.0,76.0,102.0,24739,4590,1425,0.9903,6.1967,0.764,0.9297,0.2627,0.0,0.6104,0.1617,1.6533,25.1587,0.0,0.1172,9.2162,0.4649,0.3638,13.3595,6.5645,0.1213,0.667,0.4002,0.3355,0.764,2.4577,0.093,1.249,0.2183,1.4997,0.38,0.0687,0.0768,1.5724,7.2072,10.9948,0.0768,3.4399,0.8448,0.3072,0.4123,FP
090602,HUANCAVELICA,HUAYTARÁ,AYAVI,55.0,236.0,44.0,14.0,6.0,0.0,24.0,17.0,47.0,632.0,0.0,1.0,992.0,10.0,3.0,555.0,88.0,5.0,36.0,16.0,12.0,44.0,39.0,1.0,32.0,6.0,78.0,34.0,1.0,3.0,100.0,161.0,222.0,4.0,63.0,16.0,6.0,6.0,3609,954,194,1.524,6.5392,1.2192,0.3879,0.1663,0.0,0.665,0.471,1.3023,17.5118,0.0,0.0277,27.4868,0.2771,0.0831,15.3782,2.4383,0.1385,0.9975,0.4433,0.3325,1.2192,1.0806,0.0277,0.8867,0.1663,2.1613,0.9421,0.0277,0.0831,2.7709,4.4611,6.1513,0.1108,1.7456,0.4433,0.1663,0.1663,JxP
090603,HUANCAVELICA,HUAYTARÁ,CÓRDOVA,11.0,110.0,12.0,7.0,0.0,0.0,13.0,7.0,28.0,414.0,0.0,1.0,562.0,10.0,4.0,330.0,58.0,8.0,37.0,10.0,3.0,24.0,21.0,3.0,18.0,4.0,25.0,6.0,1.0,2.0,34.0,130.0,74.0,1.0,38.0,10.0,6.0,7.0,2029,467,143,0.5421,5.4214,0.5914,0.345,0.0,0.0,0.6407,0.345,1.38,20.4041,0.0,0.0493,27.6984,0.4929,0.1971,16.2642,2.8586,0.3943,1.8236,0.4929,0.1479,1.1828,1.035,0.1479,0.8871,0.1971,1.2321,0.2957,0.0493,0.0986,1.6757,6.4071,3.6471,0.0493,1.8728,0.4929,0.2957,0.345,JxP
090604,HUANCAVELICA,HUAYTARÁ,HUAYACUNDO ARMA,75.0,327.0,43.0,32.0,10.0,0.0,21.0,22.0,76.0,1338.0,0.0,7.0,1091.0,22.0,11.0,782.0,206.0,7.0,44.0,25.0,10.0,46.0,94.0,6.0,83.0,14.0,67.0,13.0,4.0,2.0,105.0,437.0,362.0,3.0,134.0,98.0,21.0,18.0,5656,1269,366,1.326,5.7815,0.7603,0.5658,0.1768,0.0,0.3713,0.389,1.3437,23.6563,0.0,0.1238,19.2893,0.389,0.1945,13.826,3.6421,0.1238,0.7779,0.442,0.1768,0.8133,1.662,0.1061,1.4675,0.2475,1.1846,0.2298,0.0707,0.0354,1.8564,7.7263,6.4003,0.053,2.3692,1.7327,0.3713,0.3182,FP
090605,HUANCAVELICA,HUAYTARÁ,LARAMARCA,62.0,349.0,51.0,20.0,5.0,0.0,33.0,19.0,64.0,1400.0,0.0,7.0,1283.0,18.0,23.0,859.0,138.0,7.0,34.0,36.0,11.0,44.0,64.0,9.0,97.0,13.0,77.0,21.0,5.0,3.0,114.0,271.0,257.0,12.0,129.0,39.0,20.0,7.0,5601,1578,439,1.1069,6.231,0.9106,0.3571,0.0893,0.0,0.5892,0.3392,1.1427,24.9955,0.0,0.125,22.9066,0.3214,0.4106,15.3365,2.4638,0.125,0.607,0.6427,0.1964,0.7856,1.1427,0.1607,1.7318,0.2321,1.3748,0.3749,0.0893,0.0536,2.0354,4.8384,4.5885,0.2142,2.3032,0.6963,0.3571,0.125,FP
090606,HUANCAVELICA,HUAYTARÁ,OCOYO,80.0,372.0,65.0,30.0,19.0,0.0,91.0,27.0,131.0,2216.0,0.0,17.0,2398.0,50.0,39.0,1605.0,352.0,44.0,89.0,60.0,36.0,85.0,172.0,5.0,144.0,23.0,147.0,26.0,10.0,14.0,171.0,739.0,501.0,24.0,217.0,147.0,36.0,30.0,10212,2742,779,0.7834,3.6428,0.6365,0.2938,0.1861,0.0,0.8911,0.2644,1.2828,21.7,0.0,0.1665,23.4822,0.4896,0.3819,15.7168,3.4469,0.4309,0.8715,0.5875,0.3525,0.8324,1.6843,0.049,1.4101,0.2252,1.4395,0.2546,0.0979,0.1371,1.6745,7.2366,4.906,0.235,2.125,1.4395,0.3525,0.2938,JxP
090607,HUANCAVELICA,HUAYTARÁ,PILPICHACA,15.0,67.0,9.0,3.0,0.0,0.0,7.0,2.0,12.0,265.0,0.0,0.0,699.0,3.0,1.0,219.0,23.0,1.0,21.0,11.0,5.0,15.0,16.0,1.0,13.0,6.0,30.0,6.0,0.0,1.0,35.0,97.0,58.0,3.0,18.0,10.0,6.0,3.0,1681,450,203,0.8923,3.9857,0.5354,0.1785,0.0,0.0,0.4164,0.119,0.7139,15.7644,0.0,0.0,41.5824,0.1785,0.0595,13.028,1.3682,0.0595,1.2493,0.6544,0.2974,0.8923,0.9518,0.0595,0.7733,0.3569,1.7847,0.3569,0.0,0.0595,2.0821,5.7704,3.4503,0.1785,1.0708,0.5949,0.3569,0.1785,JxP
090608,HUANCAVELICA,HUAYTARÁ,QUERCO,45.0,333.0,44.0,58.0,5.0,0.0,31.0,8.0,78.0,1263.0,0.0,7.0,598.0,25.0,16.0,715.0,259.0,12.0,52.0,29.0,20.0,39.0,143.0,6.0,69.0,11.0,110.0,15.0,2.0,3.0,77.0,444.0,503.0,7.0,144.0,50.0,12.0,16.0,5249,1004,422,0.8573,6.3441,0.8383,1.105,0.0953,0.0,0.5906,0.1524,1.486,24.0617,0.0,0.1334,11.3926,0.4763,0.3048,13.6216,4.9343,0.2286,0.9907,0.5525,0.381,0.743,2.7243,0.1143,1.3145,0.2096,2.0956,0.2858,0.0381,0.0572,1.4669,8.4588,9.5828,0.1334,2.7434,0.9526,0.2286,0.3048,FP
090609,HUANCAVELICA,HUAYTARÁ,QUITO-ARMA,23.0,103.0,28.0,4.0,6.0,0.0,8.0,7.0,16.0,372.0,0.0,8.0,557.0,5.0,2.0,236.0,29.0,15.0,21.0,12.0,10.0,35.0,18.0,3.0,51.0,5.0,22.0,6.0,1.0,0.0,63.0,69.0,61.0,8.0,33.0,37.0,4.0,4.0,1882,645,150,1.2221,5.4729,1.4878,0.2125,0.3188,0.0,0.4251,0.3719,0.8502,19.7662,0.0,0.4251,29.5962,0.2657,0.1063,12.5399,1.5409,0.797,1.1158,0.6376,0.5313,1.8597,0.9564,0.1594,2.7099,0.2657,1.169,0.3188,0.0531,0.0,3.3475,3.6663,3.2412,0.4251,1.7535,1.966,0.2125,0.2125,JxP
090610,HUANCAVELICA,HUAYTARÁ,SAN ANTONIO DE CUSICANCHA,6.0,121.0,11.0,3.0,2.0,0.0,10.0,2.0,12.0,238.0,0.0,0.0,482.0,5.0,2.0,207.0,34.0,1.0,11.0,7.0,5.0,19.0,9.0,0.0,44.0,5.0,13.0,3.0,1.0,1.0,37.0,97.0,72.0,1.0,12.0,4.0,5.0,2.0,1484,429,113,0.4043,8.1536,0.7412,0.2022,0.1348,0.0,0.6739,0.1348,0.8086,16.0377,0.0,0.0,32.4798,0.3369,0.1348,13.9488,2.2911,0.0674,0.7412,0.4717,0.3369,1.2803,0.6065,0.0,2.965,0.3369,0.876,0.2022,0.0674,0.0674,2.4933,6.5364,4.8518,0.0674,0.8086,0.2695,0.3369,0.1348,JxP
090701,HUANCAVELICA,TAYACAJA,PAMPAS,29.0,165.0,27.0,19.0,5.0,0.0,10.0,22.0,43.0,467.0,0.0,5.0,4544.0,7.0,6.0,1158.0,88.0,11.0,39.0,39.0,10.0,47.0,34.0,5.0,41.0,8.0,71.0,18.0,2.0,4.0,170.0,131.0,139.0,15.0,80.0,8.0,13.0,6.0,7486,2139,572,0.3874,2.2041,0.3607,0.2538,0.0668,0.0,0.1336,0.2939,0.5744,6.2383,0.0,0.0668,60.7,0.0935,0.0801,15.4689,1.1755,0.1469,0.521,0.521,0.1336,0.6278,0.4542,0.0668,0.5477,0.1069,0.9484,0.2404,0.0267,0.0534,2.2709,1.7499,1.8568,0.2004,1.0687,0.1069,0.1737,0.0801,JxP
090702,HUANCAVELICA,TAYACAJA,ACOSTAMBO,28.0,151.0,17.0,9.0,8.0,0.0,15.0,35.0,61.0,835.0,0.0,5.0,1355.0,9.0,8.0,1040.0,100.0,11.0,26.0,30.0,7.0,39.0,26.0,3.0,19.0,17.0,50.0,11.0,7.0,2.0,68.0,146.0,137.0,6.0,45.0,21.0,5.0,5.0,4357,972,288,0.6426,3.4657,0.3902,0.2066,0.1836,0.0,0.3443,0.8033,1.4,19.1646,0.0,0.1148,31.0994,0.2066,0.1836,23.8696,2.2952,0.2525,0.5967,0.6885,0.1607,0.8951,0.5967,0.0689,0.4361,0.3902,1.1476,0.2525,0.1607,0.0459,1.5607,3.3509,3.1444,0.1377,1.0328,0.482,0.1148,0.1148,JxP
090704,HUANCAVELICA,TAYACAJA,AHUAYCHA,25.0,114.0,25.0,6.0,7.0,0.0,7.0,30.0,53.0,375.0,0.0,3.0,2984.0,8.0,6.0,1127.0,81.0,11.0,33.0,40.0,4.0,38.0,24.0,2.0,24.0,5.0,38.0,10.0,2.0,2.0,147.0,85.0,127.0,8.0,54.0,7.0,5.0,4.0,5521,1355,409,0.4528,2.0648,0.4528,0.1087,0.1268,0.0,0.1268,0.5434,0.96,6.7922,0.0,0.0543,54.0482,0.1449,0.1087,20.413,1.4671,0.1992,0.5977,0.7245,0.0725,0.6883,0.4347,0.0362,0.4347,0.0906,0.6883,0.1811,0.0362,0.0362,2.6626,1.5396,2.3003,0.1449,0.9781,0.1268,0.0906,0.0725,JxP
090706,HUANCAVELICA,TAYACAJA,DANIEL HERNÁNDEZ,27.0,91.0,16.0,3.0,6.0,0.0,17.0,33.0,36.0,207.0,0.0,2.0,2798.0,4.0,5.0,899.0,52.0,10.0,34.0,29.0,10.0,34.0,18.0,4.0,22.0,7.0,36.0,7.0,5.0,3.0,116.0,77.0,106.0,11.0,35.0,7.0,9.0,1.0,4777,1195,340,0.5652,1.905,0.3349,0.0628,0.1256,0.0,0.3559,0.6908,0.7536,4.3333,0.0,0.0419,58.5723,0.0837,0.1047,18.8193,1.0885,0.2093,0.7117,0.6071,0.2093,0.7117,0.3768,0.0837,0.4605,0.1465,0.7536,0.1465,0.1047,0.0628,2.4283,1.6119,2.219,0.2303,0.7327,0.1465,0.1884,0.0209,JxP
090801,Huancavelica,,,14.0,71.0,14.0,7.0,3.0,0.0,9.0,3.0,22.0,754.0,0.0,4.0,788.0,2.0,7.0,196.0,25.0,0.0,37.0,11.0,3.0,28.0,10.0,0.0,18.0,4.0,13.0,3.0,0.0,4.0,76.0,111.0,44.0,3.0,25.0,19.0,8.0,7.0,2343,691,169,0.5975,3.0303,0.5975,0.2988,0.128,0.0,0.3841,0.128,0.939,32.181,0.0,0.1707,33.6321,0.0854,0.2988,8.3653,1.067,0.0,1.5792,0.4695,0.128,1.195,0.4268,0.0,0.7682,0.1707,0.5548,0.128,0.0,0.1707,3.2437,4.7375,1.8779,0.128,1.067,0.8109,0.3414,0.2988,JxP
090802,Huancavelica,,,47.0,143.0,25.0,12.0,9.0,0.0,22.0,13.0,37.0,1064.0,0.0,7.0,1315.0,17.0,5.0,540.0,54.0,13.0,64.0,25.0,11.0,45.0,49.0,1.0,39.0,11.0,68.0,15.0,1.0,6.0,94.0,252.0,106.0,9.0,70.0,39.0,5.0,4.0,4237,1878,389,1.1093,3.375,0.59,0.2832,0.2124,0.0,0.5192,0.3068,0.8733,25.1121,0.0,0.1652,31.0361,0.4012,0.118,12.7449,1.2745,0.3068,1.5105,0.59,0.2596,1.0621,1.1565,0.0236,0.9205,0.2596,1.6049,0.354,0.0236,0.1416,2.2186,5.9476,2.5018,0.2124,1.6521,0.9205,0.118,0.0944,JxP
090803,Huancavelica,,,21.0,44.0,33.0,5.0,3.0,0.0,8.0,10.0,19.0,1105.0,0.0,4.0,600.0,10.0,1.0,477.0,25.0,2.0,42.0,20.0,7.0,17.0,17.0,0.0,18.0,5.0,28.0,10.0,2.0,1.0,42.0,88.0,157.0,3.0,25.0,19.0,1.0,8.0,2877,954,244,0.7299,1.5294,1.147,0.1738,0.1043,0.0,0.2781,0.3476,0.6604,38.4081,0.0,0.139,20.8551,0.3476,0.0348,16.5798,0.869,0.0695,1.4599,0.6952,0.2433,0.5909,0.5909,0.0,0.6257,0.1738,0.9732,0.3476,0.0695,0.0348,1.4599,3.0587,5.4571,0.1043,0.869,0.6604,0.0348,0.2781,FP
090804,Huancavelica,,,15.0,28.0,14.0,5.0,2.0,0.0,3.0,9.0,19.0,430.0,0.0,1.0,758.0,1.0,7.0,211.0,24.0,3.0,35.0,9.0,3.0,24.0,15.0,1.0,15.0,5.0,22.0,3.0,3.0,2.0,39.0,95.0,89.0,4.0,16.0,15.0,4.0,0.0,1929,1031,187,0.7776,1.4515,0.7258,0.2592,0.1037,0.0,0.1555,0.4666,0.985,22.2913,0.0,0.0518,39.295,0.0518,0.3629,10.9383,1.2442,0.1555,1.8144,0.4666,0.1555,1.2442,0.7776,0.0518,0.7776,0.2592,1.1405,0.1555,0.1555,0.1037,2.0218,4.9248,4.6138,0.2074,0.8294,0.7776,0.2074,0.0,JxP
090805,Huancavelica,,,27.0,50.0,16.0,6.0,3.0,0.0,8.0,3.0,18.0,506.0,0.0,3.0,734.0,4.0,0.0,203.0,31.0,3.0,36.0,13.0,7.0,24.0,13.0,0.0,11.0,12.0,28.0,10.0,12.0,2.0,67.0,96.0,83.0,4.0,32.0,34.0,2.0,3.0,2104,961,170,1.2833,2.3764,0.7605,0.2852,0.1426,0.0,0.3802,0.1426,0.8555,24.0494,0.0,0.1426,34.8859,0.1901,0.0,9.6483,1.4734,0.1426,1.711,0.6179,0.3327,1.1407,0.6179,0.0,0.5228,0.5703,1.3308,0.4753,0.5703,0.0951,3.1844,4.5627,3.9449,0.1901,1.5209,1.616,0.0951,0.1426,JxP
090901,Huancavelica,,,24.0,69.0,28.0,4.0,5.0,0.0,2.0,14.0,12.0,101.0,0.0,4.0,739.0,4.0,4.0,137.0,33.0,3.0,24.0,8.0,6.0,31.0,6.0,2.0,13.0,4.0,18.0,9.0,2.0,3.0,42.0,20.0,39.0,12.0,8.0,9.0,4.0,2.0,1445,635,224,1.6609,4.7751,1.9377,0.2768,0.346,0.0,0.1384,0.9689,0.8304,6.9896,0.0,0.2768,51.1419,0.2768,0.2768,9.481,2.2837,0.2076,1.6609,0.5536,0.4152,2.1453,0.4152,0.1384,0.8997,0.2768,1.2457,0.6228,0.1384,0.2076,2.9066,1.3841,2.699,0.8304,0.5536,0.6228,0.2768,0.1384,JxP
090902,Huancavelica,,,21.0,77.0,32.0,2.0,2.0,0.0,5.0,10.0,13.0,129.0,0.0,1.0,1002.0,2.0,2.0,77.0,24.0,5.0,15.0,12.0,0.0,18.0,13.0,3.0,19.0,0.0,12.0,5.0,1.0,4.0,45.0,64.0,10.0,3.0,2.0,6.0,2.0,2.0,1640,648,222,1.2805,4.6951,1.9512,0.122,0.122,0.0,0.3049,0.6098,0.7927,7.8659,0.0,0.061,61.0976,0.122,0.122,4.6951,1.4634,0.3049,0.9146,0.7317,0.0,1.0976,0.7927,0.1829,1.1585,0.0,0.7317,0.3049,0.061,0.2439,2.7439,3.9024,0.6098,0.1829,0.122,0.3659,0.122,0.122,JxP
090903,Huancavelica,,,18.0,28.0,7.0,1.0,3.0,0.0,2.0,4.0,8.0,77.0,0.0,2.0,457.0,1.0,1.0,30.0,6.0,2.0,15.0,9.0,2.0,10.0,7.0,0.0,18.0,3.0,13.0,5.0,6.0,1.0,40.0,12.0,21.0,3.0,1.0,1.0,4.0,0.0,818,260,107,2.2005,3.423,0.8557,0.1222,0.3667,0.0,0.2445,0.489,0.978,9.4132,0.0,0.2445,55.868,0.1222,0.1222,3.6675,0.7335,0.2445,1.8337,1.1002,0.2445,1.2225,0.8557,0.0,2.2005,0.3667,1.5892,0.6112,0.7335,0.1222,4.89,1.467,2.5672,0.3667,0.1222,0.1222,0.489,0.0,JxP
090904,Huancavelica,,,7.0,16.0,1.0,0.0,0.0,0.0,1.0,4.0,2.0,66.0,0.0,1.0,304.0,1.0,0.0,73.0,8.0,1.0,5.0,5.0,0.0,5.0,2.0,0.0,6.0,3.0,7.0,2.0,0.0,2.0,14.0,27.0,18.0,1.0,7.0,1.0,1.0,0.0,591,125,84,1.1844,2.7073,0.1692,0.0,0.0,0.0,0.1692,0.6768,0.3384,11.1675,0.0,0.1692,51.4382,0.1692,0.0,12.3519,1.3536,0.1692,0.846,0.846,0.0,0.846,0.3384,0.0,1.0152,0.5076,1.1844,0.3384,0.0,0.3384,2.3689,4.5685,3.0457,0.1692,1.1844,0.1692,0.1692,0.0,JxP
091001,Huancavelica,,,12.0,125.0,11.0,6.0,3.0,0.0,5.0,6.0,13.0,134.0,0.0,0.0,1004.0,4.0,2.0,177.0,40.0,5.0,15.0,9.0,0.0,17.0,15.0,2.0,16.0,1.0,9.0,12.0,1.0,1.0,53.0,25.0,31.0,5.0,16.0,6.0,5.0,1.0,1787,348,123,0.6715,6.995,0.6156,0.3358,0.1679,0.0,0.2798,0.3358,0.7275,7.4986,0.0,0.0,56.1835,0.2238,0.1119,9.9049,2.2384,0.2798,0.8394,0.5036,0.0,0.9513,0.8394,0.1119,0.8954,0.056,0.5036,0.6715,0.056,0.056,2.9659,1.399,1.7348,0.2798,0.8954,0.3358,0.2798,0.056,JxP
091002,Huancavelica,,,8.0,85.0,10.0,4.0,0.0,0.0,3.0,1.0,10.0,123.0,0.0,4.0,470.0,2.0,1.0,151.0,15.0,1.0,15.0,4.0,1.0,5.0,1.0,0.0,3.0,3.0,3.0,3.0,0.0,0.0,23.0,39.0,25.0,0.0,17.0,1.0,0.0,0.0,1031,183,93,0.7759,8.2444,0.9699,0.388,0.0,0.0,0.291,0.097,0.9699,11.9302,0.0,0.388,45.5868,0.194,0.097,14.646,1.4549,0.097,1.4549,0.388,0.097,0.485,0.097,0.0,0.291,0.291,0.291,0.291,0.0,0.0,2.2308,3.7827,2.4248,0.0,1.6489,0.097,0.0,0.0,JxP
091003,Huancavelica,,,8.0,53.0,6.0,3.0,1.0,0.0,2.0,0.0,5.0,45.0,0.0,0.0,431.0,3.0,2.0,149.0,15.0,0.0,7.0,3.0,9.0,8.0,5.0,0.0,29.0,2.0,12.0,2.0,0.0,0.0,25.0,86.0,23.0,1.0,8.0,8.0,1.0,0.0,952,169,44,0.8403,5.5672,0.6303,0.3151,0.105,0.0,0.2101,0.0,0.5252,4.7269,0.0,0.0,45.2731,0.3151,0.2101,15.6513,1.5756,0.0,0.7353,0.3151,0.9454,0.8403,0.5252,0.0,3.0462,0.2101,1.2605,0.2101,0.0,0.0,2.6261,9.0336,2.416,0.105,0.8403,0.8403,0.105,0.0,JxP
091004,Huancavelica,,,6.0,40.0,1.0,3.0,0.0,0.0,0.0,1.0,3.0,22.0,0.0,2.0,129.0,0.0,2.0,34.0,5.0,1.0,0.0,4.0,1.0,2.0,1.0,0.0,5.0,0.0,2.0,3.0,0.0,0.0,7.0,12.0,19.0,0.0,4.0,0.0,0.0,1.0,310,60,17,1.9355,12.9032,0.3226,0.9677,0.0,0.0,0.0,0.3226,0.9677,7.0968,0.0,0.6452,41.6129,0.0,0.6452,10.9677,1.6129,0.3226,0.0,1.2903,0.3226,0.6452,0.3226,0.0,1.6129,0.0,0.6452,0.9677,0.0,0.0,2.2581,3.871,6.129,0.0,1.2903,0.0,0.0,0.3226,JxP
091005,Huancavelica,,,9.0,101.0,7.0,2.0,0.0,0.0,6.0,0.0,13.0,71.0,0.0,5.0,1218.0,2.0,1.0,170.0,13.0,0.0,13.0,8.0,1.0,11.0,5.0,0.0,24.0,1.0,12.0,3.0,0.0,1.0,48.0,22.0,51.0,5.0,19.0,7.0,2.0,0.0,1851,309,77,0.4862,5.4565,0.3782,0.108,0.0,0.0,0.3241,0.0,0.7023,3.8358,0.0,0.2701,65.8023,0.108,0.054,9.1842,0.7023,0.0,0.7023,0.4322,0.054,0.5943,0.2701,0.0,1.2966,0.054,0.6483,0.1621,0.0,0.054,2.5932,1.1885,2.7553,0.2701,1.0265,0.3782,0.108,0.0,JxP
091006,Huancavelica,,,8.0,68.0,15.0,5.0,2.0,0.0,11.0,2.0,11.0,184.0,0.0,1.0,1029.0,3.0,0.0,193.0,26.0,2.0,26.0,13.0,2.0,15.0,1.0,0.0,9.0,0.0,20.0,6.0,1.0,0.0,54.0,41.0,30.0,3.0,18.0,27.0,4.0,0.0,1830,379,101,0.4372,3.7158,0.8197,0.2732,0.1093,0.0,0.6011,0.1093,0.6011,10.0546,0.0,0.0546,56.2295,0.1639,0.0,10.5464,1.4208,0.1093,1.4208,0.7104,0.1093,0.8197,0.0546,0.0,0.4918,0.0,1.0929,0.3279,0.0546,0.0,2.9508,2.2404,1.6393,0.1639,0.9836,1.4754,0.2186,0.0,JxP
091007,Huancavelica,,,9.0,35.0,2.0,2.0,0.0,0.0,0.0,0.0,4.0,35.0,0.0,1.0,404.0,2.0,1.0,103.0,6.0,1.0,17.0,4.0,0.0,6.0,1.0,0.0,2.0,0.0,5.0,1.0,1.0,0.0,24.0,13.0,7.0,1.0,1.0,2.0,1.0,0.0,691,87,27,1.3025,5.0651,0.2894,0.2894,0.0,0.0,0.0,0.0,0.5789,5.0651,0.0,0.1447,58.466,0.2894,0.1447,14.9059,0.8683,0.1447,2.4602,0.5789,0.0,0.8683,0.1447,0.0,0.2894,0.0,0.7236,0.1447,0.1447,0.0,3.4732,1.8813,1.013,0.1447,0.1447,0.2894,0.1447,0.0,JxP
091101,Huancavelica,,,20.0,95.0,8.0,3.0,2.0,0.0,16.0,24.0,32.0,135.0,0.0,0.0,1629.0,5.0,2.0,256.0,23.0,2.0,26.0,6.0,3.0,14.0,4.0,0.0,41.0,1.0,15.0,8.0,2.0,1.0,67.0,36.0,25.0,7.0,14.0,2.0,4.0,2.0,2530,632,179,0.7905,3.7549,0.3162,0.1186,0.0791,0.0,0.6324,0.9486,1.2648,5.336,0.0,0.0,64.3874,0.1976,0.0791,10.1186,0.9091,0.0791,1.0277,0.2372,0.1186,0.5534,0.1581,0.0,1.6206,0.0395,0.5929,0.3162,0.0791,0.0395,2.6482,1.4229,0.9881,0.2767,0.5534,0.0791,0.1581,0.0791,JxP
091102,Huancavelica,,,17.0,124.0,12.0,1.0,3.0,0.0,8.0,11.0,14.0,94.0,0.0,1.0,1405.0,5.0,2.0,242.0,20.0,3.0,20.0,6.0,2.0,13.0,15.0,0.0,46.0,5.0,22.0,2.0,0.0,0.0,78.0,33.0,33.0,6.0,9.0,4.0,0.0,4.0,2260,536,155,0.7522,5.4867,0.531,0.0442,0.1327,0.0,0.354,0.4867,0.6195,4.1593,0.0,0.0442,62.1681,0.2212,0.0885,10.708,0.885,0.1327,0.885,0.2655,0.0885,0.5752,0.6637,0.0,2.0354,0.2212,0.9735,0.0885,0.0,0.0,3.4513,1.4602,1.4602,0.2655,0.3982,0.177,0.0,0.177,JxP
091103,Huancavelica,,,2.0,41.0,3.0,1.0,0.0,0.0,0.0,3.0,6.0,70.0,0.0,0.0,508.0,0.0,1.0,190.0,20.0,0.0,8.0,20.0,1.0,5.0,10.0,2.0,33.0,0.0,2.0,3.0,0.0,1.0,27.0,22.0,50.0,2.0,10.0,0.0,0.0,1.0,1042,143,39,0.1919,3.9347,0.2879,0.096,0.0,0.0,0.0,0.2879,0.5758,6.7179,0.0,0.0,48.7524,0.0,0.096,18.2342,1.9194,0.0,0.7678,1.9194,0.096,0.4798,0.9597,0.1919,3.167,0.0,0.1919,0.2879,0.0,0.096,2.5912,2.1113,4.7985,0.1919,0.9597,0.0,0.0,0.096,JxP
091104,Huancavelica,,,3.0,42.0,6.0,0.0,2.0,0.0,4.0,3.0,11.0,58.0,0.0,0.0,500.0,1.0,2.0,213.0,13.0,0.0,14.0,3.0,4.0,13.0,1.0,0.0,17.0,2.0,11.0,0.0,0.0,2.0,17.0,47.0,27.0,0.0,16.0,0.0,1.0,0.0,1033,176,49,0.2904,4.0658,0.5808,0.0,0.1936,0.0,0.3872,0.2904,1.0649,5.6147,0.0,0.0,48.4027,0.0968,0.1936,20.6196,1.2585,0.0,1.3553,0.2904,0.3872,1.2585,0.0968,0.0,1.6457,0.1936,1.0649,0.0,0.0,0.1936,1.6457,4.5499,2.6137,0.0,1.5489,0.0,0.0968,0.0,JxP
091105,Huancavelica,,,4.0,72.0,4.0,3.0,2.0,0.0,4.0,8.0,21.0,113.0,0.0,0.0,531.0,2.0,1.0,198.0,25.0,3.0,12.0,7.0,0.0,11.0,14.0,1.0,15.0,4.0,15.0,2.0,0.0,1.0,30.0,37.0,33.0,2.0,8.0,1.0,3.0,0.0,1187,186,68,0.337,6.0657,0.337,0.2527,0.1685,0.0,0.337,0.674,1.7692,9.5198,0.0,0.0,44.7346,0.1685,0.0842,16.6807,2.1061,0.2527,1.011,0.5897,0.0,0.9267,1.1794,0.0842,1.2637,0.337,1.2637,0.1685,0.0,0.0842,2.5274,3.1171,2.7801,0.1685,0.674,0.0842,0.2527,0.0,JxP
091106,Huancavelica,,,9.0,96.0,5.0,2.0,2.0,0.0,13.0,10.0,15.0,155.0,0.0,0.0,1190.0,3.0,2.0,267.0,24.0,2.0,25.0,6.0,1.0,20.0,9.0,0.0,16.0,2.0,8.0,9.0,2.0,2.0,67.0,40.0,47.0,4.0,20.0,10.0,2.0,1.0,2086,426,134,0.4314,4.6021,0.2397,0.0959,0.0959,0.0,0.6232,0.4794,0.7191,7.4305,0.0,0.0,57.047,0.1438,0.0959,12.7996,1.1505,0.0959,1.1985,0.2876,0.0479,0.9588,0.4314,0.0,0.767,0.0959,0.3835,0.4314,0.0959,0.0959,3.2119,1.9175,2.2531,0.1918,0.9588,0.4794,0.0959,0.0479,JxP
091107,Huancavelica,,,2.0,32.0,19.0,1.0,0.0,0.0,1.0,1.0,11.0,16.0,0.0,0.0,367.0,3.0,0.0,67.0,7.0,0.0,5.0,1.0,0.0,2.0,2.0,0.0,4.0,0.0,7.0,1.0,0.0,0.0,21.0,16.0,25.0,3.0,4.0,3.0,0.0,0.0,621,117,47,0.3221,5.153,3.0596,0.161,0.0,0.0,0.161,0.161,1.7713,2.5765,0.0,0.0,59.0982,0.4831,0.0,10.789,1.1272,0.0,0.8052,0.161,0.0,0.3221,0.3221,0.0,0.6441,0.0,1.1272,0.161,0.0,0.0,3.3816,2.5765,4.0258,0.4831,0.6441,0.4831,0.0,0.0,JxP
091108,Huancavelica,,,12.0,43.0,2.0,2.0,0.0,0.0,0.0,2.0,11.0,58.0,0.0,0.0,991.0,0.0,1.0,171.0,21.0,1.0,11.0,3.0,2.0,2.0,5.0,0.0,5.0,1.0,27.0,1.0,0.0,0.0,26.0,15.0,37.0,2.0,19.0,2.0,0.0,3.0,1476,205,71,0.813,2.9133,0.1355,0.1355,0.0,0.0,0.0,0.1355,0.7453,3.9295,0.0,0.0,67.1409,0.0,0.0678,11.5854,1.4228,0.0678,0.7453,0.2033,0.1355,0.1355,0.3388,0.0,0.3388,0.0678,1.8293,0.0678,0.0,0.0,1.7615,1.0163,2.5068,0.1355,1.2873,0.1355,0.0,0.2033,JxP
100101,HUÁNUCO,HUÁNUCO,HUÁNUCO,537.0,8485.0,781.0,1393.0,126.0,0.0,844.0,53.0,1576.0,17174.0,0.0,187.0,4435.0,207.0,487.0,7442.0,13544.0,100.0,368.0,318.0,504.0,381.0,4645.0,40.0,560.0,223.0,569.0,493.0,77.0,53.0,1013.0,10333.0,15913.0,63.0,3993.0,1175.0,252.0,488.0,98832,9560,4990,0.5433,8.5853,0.7902,1.4095,0.1275,0.0,0.854,0.0536,1.5946,17.377,0.0,0.1892,4.4874,0.2094,0.4928,7.5299,13.7041,0.1012,0.3723,0.3218,0.51,0.3855,4.6999,0.0405,0.5666,0.2256,0.5757,0.4988,0.0779,0.0536,1.025,10.4551,16.1011,0.0637,4.0402,1.1889,0.255,0.4938,FP
100102,HUÁNUCO,HUÁNUCO,AMARILIS,198.0,1731.0,146.0,212.0,33.0,0.0,202.0,15.0,482.0,4526.0,0.0,24.0,1659.0,36.0,90.0,2413.0,2238.0,19.0,108.0,68.0,94.0,125.0,827.0,5.0,174.0,63.0,201.0,101.0,25.0,24.0,459.0,2267.0,1807.0,17.0,972.0,257.0,53.0,46.0,21717,2685,1234,0.9117,7.9707,0.6723,0.9762,0.152,0.0,0.9301,0.0691,2.2195,20.8408,0.0,0.1105,7.6392,0.1658,0.4144,11.1111,10.3053,0.0875,0.4973,0.3131,0.4328,0.5756,3.8081,0.023,0.8012,0.2901,0.9255,0.4651,0.1151,0.1105,2.1136,10.4388,8.3207,0.0783,4.4758,1.1834,0.244,0.2118,FP
100103,HUÁNUCO,HUÁNUCO,CHINCHAO,70.0,602.0,138.0,100.0,11.0,0.0,97.0,8.0,200.0,2141.0,0.0,11.0,860.0,16.0,39.0,1169.0,794.0,4.0,56.0,39.0,42.0,67.0,291.0,7.0,90.0,19.0,123.0,96.0,7.0,5.0,226.0,1204.0,733.0,8.0,355.0,208.0,33.0,28.0,9897,1622,581,0.7073,6.0827,1.3944,1.0104,0.1111,0.0,0.9801,0.0808,2.0208,21.6328,0.0,0.1111,8.6895,0.1617,0.3941,11.8117,8.0226,0.0404,0.5658,0.3941,0.4244,0.677,2.9403,0.0707,0.9094,0.192,1.2428,0.97,0.0707,0.0505,2.2835,12.1653,7.4063,0.0808,3.5869,2.1016,0.3334,0.2829,FP
100104,HUÁNUCO,HUÁNUCO,CHURUBAMBA,246.0,1951.0,200.0,243.0,46.0,0.0,263.0,21.0,514.0,6239.0,0.0,28.0,1976.0,35.0,120.0,2726.0,2835.0,39.0,155.0,98.0,92.0,119.0,934.0,15.0,186.0,54.0,217.0,273.0,37.0,13.0,750.0,3103.0,2053.0,24.0,1222.0,354.0,101.0,69.0,27351,3417,1502,0.8994,7.1332,0.7312,0.8885,0.1682,0.0,0.9616,0.0768,1.8793,22.8109,0.0,0.1024,7.2246,0.128,0.4387,9.9667,10.3653,0.1426,0.5667,0.3583,0.3364,0.4351,3.4149,0.0548,0.68,0.1974,0.7934,0.9981,0.1353,0.0475,2.7421,11.3451,7.5061,0.0877,4.4678,1.2943,0.3693,0.2523,FP
100105,HUÁNUCO,HUÁNUCO,MARGOS,25.0,230.0,43.0,67.0,3.0,0.0,29.0,2.0,54.0,700.0,0.0,6.0,219.0,11.0,8.0,326.0,273.0,4.0,15.0,7.0,12.0,13.0,88.0,0.0,22.0,9.0,25.0,23.0,1.0,2.0,128.0,530.0,316.0,1.0,97.0,144.0,7.0,12.0,3452,536,179,0.7242,6.6628,1.2457,1.9409,0.0869,0.0,0.8401,0.0579,1.5643,20.2781,0.0,0.1738,6.3441,0.3187,0.2317,9.4438,7.9085,0.1159,0.4345,0.2028,0.3476,0.3766,2.5492,0.0,0.6373,0.2607,0.7242,0.6663,0.029,0.0579,3.708,15.3534,9.1541,0.029,2.81,4.1715,0.2028,0.3476,FP
100106,HUÁNUCO,HUÁNUCO,QUISQUI,45.0,730.0,147.0,111.0,8.0,0.0,112.0,7.0,297.0,2373.0,0.0,10.0,2491.0,19.0,38.0,1916.0,870.0,16.0,154.0,63.0,59.0,71.0,299.0,4.0,113.0,21.0,133.0,95.0,16.0,8.0,320.0,1269.0,1051.0,17.0,468.0,289.0,64.0,17.0,13721,2352,836,0.328,5.3203,1.0714,0.809,0.0583,0.0,0.8163,0.051,2.1646,17.2947,0.0,0.0729,18.1547,0.1385,0.2769,13.964,6.3406,0.1166,1.1224,0.4592,0.43,0.5175,2.1791,0.0292,0.8236,0.1531,0.9693,0.6924,0.1166,0.0583,2.3322,9.2486,7.6598,0.1239,3.4108,2.1063,0.4664,0.1239,JxP
100107,HUÁNUCO,HUÁNUCO,SAN FRANCISCO DE CAYRAN,72.0,236.0,66.0,79.0,10.0,0.0,32.0,1.0,83.0,949.0,0.0,8.0,331.0,9.0,22.0,437.0,315.0,4.0,20.0,20.0,8.0,22.0,96.0,1.0,27.0,8.0,41.0,45.0,2.0,4.0,158.0,422.0,311.0,7.0,117.0,177.0,19.0,7.0,4166,782,268,1.7283,5.6649,1.5843,1.8963,0.24,0.0,0.7681,0.024,1.9923,22.7796,0.0,0.192,7.9453,0.216,0.5281,10.4897,7.5612,0.096,0.4801,0.4801,0.192,0.5281,2.3044,0.024,0.6481,0.192,0.9842,1.0802,0.048,0.096,3.7926,10.1296,7.4652,0.168,2.8084,4.2487,0.4561,0.168,FP
100108,HUÁNUCO,HUÁNUCO,SAN PEDRO DE CHAULAN,23.0,312.0,69.0,43.0,8.0,0.0,29.0,2.0,50.0,1104.0,0.0,10.0,214.0,8.0,16.0,410.0,372.0,3.0,11.0,36.0,16.0,28.0,103.0,1.0,34.0,9.0,37.0,19.0,2.0,4.0,164.0,629.0,471.0,5.0,95.0,181.0,11.0,7.0,4536,810,273,0.5071,6.8783,1.5212,0.948,0.1764,0.0,0.6393,0.0441,1.1023,24.3386,0.0,0.2205,4.7178,0.1764,0.3527,9.0388,8.2011,0.0661,0.2425,0.7937,0.3527,0.6173,2.2707,0.022,0.7496,0.1984,0.8157,0.4189,0.0441,0.0882,3.6155,13.8668,10.3836,0.1102,2.0944,3.9903,0.2425,0.1543,FP
100109,HUÁNUCO,HUÁNUCO,SANTA MARÍA DEL VALLE,103.0,830.0,153.0,167.0,21.0,0.0,128.0,14.0,285.0,2047.0,0.0,14.0,1682.0,27.0,96.0,2582.0,1080.0,15.0,141.0,84.0,38.0,96.0,355.0,4.0,107.0,53.0,158.0,122.0,9.0,12.0,503.0,1567.0,898.0,13.0,595.0,206.0,45.0,44.0,14294,2406,947,0.7206,5.8066,1.0704,1.1683,0.1469,0.0,0.8955,0.0979,1.9938,14.3207,0.0,0.0979,11.7672,0.1889,0.6716,18.0635,7.5556,0.1049,0.9864,0.5877,0.2658,0.6716,2.4836,0.028,0.7486,0.3708,1.1054,0.8535,0.063,0.084,3.519,10.9626,6.2824,0.0909,4.1626,1.4412,0.3148,0.3078,Obras
100110,HUÁNUCO,HUÁNUCO,YARUMAYO,112.0,1260.0,291.0,161.0,24.0,0.0,107.0,17.0,290.0,2874.0,0.0,17.0,1112.0,31.0,69.0,1623.0,1561.0,11.0,91.0,87.0,62.0,69.0,598.0,6.0,126.0,26.0,107.0,96.0,22.0,10.0,263.0,1762.0,1412.0,16.0,656.0,379.0,54.0,69.0,15471,2058,763,0.7239,8.1443,1.8809,1.0407,0.1551,0.0,0.6916,0.1099,1.8745,18.5767,0.0,0.1099,7.1876,0.2004,0.446,10.4906,10.0898,0.0711,0.5882,0.5623,0.4007,0.446,3.8653,0.0388,0.8144,0.1681,0.6916,0.6205,0.1422,0.0646,1.7,11.3891,9.1268,0.1034,4.2402,2.4497,0.349,0.446,FP
100111,HUÁNUCO,HUÁNUCO,PILLCO MARCA,17.0,158.0,52.0,35.0,2.0,0.0,33.0,6.0,38.0,558.0,0.0,1.0,258.0,4.0,10.0,256.0,139.0,2.0,22.0,13.0,3.0,14.0,47.0,3.0,17.0,3.0,19.0,23.0,1.0,4.0,78.0,169.0,147.0,6.0,43.0,157.0,22.0,4.0,2364,382,141,0.7191,6.6836,2.1997,1.4805,0.0846,0.0,1.3959,0.2538,1.6074,23.6041,0.0,0.0423,10.9137,0.1692,0.423,10.8291,5.8799,0.0846,0.9306,0.5499,0.1269,0.5922,1.9882,0.1269,0.7191,0.1269,0.8037,0.9729,0.0423,0.1692,3.2995,7.1489,6.2183,0.2538,1.819,6.6413,0.9306,0.1692,FP
100112,HUÁNUCO,HUÁNUCO,YACUS,19.0,160.0,55.0,117.0,4.0,0.0,11.0,4.0,41.0,757.0,0.0,3.0,191.0,1.0,13.0,587.0,217.0,4.0,14.0,28.0,14.0,8.0,61.0,3.0,41.0,12.0,21.0,32.0,2.0,0.0,79.0,374.0,147.0,0.0,87.0,100.0,9.0,8.0,3224,497,171,0.5893,4.9628,1.706,3.629,0.1241,0.0,0.3412,0.1241,1.2717,23.4801,0.0,0.0931,5.9243,0.031,0.4032,18.2072,6.7308,0.1241,0.4342,0.8685,0.4342,0.2481,1.8921,0.0931,1.2717,0.3722,0.6514,0.9926,0.062,0.0,2.4504,11.6005,4.5596,0.0,2.6985,3.1017,0.2792,0.2481,FP
100113,HUÁNUCO,HUÁNUCO,SAN PABLO DE PILLAO,34.0,247.0,39.0,42.0,4.0,0.0,37.0,8.0,65.0,939.0,0.0,5.0,353.0,6.0,14.0,876.0,269.0,3.0,20.0,23.0,12.0,32.0,88.0,2.0,41.0,9.0,17.0,105.0,3.0,3.0,146.0,462.0,145.0,4.0,108.0,115.0,10.0,17.0,4303,737,211,0.7901,5.7402,0.9063,0.9761,0.093,0.0,0.8599,0.1859,1.5106,21.822,0.0,0.1162,8.2036,0.1394,0.3254,20.3579,6.2515,0.0697,0.4648,0.5345,0.2789,0.7437,2.0451,0.0465,0.9528,0.2092,0.3951,2.4402,0.0697,0.0697,3.393,10.7367,3.3697,0.093,2.5099,2.6726,0.2324,0.3951,FP
100114,Huánuco,Huánuco,,23.0,203.0,55.0,71.0,5.0,0.0,28.0,8.0,57.0,674.0,0.0,3.0,329.0,13.0,8.0,363.0,184.0,7.0,23.0,16.0,16.0,22.0,72.0,3.0,22.0,7.0,23.0,85.0,2.0,1.0,78.0,330.0,248.0,2.0,80.0,62.0,16.0,10.0,3149,530,187,0.7304,6.4465,1.7466,2.2547,0.1588,0.0,0.8892,0.254,1.8101,21.4036,0.0,0.0953,10.4478,0.4128,0.254,11.5275,5.8431,0.2223,0.7304,0.5081,0.5081,0.6986,2.2864,0.0953,0.6986,0.2223,0.7304,2.6993,0.0635,0.0318,2.477,10.4795,7.8755,0.0635,2.5405,1.9689,0.5081,0.3176,FP
100201,HUÁNUCO,AMBO,AMBO,171.0,2402.0,467.0,434.0,134.0,0.0,276.0,38.0,874.0,9292.0,0.0,125.0,2075.0,153.0,206.0,3584.0,4838.0,77.0,169.0,182.0,296.0,201.0,1652.0,56.0,475.0,122.0,341.0,264.0,40.0,28.0,1100.0,6164.0,4400.0,49.0,1729.0,473.0,93.0,163.0,43143,6739,2749,0.3964,5.5675,1.0824,1.006,0.3106,0.0,0.6397,0.0881,2.0258,21.5377,0.0,0.2897,4.8096,0.3546,0.4775,8.3073,11.2139,0.1785,0.3917,0.4219,0.6861,0.4659,3.8291,0.1298,1.101,0.2828,0.7904,0.6119,0.0927,0.0649,2.5497,14.2874,10.1986,0.1136,4.0076,1.0964,0.2156,0.3778,FP
100202,HUÁNUCO,AMBO,CAYNA,19.0,159.0,19.0,8.0,5.0,0.0,14.0,7.0,69.0,250.0,0.0,11.0,852.0,3.0,7.0,355.0,90.0,10.0,30.0,16.0,6.0,41.0,25.0,1.0,18.0,9.0,28.0,23.0,3.0,0.0,79.0,96.0,81.0,12.0,43.0,14.0,7.0,5.0,2415,456,113,0.7867,6.5839,0.7867,0.3313,0.207,0.0,0.5797,0.2899,2.8571,10.352,0.0,0.4555,35.2795,0.1242,0.2899,14.6998,3.7267,0.4141,1.2422,0.6625,0.2484,1.6977,1.0352,0.0414,0.7453,0.3727,1.1594,0.9524,0.1242,0.0,3.2712,3.9752,3.354,0.4969,1.7805,0.5797,0.2899,0.207,JxP
100203,HUÁNUCO,AMBO,COLPAS,59.0,296.0,118.0,80.0,8.0,0.0,60.0,9.0,164.0,1674.0,0.0,15.0,513.0,30.0,37.0,753.0,523.0,25.0,30.0,52.0,57.0,46.0,198.0,3.0,87.0,22.0,66.0,85.0,11.0,8.0,414.0,1126.0,589.0,14.0,193.0,200.0,16.0,81.0,7662,1553,506,0.77,3.8632,1.5401,1.0441,0.1044,0.0,0.7831,0.1175,2.1404,21.8481,0.0,0.1958,6.6954,0.3915,0.4829,9.8277,6.8259,0.3263,0.3915,0.6787,0.7439,0.6004,2.5842,0.0392,1.1355,0.2871,0.8614,1.1094,0.1436,0.1044,5.4033,14.6959,7.6873,0.1827,2.5189,2.6103,0.2088,1.0572,FP
100204,HUÁNUCO,AMBO,CONCHAMARCA,46.0,227.0,103.0,81.0,39.0,0.0,84.0,20.0,159.0,1393.0,0.0,29.0,804.0,16.0,25.0,873.0,530.0,33.0,49.0,36.0,24.0,77.0,179.0,4.0,63.0,38.0,79.0,43.0,6.0,14.0,358.0,815.0,443.0,6.0,203.0,181.0,25.0,28.0,7133,1732,462,0.6449,3.1824,1.444,1.1356,0.5468,0.0,1.1776,0.2804,2.2291,19.5289,0.0,0.4066,11.2716,0.2243,0.3505,12.2389,7.4303,0.4626,0.6869,0.5047,0.3365,1.0795,2.5095,0.0561,0.8832,0.5327,1.1075,0.6028,0.0841,0.1963,5.0189,11.4258,6.2106,0.0841,2.8459,2.5375,0.3505,0.3925,FP
100205,HUÁNUCO,AMBO,HUACAR,91.0,651.0,159.0,67.0,45.0,0.0,86.0,14.0,296.0,3393.0,0.0,34.0,686.0,51.0,49.0,1425.0,1031.0,33.0,47.0,61.0,61.0,60.0,367.0,9.0,217.0,85.0,94.0,77.0,10.0,10.0,607.0,2248.0,1014.0,14.0,507.0,141.0,13.0,34.0,13787,2364,1022,0.66,4.7218,1.1533,0.486,0.3264,0.0,0.6238,0.1015,2.147,24.6101,0.0,0.2466,4.9757,0.3699,0.3554,10.3358,7.4781,0.2394,0.3409,0.4424,0.4424,0.4352,2.6619,0.0653,1.5739,0.6165,0.6818,0.5585,0.0725,0.0725,4.4027,16.3052,7.3548,0.1015,3.6774,1.0227,0.0943,0.2466,FP
100206,HUÁNUCO,AMBO,SAN FRANCISCO,3.0,11.0,2.0,3.0,2.0,0.0,2.0,2.0,3.0,120.0,0.0,2.0,231.0,1.0,2.0,59.0,15.0,2.0,2.0,2.0,2.0,1.0,4.0,0.0,1.0,2.0,5.0,3.0,0.0,0.0,19.0,11.0,8.0,24.0,9.0,40.0,0.0,0.0,593,141,26,0.5059,1.855,0.3373,0.5059,0.3373,0.0,0.3373,0.3373,0.5059,20.2361,0.0,0.3373,38.9545,0.1686,0.3373,9.9494,2.5295,0.3373,0.3373,0.3373,0.3373,0.1686,0.6745,0.0,0.1686,0.3373,0.8432,0.5059,0.0,0.0,3.204,1.855,1.3491,4.0472,1.5177,6.7454,0.0,0.0,JxP
100207,HUÁNUCO,AMBO,SAN RAFAEL,61.0,745.0,226.0,71.0,53.0,0.0,81.0,21.0,302.0,3124.0,0.0,31.0,551.0,58.0,229.0,1209.0,1381.0,12.0,32.0,52.0,98.0,53.0,498.0,13.0,236.0,36.0,107.0,124.0,9.0,10.0,501.0,2577.0,1090.0,17.0,528.0,154.0,27.0,33.0,14350,2593,1199,0.4251,5.1916,1.5749,0.4948,0.3693,0.0,0.5645,0.1463,2.1045,21.77,0.0,0.216,3.8397,0.4042,1.5958,8.4251,9.6237,0.0836,0.223,0.3624,0.6829,0.3693,3.4704,0.0906,1.6446,0.2509,0.7456,0.8641,0.0627,0.0697,3.4913,17.9582,7.5958,0.1185,3.6794,1.0732,0.1882,0.23,FP
100208,HUÁNUCO,AMBO,TOMAY KICHWA,9.0,112.0,39.0,26.0,9.0,0.0,9.0,2.0,41.0,865.0,0.0,12.0,88.0,6.0,20.0,224.0,254.0,2.0,7.0,9.0,10.0,9.0,94.0,0.0,28.0,6.0,17.0,39.0,1.0,3.0,81.0,442.0,249.0,0.0,85.0,37.0,6.0,10.0,2851,467,169,0.3157,3.9284,1.3679,0.912,0.3157,0.0,0.3157,0.0702,1.4381,30.3402,0.0,0.4209,3.0866,0.2105,0.7015,7.8569,8.9092,0.0702,0.2455,0.3157,0.3508,0.3157,3.2971,0.0,0.9821,0.2105,0.5963,1.3679,0.0351,0.1052,2.8411,15.5033,8.7338,0.0,2.9814,1.2978,0.2105,0.3508,FP
100209,Huánuco,Ambo,,21.0,184.0,47.0,36.0,30.0,0.0,33.0,6.0,82.0,1151.0,0.0,15.0,620.0,8.0,31.0,595.0,258.0,3.0,37.0,20.0,8.0,34.0,112.0,2.0,29.0,16.0,41.0,61.0,3.0,2.0,175.0,437.0,244.0,8.0,144.0,41.0,12.0,18.0,4564,870,265,0.4601,4.0316,1.0298,0.7888,0.6573,0.0,0.723,0.1315,1.7967,25.2191,0.0,0.3287,13.5846,0.1753,0.6792,13.0368,5.6529,0.0657,0.8107,0.4382,0.1753,0.745,2.454,0.0438,0.6354,0.3506,0.8983,1.3365,0.0657,0.0438,3.8344,9.5749,5.3462,0.1753,3.1551,0.8983,0.2629,0.3944,FP
100210,Huánuco,Ambo,,158.0,1858.0,335.0,223.0,106.0,0.0,198.0,29.0,660.0,6255.0,0.0,67.0,2095.0,67.0,123.0,2959.0,2607.0,40.0,152.0,98.0,176.0,157.0,990.0,24.0,283.0,59.0,306.0,207.0,14.0,17.0,746.0,3635.0,1951.0,24.0,1164.0,213.0,73.0,101.0,28170,4117,1819,0.5609,6.5957,1.1892,0.7916,0.3763,0.0,0.7029,0.1029,2.3429,22.2045,0.0,0.2378,7.437,0.2378,0.4366,10.5041,9.2545,0.142,0.5396,0.3479,0.6248,0.5573,3.5144,0.0852,1.0046,0.2094,1.0863,0.7348,0.0497,0.0603,2.6482,12.9038,6.9258,0.0852,4.1321,0.7561,0.2591,0.3585,FP
100211,Huánuco,Ambo,,3.0,50.0,2.0,4.0,2.0,0.0,7.0,1.0,13.0,91.0,0.0,4.0,187.0,1.0,0.0,91.0,21.0,1.0,39.0,4.0,0.0,9.0,12.0,0.0,3.0,1.0,6.0,5.0,0.0,0.0,23.0,28.0,36.0,1.0,10.0,13.0,2.0,0.0,670,125,26,0.4478,7.4627,0.2985,0.597,0.2985,0.0,1.0448,0.1493,1.9403,13.5821,0.0,0.597,27.9104,0.1493,0.0,13.5821,3.1343,0.1493,5.8209,0.597,0.0,1.3433,1.791,0.0,0.4478,0.1493,0.8955,0.7463,0.0,0.0,3.4328,4.1791,5.3731,0.1493,1.4925,1.9403,0.2985,0.0,JxP
100301,HUÁNUCO,DOS DE MAYO,LA UNIÒN,118.0,1093.0,206.0,258.0,15.0,0.0,157.0,13.0,287.0,3503.0,0.0,27.0,1338.0,46.0,69.0,1919.0,1490.0,23.0,131.0,70.0,62.0,69.0,504.0,8.0,114.0,36.0,225.0,73.0,11.0,5.0,285.0,1385.0,1595.0,23.0,740.0,126.0,58.0,37.0,16119,2488,980,0.7321,6.7808,1.278,1.6006,0.0931,0.0,0.974,0.0807,1.7805,21.7321,0.0,0.1675,8.3008,0.2854,0.4281,11.9052,9.2437,0.1427,0.8127,0.4343,0.3846,0.4281,3.1267,0.0496,0.7072,0.2233,1.3959,0.4529,0.0682,0.031,1.7681,8.5923,9.8952,0.1427,4.5909,0.7817,0.3598,0.2295,FP
100302,Huánuco,Dos de Mayo,,19.0,74.0,18.0,12.0,0.0,0.0,13.0,2.0,18.0,333.0,0.0,5.0,287.0,7.0,11.0,185.0,74.0,1.0,27.0,8.0,3.0,14.0,9.0,0.0,9.0,5.0,30.0,13.0,3.0,0.0,47.0,80.0,57.0,5.0,35.0,46.0,13.0,2.0,1465,288,60,1.2969,5.0512,1.2287,0.8191,0.0,0.0,0.8874,0.1365,1.2287,22.7304,0.0,0.3413,19.5904,0.4778,0.7509,12.628,5.0512,0.0683,1.843,0.5461,0.2048,0.9556,0.6143,0.0,0.6143,0.3413,2.0478,0.8874,0.2048,0.0,3.2082,5.4608,3.8908,0.3413,2.3891,3.1399,0.8874,0.1365,FP
100303,Huánuco,Dos de Mayo,,7.0,127.0,13.0,17.0,2.0,0.0,16.0,1.0,24.0,499.0,0.0,0.0,333.0,6.0,3.0,306.0,103.0,2.0,12.0,8.0,4.0,8.0,31.0,0.0,14.0,5.0,25.0,9.0,0.0,4.0,34.0,140.0,109.0,2.0,57.0,51.0,6.0,11.0,1989,387,94,0.3519,6.3851,0.6536,0.8547,0.1006,0.0,0.8044,0.0503,1.2066,25.088,0.0,0.0,16.7421,0.3017,0.1508,15.3846,5.1785,0.1006,0.6033,0.4022,0.2011,0.4022,1.5586,0.0,0.7039,0.2514,1.2569,0.4525,0.0,0.2011,1.7094,7.0387,5.4801,0.1006,2.8658,2.5641,0.3017,0.553,FP
100304,Huánuco,Dos de Mayo,,70.0,1180.0,90.0,122.0,12.0,0.0,240.0,11.0,183.0,820.0,0.0,13.0,944.0,20.0,42.0,1768.0,1042.0,9.0,92.0,54.0,22.0,50.0,320.0,6.0,48.0,23.0,92.0,40.0,5.0,3.0,130.0,727.0,754.0,5.0,298.0,171.0,30.0,30.0,9466,1437,559,0.7395,12.4657,0.9508,1.2888,0.1268,0.0,2.5354,0.1162,1.9332,8.6626,0.0,0.1373,9.9725,0.2113,0.4437,18.6774,11.0078,0.0951,0.9719,0.5705,0.2324,0.5282,3.3805,0.0634,0.5071,0.243,0.9719,0.4226,0.0528,0.0317,1.3733,7.6801,7.9653,0.0528,3.1481,1.8065,0.3169,0.3169,Obras
100305,Huánuco,Dos de Mayo,,88.0,675.0,99.0,100.0,19.0,0.0,104.0,12.0,226.0,2661.0,0.0,11.0,1288.0,20.0,42.0,1562.0,862.0,13.0,140.0,54.0,50.0,78.0,355.0,5.0,88.0,37.0,147.0,74.0,8.0,6.0,163.0,1029.0,751.0,8.0,549.0,109.0,44.0,24.0,11501,1877,627,0.7652,5.8691,0.8608,0.8695,0.1652,0.0,0.9043,0.1043,1.965,23.1371,0.0,0.0956,11.199,0.1739,0.3652,13.5814,7.495,0.113,1.2173,0.4695,0.4347,0.6782,3.0867,0.0435,0.7652,0.3217,1.2781,0.6434,0.0696,0.0522,1.4173,8.947,6.5299,0.0696,4.7735,0.9477,0.3826,0.2087,FP
100401,HUÁNUCO,HUACAYBAMBA,HUACAYBAMBA,194.0,2032.0,371.0,437.0,102.0,0.0,317.0,30.0,538.0,7671.0,0.0,63.0,1353.0,69.0,138.0,3378.0,3974.0,61.0,122.0,124.0,163.0,161.0,1549.0,14.0,232.0,69.0,351.0,102.0,23.0,25.0,805.0,4976.0,3197.0,29.0,1192.0,1097.0,91.0,199.0,35249,5769,2644,0.5504,5.7647,1.0525,1.2398,0.2894,0.0,0.8993,0.0851,1.5263,21.7623,0.0,0.1787,3.8384,0.1958,0.3915,9.5833,11.2741,0.1731,0.3461,0.3518,0.4624,0.4568,4.3945,0.0397,0.6582,0.1958,0.9958,0.2894,0.0653,0.0709,2.2838,14.1167,9.0698,0.0823,3.3817,3.1121,0.2582,0.5646,FP
100402,HUÁNUCO,HUACAYBAMBA,CANCHABAMBA,8.0,102.0,11.0,13.0,4.0,0.0,11.0,1.0,26.0,368.0,0.0,3.0,247.0,0.0,5.0,132.0,58.0,1.0,17.0,2.0,2.0,15.0,28.0,0.0,5.0,1.0,11.0,1.0,0.0,0.0,39.0,69.0,59.0,3.0,23.0,117.0,4.0,8.0,1394,215,98,0.5739,7.3171,0.7891,0.9326,0.2869,0.0,0.7891,0.0717,1.8651,26.3989,0.0,0.2152,17.7188,0.0,0.3587,9.4692,4.1607,0.0717,1.2195,0.1435,0.1435,1.076,2.0086,0.0,0.3587,0.0717,0.7891,0.0717,0.0,0.0,2.7977,4.9498,4.2324,0.2152,1.6499,8.3931,0.2869,0.5739,FP
100403,HUÁNUCO,HUACAYBAMBA,COCHABAMBA,25.0,148.0,28.0,24.0,4.0,0.0,22.0,3.0,59.0,745.0,0.0,2.0,815.0,4.0,6.0,521.0,189.0,5.0,62.0,13.0,6.0,39.0,76.0,0.0,26.0,18.0,66.0,13.0,1.0,4.0,123.0,236.0,108.0,3.0,101.0,231.0,25.0,6.0,3757,739,219,0.6654,3.9393,0.7453,0.6388,0.1065,0.0,0.5856,0.0799,1.5704,19.8297,0.0,0.0532,21.6928,0.1065,0.1597,13.8674,5.0306,0.1331,1.6503,0.346,0.1597,1.0381,2.0229,0.0,0.692,0.4791,1.7567,0.346,0.0266,0.1065,3.2739,6.2816,2.8746,0.0799,2.6883,6.1485,0.6654,0.1597,JxP
100404,HUÁNUCO,HUACAYBAMBA,PINRA,60.0,295.0,73.0,84.0,21.0,0.0,34.0,8.0,95.0,1298.0,0.0,8.0,1140.0,10.0,18.0,1110.0,336.0,6.0,65.0,35.0,11.0,73.0,127.0,2.0,35.0,32.0,107.0,95.0,7.0,7.0,233.0,711.0,321.0,13.0,198.0,373.0,21.0,24.0,7086,1304,491,0.8467,4.1631,1.0302,1.1854,0.2964,0.0,0.4798,0.1129,1.3407,18.3178,0.0,0.1129,16.0881,0.1411,0.254,15.6647,4.7417,0.0847,0.9173,0.4939,0.1552,1.0302,1.7923,0.0282,0.4939,0.4516,1.51,1.3407,0.0988,0.0988,3.2882,10.0339,4.5301,0.1835,2.7942,5.2639,0.2964,0.3387,FP
100405,Huánuco,Huacaybamba,,23.0,262.0,37.0,15.0,8.0,0.0,32.0,4.0,78.0,806.0,0.0,5.0,762.0,8.0,25.0,648.0,314.0,7.0,43.0,19.0,15.0,26.0,153.0,1.0,25.0,11.0,68.0,21.0,2.0,4.0,87.0,360.0,415.0,6.0,181.0,83.0,13.0,12.0,4579,661,291,0.5023,5.7218,0.808,0.3276,0.1747,0.0,0.6988,0.0874,1.7034,17.6021,0.0,0.1092,16.6412,0.1747,0.546,14.1516,6.8574,0.1529,0.9391,0.4149,0.3276,0.5678,3.3413,0.0218,0.546,0.2402,1.485,0.4586,0.0437,0.0874,1.9,7.862,9.0631,0.131,3.9528,1.8126,0.2839,0.2621,FP
100406,Huánuco,Huacaybamba,,49.0,476.0,125.0,107.0,28.0,0.0,100.0,5.0,136.0,2475.0,0.0,31.0,442.0,17.0,30.0,941.0,842.0,14.0,27.0,31.0,46.0,26.0,311.0,5.0,74.0,19.0,92.0,25.0,6.0,8.0,181.0,1269.0,664.0,6.0,275.0,214.0,25.0,29.0,9151,1506,573,0.5355,5.2016,1.366,1.1693,0.306,0.0,1.0928,0.0546,1.4862,27.0462,0.0,0.3388,4.8301,0.1858,0.3278,10.283,9.2012,0.153,0.295,0.3388,0.5027,0.2841,3.3985,0.0546,0.8087,0.2076,1.0054,0.2732,0.0656,0.0874,1.9779,13.8673,7.256,0.0656,3.0051,2.3385,0.2732,0.3169,FP
100407,Huánuco,Huacaybamba,,78.0,593.0,129.0,126.0,90.0,0.0,124.0,7.0,257.0,2579.0,0.0,18.0,1700.0,36.0,36.0,1848.0,837.0,19.0,107.0,41.0,26.0,156.0,343.0,7.0,133.0,36.0,151.0,89.0,40.0,22.0,307.0,1134.0,472.0,15.0,444.0,340.0,57.0,45.0,12442,2212,773,0.6269,4.7661,1.0368,1.0127,0.7234,0.0,0.9966,0.0563,2.0656,20.7282,0.0,0.1447,13.6634,0.2893,0.2893,14.8529,6.7272,0.1527,0.86,0.3295,0.209,1.2538,2.7568,0.0563,1.069,0.2893,1.2136,0.7153,0.3215,0.1768,2.4674,9.1143,3.7936,0.1206,3.5686,2.7327,0.4581,0.3617,FP
100408,Huánuco,Huacaybamba,,57.0,509.0,108.0,37.0,40.0,0.0,74.0,7.0,146.0,1714.0,0.0,18.0,546.0,14.0,32.0,1107.0,714.0,16.0,68.0,44.0,25.0,93.0,314.0,2.0,58.0,25.0,100.0,74.0,7.0,4.0,242.0,1169.0,449.0,7.0,351.0,334.0,21.0,28.0,8554,1558,655,0.6664,5.9504,1.2626,0.4325,0.4676,0.0,0.8651,0.0818,1.7068,20.0374,0.0,0.2104,6.383,0.1637,0.3741,12.9413,8.347,0.187,0.7949,0.5144,0.2923,1.0872,3.6708,0.0234,0.678,0.2923,1.169,0.8651,0.0818,0.0468,2.8291,13.6661,5.249,0.0818,4.1033,3.9046,0.2455,0.3273,FP
100501,HUÁNUCO,HUAMALÍES,LLATA,18.0,301.0,67.0,68.0,5.0,0.0,35.0,5.0,62.0,1051.0,0.0,4.0,545.0,9.0,14.0,374.0,276.0,3.0,42.0,15.0,6.0,32.0,96.0,0.0,49.0,14.0,29.0,20.0,2.0,3.0,69.0,378.0,347.0,1.0,131.0,55.0,11.0,13.0,4150,828,287,0.4337,7.253,1.6145,1.6386,0.1205,0.0,0.8434,0.1205,1.494,25.3253,0.0,0.0964,13.1325,0.2169,0.3373,9.012,6.6506,0.0723,1.012,0.3614,0.1446,0.7711,2.3133,0.0,1.1807,0.3373,0.6988,0.4819,0.0482,0.0723,1.6627,9.1084,8.3614,0.0241,3.1566,1.3253,0.2651,0.3133,FP
100502,HUÁNUCO,HUAMALÍES,ARANCAY,8.0,60.0,35.0,6.0,0.0,0.0,10.0,0.0,18.0,187.0,0.0,1.0,233.0,1.0,1.0,106.0,66.0,1.0,7.0,6.0,1.0,10.0,9.0,0.0,9.0,5.0,8.0,5.0,0.0,0.0,23.0,73.0,68.0,3.0,21.0,21.0,3.0,2.0,1007,202,60,0.7944,5.9583,3.4757,0.5958,0.0,0.0,0.993,0.0,1.7875,18.57,0.0,0.0993,23.138,0.0993,0.0993,10.5263,6.5541,0.0993,0.6951,0.5958,0.0993,0.993,0.8937,0.0,0.8937,0.4965,0.7944,0.4965,0.0,0.0,2.284,7.2493,6.7527,0.2979,2.0854,2.0854,0.2979,0.1986,JxP
100503,HUÁNUCO,HUAMALÍES,CHAVÍN DE PARIARCA,3.0,79.0,17.0,10.0,1.0,0.0,29.0,5.0,25.0,400.0,0.0,0.0,308.0,1.0,5.0,234.0,99.0,2.0,11.0,8.0,2.0,19.0,29.0,0.0,16.0,3.0,15.0,8.0,1.0,2.0,33.0,114.0,98.0,3.0,35.0,47.0,8.0,0.0,1670,312,76,0.1796,4.7305,1.018,0.5988,0.0599,0.0,1.7365,0.2994,1.497,23.9521,0.0,0.0,18.4431,0.0599,0.2994,14.012,5.9281,0.1198,0.6587,0.479,0.1198,1.1377,1.7365,0.0,0.9581,0.1796,0.8982,0.479,0.0599,0.1198,1.976,6.8263,5.8683,0.1796,2.0958,2.8144,0.479,0.0,FP
100504,HUÁNUCO,HUAMALÍES,JACAS GRANDE,2.0,63.0,17.0,13.0,2.0,0.0,5.0,2.0,15.0,225.0,0.0,0.0,111.0,3.0,1.0,92.0,70.0,3.0,5.0,3.0,6.0,3.0,17.0,1.0,12.0,0.0,4.0,3.0,0.0,1.0,21.0,72.0,54.0,3.0,12.0,37.0,3.0,0.0,881,138,36,0.227,7.151,1.9296,1.4756,0.227,0.0,0.5675,0.227,1.7026,25.5392,0.0,0.0,12.5993,0.3405,0.1135,10.4427,7.9455,0.3405,0.5675,0.3405,0.681,0.3405,1.9296,0.1135,1.3621,0.0,0.454,0.3405,0.0,0.1135,2.3837,8.1725,6.1294,0.3405,1.3621,4.1998,0.3405,0.0,FP
100505,HUÁNUCO,HUAMALÍES,JIRCAN,6.0,12.0,3.0,2.0,0.0,0.0,2.0,1.0,5.0,57.0,0.0,0.0,56.0,1.0,1.0,37.0,17.0,0.0,4.0,2.0,0.0,5.0,4.0,0.0,0.0,0.0,4.0,4.0,0.0,0.0,16.0,11.0,8.0,1.0,7.0,8.0,0.0,0.0,274,51,4,2.1898,4.3796,1.0949,0.7299,0.0,0.0,0.7299,0.365,1.8248,20.8029,0.0,0.0,20.438,0.365,0.365,13.5036,6.2044,0.0,1.4599,0.7299,0.0,1.8248,1.4599,0.0,0.0,0.0,1.4599,1.4599,0.0,0.0,5.8394,4.0146,2.9197,0.365,2.5547,2.9197,0.0,0.0,FP
110101,ICA,ICA,ICA,419.0,8875.0,421.0,613.0,157.0,0.0,933.0,82.0,2218.0,10144.0,0.0,470.0,3574.0,161.0,579.0,6322.0,9818.0,116.0,466.0,288.0,337.0,1971.0,2974.0,41.0,607.0,187.0,792.0,316.0,37.0,64.0,1381.0,6741.0,9395.0,72.0,3565.0,353.0,161.0,303.0,74953,7099,3480,0.559,11.8408,0.5617,0.8178,0.2095,0.0,1.2448,0.1094,2.9592,13.5338,0.0,0.6271,4.7683,0.2148,0.7725,8.4346,13.0989,0.1548,0.6217,0.3842,0.4496,2.6296,3.9678,0.0547,0.8098,0.2495,1.0567,0.4216,0.0494,0.0854,1.8425,8.9936,12.5345,0.0961,4.7563,0.471,0.2148,0.4043,FP
110103,ICA,ICA,LOS AQUIJES,35.0,35.0,12.0,1.0,0.0,0.0,7.0,2.0,6.0,40.0,0.0,1.0,33.0,0.0,1.0,41.0,12.0,0.0,1.0,1.0,0.0,11.0,3.0,1.0,2.0,2.0,8.0,0.0,0.0,0.0,12.0,19.0,16.0,0.0,5.0,1.0,1.0,0.0,309,46,20,11.3269,11.3269,3.8835,0.3236,0.0,0.0,2.2654,0.6472,1.9417,12.945,0.0,0.3236,10.6796,0.0,0.3236,13.2686,3.8835,0.0,0.3236,0.3236,0.0,3.5599,0.9709,0.3236,0.6472,0.6472,2.589,0.0,0.0,0.0,3.8835,6.1489,5.178,0.0,1.6181,0.3236,0.3236,0.0,Obras
110104,ICA,ICA,OCUCAJE,12.0,67.0,8.0,0.0,0.0,0.0,6.0,5.0,11.0,87.0,0.0,2.0,64.0,0.0,1.0,60.0,28.0,0.0,6.0,19.0,5.0,35.0,4.0,1.0,2.0,5.0,9.0,1.0,0.0,1.0,15.0,19.0,25.0,7.0,7.0,2.0,0.0,3.0,517,152,62,2.3211,12.9594,1.5474,0.0,0.0,0.0,1.1605,0.9671,2.1277,16.8279,0.0,0.3868,12.3791,0.0,0.1934,11.6054,5.4159,0.0,1.1605,3.675,0.9671,6.7698,0.7737,0.1934,0.3868,0.9671,1.7408,0.1934,0.0,0.1934,2.9014,3.675,4.8356,1.354,1.354,0.3868,0.0,0.5803,FP
110105,ICA,ICA,PACHACUTEC,10.0,97.0,41.0,2.0,0.0,0.0,19.0,8.0,32.0,215.0,0.0,12.0,410.0,0.0,4.0,192.0,36.0,2.0,13.0,17.0,0.0,47.0,6.0,2.0,11.0,3.0,35.0,8.0,0.0,1.0,60.0,39.0,30.0,4.0,19.0,3.0,4.0,1.0,1383,328,123,0.7231,7.0137,2.9646,0.1446,0.0,0.0,1.3738,0.5785,2.3138,15.5459,0.0,0.8677,29.6457,0.0,0.2892,13.8829,2.603,0.1446,0.94,1.2292,0.0,3.3984,0.4338,0.1446,0.7954,0.2169,2.5307,0.5785,0.0,0.0723,4.3384,2.82,2.1692,0.2892,1.3738,0.2169,0.2892,0.0723,JxP
110106,ICA,ICA,PARCONA,2.0,64.0,27.0,4.0,1.0,0.0,10.0,1.0,11.0,43.0,0.0,1.0,78.0,1.0,5.0,75.0,21.0,0.0,13.0,5.0,3.0,14.0,8.0,1.0,13.0,2.0,3.0,3.0,1.0,2.0,6.0,13.0,15.0,1.0,6.0,2.0,0.0,1.0,456,90,28,0.4386,14.0351,5.9211,0.8772,0.2193,0.0,2.193,0.2193,2.4123,9.4298,0.0,0.2193,17.1053,0.2193,1.0965,16.4474,4.6053,0.0,2.8509,1.0965,0.6579,3.0702,1.7544,0.2193,2.8509,0.4386,0.6579,0.6579,0.2193,0.4386,1.3158,2.8509,3.2895,0.2193,1.3158,0.4386,0.0,0.2193,JxP
110107,ICA,ICA,PUEBLO NUEVO,6.0,68.0,5.0,1.0,2.0,0.0,8.0,1.0,12.0,99.0,0.0,3.0,59.0,1.0,2.0,43.0,34.0,0.0,5.0,3.0,0.0,20.0,12.0,0.0,4.0,2.0,0.0,2.0,1.0,3.0,12.0,23.0,20.0,2.0,6.0,1.0,1.0,2.0,463,129,21,1.2959,14.6868,1.0799,0.216,0.432,0.0,1.7279,0.216,2.5918,21.3823,0.0,0.6479,12.743,0.216,0.432,9.2873,7.3434,0.0,1.0799,0.6479,0.0,4.3197,2.5918,0.0,0.8639,0.432,0.0,0.432,0.216,0.6479,2.5918,4.9676,4.3197,0.432,1.2959,0.216,0.216,0.432,FP
110108,ICA,ICA,SALAS,283.0,5968.0,338.0,166.0,96.0,0.0,602.0,77.0,1902.0,6405.0,0.0,310.0,5052.0,85.0,361.0,6068.0,4605.0,54.0,468.0,258.0,206.0,1374.0,1553.0,29.0,425.0,155.0,755.0,238.0,25.0,50.0,1153.0,4277.0,3045.0,71.0,2555.0,199.0,106.0,148.0,49462,5645,2760,0.5722,12.0658,0.6834,0.3356,0.1941,0.0,1.2171,0.1557,3.8454,12.9493,0.0,0.6267,10.2139,0.1718,0.7299,12.268,9.3102,0.1092,0.9462,0.5216,0.4165,2.7779,3.1398,0.0586,0.8592,0.3134,1.5264,0.4812,0.0505,0.1011,2.3311,8.647,6.1562,0.1435,5.1656,0.4023,0.2143,0.2992,FP
110109,ICA,ICA,SAN JOSÉ DE LOS MOLINOS,19.0,134.0,5.0,11.0,1.0,0.0,6.0,1.0,8.0,106.0,0.0,5.0,88.0,0.0,4.0,102.0,15.0,2.0,5.0,4.0,0.0,28.0,8.0,0.0,7.0,2.0,6.0,4.0,0.0,1.0,9.0,15.0,30.0,0.0,15.0,2.0,0.0,0.0,643,163,86,2.9549,20.8398,0.7776,1.7107,0.1555,0.0,0.9331,0.1555,1.2442,16.4852,0.0,0.7776,13.6858,0.0,0.6221,15.8631,2.3328,0.311,0.7776,0.6221,0.0,4.3546,1.2442,0.0,1.0886,0.311,0.9331,0.6221,0.0,0.1555,1.3997,2.3328,4.6656,0.0,2.3328,0.311,0.0,0.0,AN
110112,ICA,ICA,SUBTANJALLA,10.0,172.0,9.0,4.0,3.0,0.0,7.0,4.0,43.0,210.0,0.0,6.0,226.0,4.0,6.0,162.0,45.0,2.0,9.0,14.0,1.0,77.0,15.0,0.0,11.0,5.0,20.0,12.0,0.0,0.0,28.0,72.0,64.0,8.0,30.0,1.0,3.0,10.0,1293,225,109,0.7734,13.3024,0.6961,0.3094,0.232,0.0,0.5414,0.3094,3.3256,16.2413,0.0,0.464,17.4787,0.3094,0.464,12.529,3.4803,0.1547,0.6961,1.0828,0.0773,5.9551,1.1601,0.0,0.8507,0.3867,1.5468,0.9281,0.0,0.0,2.1655,5.5684,4.9497,0.6187,2.3202,0.0773,0.232,0.7734,JxP
110113,ICA,ICA,TATE,583.0,13376.0,531.0,804.0,139.0,0.0,1532.0,127.0,2779.0,11920.0,0.0,673.0,4511.0,209.0,775.0,8459.0,13001.0,167.0,545.0,355.0,466.0,2117.0,4070.0,63.0,783.0,253.0,1234.0,521.0,34.0,110.0,1722.0,8921.0,11340.0,98.0,5060.0,551.0,183.0,364.0,98376,8062,4484,0.5926,13.5968,0.5398,0.8173,0.1413,0.0,1.5573,0.1291,2.8249,12.1168,0.0,0.6841,4.5855,0.2125,0.7878,8.5986,13.2156,0.1698,0.554,0.3609,0.4737,2.1519,4.1372,0.064,0.7959,0.2572,1.2544,0.5296,0.0346,0.1118,1.7504,9.0683,11.5272,0.0996,5.1435,0.5601,0.186,0.37,AN
110114,ICA,ICA,YAUCA DEL ROSARIO,6.0,91.0,1.0,2.0,0.0,0.0,13.0,1.0,28.0,173.0,0.0,2.0,152.0,0.0,2.0,107.0,20.0,1.0,10.0,4.0,1.0,18.0,5.0,0.0,9.0,1.0,14.0,7.0,0.0,1.0,26.0,23.0,32.0,1.0,18.0,1.0,4.0,0.0,774,179,92,0.7752,11.7571,0.1292,0.2584,0.0,0.0,1.6796,0.1292,3.6176,22.3514,0.0,0.2584,19.6382,0.0,0.2584,13.8243,2.584,0.1292,1.292,0.5168,0.1292,2.3256,0.646,0.0,1.1628,0.1292,1.8088,0.9044,0.0,0.1292,3.3592,2.9716,4.1344,0.1292,2.3256,0.1292,0.5168,0.0,FP
110116,Ica,Ica,,20.0,360.0,15.0,25.0,4.0,0.0,48.0,7.0,62.0,456.0,0.0,13.0,293.0,12.0,19.0,413.0,257.0,4.0,25.0,15.0,11.0,67.0,91.0,4.0,27.0,11.0,37.0,23.0,0.0,5.0,63.0,268.0,228.0,3.0,150.0,38.0,7.0,12.0,3093,444,156,0.6466,11.6392,0.485,0.8083,0.1293,0.0,1.5519,0.2263,2.0045,14.743,0.0,0.4203,9.473,0.388,0.6143,13.3527,8.3091,0.1293,0.8083,0.485,0.3556,2.1662,2.9421,0.1293,0.8729,0.3556,1.1962,0.7436,0.0,0.1617,2.0369,8.6647,7.3715,0.097,4.8497,1.2286,0.2263,0.388,FP
110118,Ica,Ica,,68.0,1313.0,60.0,39.0,12.0,0.0,146.0,26.0,366.0,1229.0,0.0,64.0,1730.0,8.0,85.0,1689.0,795.0,9.0,143.0,55.0,31.0,308.0,253.0,5.0,130.0,25.0,189.0,55.0,5.0,15.0,337.0,748.0,419.0,13.0,503.0,39.0,24.0,14.0,10950,1428,506,0.621,11.9909,0.5479,0.3562,0.1096,0.0,1.3333,0.2374,3.3425,11.2237,0.0,0.5845,15.7991,0.0731,0.7763,15.4247,7.2603,0.0822,1.3059,0.5023,0.2831,2.8128,2.3105,0.0457,1.1872,0.2283,1.726,0.5023,0.0457,0.137,3.0776,6.8311,3.8265,0.1187,4.5936,0.3562,0.2192,0.1279,JxP
110119,Ica,Ica,,5.0,25.0,14.0,0.0,0.0,0.0,3.0,1.0,7.0,28.0,0.0,3.0,55.0,0.0,0.0,69.0,9.0,1.0,2.0,3.0,2.0,15.0,3.0,1.0,1.0,0.0,5.0,2.0,0.0,0.0,27.0,6.0,15.0,0.0,8.0,2.0,5.0,0.0,317,97,18,1.5773,7.8864,4.4164,0.0,0.0,0.0,0.9464,0.3155,2.2082,8.8328,0.0,0.9464,17.3502,0.0,0.0,21.7666,2.8391,0.3155,0.6309,0.9464,0.6309,4.7319,0.9464,0.3155,0.3155,0.0,1.5773,0.6309,0.0,0.0,8.5174,1.8927,4.7319,0.0,2.5237,0.6309,1.5773,0.0,Obras
110120,Ica,Ica,,34.0,733.0,26.0,9.0,6.0,0.0,95.0,7.0,203.0,844.0,0.0,30.0,767.0,8.0,25.0,794.0,353.0,8.0,48.0,31.0,18.0,197.0,107.0,2.0,66.0,12.0,83.0,28.0,3.0,14.0,159.0,419.0,243.0,20.0,219.0,27.0,17.0,13.0,5668,934,375,0.5999,12.9323,0.4587,0.1588,0.1059,0.0,1.6761,0.1235,3.5815,14.8906,0.0,0.5293,13.5321,0.1411,0.4411,14.0085,6.2279,0.1411,0.8469,0.5469,0.3176,3.4757,1.8878,0.0353,1.1644,0.2117,1.4644,0.494,0.0529,0.247,2.8052,7.3924,4.2872,0.3529,3.8638,0.4764,0.2999,0.2294,FP
110121,Ica,Ica,,10.0,109.0,42.0,5.0,2.0,0.0,23.0,2.0,27.0,242.0,0.0,21.0,242.0,1.0,4.0,164.0,68.0,3.0,21.0,5.0,5.0,16.0,11.0,0.0,13.0,6.0,12.0,5.0,1.0,1.0,59.0,74.0,44.0,3.0,38.0,4.0,2.0,0.0,1285,315,75,0.7782,8.4825,3.2685,0.3891,0.1556,0.0,1.7899,0.1556,2.1012,18.8327,0.0,1.6342,18.8327,0.0778,0.3113,12.7626,5.2918,0.2335,1.6342,0.3891,0.3891,1.2451,0.856,0.0,1.0117,0.4669,0.9339,0.3891,0.0778,0.0778,4.5914,5.7588,3.4241,0.2335,2.9572,0.3113,0.1556,0.0,FP
110122,Ica,Ica,,31.0,89.0,43.0,1.0,1.0,0.0,22.0,14.0,13.0,176.0,0.0,11.0,1361.0,3.0,7.0,182.0,20.0,2.0,49.0,17.0,4.0,36.0,21.0,0.0,19.0,7.0,11.0,8.0,3.0,2.0,61.0,26.0,43.0,9.0,23.0,0.0,3.0,5.0,2323,688,205,1.3345,3.8313,1.8511,0.043,0.043,0.0,0.9471,0.6027,0.5596,7.5764,0.0,0.4735,58.588,0.1291,0.3013,7.8347,0.861,0.0861,2.1093,0.7318,0.1722,1.5497,0.904,0.0,0.8179,0.3013,0.4735,0.3444,0.1291,0.0861,2.6259,1.1192,1.8511,0.3874,0.9901,0.0,0.1291,0.2152,JxP
110123,Ica,Ica,,50.0,1309.0,106.0,42.0,22.0,0.0,139.0,12.0,383.0,1679.0,0.0,53.0,1312.0,19.0,84.0,1325.0,1176.0,14.0,86.0,56.0,38.0,299.0,398.0,4.0,115.0,23.0,187.0,69.0,7.0,14.0,271.0,1047.0,848.0,6.0,656.0,62.0,34.0,37.0,11982,1301,677,0.4173,10.9247,0.8847,0.3505,0.1836,0.0,1.1601,0.1002,3.1965,14.0127,0.0,0.4423,10.9498,0.1586,0.7011,11.0583,9.8147,0.1168,0.7177,0.4674,0.3171,2.4954,3.3216,0.0334,0.9598,0.192,1.5607,0.5759,0.0584,0.1168,2.2617,8.7381,7.0773,0.0501,5.4749,0.5174,0.2838,0.3088,FP
110124,Ica,Ica,,14.0,335.0,19.0,7.0,6.0,0.0,28.0,6.0,103.0,443.0,0.0,33.0,690.0,6.0,16.0,355.0,159.0,7.0,32.0,14.0,7.0,92.0,65.0,0.0,25.0,7.0,54.0,26.0,0.0,2.0,101.0,169.0,128.0,12.0,100.0,28.0,7.0,13.0,3109,609,196,0.4503,10.7752,0.6111,0.2252,0.193,0.0,0.9006,0.193,3.313,14.249,0.0,1.0614,22.1936,0.193,0.5146,11.4185,5.1142,0.2252,1.0293,0.4503,0.2252,2.9592,2.0907,0.0,0.8041,0.2252,1.7369,0.8363,0.0,0.0643,3.2486,5.4358,4.1171,0.386,3.2165,0.9006,0.2252,0.4181,JxP
110125,Ica,Ica,,6.0,118.0,11.0,9.0,1.0,0.0,3.0,1.0,21.0,168.0,0.0,8.0,149.0,1.0,3.0,88.0,49.0,0.0,14.0,8.0,3.0,41.0,21.0,0.0,3.0,4.0,7.0,3.0,1.0,4.0,35.0,50.0,54.0,3.0,34.0,3.0,1.0,1.0,926,201,104,0.6479,12.743,1.1879,0.9719,0.108,0.0,0.324,0.108,2.2678,18.1425,0.0,0.8639,16.0907,0.108,0.324,9.5032,5.2916,0.0,1.5119,0.8639,0.324,4.4276,2.2678,0.0,0.324,0.432,0.7559,0.324,0.108,0.432,3.7797,5.3996,5.8315,0.324,3.6717,0.324,0.108,0.108,FP
110126,Ica,Ica,,8.0,312.0,67.0,10.0,2.0,0.0,41.0,2.0,59.0,290.0,0.0,9.0,470.0,2.0,10.0,366.0,149.0,4.0,33.0,8.0,4.0,70.0,43.0,6.0,12.0,3.0,31.0,33.0,0.0,6.0,84.0,137.0,70.0,4.0,102.0,20.0,4.0,7.0,2478,439,177,0.3228,12.5908,2.7038,0.4036,0.0807,0.0,1.6546,0.0807,2.381,11.703,0.0,0.3632,18.9669,0.0807,0.4036,14.77,6.0129,0.1614,1.3317,0.3228,0.1614,2.8249,1.7353,0.2421,0.4843,0.1211,1.251,1.3317,0.0,0.2421,3.3898,5.5287,2.8249,0.1614,4.1162,0.8071,0.1614,0.2825,JxP
110127,Ica,Ica,,50.0,1047.0,80.0,39.0,9.0,0.0,128.0,16.0,306.0,1305.0,0.0,59.0,779.0,12.0,52.0,1047.0,696.0,12.0,93.0,38.0,21.0,257.0,292.0,3.0,81.0,15.0,138.0,48.0,7.0,7.0,202.0,705.0,535.0,17.0,458.0,39.0,35.0,20.0,8648,1094,461,0.5782,12.1068,0.9251,0.451,0.1041,0.0,1.4801,0.185,3.5384,15.0902,0.0,0.6822,9.0079,0.1388,0.6013,12.1068,8.0481,0.1388,1.0754,0.4394,0.2428,2.9718,3.3765,0.0347,0.9366,0.1735,1.5957,0.555,0.0809,0.0809,2.3358,8.1522,6.1864,0.1966,5.296,0.451,0.4047,0.2313,FP
110128,Ica,Ica,,46.0,920.0,92.0,34.0,11.0,0.0,80.0,7.0,178.0,1171.0,0.0,39.0,711.0,17.0,33.0,816.0,593.0,6.0,66.0,42.0,30.0,123.0,224.0,1.0,74.0,15.0,83.0,30.0,7.0,4.0,214.0,514.0,437.0,9.0,332.0,34.0,16.0,18.0,7027,969,320,0.6546,13.0924,1.3092,0.4838,0.1565,0.0,1.1385,0.0996,2.5331,16.6643,0.0,0.555,10.1181,0.2419,0.4696,11.6124,8.4389,0.0854,0.9392,0.5977,0.4269,1.7504,3.1877,0.0142,1.0531,0.2135,1.1812,0.4269,0.0996,0.0569,3.0454,7.3146,6.2189,0.1281,4.7246,0.4838,0.2277,0.2562,FP
110131,Ica,Ica,,16.0,84.0,23.0,11.0,1.0,0.0,9.0,4.0,5.0,111.0,0.0,27.0,796.0,5.0,3.0,141.0,15.0,1.0,58.0,15.0,0.0,33.0,1.0,0.0,4.0,5.0,18.0,6.0,1.0,0.0,102.0,14.0,76.0,5.0,2.0,0.0,3.0,4.0,1599,566,118,1.0006,5.2533,1.4384,0.6879,0.0625,0.0,0.5629,0.2502,0.3127,6.9418,0.0,1.6886,49.7811,0.3127,0.1876,8.818,0.9381,0.0625,3.6273,0.9381,0.0,2.0638,0.0625,0.0,0.2502,0.3127,1.1257,0.3752,0.0625,0.0,6.379,0.8755,4.753,0.3127,0.1251,0.0,0.1876,0.2502,JxP
110132,Ica,Ica,,40.0,453.0,38.0,10.0,5.0,0.0,54.0,5.0,92.0,467.0,0.0,19.0,357.0,6.0,16.0,441.0,221.0,2.0,44.0,18.0,16.0,73.0,88.0,0.0,20.0,19.0,66.0,10.0,1.0,5.0,68.0,236.0,189.0,18.0,141.0,27.0,9.0,5.0,3279,489,183,1.2199,13.8152,1.1589,0.305,0.1525,0.0,1.6468,0.1525,2.8057,14.2421,0.0,0.5794,10.8875,0.183,0.488,13.4492,6.7399,0.061,1.3419,0.5489,0.488,2.2263,2.6837,0.0,0.6099,0.5794,2.0128,0.305,0.0305,0.1525,2.0738,7.1973,5.764,0.5489,4.3001,0.8234,0.2745,0.1525,FP
110133,Ica,Ica,,64.0,1285.0,118.0,37.0,24.0,0.0,143.0,28.0,355.0,1561.0,0.0,94.0,2008.0,23.0,64.0,1652.0,842.0,18.0,148.0,77.0,35.0,339.0,285.0,8.0,115.0,44.0,199.0,86.0,12.0,19.0,358.0,903.0,472.0,34.0,545.0,39.0,33.0,43.0,12110,2221,837,0.5285,10.6111,0.9744,0.3055,0.1982,0.0,1.1808,0.2312,2.9315,12.8902,0.0,0.7762,16.5813,0.1899,0.5285,13.6416,6.9529,0.1486,1.2221,0.6358,0.289,2.7993,2.3534,0.0661,0.9496,0.3633,1.6433,0.7102,0.0991,0.1569,2.9562,7.4566,3.8976,0.2808,4.5004,0.322,0.2725,0.3551,JxP
110134,Ica,Ica,,37.0,783.0,67.0,22.0,8.0,0.0,34.0,28.0,153.0,966.0,0.0,23.0,841.0,8.0,16.0,629.0,353.0,7.0,72.0,32.0,10.0,117.0,143.0,1.0,49.0,12.0,86.0,21.0,7.0,11.0,177.0,391.0,411.0,9.0,221.0,24.0,7.0,19.0,5795,941,412,0.6385,13.5116,1.1562,0.3796,0.1381,0.0,0.5867,0.4832,2.6402,16.6695,0.0,0.3969,14.5125,0.1381,0.2761,10.8542,6.0915,0.1208,1.2425,0.5522,0.1726,2.019,2.4676,0.0173,0.8456,0.2071,1.484,0.3624,0.1208,0.1898,3.0544,6.7472,7.0923,0.1553,3.8136,0.4142,0.1208,0.3279,FP
110136,Ica,Ica,,12.0,153.0,11.0,4.0,3.0,0.0,13.0,4.0,48.0,254.0,0.0,3.0,206.0,5.0,6.0,211.0,50.0,0.0,19.0,5.0,2.0,41.0,20.0,0.0,4.0,5.0,38.0,8.0,2.0,4.0,38.0,91.0,89.0,1.0,52.0,6.0,5.0,1.0,1414,202,82,0.8487,10.8204,0.7779,0.2829,0.2122,0.0,0.9194,0.2829,3.3946,17.9632,0.0,0.2122,14.5686,0.3536,0.4243,14.9222,3.5361,0.0,1.3437,0.3536,0.1414,2.8996,1.4144,0.0,0.2829,0.3536,2.6874,0.5658,0.1414,0.2829,2.6874,6.4356,6.2942,0.0707,3.6775,0.4243,0.3536,0.0707,FP
110201,ICA,CHINCHA,CHINCHA ALTA,33.0,1091.0,45.0,66.0,17.0,0.0,103.0,13.0,238.0,1402.0,0.0,69.0,728.0,20.0,67.0,920.0,843.0,8.0,79.0,43.0,25.0,133.0,258.0,8.0,81.0,20.0,106.0,34.0,3.0,18.0,231.0,789.0,753.0,14.0,391.0,62.0,15.0,10.0,8736,1091,487,0.3777,12.4886,0.5151,0.7555,0.1946,0.0,1.179,0.1488,2.7244,16.0485,0.0,0.7898,8.3333,0.2289,0.7669,10.5311,9.6497,0.0916,0.9043,0.4922,0.2862,1.5224,2.9533,0.0916,0.9272,0.2289,1.2134,0.3892,0.0343,0.206,2.6442,9.0316,8.6195,0.1603,4.4757,0.7097,0.1717,0.1145,FP
110202,ICA,CHINCHA,ALTO LARAN,3.0,71.0,4.0,3.0,1.0,0.0,9.0,2.0,29.0,233.0,0.0,2.0,80.0,0.0,1.0,74.0,34.0,2.0,5.0,5.0,3.0,11.0,9.0,2.0,3.0,5.0,8.0,3.0,0.0,0.0,49.0,52.0,30.0,1.0,30.0,2.0,1.0,1.0,768,269,100,0.3906,9.2448,0.5208,0.3906,0.1302,0.0,1.1719,0.2604,3.776,30.3385,0.0,0.2604,10.4167,0.0,0.1302,9.6354,4.4271,0.2604,0.651,0.651,0.3906,1.4323,1.1719,0.2604,0.3906,0.651,1.0417,0.3906,0.0,0.0,6.3802,6.7708,3.9062,0.1302,3.9062,0.2604,0.1302,0.1302,FP
110203,ICA,CHINCHA,CHAVIN,10.0,34.0,19.0,1.0,2.0,0.0,6.0,3.0,12.0,144.0,0.0,6.0,536.0,3.0,1.0,137.0,24.0,0.0,24.0,11.0,2.0,21.0,4.0,1.0,7.0,2.0,9.0,9.0,1.0,4.0,46.0,16.0,56.0,3.0,6.0,4.0,3.0,0.0,1167,531,181,0.8569,2.9135,1.6281,0.0857,0.1714,0.0,0.5141,0.2571,1.0283,12.3393,0.0,0.5141,45.9297,0.2571,0.0857,11.7395,2.0566,0.0,2.0566,0.9426,0.1714,1.7995,0.3428,0.0857,0.5998,0.1714,0.7712,0.7712,0.0857,0.3428,3.9417,1.371,4.7986,0.2571,0.5141,0.3428,0.2571,0.0,JxP
110204,ICA,CHINCHA,CHINCHA BAJA,19.0,155.0,43.0,2.0,3.0,0.0,10.0,9.0,29.0,661.0,0.0,11.0,735.0,5.0,6.0,234.0,45.0,3.0,41.0,15.0,3.0,54.0,8.0,0.0,5.0,5.0,28.0,7.0,3.0,7.0,108.0,46.0,156.0,4.0,24.0,5.0,5.0,5.0,2499,747,232,0.7603,6.2025,1.7207,0.08,0.12,0.0,0.4002,0.3601,1.1605,26.4506,0.0,0.4402,29.4118,0.2001,0.2401,9.3637,1.8007,0.12,1.6407,0.6002,0.12,2.1609,0.3201,0.0,0.2001,0.2001,1.1204,0.2801,0.12,0.2801,4.3217,1.8407,6.2425,0.1601,0.9604,0.2001,0.2001,0.2001,JxP
110205,ICA,CHINCHA,EL CARMEN,6.0,14.0,17.0,1.0,0.0,0.0,5.0,1.0,2.0,170.0,0.0,2.0,279.0,0.0,0.0,69.0,12.0,0.0,4.0,1.0,0.0,7.0,2.0,0.0,1.0,0.0,6.0,2.0,1.0,0.0,30.0,25.0,22.0,0.0,9.0,1.0,1.0,0.0,690,202,50,0.8696,2.029,2.4638,0.1449,0.0,0.0,0.7246,0.1449,0.2899,24.6377,0.0,0.2899,40.4348,0.0,0.0,10.0,1.7391,0.0,0.5797,0.1449,0.0,1.0145,0.2899,0.0,0.1449,0.0,0.8696,0.2899,0.1449,0.0,4.3478,3.6232,3.1884,0.0,1.3043,0.1449,0.1449,0.0,JxP
110206,ICA,CHINCHA,GROCIO PRADO,9.0,177.0,7.0,1.0,2.0,0.0,16.0,6.0,57.0,364.0,0.0,11.0,180.0,1.0,3.0,146.0,50.0,2.0,8.0,4.0,5.0,35.0,16.0,0.0,11.0,4.0,16.0,4.0,2.0,3.0,57.0,65.0,90.0,1.0,28.0,2.0,0.0,5.0,1388,310,189,0.6484,12.7522,0.5043,0.072,0.1441,0.0,1.1527,0.4323,4.1066,26.2248,0.0,0.7925,12.9683,0.072,0.2161,10.5187,3.6023,0.1441,0.5764,0.2882,0.3602,2.5216,1.1527,0.0,0.7925,0.2882,1.1527,0.2882,0.1441,0.2161,4.1066,4.683,6.4841,0.072,2.0173,0.1441,0.0,0.3602,FP
110207,ICA,CHINCHA,PUEBLO NUEVO,9.0,27.0,5.0,0.0,0.0,0.0,8.0,4.0,11.0,190.0,0.0,10.0,66.0,2.0,2.0,82.0,16.0,0.0,6.0,4.0,0.0,9.0,15.0,0.0,3.0,3.0,8.0,11.0,0.0,0.0,38.0,29.0,27.0,2.0,16.0,2.0,1.0,0.0,606,156,59,1.4851,4.4554,0.8251,0.0,0.0,0.0,1.3201,0.6601,1.8152,31.3531,0.0,1.6502,10.8911,0.33,0.33,13.5314,2.6403,0.0,0.9901,0.6601,0.0,1.4851,2.4752,0.0,0.495,0.495,1.3201,1.8152,0.0,0.0,6.2706,4.7855,4.4554,0.33,2.6403,0.33,0.165,0.0,FP
110208,ICA,CHINCHA,SAN JUAN DE YANAC,7.0,141.0,4.0,2.0,2.0,0.0,10.0,0.0,26.0,93.0,0.0,6.0,188.0,2.0,2.0,123.0,58.0,1.0,21.0,5.0,2.0,29.0,15.0,0.0,3.0,2.0,5.0,4.0,0.0,1.0,35.0,46.0,27.0,0.0,26.0,3.0,0.0,1.0,890,132,57,0.7865,15.8427,0.4494,0.2247,0.2247,0.0,1.1236,0.0,2.9213,10.4494,0.0,0.6742,21.1236,0.2247,0.2247,13.8202,6.5169,0.1124,2.3596,0.5618,0.2247,3.2584,1.6854,0.0,0.3371,0.2247,0.5618,0.4494,0.0,0.1124,3.9326,5.1685,3.0337,0.0,2.9213,0.3371,0.0,0.1124,JxP
110209,ICA,CHINCHA,SAN PEDRO DE HUACARPANA,3.0,43.0,11.0,0.0,0.0,0.0,2.0,3.0,13.0,135.0,0.0,8.0,265.0,1.0,0.0,92.0,10.0,1.0,6.0,2.0,0.0,14.0,2.0,0.0,2.0,1.0,3.0,2.0,1.0,0.0,22.0,19.0,20.0,2.0,9.0,2.0,1.0,1.0,696,151,78,0.431,6.1782,1.5805,0.0,0.0,0.0,0.2874,0.431,1.8678,19.3966,0.0,1.1494,38.0747,0.1437,0.0,13.2184,1.4368,0.1437,0.8621,0.2874,0.0,2.0115,0.2874,0.0,0.2874,0.1437,0.431,0.2874,0.1437,0.0,3.1609,2.7299,2.8736,0.2874,1.2931,0.2874,0.1437,0.1437,JxP
110210,ICA,CHINCHA,SUNAMPE,15.0,314.0,30.0,25.0,3.0,0.0,25.0,3.0,62.0,753.0,0.0,18.0,225.0,6.0,16.0,231.0,205.0,3.0,19.0,12.0,12.0,57.0,63.0,1.0,23.0,9.0,24.0,10.0,3.0,7.0,75.0,253.0,242.0,3.0,101.0,21.0,6.0,6.0,2881,440,278,0.5207,10.899,1.0413,0.8678,0.1041,0.0,0.8678,0.1041,2.152,26.1368,0.0,0.6248,7.8098,0.2083,0.5554,8.018,7.1156,0.1041,0.6595,0.4165,0.4165,1.9785,2.1867,0.0347,0.7983,0.3124,0.833,0.3471,0.1041,0.243,2.6033,8.7817,8.3999,0.1041,3.5057,0.7289,0.2083,0.2083,FP
110211,ICA,CHINCHA,TAMBO DE MORA,6.0,104.0,7.0,9.0,1.0,0.0,10.0,0.0,21.0,201.0,0.0,7.0,43.0,2.0,6.0,75.0,39.0,1.0,5.0,2.0,2.0,20.0,24.0,1.0,3.0,2.0,7.0,12.0,1.0,0.0,34.0,78.0,86.0,3.0,19.0,3.0,2.0,4.0,840,113,46,0.7143,12.381,0.8333,1.0714,0.119,0.0,1.1905,0.0,2.5,23.9286,0.0,0.8333,5.119,0.2381,0.7143,8.9286,4.6429,0.119,0.5952,0.2381,0.2381,2.381,2.8571,0.119,0.3571,0.2381,0.8333,1.4286,0.119,0.0,4.0476,9.2857,10.2381,0.3571,2.2619,0.3571,0.2381,0.4762,FP
110212,Ica,Chincha,,6.0,108.0,12.0,5.0,1.0,0.0,14.0,2.0,29.0,258.0,0.0,24.0,152.0,3.0,4.0,115.0,82.0,2.0,7.0,6.0,2.0,21.0,22.0,0.0,8.0,3.0,10.0,5.0,0.0,1.0,43.0,93.0,86.0,3.0,26.0,4.0,3.0,8.0,1168,178,73,0.5137,9.2466,1.0274,0.4281,0.0856,0.0,1.1986,0.1712,2.4829,22.089,0.0,2.0548,13.0137,0.2568,0.3425,9.8459,7.0205,0.1712,0.5993,0.5137,0.1712,1.7979,1.8836,0.0,0.6849,0.2568,0.8562,0.4281,0.0,0.0856,3.6815,7.9623,7.363,0.2568,2.226,0.3425,0.2568,0.6849,FP
110213,Ica,Chincha,,23.0,212.0,23.0,20.0,0.0,0.0,29.0,3.0,69.0,530.0,0.0,8.0,342.0,8.0,16.0,255.0,175.0,2.0,16.0,13.0,16.0,81.0,48.0,0.0,11.0,9.0,19.0,5.0,3.0,20.0,94.0,218.0,112.0,7.0,97.0,8.0,5.0,7.0,2504,608,163,0.9185,8.4665,0.9185,0.7987,0.0,0.0,1.1581,0.1198,2.7556,21.1661,0.0,0.3195,13.6581,0.3195,0.639,10.1837,6.9888,0.0799,0.639,0.5192,0.639,3.2348,1.9169,0.0,0.4393,0.3594,0.7588,0.1997,0.1198,0.7987,3.754,8.7061,4.4728,0.2796,3.8738,0.3195,0.1997,0.2796,FP
110214,Ica,Chincha,,6.0,177.0,6.0,3.0,0.0,0.0,10.0,1.0,24.0,275.0,0.0,4.0,82.0,0.0,9.0,99.0,57.0,2.0,7.0,10.0,1.0,15.0,28.0,1.0,9.0,4.0,12.0,5.0,2.0,2.0,41.0,60.0,70.0,0.0,38.0,7.0,1.0,5.0,1073,205,72,0.5592,16.4958,0.5592,0.2796,0.0,0.0,0.932,0.0932,2.2367,25.6291,0.0,0.3728,7.6421,0.0,0.8388,9.2265,5.3122,0.1864,0.6524,0.932,0.0932,1.3979,2.6095,0.0932,0.8388,0.3728,1.1184,0.466,0.1864,0.1864,3.8211,5.5918,6.5238,0.0,3.5415,0.6524,0.0932,0.466,FP
110215,Ica,Chincha,,17.0,201.0,40.0,5.0,3.0,0.0,17.0,7.0,57.0,868.0,0.0,11.0,319.0,2.0,10.0,349.0,66.0,2.0,37.0,27.0,5.0,45.0,12.0,3.0,16.0,6.0,33.0,7.0,2.0,10.0,86.0,55.0,86.0,6.0,37.0,13.0,5.0,6.0,2471,774,238,0.688,8.1344,1.6188,0.2023,0.1214,0.0,0.688,0.2833,2.3068,35.1275,0.0,0.4452,12.9098,0.0809,0.4047,14.1238,2.671,0.0809,1.4974,1.0927,0.2023,1.8211,0.4856,0.1214,0.6475,0.2428,1.3355,0.2833,0.0809,0.4047,3.4804,2.2258,3.4804,0.2428,1.4974,0.5261,0.2023,0.2428,FP
110301,ICA,NAZCA,NAZCA,79.0,1520.0,78.0,105.0,10.0,0.0,116.0,5.0,215.0,1243.0,0.0,28.0,363.0,4.0,95.0,657.0,995.0,7.0,54.0,14.0,34.0,46.0,307.0,10.0,57.0,20.0,95.0,39.0,4.0,11.0,188.0,902.0,850.0,4.0,358.0,48.0,29.0,25.0,8615,964,510,0.917,17.6436,0.9054,1.2188,0.1161,0.0,1.3465,0.058,2.4956,14.4283,0.0,0.325,4.2136,0.0464,1.1027,7.6262,11.5496,0.0813,0.6268,0.1625,0.3947,0.534,3.5636,0.1161,0.6616,0.2322,1.1027,0.4527,0.0464,0.1277,2.1822,10.4701,9.8665,0.0464,4.1555,0.5572,0.3366,0.2902,AN
110302,ICA,NAZCA,CHANGUILLO,48.0,577.0,37.0,11.0,7.0,0.0,44.0,4.0,74.0,544.0,0.0,21.0,351.0,4.0,26.0,280.0,173.0,4.0,40.0,24.0,10.0,38.0,41.0,2.0,13.0,8.0,29.0,20.0,4.0,5.0,113.0,194.0,135.0,6.0,83.0,6.0,3.0,3.0,2982,642,223,1.6097,19.3494,1.2408,0.3689,0.2347,0.0,1.4755,0.1341,2.4816,18.2428,0.0,0.7042,11.7706,0.1341,0.8719,9.3897,5.8015,0.1341,1.3414,0.8048,0.3353,1.2743,1.3749,0.0671,0.4359,0.2683,0.9725,0.6707,0.1341,0.1677,3.7894,6.5057,4.5272,0.2012,2.7834,0.2012,0.1006,0.1006,AN
110303,ICA,NAZCA,EL INGENIO,28.0,210.0,31.0,39.0,3.0,0.0,36.0,4.0,45.0,712.0,0.0,17.0,345.0,4.0,12.0,289.0,95.0,2.0,24.0,18.0,5.0,42.0,34.0,5.0,16.0,5.0,32.0,11.0,4.0,5.0,112.0,173.0,128.0,11.0,47.0,9.0,8.0,8.0,2569,524,219,1.0899,8.1744,1.2067,1.5181,0.1168,0.0,1.4013,0.1557,1.7517,27.7151,0.0,0.6617,13.4293,0.1557,0.4671,11.2495,3.6979,0.0779,0.9342,0.7007,0.1946,1.6349,1.3235,0.1946,0.6228,0.1946,1.2456,0.4282,0.1557,0.1946,4.3597,6.7341,4.9825,0.4282,1.8295,0.3503,0.3114,0.3114,FP
110304,ICA,NAZCA,MARCONA,9.0,95.0,4.0,3.0,0.0,0.0,10.0,2.0,22.0,126.0,0.0,1.0,55.0,1.0,3.0,82.0,47.0,3.0,6.0,2.0,2.0,5.0,24.0,0.0,8.0,2.0,11.0,2.0,1.0,1.0,26.0,105.0,64.0,1.0,24.0,3.0,3.0,3.0,756,99,45,1.1905,12.5661,0.5291,0.3968,0.0,0.0,1.3228,0.2646,2.9101,16.6667,0.0,0.1323,7.2751,0.1323,0.3968,10.8466,6.2169,0.3968,0.7937,0.2646,0.2646,0.6614,3.1746,0.0,1.0582,0.2646,1.455,0.2646,0.1323,0.1323,3.4392,13.8889,8.4656,0.1323,3.1746,0.3968,0.3968,0.3968,FP
110305,ICA,NAZCA,VISTA ALEGRE,21.0,81.0,6.0,6.0,0.0,0.0,20.0,4.0,17.0,198.0,0.0,3.0,72.0,1.0,11.0,107.0,57.0,0.0,9.0,4.0,2.0,15.0,12.0,0.0,7.0,1.0,11.0,2.0,1.0,0.0,27.0,38.0,48.0,2.0,21.0,23.0,5.0,4.0,836,147,66,2.512,9.689,0.7177,0.7177,0.0,0.0,2.3923,0.4785,2.0335,23.6842,0.0,0.3589,8.6124,0.1196,1.3158,12.799,6.8182,0.0,1.0766,0.4785,0.2392,1.7943,1.4354,0.0,0.8373,0.1196,1.3158,0.2392,0.1196,0.0,3.2297,4.5455,5.7416,0.2392,2.512,2.7512,0.5981,0.4785,FP
110306,Ica,Nasca,,13.0,192.0,10.0,5.0,2.0,0.0,10.0,1.0,29.0,303.0,0.0,5.0,113.0,3.0,9.0,132.0,117.0,3.0,5.0,5.0,3.0,24.0,33.0,1.0,13.0,4.0,29.0,6.0,0.0,4.0,44.0,126.0,75.0,1.0,45.0,11.0,6.0,4.0,1386,226,102,0.938,13.8528,0.7215,0.3608,0.1443,0.0,0.7215,0.0722,2.0924,21.8615,0.0,0.3608,8.153,0.2165,0.6494,9.5238,8.4416,0.2165,0.3608,0.3608,0.2165,1.7316,2.381,0.0722,0.938,0.2886,2.0924,0.4329,0.0,0.2886,3.1746,9.0909,5.4113,0.0722,3.2468,0.7937,0.4329,0.2886,FP
110307,Ica,Nasca,,7.0,153.0,12.0,3.0,0.0,0.0,15.0,2.0,19.0,191.0,0.0,9.0,81.0,3.0,5.0,86.0,77.0,1.0,6.0,5.0,0.0,9.0,41.0,2.0,8.0,2.0,12.0,1.0,1.0,3.0,49.0,117.0,56.0,0.0,43.0,0.0,1.0,2.0,1022,124,79,0.6849,14.9706,1.1742,0.2935,0.0,0.0,1.4677,0.1957,1.8591,18.6888,0.0,0.8806,7.9256,0.2935,0.4892,8.4149,7.5342,0.0978,0.5871,0.4892,0.0,0.8806,4.0117,0.1957,0.7828,0.1957,1.1742,0.0978,0.0978,0.2935,4.7945,11.4481,5.4795,0.0,4.2074,0.0,0.0978,0.1957,FP
110308,Ica,Nasca,,4.0,129.0,7.0,2.0,0.0,0.0,8.0,0.0,11.0,99.0,0.0,2.0,40.0,1.0,7.0,56.0,41.0,1.0,7.0,11.0,1.0,3.0,6.0,1.0,3.0,1.0,2.0,1.0,0.0,1.0,25.0,45.0,45.0,0.0,17.0,5.0,0.0,5.0,587,69,62,0.6814,21.9761,1.1925,0.3407,0.0,0.0,1.3629,0.0,1.8739,16.8654,0.0,0.3407,6.8143,0.1704,1.1925,9.54,6.9847,0.1704,1.1925,1.8739,0.1704,0.5111,1.0221,0.1704,0.5111,0.1704,0.3407,0.1704,0.0,0.1704,4.2589,7.6661,7.6661,0.0,2.8961,0.8518,0.0,0.8518,AN
110309,Ica,Nasca,,4.0,188.0,15.0,4.0,0.0,0.0,8.0,3.0,35.0,342.0,0.0,4.0,83.0,2.0,9.0,97.0,76.0,2.0,9.0,6.0,7.0,14.0,23.0,0.0,8.0,4.0,13.0,5.0,1.0,5.0,53.0,195.0,90.0,2.0,38.0,6.0,1.0,5.0,1357,219,94,0.2948,13.8541,1.1054,0.2948,0.0,0.0,0.5895,0.2211,2.5792,25.2027,0.0,0.2948,6.1164,0.1474,0.6632,7.1481,5.6006,0.1474,0.6632,0.4422,0.5158,1.0317,1.6949,0.0,0.5895,0.2948,0.958,0.3685,0.0737,0.3685,3.9057,14.3699,6.6323,0.1474,2.8003,0.4422,0.0737,0.3685,FP
110310,Ica,Nasca,,5.0,64.0,12.0,2.0,0.0,0.0,6.0,1.0,9.0,59.0,0.0,2.0,35.0,0.0,1.0,33.0,23.0,0.0,3.0,1.0,0.0,0.0,2.0,0.0,0.0,5.0,3.0,3.0,0.0,0.0,11.0,33.0,24.0,0.0,8.0,2.0,0.0,0.0,347,65,46,1.4409,18.4438,3.4582,0.5764,0.0,0.0,1.7291,0.2882,2.5937,17.0029,0.0,0.5764,10.0865,0.0,0.2882,9.5101,6.6282,0.0,0.8646,0.2882,0.0,0.0,0.5764,0.0,0.0,1.4409,0.8646,0.8646,0.0,0.0,3.17,9.5101,6.9164,0.0,2.3055,0.5764,0.0,0.0,AN
110311,Ica,Nasca,,6.0,103.0,10.0,6.0,0.0,0.0,11.0,1.0,23.0,108.0,0.0,3.0,50.0,2.0,0.0,71.0,25.0,2.0,1.0,6.0,2.0,5.0,4.0,0.0,11.0,3.0,2.0,4.0,0.0,1.0,24.0,28.0,51.0,0.0,15.0,2.0,1.0,0.0,581,57,47,1.0327,17.7281,1.7212,1.0327,0.0,0.0,1.8933,0.1721,3.9587,18.5886,0.0,0.5164,8.6059,0.3442,0.0,12.2203,4.3029,0.3442,0.1721,1.0327,0.3442,0.8606,0.6885,0.0,1.8933,0.5164,0.3442,0.6885,0.0,0.1721,4.1308,4.8193,8.778,0.0,2.5818,0.3442,0.1721,0.0,FP
110312,Ica,Nasca,,7.0,156.0,9.0,5.0,0.0,0.0,16.0,0.0,14.0,194.0,0.0,3.0,55.0,0.0,4.0,87.0,45.0,2.0,8.0,7.0,3.0,13.0,34.0,1.0,12.0,1.0,15.0,2.0,1.0,1.0,23.0,90.0,36.0,0.0,21.0,9.0,7.0,0.0,881,153,87,0.7946,17.7072,1.0216,0.5675,0.0,0.0,1.8161,0.0,1.5891,22.0204,0.0,0.3405,6.2429,0.0,0.454,9.8751,5.1078,0.227,0.9081,0.7946,0.3405,1.4756,3.8593,0.1135,1.3621,0.1135,1.7026,0.227,0.1135,0.1135,2.6107,10.2157,4.0863,0.0,2.3837,1.0216,0.7946,0.0,FP
110313,Ica,Nasca,,48.0,121.0,4.0,3.0,2.0,0.0,18.0,7.0,23.0,152.0,0.0,1.0,27.0,0.0,2.0,100.0,46.0,0.0,3.0,9.0,3.0,13.0,13.0,0.0,9.0,4.0,10.0,0.0,2.0,1.0,20.0,57.0,32.0,2.0,24.0,5.0,1.0,5.0,767,116,51,6.2581,15.7757,0.5215,0.3911,0.2608,0.0,2.3468,0.9126,2.9987,19.8175,0.0,0.1304,3.5202,0.0,0.2608,13.0378,5.9974,0.0,0.3911,1.1734,0.3911,1.6949,1.6949,0.0,1.1734,0.5215,1.3038,0.0,0.2608,0.1304,2.6076,7.4316,4.1721,0.2608,3.1291,0.6519,0.1304,0.6519,FP
110314,Ica,Nasca,,10.0,143.0,4.0,1.0,1.0,0.0,10.0,0.0,13.0,150.0,0.0,1.0,94.0,1.0,10.0,105.0,58.0,3.0,5.0,6.0,1.0,4.0,17.0,0.0,6.0,0.0,5.0,7.0,0.0,3.0,29.0,52.0,48.0,1.0,44.0,3.0,2.0,1.0,838,151,58,1.1933,17.0644,0.4773,0.1193,0.1193,0.0,1.1933,0.0,1.5513,17.8998,0.0,0.1193,11.2172,0.1193,1.1933,12.5298,6.9212,0.358,0.5967,0.716,0.1193,0.4773,2.0286,0.0,0.716,0.0,0.5967,0.8353,0.0,0.358,3.4606,6.2053,5.7279,0.1193,5.2506,0.358,0.2387,0.1193,FP
110315,Ica,Nasca,,9.0,143.0,9.0,5.0,2.0,0.0,7.0,1.0,20.0,227.0,0.0,11.0,159.0,4.0,3.0,110.0,44.0,1.0,15.0,13.0,4.0,16.0,10.0,1.0,7.0,0.0,10.0,4.0,1.0,1.0,32.0,67.0,58.0,1.0,29.0,6.0,5.0,1.0,1036,184,86,0.8687,13.8031,0.8687,0.4826,0.1931,0.0,0.6757,0.0965,1.9305,21.9112,0.0,1.0618,15.3475,0.3861,0.2896,10.6178,4.2471,0.0965,1.4479,1.2548,0.3861,1.5444,0.9653,0.0965,0.6757,0.0,0.9653,0.3861,0.0965,0.0965,3.0888,6.4672,5.5985,0.0965,2.7992,0.5792,0.4826,0.0965,FP
110316,Ica,Nasca,,10.0,112.0,8.0,9.0,0.0,0.0,11.0,1.0,16.0,134.0,0.0,11.0,191.0,3.0,3.0,140.0,35.0,0.0,6.0,5.0,1.0,12.0,11.0,0.0,2.0,1.0,11.0,11.0,2.0,2.0,34.0,63.0,45.0,1.0,13.0,3.0,3.0,0.0,910,213,69,1.0989,12.3077,0.8791,0.989,0.0,0.0,1.2088,0.1099,1.7582,14.7253,0.0,1.2088,20.989,0.3297,0.3297,15.3846,3.8462,0.0,0.6593,0.5495,0.1099,1.3187,1.2088,0.0,0.2198,0.1099,1.2088,1.2088,0.2198,0.2198,3.7363,6.9231,4.9451,0.1099,1.4286,0.3297,0.3297,0.0,JxP
110317,Ica,Nasca,,5.0,34.0,5.0,0.0,0.0,0.0,14.0,0.0,4.0,270.0,0.0,6.0,122.0,0.0,0.0,83.0,15.0,0.0,2.0,2.0,0.0,10.0,0.0,0.0,6.0,1.0,6.0,2.0,4.0,1.0,10.0,26.0,44.0,0.0,4.0,2.0,1.0,3.0,682,189,46,0.7331,4.9853,0.7331,0.0,0.0,0.0,2.0528,0.0,0.5865,39.5894,0.0,0.8798,17.8886,0.0,0.0,12.1701,2.1994,0.0,0.2933,0.2933,0.0,1.4663,0.0,0.0,0.8798,0.1466,0.8798,0.2933,0.5865,0.1466,1.4663,3.8123,6.4516,0.0,0.5865,0.2933,0.1466,0.4399,FP
110318,Ica,Nasca,,6.0,78.0,5.0,15.0,1.0,0.0,9.0,2.0,20.0,100.0,0.0,5.0,25.0,1.0,1.0,50.0,56.0,1.0,5.0,5.0,0.0,3.0,17.0,1.0,3.0,1.0,6.0,9.0,0.0,1.0,18.0,61.0,43.0,1.0,17.0,4.0,0.0,1.0,571,82,38,1.0508,13.6602,0.8757,2.627,0.1751,0.0,1.5762,0.3503,3.5026,17.5131,0.0,0.8757,4.3783,0.1751,0.1751,8.7566,9.8074,0.1751,0.8757,0.8757,0.0,0.5254,2.9772,0.1751,0.5254,0.1751,1.0508,1.5762,0.0,0.1751,3.1524,10.683,7.5306,0.1751,2.9772,0.7005,0.0,0.1751,FP
110319,Ica,Nasca,,8.0,293.0,9.0,4.0,3.0,0.0,22.0,7.0,30.0,152.0,0.0,6.0,82.0,3.0,14.0,123.0,87.0,1.0,6.0,10.0,6.0,14.0,25.0,1.0,13.0,2.0,16.0,9.0,0.0,2.0,53.0,114.0,72.0,2.0,44.0,6.0,2.0,3.0,1244,209,78,0.6431,23.5531,0.7235,0.3215,0.2412,0.0,1.7685,0.5627,2.4116,12.2186,0.0,0.4823,6.5916,0.2412,1.1254,9.8875,6.9936,0.0804,0.4823,0.8039,0.4823,1.1254,2.0096,0.0804,1.045,0.1608,1.2862,0.7235,0.0,0.1608,4.2605,9.164,5.7878,0.1608,3.537,0.4823,0.1608,0.2412,AN
110320,Ica,Nasca,,11.0,98.0,9.0,3.0,1.0,0.0,10.0,1.0,18.0,72.0,0.0,6.0,67.0,0.0,1.0,63.0,19.0,0.0,8.0,6.0,1.0,3.0,10.0,0.0,1.0,1.0,6.0,2.0,0.0,0.0,20.0,39.0,31.0,0.0,13.0,0.0,0.0,2.0,522,122,38,2.1073,18.7739,1.7241,0.5747,0.1916,0.0,1.9157,0.1916,3.4483,13.7931,0.0,1.1494,12.8352,0.0,0.1916,12.069,3.6398,0.0,1.5326,1.1494,0.1916,0.5747,1.9157,0.0,0.1916,0.1916,1.1494,0.3831,0.0,0.0,3.8314,7.4713,5.9387,0.0,2.4904,0.0,0.0,0.3831,AN
110321,Ica,Nasca,,12.0,190.0,12.0,6.0,3.0,0.0,36.0,1.0,29.0,164.0,0.0,4.0,97.0,3.0,3.0,95.0,48.0,4.0,10.0,11.0,2.0,10.0,20.0,0.0,2.0,1.0,5.0,2.0,0.0,0.0,76.0,55.0,49.0,1.0,17.0,5.0,4.0,1.0,978,201,53,1.227,19.4274,1.227,0.6135,0.3067,0.0,3.681,0.1022,2.9652,16.7689,0.0,0.409,9.9182,0.3067,0.3067,9.7137,4.908,0.409,1.0225,1.1247,0.2045,1.0225,2.045,0.0,0.2045,0.1022,0.5112,0.2045,0.0,0.0,7.771,5.6237,5.0102,0.1022,1.7382,0.5112,0.409,0.1022,AN
110322,Ica,Nasca,,7.0,156.0,8.0,9.0,5.0,0.0,18.0,2.0,30.0,199.0,0.0,7.0,62.0,1.0,6.0,116.0,65.0,1.0,7.0,5.0,3.0,3.0,22.0,0.0,7.0,1.0,9.0,8.0,1.0,2.0,37.0,91.0,77.0,0.0,24.0,5.0,1.0,2.0,997,148,59,0.7021,15.6469,0.8024,0.9027,0.5015,0.0,1.8054,0.2006,3.009,19.9599,0.0,0.7021,6.2187,0.1003,0.6018,11.6349,6.5196,0.1003,0.7021,0.5015,0.3009,0.3009,2.2066,0.0,0.7021,0.1003,0.9027,0.8024,0.1003,0.2006,3.7111,9.1274,7.7232,0.0,2.4072,0.5015,0.1003,0.2006,FP
110323,Ica,Nasca,,12.0,229.0,8.0,2.0,0.0,0.0,6.0,0.0,13.0,104.0,0.0,2.0,72.0,1.0,2.0,49.0,52.0,1.0,6.0,2.0,0.0,6.0,18.0,0.0,2.0,1.0,2.0,4.0,0.0,3.0,41.0,44.0,50.0,0.0,15.0,8.0,0.0,1.0,756,139,46,1.5873,30.291,1.0582,0.2646,0.0,0.0,0.7937,0.0,1.7196,13.7566,0.0,0.2646,9.5238,0.1323,0.2646,6.4815,6.8783,0.1323,0.7937,0.2646,0.0,0.7937,2.381,0.0,0.2646,0.1323,0.2646,0.5291,0.0,0.3968,5.4233,5.8201,6.6138,0.0,1.9841,1.0582,0.0,0.1323,AN
110324,Ica,Nasca,,7.0,48.0,18.0,1.0,1.0,0.0,13.0,1.0,10.0,206.0,0.0,13.0,77.0,0.0,2.0,78.0,19.0,2.0,16.0,5.0,3.0,5.0,8.0,0.0,3.0,1.0,12.0,6.0,1.0,0.0,43.0,35.0,30.0,2.0,25.0,2.0,0.0,1.0,694,236,71,1.0086,6.9164,2.5937,0.1441,0.1441,0.0,1.8732,0.1441,1.4409,29.683,0.0,1.8732,11.0951,0.0,0.2882,11.2392,2.7378,0.2882,2.3055,0.7205,0.4323,0.7205,1.1527,0.0,0.4323,0.1441,1.7291,0.8646,0.1441,0.0,6.196,5.0432,4.3228,0.2882,3.6023,0.2882,0.0,0.1441,FP
110325,Ica,Nasca,,1.0,46.0,11.0,0.0,0.0,0.0,8.0,2.0,3.0,122.0,0.0,1.0,77.0,2.0,1.0,93.0,18.0,2.0,3.0,6.0,0.0,4.0,9.0,0.0,6.0,4.0,3.0,3.0,0.0,0.0,29.0,25.0,12.0,1.0,5.0,1.0,0.0,1.0,499,136,69,0.2004,9.2184,2.2044,0.0,0.0,0.0,1.6032,0.4008,0.6012,24.4489,0.0,0.2004,15.4309,0.4008,0.2004,18.6373,3.6072,0.4008,0.6012,1.2024,0.0,0.8016,1.8036,0.0,1.2024,0.8016,0.6012,0.6012,0.0,0.0,5.8116,5.01,2.4048,0.2004,1.002,0.2004,0.0,0.2004,FP
110326,Ica,Nasca,,3.0,176.0,5.0,15.0,0.0,0.0,16.0,4.0,22.0,306.0,0.0,21.0,139.0,0.0,7.0,130.0,101.0,2.0,14.0,3.0,9.0,10.0,45.0,1.0,6.0,6.0,17.0,7.0,0.0,3.0,31.0,114.0,81.0,1.0,52.0,2.0,4.0,6.0,1359,185,56,0.2208,12.9507,0.3679,1.1038,0.0,0.0,1.1773,0.2943,1.6188,22.5166,0.0,1.5453,10.2281,0.0,0.5151,9.5659,7.4319,0.1472,1.0302,0.2208,0.6623,0.7358,3.3113,0.0736,0.4415,0.4415,1.2509,0.5151,0.0,0.2208,2.2811,8.3885,5.9603,0.0736,3.8263,0.1472,0.2943,0.4415,FP
110327,Ica,Nasca,,1.0,109.0,6.0,2.0,0.0,0.0,4.0,1.0,4.0,85.0,0.0,1.0,32.0,2.0,3.0,29.0,16.0,1.0,2.0,3.0,0.0,6.0,9.0,0.0,3.0,1.0,0.0,3.0,0.0,0.0,8.0,28.0,26.0,0.0,12.0,0.0,2.0,0.0,399,53,17,0.2506,27.3183,1.5038,0.5013,0.0,0.0,1.0025,0.2506,1.0025,21.3033,0.0,0.2506,8.0201,0.5013,0.7519,7.2682,4.01,0.2506,0.5013,0.7519,0.0,1.5038,2.2556,0.0,0.7519,0.2506,0.0,0.7519,0.0,0.0,2.005,7.0175,6.5163,0.0,3.0075,0.0,0.5013,0.0,AN
110328,Ica,Nasca,,17.0,161.0,21.0,6.0,4.0,0.0,33.0,3.0,44.0,506.0,0.0,13.0,246.0,2.0,14.0,157.0,96.0,0.0,9.0,17.0,3.0,38.0,34.0,4.0,16.0,7.0,19.0,9.0,0.0,2.0,98.0,139.0,52.0,3.0,44.0,8.0,3.0,3.0,1831,517,236,0.9285,8.793,1.1469,0.3277,0.2185,0.0,1.8023,0.1638,2.4031,27.6352,0.0,0.71,13.4353,0.1092,0.7646,8.5745,5.243,0.0,0.4915,0.9285,0.1638,2.0754,1.8569,0.2185,0.8738,0.3823,1.0377,0.4915,0.0,0.1092,5.3523,7.5915,2.84,0.1638,2.4031,0.4369,0.1638,0.1638,FP
110329,Ica,Nasca,,3.0,91.0,13.0,5.0,1.0,0.0,3.0,4.0,9.0,129.0,0.0,6.0,46.0,1.0,3.0,55.0,50.0,0.0,6.0,8.0,2.0,5.0,6.0,0.0,1.0,4.0,5.0,4.0,2.0,3.0,26.0,20.0,29.0,0.0,22.0,1.0,1.0,0.0,564,108,42,0.5319,16.1348,2.305,0.8865,0.1773,0.0,0.5319,0.7092,1.5957,22.8723,0.0,1.0638,8.156,0.1773,0.5319,9.7518,8.8652,0.0,1.0638,1.4184,0.3546,0.8865,1.0638,0.0,0.1773,0.7092,0.8865,0.7092,0.3546,0.5319,4.6099,3.5461,5.1418,0.0,3.9007,0.1773,0.1773,0.0,FP
110330,Ica,Nasca,,7.0,219.0,5.0,3.0,1.0,0.0,9.0,1.0,9.0,138.0,0.0,2.0,74.0,0.0,5.0,68.0,34.0,0.0,8.0,1.0,1.0,1.0,6.0,1.0,3.0,0.0,4.0,4.0,1.0,0.0,37.0,30.0,42.0,1.0,16.0,2.0,0.0,0.0,733,80,38,0.955,29.8772,0.6821,0.4093,0.1364,0.0,1.2278,0.1364,1.2278,18.8267,0.0,0.2729,10.0955,0.0,0.6821,9.2769,4.6385,0.0,1.0914,0.1364,0.1364,0.1364,0.8186,0.1364,0.4093,0.0,0.5457,0.5457,0.1364,0.0,5.0477,4.0928,5.7299,0.1364,2.1828,0.2729,0.0,0.0,AN
110331,Ica,Nasca,,18.0,83.0,3.0,2.0,1.0,0.0,18.0,2.0,16.0,166.0,0.0,0.0,75.0,0.0,3.0,74.0,42.0,0.0,5.0,5.0,2.0,9.0,7.0,0.0,2.0,3.0,8.0,1.0,0.0,0.0,15.0,51.0,26.0,0.0,18.0,1.0,1.0,1.0,658,123,54,2.7356,12.614,0.4559,0.304,0.152,0.0,2.7356,0.304,2.4316,25.228,0.0,0.0,11.3982,0.0,0.4559,11.2462,6.383,0.0,0.7599,0.7599,0.304,1.3678,1.0638,0.0,0.304,0.4559,1.2158,0.152,0.0,0.0,2.2796,7.7508,3.9514,0.0,2.7356,0.152,0.152,0.152,FP
110332,Ica,Nasca,,3.0,27.0,5.0,0.0,0.0,0.0,5.0,1.0,5.0,119.0,0.0,0.0,63.0,0.0,1.0,43.0,8.0,1.0,1.0,2.0,1.0,4.0,4.0,1.0,1.0,1.0,1.0,4.0,1.0,0.0,49.0,24.0,19.0,1.0,7.0,1.0,1.0,0.0,404,98,40,0.7426,6.6832,1.2376,0.0,0.0,0.0,1.2376,0.2475,1.2376,29.4554,0.0,0.0,15.5941,0.0,0.2475,10.6436,1.9802,0.2475,0.2475,0.495,0.2475,0.9901,0.9901,0.2475,0.2475,0.2475,0.2475,0.9901,0.2475,0.0,12.1287,5.9406,4.703,0.2475,1.7327,0.2475,0.2475,0.0,FP
110333,Ica,Nasca,,17.0,212.0,10.0,7.0,2.0,0.0,24.0,4.0,37.0,258.0,0.0,19.0,125.0,4.0,7.0,147.0,124.0,2.0,12.0,7.0,6.0,13.0,39.0,0.0,13.0,6.0,31.0,5.0,1.0,1.0,57.0,143.0,136.0,1.0,71.0,7.0,3.0,13.0,1564,206,112,1.087,13.555,0.6394,0.4476,0.1279,0.0,1.5345,0.2558,2.3657,16.4962,0.0,1.2148,7.9923,0.2558,0.4476,9.399,7.9284,0.1279,0.7673,0.4476,0.3836,0.8312,2.4936,0.0,0.8312,0.3836,1.9821,0.3197,0.0639,0.0639,3.6445,9.1432,8.6957,0.0639,4.5396,0.4476,0.1918,0.8312,FP
110334,Ica,Nasca,,45.0,728.0,49.0,27.0,8.0,0.0,61.0,8.0,118.0,670.0,0.0,23.0,392.0,8.0,23.0,404.0,420.0,9.0,44.0,18.0,17.0,38.0,143.0,3.0,39.0,7.0,72.0,46.0,2.0,6.0,130.0,489.0,319.0,5.0,179.0,15.0,10.0,15.0,4590,630,276,0.9804,15.8606,1.0675,0.5882,0.1743,0.0,1.329,0.1743,2.5708,14.5969,0.0,0.5011,8.5403,0.1743,0.5011,8.8017,9.1503,0.1961,0.9586,0.3922,0.3704,0.8279,3.1155,0.0654,0.8497,0.1525,1.5686,1.0022,0.0436,0.1307,2.8322,10.6536,6.9499,0.1089,3.8998,0.3268,0.2179,0.3268,AN
110401,ICA,PALPA,PALPA,42.0,780.0,73.0,26.0,9.0,0.0,155.0,9.0,144.0,634.0,0.0,72.0,552.0,12.0,55.0,663.0,326.0,3.0,45.0,35.0,19.0,89.0,152.0,3.0,46.0,12.0,59.0,24.0,2.0,15.0,189.0,353.0,248.0,8.0,200.0,26.0,15.0,8.0,5103,785,380,0.823,15.2851,1.4305,0.5095,0.1764,0.0,3.0374,0.1764,2.8219,12.4241,0.0,1.4109,10.8172,0.2352,1.0778,12.9924,6.3884,0.0588,0.8818,0.6859,0.3723,1.7441,2.9786,0.0588,0.9014,0.2352,1.1562,0.4703,0.0392,0.2939,3.7037,6.9175,4.8599,0.1568,3.9193,0.5095,0.2939,0.1568,AN
110402,ICA,PALPA,LLIPATA,15.0,182.0,21.0,10.0,3.0,0.0,49.0,5.0,67.0,297.0,0.0,17.0,513.0,7.0,6.0,296.0,103.0,3.0,39.0,9.0,6.0,20.0,51.0,1.0,29.0,7.0,52.0,15.0,2.0,2.0,92.0,94.0,118.0,4.0,57.0,15.0,5.0,7.0,2219,497,172,0.676,8.2019,0.9464,0.4507,0.1352,0.0,2.2082,0.2253,3.0194,13.3844,0.0,0.7661,23.1185,0.3155,0.2704,13.3393,4.6417,0.1352,1.7575,0.4056,0.2704,0.9013,2.2983,0.0451,1.3069,0.3155,2.3434,0.676,0.0901,0.0901,4.146,4.2361,5.3177,0.1803,2.5687,0.676,0.2253,0.3155,JxP
110403,ICA,PALPA,RÍO GRANDE,6.0,111.0,8.0,11.0,2.0,0.0,36.0,2.0,20.0,128.0,0.0,11.0,124.0,1.0,5.0,125.0,41.0,2.0,6.0,9.0,3.0,21.0,23.0,0.0,3.0,4.0,19.0,8.0,1.0,1.0,22.0,29.0,48.0,1.0,12.0,3.0,3.0,1.0,850,155,68,0.7059,13.0588,0.9412,1.2941,0.2353,0.0,4.2353,0.2353,2.3529,15.0588,0.0,1.2941,14.5882,0.1176,0.5882,14.7059,4.8235,0.2353,0.7059,1.0588,0.3529,2.4706,2.7059,0.0,0.3529,0.4706,2.2353,0.9412,0.1176,0.1176,2.5882,3.4118,5.6471,0.1176,1.4118,0.3529,0.3529,0.1176,FP
110404,ICA,PALPA,SANTA CRUZ,12.0,107.0,24.0,7.0,1.0,0.0,11.0,4.0,23.0,220.0,0.0,29.0,783.0,4.0,0.0,151.0,28.0,4.0,22.0,11.0,4.0,22.0,8.0,0.0,6.0,4.0,15.0,14.0,1.0,1.0,80.0,24.0,39.0,5.0,22.0,2.0,0.0,0.0,1688,601,210,0.7109,6.3389,1.4218,0.4147,0.0592,0.0,0.6517,0.237,1.3626,13.0332,0.0,1.718,46.3863,0.237,0.0,8.9455,1.6588,0.237,1.3033,0.6517,0.237,1.3033,0.4739,0.0,0.3555,0.237,0.8886,0.8294,0.0592,0.0592,4.7393,1.4218,2.3104,0.2962,1.3033,0.1185,0.0,0.0,JxP
110501,ICA,PISCO,PISCO,154.0,2782.0,189.0,94.0,59.0,0.0,464.0,37.0,594.0,5281.0,0.0,190.0,1561.0,49.0,149.0,2526.0,2052.0,36.0,134.0,112.0,125.0,241.0,846.0,13.0,162.0,71.0,279.0,134.0,17.0,27.0,518.0,2397.0,1987.0,60.0,1087.0,118.0,64.0,63.0,24672,3928,1584,0.6242,11.2759,0.7661,0.381,0.2391,0.0,1.8807,0.15,2.4076,21.4048,0.0,0.7701,6.327,0.1986,0.6039,10.2383,8.3171,0.1459,0.5431,0.454,0.5066,0.9768,3.429,0.0527,0.6566,0.2878,1.1308,0.5431,0.0689,0.1094,2.0995,9.7155,8.0537,0.2432,4.4058,0.4783,0.2594,0.2554,FP
110502,ICA,PISCO,HUANCANO,28.0,365.0,24.0,13.0,3.0,0.0,64.0,10.0,80.0,1710.0,0.0,78.0,348.0,13.0,21.0,439.0,214.0,5.0,24.0,21.0,11.0,38.0,80.0,0.0,19.0,16.0,30.0,23.0,6.0,6.0,110.0,288.0,273.0,13.0,109.0,16.0,8.0,11.0,4517,1217,471,0.6199,8.0806,0.5313,0.2878,0.0664,0.0,1.4169,0.2214,1.7711,37.857,0.0,1.7268,7.7042,0.2878,0.4649,9.7188,4.7377,0.1107,0.5313,0.4649,0.2435,0.8413,1.7711,0.0,0.4206,0.3542,0.6642,0.5092,0.1328,0.1328,2.4352,6.3759,6.0438,0.2878,2.4131,0.3542,0.1771,0.2435,FP
110503,ICA,PISCO,HUMAY,6.0,74.0,13.0,2.0,3.0,0.0,13.0,1.0,34.0,272.0,0.0,3.0,212.0,3.0,8.0,99.0,50.0,1.0,4.0,8.0,2.0,14.0,7.0,0.0,1.0,3.0,17.0,4.0,0.0,0.0,45.0,51.0,69.0,1.0,14.0,1.0,3.0,2.0,1040,280,101,0.5769,7.1154,1.25,0.1923,0.2885,0.0,1.25,0.0962,3.2692,26.1538,0.0,0.2885,20.3846,0.2885,0.7692,9.5192,4.8077,0.0962,0.3846,0.7692,0.1923,1.3462,0.6731,0.0,0.0962,0.2885,1.6346,0.3846,0.0,0.0,4.3269,4.9038,6.6346,0.0962,1.3462,0.0962,0.2885,0.1923,FP
110504,ICA,PISCO,INDEPENDENCIA,32.0,193.0,39.0,17.0,5.0,0.0,36.0,4.0,61.0,1133.0,0.0,14.0,926.0,8.0,11.0,412.0,122.0,5.0,30.0,34.0,9.0,78.0,43.0,3.0,29.0,12.0,84.0,21.0,5.0,8.0,240.0,162.0,236.0,20.0,101.0,16.0,4.0,9.0,4162,1539,570,0.7689,4.6372,0.937,0.4085,0.1201,0.0,0.865,0.0961,1.4656,27.2225,0.0,0.3364,22.2489,0.1922,0.2643,9.8991,2.9313,0.1201,0.7208,0.8169,0.2162,1.8741,1.0332,0.0721,0.6968,0.2883,2.0183,0.5046,0.1201,0.1922,5.7665,3.8924,5.6704,0.4805,2.4267,0.3844,0.0961,0.2162,FP
110505,ICA,PISCO,PARACAS,11.0,155.0,22.0,2.0,4.0,0.0,32.0,4.0,55.0,345.0,0.0,9.0,205.0,5.0,9.0,249.0,115.0,1.0,17.0,9.0,4.0,23.0,38.0,3.0,21.0,4.0,25.0,7.0,2.0,4.0,75.0,84.0,76.0,1.0,53.0,14.0,2.0,2.0,1687,409,138,0.652,9.1879,1.3041,0.1186,0.2371,0.0,1.8969,0.2371,3.2602,20.4505,0.0,0.5335,12.1517,0.2964,0.5335,14.7599,6.8168,0.0593,1.0077,0.5335,0.2371,1.3634,2.2525,0.1778,1.2448,0.2371,1.4819,0.4149,0.1186,0.2371,4.4458,4.9793,4.505,0.0593,3.1417,0.8299,0.1186,0.1186,FP
110506,ICA,PISCO,SAN ANDRÉS,18.0,133.0,30.0,9.0,2.0,0.0,24.0,5.0,49.0,961.0,0.0,10.0,560.0,8.0,7.0,328.0,146.0,2.0,30.0,22.0,7.0,37.0,33.0,1.0,10.0,7.0,65.0,11.0,2.0,0.0,102.0,118.0,93.0,5.0,64.0,12.0,4.0,2.0,2917,907,319,0.6171,4.5595,1.0285,0.3085,0.0686,0.0,0.8228,0.1714,1.6798,32.9448,0.0,0.3428,19.1978,0.2743,0.24,11.2444,5.0051,0.0686,1.0285,0.7542,0.24,1.2684,1.1313,0.0343,0.3428,0.24,2.2283,0.3771,0.0686,0.0,3.4967,4.0453,3.1882,0.1714,2.194,0.4114,0.1371,0.0686,FP
110507,ICA,PISCO,SAN CLEMENTE,18.0,100.0,18.0,2.0,11.0,0.0,23.0,3.0,36.0,495.0,0.0,6.0,175.0,6.0,4.0,142.0,59.0,4.0,20.0,11.0,6.0,16.0,21.0,0.0,10.0,2.0,16.0,6.0,3.0,2.0,75.0,66.0,204.0,1.0,22.0,12.0,1.0,1.0,1597,541,295,1.1271,6.2617,1.1271,0.1252,0.6888,0.0,1.4402,0.1879,2.2542,30.9956,0.0,0.3757,10.958,0.3757,0.2505,8.8917,3.6944,0.2505,1.2523,0.6888,0.3757,1.0019,1.315,0.0,0.6262,0.1252,1.0019,0.3757,0.1879,0.1252,4.6963,4.1327,12.774,0.0626,1.3776,0.7514,0.0626,0.0626,FP
110508,ICA,PISCO,TUPAC AMARU INCA,13.0,139.0,21.0,10.0,2.0,0.0,54.0,5.0,26.0,469.0,0.0,8.0,133.0,7.0,6.0,117.0,62.0,3.0,23.0,17.0,5.0,14.0,19.0,3.0,18.0,6.0,13.0,4.0,1.0,3.0,49.0,64.0,85.0,5.0,44.0,13.0,2.0,1.0,1464,384,212,0.888,9.4945,1.4344,0.6831,0.1366,0.0,3.6885,0.3415,1.776,32.0355,0.0,0.5464,9.0847,0.4781,0.4098,7.9918,4.235,0.2049,1.571,1.1612,0.3415,0.9563,1.2978,0.2049,1.2295,0.4098,0.888,0.2732,0.0683,0.2049,3.347,4.3716,5.806,0.3415,3.0055,0.888,0.1366,0.0683,FP
110509,Ica,Pisco,,12.0,54.0,17.0,3.0,9.0,0.0,14.0,5.0,26.0,355.0,0.0,11.0,645.0,4.0,5.0,147.0,29.0,2.0,19.0,16.0,0.0,27.0,11.0,3.0,2.0,5.0,29.0,6.0,3.0,3.0,100.0,44.0,62.0,6.0,26.0,7.0,4.0,1.0,1712,718,226,0.7009,3.1542,0.993,0.1752,0.5257,0.0,0.8178,0.2921,1.5187,20.736,0.0,0.6425,37.6752,0.2336,0.2921,8.5864,1.6939,0.1168,1.1098,0.9346,0.0,1.5771,0.6425,0.1752,0.1168,0.2921,1.6939,0.3505,0.1752,0.1752,5.8411,2.5701,3.6215,0.3505,1.5187,0.4089,0.2336,0.0584,JxP
110601,Ica,,,71.0,991.0,47.0,31.0,7.0,0.0,258.0,9.0,232.0,942.0,0.0,40.0,538.0,34.0,47.0,817.0,673.0,14.0,62.0,28.0,45.0,58.0,267.0,1.0,73.0,27.0,108.0,44.0,9.0,4.0,216.0,664.0,396.0,8.0,311.0,48.0,12.0,23.0,7155,884,505,0.9923,13.8505,0.6569,0.4333,0.0978,0.0,3.6059,0.1258,3.2425,13.1656,0.0,0.559,7.5192,0.4752,0.6569,11.4186,9.406,0.1957,0.8665,0.3913,0.6289,0.8106,3.7317,0.014,1.0203,0.3774,1.5094,0.615,0.1258,0.0559,3.0189,9.2802,5.5346,0.1118,4.3466,0.6709,0.1677,0.3215,AN
110602,Ica,,,34.0,70.0,3.0,1.0,0.0,0.0,14.0,0.0,11.0,62.0,0.0,3.0,56.0,5.0,3.0,63.0,22.0,0.0,3.0,2.0,1.0,9.0,3.0,1.0,5.0,1.0,14.0,5.0,2.0,0.0,12.0,23.0,16.0,0.0,6.0,2.0,1.0,0.0,453,106,27,7.5055,15.4525,0.6623,0.2208,0.0,0.0,3.0905,0.0,2.4283,13.6865,0.0,0.6623,12.362,1.1038,0.6623,13.9073,4.8565,0.0,0.6623,0.4415,0.2208,1.9868,0.6623,0.2208,1.1038,0.2208,3.0905,1.1038,0.4415,0.0,2.649,5.0773,3.532,0.0,1.3245,0.4415,0.2208,0.0,AN
110603,Ica,,,13.0,63.0,10.0,1.0,0.0,0.0,8.0,1.0,14.0,47.0,0.0,5.0,184.0,0.0,1.0,94.0,82.0,1.0,13.0,3.0,1.0,13.0,28.0,0.0,10.0,1.0,29.0,5.0,0.0,0.0,34.0,21.0,22.0,2.0,33.0,1.0,2.0,0.0,742,100,52,1.752,8.4906,1.3477,0.1348,0.0,0.0,1.0782,0.1348,1.8868,6.3342,0.0,0.6739,24.7978,0.0,0.1348,12.6685,11.0512,0.1348,1.752,0.4043,0.1348,1.752,3.7736,0.0,1.3477,0.1348,3.9084,0.6739,0.0,0.0,4.5822,2.8302,2.965,0.2695,4.4474,0.1348,0.2695,0.0,JxP
110604,Ica,,,2.0,65.0,9.0,4.0,2.0,0.0,17.0,1.0,4.0,137.0,0.0,20.0,50.0,2.0,1.0,51.0,24.0,2.0,2.0,4.0,1.0,5.0,20.0,0.0,7.0,2.0,3.0,4.0,0.0,2.0,23.0,33.0,22.0,0.0,12.0,5.0,2.0,1.0,539,167,44,0.3711,12.0594,1.6698,0.7421,0.3711,0.0,3.154,0.1855,0.7421,25.4174,0.0,3.7106,9.2764,0.3711,0.1855,9.462,4.4527,0.3711,0.3711,0.7421,0.1855,0.9276,3.7106,0.0,1.2987,0.3711,0.5566,0.7421,0.0,0.3711,4.2672,6.1224,4.0816,0.0,2.2263,0.9276,0.3711,0.1855,FP
110605,Ica,,,15.0,178.0,11.0,2.0,1.0,0.0,45.0,2.0,59.0,204.0,0.0,5.0,331.0,3.0,12.0,241.0,134.0,0.0,23.0,8.0,6.0,14.0,46.0,1.0,12.0,6.0,48.0,12.0,2.0,1.0,68.0,156.0,53.0,2.0,114.0,9.0,7.0,3.0,1834,261,70,0.8179,9.7056,0.5998,0.1091,0.0545,0.0,2.4537,0.1091,3.217,11.1232,0.0,0.2726,18.048,0.1636,0.6543,13.1407,7.3064,0.0,1.2541,0.4362,0.3272,0.7634,2.5082,0.0545,0.6543,0.3272,2.6172,0.6543,0.1091,0.0545,3.7077,8.506,2.8899,0.1091,6.2159,0.4907,0.3817,0.1636,JxP
110606,Ica,,,6.0,136.0,4.0,10.0,1.0,0.0,52.0,2.0,19.0,123.0,0.0,5.0,72.0,3.0,5.0,87.0,70.0,3.0,12.0,5.0,9.0,8.0,22.0,0.0,5.0,3.0,21.0,5.0,0.0,1.0,19.0,54.0,54.0,0.0,38.0,7.0,3.0,0.0,864,120,54,0.6944,15.7407,0.463,1.1574,0.1157,0.0,6.0185,0.2315,2.1991,14.2361,0.0,0.5787,8.3333,0.3472,0.5787,10.0694,8.1019,0.3472,1.3889,0.5787,1.0417,0.9259,2.5463,0.0,0.5787,0.3472,2.4306,0.5787,0.0,0.1157,2.1991,6.25,6.25,0.0,4.3981,0.8102,0.3472,0.0,AN
110607,Ica,,,3.0,48.0,10.0,1.0,1.0,0.0,9.0,0.0,10.0,94.0,0.0,1.0,26.0,2.0,7.0,38.0,41.0,0.0,3.0,3.0,2.0,4.0,4.0,0.0,4.0,1.0,4.0,4.0,0.0,1.0,21.0,21.0,15.0,0.0,11.0,1.0,2.0,0.0,392,109,23,0.7653,12.2449,2.551,0.2551,0.2551,0.0,2.2959,0.0,2.551,23.9796,0.0,0.2551,6.6327,0.5102,1.7857,9.6939,10.4592,0.0,0.7653,0.7653,0.5102,1.0204,1.0204,0.0,1.0204,0.2551,1.0204,1.0204,0.0,0.2551,5.3571,5.3571,3.8265,0.0,2.8061,0.2551,0.5102,0.0,FP
110608,Ica,,,3.0,24.0,3.0,0.0,1.0,0.0,8.0,0.0,10.0,48.0,0.0,0.0,118.0,1.0,1.0,124.0,11.0,1.0,8.0,4.0,2.0,5.0,7.0,1.0,17.0,3.0,13.0,1.0,0.0,2.0,17.0,12.0,20.0,0.0,11.0,1.0,1.0,0.0,478,82,25,0.6276,5.0209,0.6276,0.0,0.2092,0.0,1.6736,0.0,2.0921,10.0418,0.0,0.0,24.6862,0.2092,0.2092,25.9414,2.3013,0.2092,1.6736,0.8368,0.4184,1.046,1.4644,0.2092,3.5565,0.6276,2.7197,0.2092,0.0,0.4184,3.5565,2.5105,4.1841,0.0,2.3013,0.2092,0.2092,0.0,Obras
110609,Ica,,,13.0,184.0,11.0,2.0,3.0,0.0,56.0,1.0,37.0,200.0,0.0,5.0,180.0,5.0,11.0,233.0,95.0,2.0,14.0,11.0,4.0,15.0,33.0,1.0,20.0,3.0,33.0,8.0,3.0,0.0,78.0,105.0,65.0,3.0,84.0,5.0,0.0,2.0,1525,239,119,0.8525,12.0656,0.7213,0.1311,0.1967,0.0,3.6721,0.0656,2.4262,13.1148,0.0,0.3279,11.8033,0.3279,0.7213,15.2787,6.2295,0.1311,0.918,0.7213,0.2623,0.9836,2.1639,0.0656,1.3115,0.1967,2.1639,0.5246,0.1967,0.0,5.1148,6.8852,4.2623,0.1967,5.5082,0.3279,0.0,0.1311,Obras
110610,Ica,,,28.0,521.0,35.0,25.0,7.0,0.0,145.0,13.0,90.0,491.0,0.0,17.0,226.0,18.0,39.0,432.0,394.0,8.0,37.0,11.0,25.0,25.0,165.0,4.0,50.0,13.0,81.0,21.0,1.0,4.0,82.0,368.0,311.0,4.0,164.0,31.0,14.0,11.0,3911,449,210,0.7159,13.3214,0.8949,0.6392,0.179,0.0,3.7075,0.3324,2.3012,12.5543,0.0,0.4347,5.7786,0.4602,0.9972,11.0458,10.0741,0.2046,0.946,0.2813,0.6392,0.6392,4.2189,0.1023,1.2784,0.3324,2.0711,0.5369,0.0256,0.1023,2.0967,9.4094,7.9519,0.1023,4.1933,0.7926,0.358,0.2813,AN
110701,Ica,,,167.0,1190.0,166.0,63.0,25.0,0.0,154.0,19.0,263.0,3667.0,0.0,138.0,2504.0,34.0,49.0,2020.0,678.0,15.0,452.0,70.0,60.0,191.0,321.0,21.0,236.0,38.0,256.0,60.0,4.0,15.0,325.0,1145.0,1503.0,26.0,462.0,45.0,65.0,33.0,16480,3940,1348,1.0133,7.2209,1.0073,0.3823,0.1517,0.0,0.9345,0.1153,1.5959,22.2512,0.0,0.8374,15.1942,0.2063,0.2973,12.2573,4.1141,0.091,2.7427,0.4248,0.3641,1.159,1.9478,0.1274,1.432,0.2306,1.5534,0.3641,0.0243,0.091,1.9721,6.9478,9.1201,0.1578,2.8034,0.2731,0.3944,0.2002,FP
110702,Ica,,,30.0,144.0,51.0,22.0,4.0,0.0,20.0,45.0,43.0,444.0,0.0,21.0,615.0,4.0,8.0,378.0,61.0,4.0,65.0,16.0,14.0,36.0,34.0,2.0,48.0,5.0,35.0,13.0,0.0,2.0,89.0,138.0,176.0,6.0,58.0,19.0,5.0,2.0,2657,651,221,1.1291,5.4196,1.9195,0.828,0.1505,0.0,0.7527,1.6936,1.6184,16.7106,0.0,0.7904,23.1464,0.1505,0.3011,14.2266,2.2958,0.1505,2.4464,0.6022,0.5269,1.3549,1.2796,0.0753,1.8065,0.1882,1.3173,0.4893,0.0,0.0753,3.3496,5.1938,6.624,0.2258,2.1829,0.7151,0.1882,0.0753,JxP
110703,Ica,,,13.0,103.0,22.0,11.0,4.0,0.0,22.0,2.0,44.0,313.0,0.0,5.0,726.0,2.0,1.0,479.0,45.0,3.0,68.0,13.0,2.0,28.0,24.0,2.0,25.0,3.0,26.0,6.0,2.0,5.0,98.0,97.0,129.0,3.0,58.0,4.0,8.0,2.0,2398,563,192,0.5421,4.2952,0.9174,0.4587,0.1668,0.0,0.9174,0.0834,1.8349,13.0525,0.0,0.2085,30.2752,0.0834,0.0417,19.975,1.8766,0.1251,2.8357,0.5421,0.0834,1.1676,1.0008,0.0834,1.0425,0.1251,1.0842,0.2502,0.0834,0.2085,4.0867,4.045,5.3795,0.1251,2.4187,0.1668,0.3336,0.0834,JxP
110704,Ica,,,96.0,466.0,104.0,20.0,18.0,0.0,96.0,21.0,167.0,2490.0,0.0,48.0,2212.0,19.0,27.0,1641.0,319.0,7.0,249.0,68.0,25.0,183.0,120.0,5.0,245.0,22.0,160.0,32.0,8.0,10.0,215.0,555.0,635.0,19.0,243.0,39.0,24.0,16.0,10624,2920,1003,0.9036,4.3863,0.9789,0.1883,0.1694,0.0,0.9036,0.1977,1.5719,23.4375,0.0,0.4518,20.8208,0.1788,0.2541,15.4462,3.0026,0.0659,2.3438,0.6401,0.2353,1.7225,1.1295,0.0471,2.3061,0.2071,1.506,0.3012,0.0753,0.0941,2.0237,5.224,5.977,0.1788,2.2873,0.3671,0.2259,0.1506,FP
110705,Ica,,,22.0,75.0,18.0,4.0,0.0,0.0,6.0,4.0,11.0,298.0,0.0,14.0,790.0,1.0,1.0,218.0,34.0,0.0,38.0,9.0,6.0,17.0,11.0,1.0,14.0,5.0,23.0,5.0,2.0,0.0,64.0,57.0,80.0,1.0,32.0,3.0,7.0,2.0,1873,554,187,1.1746,4.0043,0.961,0.2136,0.0,0.0,0.3203,0.2136,0.5873,15.9103,0.0,0.7475,42.1783,0.0534,0.0534,11.6391,1.8153,0.0,2.0288,0.4805,0.3203,0.9076,0.5873,0.0534,0.7475,0.267,1.228,0.267,0.1068,0.0,3.417,3.0432,4.2712,0.0534,1.7085,0.1602,0.3737,0.1068,JxP
110706,Ica,,,289.0,1118.0,205.0,47.0,14.0,0.0,152.0,59.0,367.0,4462.0,0.0,163.0,5533.0,95.0,39.0,3574.0,558.0,19.0,779.0,143.0,56.0,348.0,278.0,7.0,194.0,71.0,368.0,75.0,17.0,22.0,646.0,655.0,858.0,43.0,479.0,127.0,68.0,23.0,21951,6391,1919,1.3166,5.0932,0.9339,0.2141,0.0638,0.0,0.6925,0.2688,1.6719,20.3271,0.0,0.7426,25.2061,0.4328,0.1777,16.2817,2.542,0.0866,3.5488,0.6515,0.2551,1.5853,1.2665,0.0319,0.8838,0.3234,1.6765,0.3417,0.0774,0.1002,2.9429,2.9839,3.9087,0.1959,2.1821,0.5786,0.3098,0.1048,JxP
110707,Ica,,,101.0,633.0,151.0,10.0,12.0,0.0,90.0,26.0,155.0,1906.0,0.0,89.0,2498.0,12.0,25.0,1265.0,332.0,3.0,237.0,41.0,35.0,123.0,124.0,6.0,95.0,26.0,133.0,34.0,8.0,6.0,247.0,406.0,513.0,25.0,221.0,28.0,29.0,13.0,9658,2839,1004,1.0458,6.5542,1.5635,0.1035,0.1242,0.0,0.9319,0.2692,1.6049,19.7349,0.0,0.9215,25.8646,0.1242,0.2589,13.0979,3.4376,0.0311,2.4539,0.4245,0.3624,1.2736,1.2839,0.0621,0.9836,0.2692,1.3771,0.352,0.0828,0.0621,2.5575,4.2038,5.3117,0.2589,2.2883,0.2899,0.3003,0.1346,JxP
110708,Ica,,,71.0,483.0,130.0,8.0,5.0,0.0,40.0,19.0,47.0,2621.0,0.0,59.0,2213.0,34.0,4.0,464.0,54.0,7.0,212.0,48.0,8.0,129.0,66.0,7.0,52.0,16.0,63.0,41.0,8.0,1.0,185.0,124.0,164.0,24.0,56.0,17.0,21.0,6.0,7507,3087,851,0.9458,6.434,1.7317,0.1066,0.0666,0.0,0.5328,0.2531,0.6261,34.9141,0.0,0.7859,29.4792,0.4529,0.0533,6.1809,0.7193,0.0932,2.824,0.6394,0.1066,1.7184,0.8792,0.0932,0.6927,0.2131,0.8392,0.5462,0.1066,0.0133,2.4644,1.6518,2.1846,0.3197,0.746,0.2265,0.2797,0.0799,FP
110709,Ica,,,18.0,19.0,1.0,1.0,0.0,0.0,50.0,1.0,7.0,57.0,0.0,4.0,979.0,1.0,2.0,137.0,13.0,2.0,45.0,6.0,0.0,39.0,5.0,0.0,11.0,2.0,5.0,3.0,2.0,1.0,27.0,10.0,18.0,4.0,7.0,2.0,2.0,2.0,1483,393,62,1.2138,1.2812,0.0674,0.0674,0.0,0.0,3.3715,0.0674,0.472,3.8436,0.0,0.2697,66.0148,0.0674,0.1349,9.238,0.8766,0.1349,3.0344,0.4046,0.0,2.6298,0.3372,0.0,0.7417,0.1349,0.3372,0.2023,0.1349,0.0674,1.8206,0.6743,1.2138,0.2697,0.472,0.1349,0.1349,0.1349,JxP
110801,Ica,,,129.0,1289.0,292.0,112.0,14.0,0.0,141.0,25.0,326.0,3655.0,0.0,86.0,1208.0,19.0,59.0,1720.0,1002.0,6.0,203.0,66.0,49.0,172.0,371.0,2.0,122.0,27.0,140.0,55.0,14.0,6.0,452.0,1011.0,1577.0,23.0,426.0,60.0,40.0,42.0,14941,2982,1017,0.8634,8.6273,1.9544,0.7496,0.0937,0.0,0.9437,0.1673,2.1819,24.4629,0.0,0.5756,8.0851,0.1272,0.3949,11.5119,6.7064,0.0402,1.3587,0.4417,0.328,1.1512,2.4831,0.0134,0.8165,0.1807,0.937,0.3681,0.0937,0.0402,3.0252,6.7666,10.5548,0.1539,2.8512,0.4016,0.2677,0.2811,FP
110802,Ica,,,105.0,1132.0,126.0,57.0,15.0,0.0,170.0,22.0,280.0,3040.0,0.0,102.0,1239.0,26.0,46.0,1541.0,731.0,15.0,149.0,49.0,45.0,182.0,315.0,4.0,138.0,40.0,151.0,49.0,13.0,13.0,347.0,822.0,1283.0,9.0,410.0,37.0,33.0,25.0,12761,2443,998,0.8228,8.8708,0.9874,0.4467,0.1175,0.0,1.3322,0.1724,2.1942,23.8226,0.0,0.7993,9.7093,0.2037,0.3605,12.0759,5.7284,0.1175,1.1676,0.384,0.3526,1.4262,2.4685,0.0313,1.0814,0.3135,1.1833,0.384,0.1019,0.1019,2.7192,6.4415,10.0541,0.0705,3.2129,0.2899,0.2586,0.1959,FP
110803,Ica,,,13.0,97.0,3.0,5.0,0.0,0.0,13.0,2.0,12.0,243.0,0.0,6.0,166.0,4.0,1.0,144.0,31.0,1.0,20.0,5.0,3.0,16.0,10.0,0.0,17.0,2.0,15.0,4.0,1.0,2.0,47.0,50.0,73.0,1.0,15.0,3.0,6.0,4.0,1035,235,67,1.256,9.372,0.2899,0.4831,0.0,0.0,1.256,0.1932,1.1594,23.4783,0.0,0.5797,16.0386,0.3865,0.0966,13.913,2.9952,0.0966,1.9324,0.4831,0.2899,1.5459,0.9662,0.0,1.6425,0.1932,1.4493,0.3865,0.0966,0.1932,4.5411,4.8309,7.0531,0.0966,1.4493,0.2899,0.5797,0.3865,FP
110804,Ica,,,21.0,208.0,20.0,2.0,7.0,0.0,26.0,1.0,33.0,754.0,0.0,45.0,404.0,5.0,2.0,338.0,62.0,0.0,49.0,11.0,33.0,22.0,23.0,0.0,12.0,1.0,21.0,23.0,2.0,2.0,51.0,93.0,166.0,3.0,41.0,10.0,6.0,5.0,2502,735,211,0.8393,8.3133,0.7994,0.0799,0.2798,0.0,1.0392,0.04,1.3189,30.1359,0.0,1.7986,16.1471,0.1998,0.0799,13.5092,2.478,0.0,1.9584,0.4396,1.3189,0.8793,0.9193,0.0,0.4796,0.04,0.8393,0.9193,0.0799,0.0799,2.0384,3.717,6.6347,0.1199,1.6387,0.3997,0.2398,0.1998,FP
110805,Ica,,,120.0,1161.0,135.0,37.0,24.0,0.0,123.0,52.0,407.0,4722.0,0.0,503.0,4863.0,21.0,44.0,3383.0,743.0,28.0,567.0,99.0,48.0,241.0,277.0,8.0,147.0,55.0,306.0,79.0,29.0,13.0,641.0,869.0,829.0,28.0,589.0,45.0,43.0,29.0,21308,5538,1457,0.5632,5.4487,0.6336,0.1736,0.1126,0.0,0.5772,0.244,1.9101,22.1607,0.0,2.3606,22.8224,0.0986,0.2065,15.8767,3.487,0.1314,2.661,0.4646,0.2253,1.131,1.3,0.0375,0.6899,0.2581,1.4361,0.3708,0.1361,0.061,3.0083,4.0783,3.8906,0.1314,2.7642,0.2112,0.2018,0.1361,JxP
110806,Ica,,,149.0,1317.0,217.0,44.0,22.0,0.0,131.0,39.0,308.0,4823.0,0.0,267.0,4682.0,30.0,41.0,2927.0,598.0,44.0,408.0,118.0,50.0,276.0,235.0,5.0,115.0,44.0,299.0,70.0,16.0,18.0,543.0,721.0,819.0,27.0,439.0,65.0,62.0,36.0,20005,5708,1799,0.7448,6.5834,1.0847,0.2199,0.11,0.0,0.6548,0.195,1.5396,24.109,0.0,1.3347,23.4041,0.15,0.2049,14.6313,2.9893,0.2199,2.0395,0.5899,0.2499,1.3797,1.1747,0.025,0.5749,0.2199,1.4946,0.3499,0.08,0.09,2.7143,3.6041,4.094,0.135,2.1945,0.3249,0.3099,0.18,FP
110901,Ica,,,91.0,2265.0,102.0,64.0,30.0,0.0,174.0,11.0,455.0,1989.0,0.0,97.0,1583.0,28.0,79.0,1380.0,1112.0,18.0,120.0,110.0,69.0,762.0,388.0,7.0,184.0,37.0,189.0,71.0,14.0,35.0,365.0,1077.0,886.0,46.0,687.0,93.0,37.0,58.0,14713,2169,813,0.6185,15.3945,0.6933,0.435,0.2039,0.0,1.1826,0.0748,3.0925,13.5187,0.0,0.6593,10.7592,0.1903,0.5369,9.3795,7.5579,0.1223,0.8156,0.7476,0.469,5.1791,2.6371,0.0476,1.2506,0.2515,1.2846,0.4826,0.0952,0.2379,2.4808,7.3201,6.0219,0.3126,4.6693,0.6321,0.2515,0.3942,AN
110902,Ica,,,22.0,558.0,29.0,17.0,5.0,0.0,24.0,6.0,94.0,445.0,0.0,23.0,501.0,6.0,9.0,447.0,193.0,7.0,50.0,29.0,9.0,562.0,71.0,2.0,40.0,8.0,36.0,13.0,3.0,9.0,95.0,222.0,215.0,21.0,133.0,12.0,13.0,16.0,3945,768,322,0.5577,14.1445,0.7351,0.4309,0.1267,0.0,0.6084,0.1521,2.3828,11.2801,0.0,0.583,12.6996,0.1521,0.2281,11.3308,4.8923,0.1774,1.2674,0.7351,0.2281,14.2459,1.7997,0.0507,1.0139,0.2028,0.9125,0.3295,0.076,0.2281,2.4081,5.6274,5.4499,0.5323,3.3714,0.3042,0.3295,0.4056,PL
110903,Ica,,,9.0,354.0,19.0,18.0,4.0,0.0,37.0,9.0,84.0,418.0,0.0,13.0,169.0,6.0,19.0,260.0,117.0,1.0,25.0,14.0,10.0,366.0,52.0,3.0,23.0,5.0,29.0,9.0,1.0,1.0,65.0,126.0,78.0,19.0,90.0,23.0,2.0,3.0,2481,411,227,0.3628,14.2684,0.7658,0.7255,0.1612,0.0,1.4913,0.3628,3.3857,16.848,0.0,0.524,6.8118,0.2418,0.7658,10.4796,4.7158,0.0403,1.0077,0.5643,0.4031,14.7521,2.0959,0.1209,0.927,0.2015,1.1689,0.3628,0.0403,0.0403,2.6199,5.0786,3.1439,0.7658,3.6276,0.927,0.0806,0.1209,FP
110904,Ica,,,5.0,239.0,18.0,8.0,3.0,0.0,22.0,3.0,56.0,277.0,0.0,12.0,187.0,2.0,6.0,166.0,155.0,2.0,14.0,6.0,4.0,82.0,50.0,1.0,26.0,3.0,23.0,11.0,1.0,2.0,41.0,152.0,92.0,7.0,65.0,8.0,5.0,7.0,1761,336,165,0.2839,13.5718,1.0221,0.4543,0.1704,0.0,1.2493,0.1704,3.18,15.7297,0.0,0.6814,10.619,0.1136,0.3407,9.4265,8.8018,0.1136,0.795,0.3407,0.2271,4.6564,2.8393,0.0568,1.4764,0.1704,1.3061,0.6246,0.0568,0.1136,2.3282,8.6315,5.2243,0.3975,3.6911,0.4543,0.2839,0.3975,FP
110905,Ica,,,19.0,618.0,52.0,10.0,6.0,0.0,44.0,6.0,105.0,822.0,0.0,24.0,485.0,9.0,22.0,502.0,312.0,6.0,45.0,14.0,12.0,238.0,98.0,1.0,41.0,15.0,59.0,22.0,3.0,7.0,115.0,391.0,274.0,13.0,202.0,19.0,8.0,12.0,4631,623,298,0.4103,13.3448,1.1229,0.2159,0.1296,0.0,0.9501,0.1296,2.2673,17.7499,0.0,0.5182,10.4729,0.1943,0.4751,10.84,6.7372,0.1296,0.9717,0.3023,0.2591,5.1393,2.1162,0.0216,0.8853,0.3239,1.274,0.4751,0.0648,0.1512,2.4833,8.4431,5.9166,0.2807,4.3619,0.4103,0.1727,0.2591,FP
110906,Ica,,,10.0,243.0,14.0,13.0,8.0,0.0,18.0,3.0,48.0,147.0,0.0,21.0,166.0,4.0,7.0,194.0,111.0,3.0,22.0,15.0,1.0,95.0,33.0,0.0,17.0,6.0,14.0,10.0,0.0,4.0,52.0,88.0,84.0,12.0,42.0,3.0,3.0,1.0,1512,244,93,0.6614,16.0714,0.9259,0.8598,0.5291,0.0,1.1905,0.1984,3.1746,9.7222,0.0,1.3889,10.9788,0.2646,0.463,12.8307,7.3413,0.1984,1.455,0.9921,0.0661,6.2831,2.1825,0.0,1.1243,0.3968,0.9259,0.6614,0.0,0.2646,3.4392,5.8201,5.5556,0.7937,2.7778,0.1984,0.1984,0.0661,AN
110907,Ica,,,11.0,142.0,78.0,1.0,0.0,0.0,12.0,2.0,24.0,212.0,0.0,7.0,297.0,3.0,7.0,187.0,46.0,1.0,27.0,9.0,1.0,28.0,16.0,1.0,6.0,5.0,19.0,8.0,5.0,3.0,59.0,37.0,43.0,5.0,23.0,3.0,2.0,2.0,1332,429,158,0.8258,10.6607,5.8559,0.0751,0.0,0.0,0.9009,0.1502,1.8018,15.9159,0.0,0.5255,22.2973,0.2252,0.5255,14.039,3.4535,0.0751,2.027,0.6757,0.0751,2.1021,1.2012,0.0751,0.4505,0.3754,1.4264,0.6006,0.3754,0.2252,4.4294,2.7778,3.2282,0.3754,1.7267,0.2252,0.1502,0.1502,JxP
110908,Ica,,,8.0,242.0,14.0,4.0,1.0,0.0,23.0,4.0,59.0,291.0,0.0,13.0,230.0,6.0,4.0,200.0,90.0,4.0,15.0,7.0,5.0,204.0,28.0,1.0,17.0,7.0,38.0,13.0,2.0,3.0,36.0,150.0,81.0,11.0,67.0,7.0,10.0,6.0,1901,300,120,0.4208,12.7301,0.7365,0.2104,0.0526,0.0,1.2099,0.2104,3.1036,15.3077,0.0,0.6839,12.0989,0.3156,0.2104,10.5208,4.7344,0.2104,0.7891,0.3682,0.263,10.7312,1.4729,0.0526,0.8943,0.3682,1.9989,0.6839,0.1052,0.1578,1.8937,7.8906,4.2609,0.5786,3.5245,0.3682,0.526,0.3156,FP
110909,Ica,,,20.0,180.0,20.0,3.0,2.0,0.0,8.0,5.0,18.0,230.0,0.0,6.0,238.0,1.0,2.0,243.0,46.0,1.0,72.0,6.0,2.0,40.0,16.0,0.0,4.0,7.0,11.0,9.0,0.0,4.0,44.0,21.0,36.0,4.0,26.0,5.0,8.0,3.0,1341,431,129,1.4914,13.4228,1.4914,0.2237,0.1491,0.0,0.5966,0.3729,1.3423,17.1514,0.0,0.4474,17.7479,0.0746,0.1491,18.1208,3.4303,0.0746,5.3691,0.4474,0.1491,2.9828,1.1931,0.0,0.2983,0.522,0.8203,0.6711,0.0,0.2983,3.2811,1.566,2.6846,0.2983,1.9389,0.3729,0.5966,0.2237,Obras
120101,JUNÍN,HUANCAYO,HUANCAYO,745.0,12620.0,4552.0,6961.0,410.0,0.0,791.0,203.0,3374.0,30370.0,0.0,322.0,3599.0,465.0,1130.0,10282.0,34018.0,161.0,422.0,338.0,1065.0,496.0,10426.0,118.0,794.0,295.0,1268.0,481.0,184.0,82.0,1482.0,16973.0,34639.0,73.0,9427.0,969.0,16372.0,1058.0,206965,15966,9079,0.36,6.0976,2.1994,3.3634,0.1981,0.0,0.3822,0.0981,1.6302,14.674,0.0,0.1556,1.7389,0.2247,0.546,4.968,16.4366,0.0778,0.2039,0.1633,0.5146,0.2397,5.0376,0.057,0.3836,0.1425,0.6127,0.2324,0.0889,0.0396,0.7161,8.2009,16.7366,0.0353,4.5549,0.4682,7.9105,0.5112,RP
120102,Junín,Huancayo,,128.0,1453.0,1157.0,929.0,200.0,0.0,103.0,37.0,729.0,8196.0,0.0,54.0,2074.0,59.0,159.0,2604.0,4019.0,38.0,149.0,105.0,157.0,186.0,1365.0,13.0,286.0,68.0,491.0,91.0,18.0,19.0,628.0,3368.0,2761.0,22.0,1930.0,181.0,4337.0,99.0,38213,5701,2684,0.335,3.8024,3.0278,2.4311,0.5234,0.0,0.2695,0.0968,1.9077,21.4482,0.0,0.1413,5.4275,0.1544,0.4161,6.8144,10.5174,0.0994,0.3899,0.2748,0.4109,0.4867,3.5721,0.034,0.7484,0.1779,1.2849,0.2381,0.0471,0.0497,1.6434,8.8138,7.2253,0.0576,5.0506,0.4737,11.3495,0.2591,FP
120103,Junín,Huancayo,,84.0,995.0,1078.0,627.0,45.0,0.0,48.0,26.0,266.0,5162.0,0.0,29.0,859.0,56.0,74.0,1230.0,1741.0,18.0,72.0,53.0,73.0,96.0,637.0,6.0,212.0,37.0,176.0,46.0,10.0,6.0,861.0,1842.0,1377.0,13.0,757.0,153.0,3169.0,48.0,21982,3174,1571,0.3821,4.5264,4.904,2.8523,0.2047,0.0,0.2184,0.1183,1.2101,23.4828,0.0,0.1319,3.9077,0.2548,0.3366,5.5955,7.9201,0.0819,0.3275,0.2411,0.3321,0.4367,2.8978,0.0273,0.9644,0.1683,0.8007,0.2093,0.0455,0.0273,3.9168,8.3796,6.2642,0.0591,3.4437,0.696,14.4163,0.2184,FP
120104,JUNÍN,HUANCAYO,CARHUACALLANGA,80.0,838.0,616.0,988.0,29.0,0.0,54.0,22.0,316.0,3613.0,0.0,40.0,735.0,44.0,195.0,1370.0,2405.0,16.0,59.0,85.0,93.0,46.0,837.0,5.0,178.0,28.0,142.0,54.0,11.0,19.0,357.0,1762.0,1557.0,13.0,961.0,100.0,5525.0,66.0,23259,2927,1420,0.344,3.6029,2.6484,4.2478,0.1247,0.0,0.2322,0.0946,1.3586,15.5338,0.0,0.172,3.1601,0.1892,0.8384,5.8902,10.3401,0.0688,0.2537,0.3654,0.3998,0.1978,3.5986,0.0215,0.7653,0.1204,0.6105,0.2322,0.0473,0.0817,1.5349,7.5756,6.6942,0.0559,4.1317,0.4299,23.7542,0.2838,UCD
120105,JUNÍN,HUANCAYO,CHACAPAMPA,46.0,365.0,468.0,300.0,27.0,0.0,31.0,26.0,141.0,1748.0,0.0,12.0,387.0,12.0,43.0,729.0,1051.0,15.0,43.0,20.0,45.0,37.0,326.0,3.0,93.0,14.0,137.0,22.0,25.0,3.0,345.0,1110.0,634.0,7.0,469.0,60.0,1853.0,30.0,10677,1671,793,0.4308,3.4186,4.3833,2.8098,0.2529,0.0,0.2903,0.2435,1.3206,16.3716,0.0,0.1124,3.6246,0.1124,0.4027,6.8278,9.8436,0.1405,0.4027,0.1873,0.4215,0.3465,3.0533,0.0281,0.871,0.1311,1.2831,0.2061,0.2341,0.0281,3.2312,10.3962,5.938,0.0656,4.3926,0.562,17.3551,0.281,UCD
120106,JUNÍN,HUANCAYO,CHICCHE,12.0,106.0,131.0,123.0,2.0,0.0,9.0,2.0,20.0,1004.0,0.0,5.0,148.0,4.0,5.0,176.0,147.0,4.0,9.0,7.0,6.0,26.0,44.0,0.0,13.0,3.0,20.0,6.0,1.0,1.0,73.0,136.0,117.0,3.0,51.0,16.0,376.0,2.0,2808,479,190,0.4274,3.7749,4.6652,4.3803,0.0712,0.0,0.3205,0.0712,0.7123,35.755,0.0,0.1781,5.2707,0.1425,0.1781,6.2678,5.235,0.1425,0.3205,0.2493,0.2137,0.9259,1.567,0.0,0.463,0.1068,0.7123,0.2137,0.0356,0.0356,2.5997,4.8433,4.1667,0.1068,1.8162,0.5698,13.3903,0.0712,FP
120107,JUNÍN,HUANCAYO,CHILCA,124.0,2112.0,1318.0,1389.0,136.0,0.0,145.0,61.0,669.0,6411.0,0.0,55.0,579.0,105.0,199.0,1903.0,6492.0,25.0,78.0,62.0,210.0,87.0,2131.0,24.0,159.0,71.0,175.0,84.0,33.0,14.0,299.0,3479.0,9617.0,19.0,2012.0,282.0,2369.0,192.0,43120,3887,1949,0.2876,4.898,3.0566,3.2212,0.3154,0.0,0.3363,0.1415,1.5515,14.8678,0.0,0.1276,1.3428,0.2435,0.4615,4.4133,15.0557,0.058,0.1809,0.1438,0.487,0.2018,4.942,0.0557,0.3687,0.1647,0.4058,0.1948,0.0765,0.0325,0.6934,8.0682,22.3029,0.0441,4.666,0.654,5.494,0.4453,RP
120109,Junín,Huancayo,,8.0,56.0,66.0,46.0,4.0,0.0,7.0,5.0,25.0,885.0,0.0,0.0,137.0,2.0,8.0,186.0,126.0,3.0,13.0,6.0,7.0,15.0,48.0,0.0,18.0,9.0,41.0,4.0,4.0,1.0,68.0,85.0,129.0,3.0,51.0,8.0,409.0,1.0,2484,407,175,0.3221,2.2544,2.657,1.8519,0.161,0.0,0.2818,0.2013,1.0064,35.628,0.0,0.0,5.5153,0.0805,0.3221,7.4879,5.0725,0.1208,0.5233,0.2415,0.2818,0.6039,1.9324,0.0,0.7246,0.3623,1.6506,0.161,0.161,0.0403,2.7375,3.4219,5.1932,0.1208,2.0531,0.3221,16.4654,0.0403,FP
120110,Junín,Huancayo,,301.0,2631.0,2080.0,2803.0,141.0,0.0,177.0,133.0,1551.0,16274.0,0.0,81.0,3333.0,132.0,323.0,5789.0,6890.0,94.0,358.0,269.0,301.0,337.0,2305.0,18.0,833.0,157.0,720.0,211.0,40.0,45.0,1217.0,7081.0,3478.0,52.0,3246.0,339.0,10984.0,156.0,74880,10936,5536,0.402,3.5136,2.7778,3.7433,0.1883,0.0,0.2364,0.1776,2.0713,21.7334,0.0,0.1082,4.4511,0.1763,0.4314,7.731,9.2014,0.1255,0.4781,0.3592,0.402,0.4501,3.0783,0.024,1.1124,0.2097,0.9615,0.2818,0.0534,0.0601,1.6253,9.4565,4.6448,0.0694,4.3349,0.4527,14.6688,0.2083,FP
120111,JUNÍN,HUANCAYO,CHUPURO,371.0,4057.0,3125.0,2996.0,331.0,0.0,360.0,126.0,1874.0,19746.0,0.0,145.0,3065.0,185.0,495.0,6128.0,10910.0,112.0,352.0,305.0,386.0,348.0,3823.0,20.0,765.0,168.0,880.0,272.0,79.0,61.0,1509.0,10051.0,5780.0,44.0,4562.0,523.0,9936.0,257.0,94147,12960,5888,0.3941,4.3092,3.3193,3.1823,0.3516,0.0,0.3824,0.1338,1.9905,20.9736,0.0,0.154,3.2555,0.1965,0.5258,6.509,11.5883,0.119,0.3739,0.324,0.41,0.3696,4.0607,0.0212,0.8126,0.1784,0.9347,0.2889,0.0839,0.0648,1.6028,10.6759,6.1393,0.0467,4.8456,0.5555,10.5537,0.273,FP
120112,JUNÍN,HUANCAYO,COLCA,127.0,1360.0,895.0,851.0,62.0,0.0,99.0,33.0,685.0,7353.0,0.0,35.0,1014.0,44.0,153.0,2581.0,3323.0,21.0,173.0,167.0,119.0,123.0,1068.0,5.0,314.0,42.0,341.0,106.0,22.0,17.0,523.0,4382.0,1569.0,18.0,1414.0,157.0,4569.0,50.0,33815,4670,2479,0.3756,4.0219,2.6468,2.5166,0.1834,0.0,0.2928,0.0976,2.0257,21.7448,0.0,0.1035,2.9987,0.1301,0.4525,7.6327,9.827,0.0621,0.5116,0.4939,0.3519,0.3637,3.1584,0.0148,0.9286,0.1242,1.0084,0.3135,0.0651,0.0503,1.5467,12.9587,4.64,0.0532,4.1816,0.4643,13.5118,0.1479,FP
120113,JUNÍN,HUANCAYO,CULLHUAS,89.0,420.0,537.0,345.0,21.0,0.0,31.0,19.0,262.0,3339.0,0.0,14.0,1194.0,52.0,48.0,1292.0,832.0,19.0,101.0,57.0,58.0,84.0,350.0,10.0,182.0,32.0,155.0,26.0,14.0,11.0,363.0,1011.0,347.0,7.0,622.0,88.0,2501.0,22.0,14555,2597,945,0.6115,2.8856,3.6895,2.3703,0.1443,0.0,0.213,0.1305,1.8001,22.9406,0.0,0.0962,8.2034,0.3573,0.3298,8.8767,5.7162,0.1305,0.6939,0.3916,0.3985,0.5771,2.4047,0.0687,1.2504,0.2199,1.0649,0.1786,0.0962,0.0756,2.494,6.9461,2.3841,0.0481,4.2734,0.6046,17.1831,0.1512,FP
120201,JUNÍN,CONCEPCIÓN,CONCEPCIÓN,26.0,80.0,97.0,9.0,1.0,0.0,1.0,6.0,8.0,230.0,0.0,2.0,250.0,2.0,6.0,51.0,26.0,4.0,43.0,7.0,1.0,8.0,11.0,0.0,1.0,2.0,18.0,2.0,1.0,1.0,119.0,25.0,19.0,3.0,8.0,7.0,42.0,0.0,1117,315,138,2.3277,7.162,8.684,0.8057,0.0895,0.0,0.0895,0.5372,0.7162,20.5909,0.0,0.1791,22.3814,0.1791,0.5372,4.5658,2.3277,0.3581,3.8496,0.6267,0.0895,0.7162,0.9848,0.0,0.0895,0.1791,1.6115,0.1791,0.0895,0.0895,10.6535,2.2381,1.701,0.2686,0.7162,0.6267,3.7601,0.0,JxP
120202,JUNÍN,CONCEPCIÓN,ACO,8.0,21.0,37.0,2.0,1.0,0.0,5.0,1.0,1.0,179.0,0.0,0.0,264.0,0.0,3.0,58.0,7.0,2.0,6.0,7.0,0.0,12.0,2.0,0.0,0.0,3.0,5.0,4.0,1.0,0.0,40.0,5.0,27.0,4.0,4.0,1.0,11.0,0.0,721,401,195,1.1096,2.9126,5.1318,0.2774,0.1387,0.0,0.6935,0.1387,0.1387,24.8266,0.0,0.0,36.6158,0.0,0.4161,8.0444,0.9709,0.2774,0.8322,0.9709,0.0,1.6644,0.2774,0.0,0.0,0.4161,0.6935,0.5548,0.1387,0.0,5.5479,0.6935,3.7448,0.5548,0.5548,0.1387,1.5257,0.0,JxP
120203,JUNÍN,CONCEPCIÓN,ANDAMARCA,5.0,5.0,27.0,1.0,0.0,0.0,0.0,3.0,1.0,49.0,0.0,2.0,199.0,2.0,0.0,19.0,3.0,0.0,0.0,4.0,1.0,8.0,0.0,0.0,3.0,0.0,2.0,3.0,1.0,0.0,24.0,4.0,3.0,2.0,5.0,11.0,5.0,0.0,392,190,92,1.2755,1.2755,6.8878,0.2551,0.0,0.0,0.0,0.7653,0.2551,12.5,0.0,0.5102,50.7653,0.5102,0.0,4.8469,0.7653,0.0,0.0,1.0204,0.2551,2.0408,0.0,0.0,0.7653,0.0,0.5102,0.7653,0.2551,0.0,6.1224,1.0204,0.7653,0.5102,1.2755,2.8061,1.2755,0.0,JxP
120204,JUNÍN,CONCEPCIÓN,CHAMBARA,3.0,47.0,35.0,9.0,1.0,0.0,0.0,2.0,12.0,201.0,0.0,1.0,174.0,3.0,0.0,107.0,15.0,1.0,0.0,6.0,2.0,10.0,10.0,1.0,5.0,0.0,4.0,3.0,1.0,1.0,21.0,22.0,10.0,1.0,7.0,3.0,2.0,0.0,720,210,52,0.4167,6.5278,4.8611,1.25,0.1389,0.0,0.0,0.2778,1.6667,27.9167,0.0,0.1389,24.1667,0.4167,0.0,14.8611,2.0833,0.1389,0.0,0.8333,0.2778,1.3889,1.3889,0.1389,0.6944,0.0,0.5556,0.4167,0.1389,0.1389,2.9167,3.0556,1.3889,0.1389,0.9722,0.4167,0.2778,0.0,FP
120205,JUNÍN,CONCEPCIÓN,COCHAS,5.0,28.0,34.0,7.0,0.0,0.0,0.0,0.0,1.0,30.0,0.0,0.0,117.0,1.0,0.0,43.0,2.0,0.0,5.0,1.0,0.0,4.0,3.0,0.0,0.0,1.0,2.0,1.0,0.0,0.0,36.0,3.0,10.0,2.0,2.0,2.0,0.0,1.0,341,111,35,1.4663,8.2111,9.9707,2.0528,0.0,0.0,0.0,0.0,0.2933,8.7977,0.0,0.0,34.3109,0.2933,0.0,12.61,0.5865,0.0,1.4663,0.2933,0.0,1.173,0.8798,0.0,0.0,0.2933,0.5865,0.2933,0.0,0.0,10.5572,0.8798,2.9326,0.5865,0.5865,0.5865,0.0,0.2933,JxP
120206,JUNÍN,CONCEPCIÓN,COMAS,6.0,48.0,67.0,8.0,0.0,0.0,2.0,1.0,10.0,119.0,0.0,0.0,291.0,1.0,2.0,58.0,14.0,1.0,1.0,3.0,1.0,16.0,5.0,0.0,3.0,0.0,8.0,1.0,0.0,0.0,42.0,21.0,24.0,3.0,3.0,3.0,6.0,0.0,768,211,86,0.7812,6.25,8.724,1.0417,0.0,0.0,0.2604,0.1302,1.3021,15.4948,0.0,0.0,37.8906,0.1302,0.2604,7.5521,1.8229,0.1302,0.1302,0.3906,0.1302,2.0833,0.651,0.0,0.3906,0.0,1.0417,0.1302,0.0,0.0,5.4688,2.7344,3.125,0.3906,0.3906,0.3906,0.7812,0.0,JxP
120301,JUNÍN,CHANCHAMAYO,CHANCHAMAYO,110.0,1157.0,930.0,456.0,24.0,0.0,113.0,65.0,370.0,7414.0,0.0,39.0,7553.0,51.0,80.0,3291.0,1305.0,35.0,175.0,95.0,78.0,262.0,441.0,13.0,235.0,54.0,297.0,70.0,22.0,19.0,671.0,1035.0,740.0,41.0,818.0,169.0,974.0,22.0,29224,7393,3499,0.3764,3.9591,3.1823,1.5604,0.0821,0.0,0.3867,0.2224,1.2661,25.3696,0.0,0.1335,25.8452,0.1745,0.2737,11.2613,4.4655,0.1198,0.5988,0.3251,0.2669,0.8965,1.509,0.0445,0.8041,0.1848,1.0163,0.2395,0.0753,0.065,2.2961,3.5416,2.5322,0.1403,2.7991,0.5783,3.3329,0.0753,JxP
120302,JUNÍN,CHANCHAMAYO,PERENE,21.0,25.0,65.0,36.0,3.0,0.0,9.0,8.0,16.0,341.0,0.0,3.0,1335.0,5.0,3.0,157.0,27.0,2.0,15.0,19.0,14.0,37.0,9.0,2.0,22.0,7.0,39.0,12.0,2.0,1.0,136.0,24.0,23.0,13.0,12.0,27.0,44.0,2.0,2516,981,371,0.8347,0.9936,2.5835,1.4308,0.1192,0.0,0.3577,0.318,0.6359,13.5533,0.0,0.1192,53.0604,0.1987,0.1192,6.2401,1.0731,0.0795,0.5962,0.7552,0.5564,1.4706,0.3577,0.0795,0.8744,0.2782,1.5501,0.4769,0.0795,0.0397,5.4054,0.9539,0.9141,0.5167,0.4769,1.0731,1.7488,0.0795,JxP
120303,JUNÍN,CHANCHAMAYO,PICHANAQUI,53.0,40.0,193.0,48.0,2.0,0.0,5.0,7.0,28.0,795.0,0.0,3.0,1617.0,8.0,7.0,341.0,42.0,1.0,11.0,15.0,5.0,31.0,17.0,1.0,17.0,4.0,37.0,10.0,6.0,6.0,146.0,40.0,75.0,8.0,43.0,13.0,87.0,1.0,3763,1076,399,1.4085,1.063,5.1289,1.2756,0.0531,0.0,0.1329,0.186,0.7441,21.1268,0.0,0.0797,42.971,0.2126,0.186,9.0619,1.1161,0.0266,0.2923,0.3986,0.1329,0.8238,0.4518,0.0266,0.4518,0.1063,0.9833,0.2657,0.1594,0.1594,3.8799,1.063,1.9931,0.2126,1.1427,0.3455,2.312,0.0266,JxP
120304,JUNÍN,CHANCHAMAYO,SAN LUIS DE SHUARO,59.0,102.0,197.0,71.0,4.0,0.0,8.0,8.0,31.0,1127.0,0.0,6.0,2269.0,10.0,10.0,388.0,48.0,12.0,85.0,36.0,12.0,75.0,21.0,1.0,45.0,15.0,53.0,15.0,10.0,4.0,213.0,68.0,79.0,17.0,32.0,54.0,141.0,3.0,5329,2248,826,1.1071,1.9141,3.6968,1.3323,0.0751,0.0,0.1501,0.1501,0.5817,21.1484,0.0,0.1126,42.5783,0.1877,0.1877,7.2809,0.9007,0.2252,1.595,0.6755,0.2252,1.4074,0.3941,0.0188,0.8444,0.2815,0.9946,0.2815,0.1877,0.0751,3.997,1.276,1.4825,0.319,0.6005,1.0133,2.6459,0.0563,JxP
120305,JUNÍN,CHANCHAMAYO,SAN RAMÓN,30.0,54.0,164.0,53.0,1.0,0.0,7.0,15.0,36.0,1364.0,0.0,7.0,1758.0,5.0,8.0,444.0,61.0,12.0,12.0,28.0,6.0,45.0,17.0,3.0,35.0,8.0,32.0,13.0,7.0,2.0,160.0,51.0,83.0,16.0,45.0,32.0,122.0,1.0,4737,1560,710,0.6333,1.14,3.4621,1.1189,0.0211,0.0,0.1478,0.3167,0.76,28.7946,0.0,0.1478,37.1121,0.1056,0.1689,9.373,1.2877,0.2533,0.2533,0.5911,0.1267,0.95,0.3589,0.0633,0.7389,0.1689,0.6755,0.2744,0.1478,0.0422,3.3777,1.0766,1.7522,0.3378,0.95,0.6755,2.5755,0.0211,JxP
120306,JUNÍN,CHANCHAMAYO,VITOC,57.0,36.0,131.0,58.0,3.0,0.0,8.0,6.0,32.0,737.0,0.0,3.0,2274.0,10.0,3.0,265.0,38.0,3.0,21.0,18.0,7.0,37.0,17.0,3.0,30.0,6.0,40.0,12.0,0.0,2.0,119.0,31.0,52.0,13.0,27.0,28.0,106.0,2.0,4235,1799,1275,1.3459,0.8501,3.0933,1.3695,0.0708,0.0,0.1889,0.1417,0.7556,17.4026,0.0,0.0708,53.6954,0.2361,0.0708,6.2574,0.8973,0.0708,0.4959,0.425,0.1653,0.8737,0.4014,0.0708,0.7084,0.1417,0.9445,0.2834,0.0,0.0472,2.8099,0.732,1.2279,0.307,0.6375,0.6612,2.503,0.0472,JxP
120307,Junín,Chanchamayo,,14.0,49.0,161.0,40.0,4.0,0.0,9.0,4.0,17.0,981.0,0.0,2.0,1217.0,3.0,5.0,316.0,36.0,1.0,34.0,17.0,3.0,24.0,11.0,1.0,20.0,4.0,33.0,12.0,3.0,1.0,110.0,33.0,32.0,7.0,12.0,14.0,73.0,1.0,3304,1030,506,0.4237,1.4831,4.8729,1.2107,0.1211,0.0,0.2724,0.1211,0.5145,29.6913,0.0,0.0605,36.8341,0.0908,0.1513,9.5642,1.0896,0.0303,1.0291,0.5145,0.0908,0.7264,0.3329,0.0303,0.6053,0.1211,0.9988,0.3632,0.0908,0.0303,3.3293,0.9988,0.9685,0.2119,0.3632,0.4237,2.2094,0.0303,JxP
120308,Junín,Chanchamayo,,40.0,40.0,97.0,62.0,6.0,0.0,6.0,12.0,23.0,317.0,0.0,2.0,1808.0,7.0,1.0,130.0,32.0,11.0,34.0,20.0,4.0,27.0,19.0,1.0,11.0,11.0,21.0,11.0,2.0,0.0,177.0,24.0,45.0,9.0,22.0,19.0,27.0,0.0,3078,1618,532,1.2995,1.2995,3.1514,2.0143,0.1949,0.0,0.1949,0.3899,0.7472,10.2989,0.0,0.065,58.7394,0.2274,0.0325,4.2235,1.0396,0.3574,1.1046,0.6498,0.13,0.8772,0.6173,0.0325,0.3574,0.3574,0.6823,0.3574,0.065,0.0,5.7505,0.7797,1.462,0.2924,0.7147,0.6173,0.8772,0.0,JxP
120401,JUNÍN,JAUJA,JAUJA,144.0,774.0,533.0,152.0,28.0,0.0,37.0,16.0,180.0,2485.0,0.0,31.0,3136.0,33.0,39.0,1401.0,817.0,29.0,72.0,70.0,34.0,119.0,202.0,7.0,95.0,28.0,88.0,54.0,11.0,8.0,363.0,484.0,286.0,14.0,335.0,103.0,755.0,11.0,12974,3300,2120,1.1099,5.9658,4.1082,1.1716,0.2158,0.0,0.2852,0.1233,1.3874,19.1537,0.0,0.2389,24.1714,0.2544,0.3006,10.7985,6.2972,0.2235,0.555,0.5395,0.2621,0.9172,1.557,0.054,0.7322,0.2158,0.6783,0.4162,0.0848,0.0617,2.7979,3.7305,2.2044,0.1079,2.5821,0.7939,5.8193,0.0848,JxP
120402,JUNÍN,JAUJA,ACOLLA,36.0,93.0,141.0,63.0,3.0,0.0,8.0,4.0,41.0,759.0,0.0,5.0,1144.0,2.0,6.0,331.0,51.0,5.0,21.0,18.0,4.0,32.0,30.0,7.0,20.0,7.0,42.0,9.0,3.0,4.0,81.0,94.0,75.0,3.0,47.0,32.0,256.0,1.0,3478,884,494,1.0351,2.674,4.0541,1.8114,0.0863,0.0,0.23,0.115,1.1788,21.8229,0.0,0.1438,32.8925,0.0575,0.1725,9.517,1.4664,0.1438,0.6038,0.5175,0.115,0.9201,0.8626,0.2013,0.575,0.2013,1.2076,0.2588,0.0863,0.115,2.3289,2.7027,2.1564,0.0863,1.3514,0.9201,7.3606,0.0288,JxP
120403,JUNÍN,JAUJA,APATA,15.0,23.0,74.0,22.0,2.0,0.0,5.0,2.0,7.0,313.0,0.0,0.0,120.0,2.0,41.0,79.0,11.0,0.0,2.0,3.0,1.0,10.0,7.0,4.0,2.0,7.0,9.0,1.0,2.0,1.0,194.0,44.0,18.0,0.0,4.0,9.0,58.0,0.0,1092,205,120,1.3736,2.1062,6.7766,2.0147,0.1832,0.0,0.4579,0.1832,0.641,28.663,0.0,0.0,10.989,0.1832,3.7546,7.2344,1.0073,0.0,0.1832,0.2747,0.0916,0.9158,0.641,0.3663,0.1832,0.641,0.8242,0.0916,0.1832,0.0916,17.7656,4.0293,1.6484,0.0,0.3663,0.8242,5.3114,0.0,FP
120404,JUNÍN,JAUJA,ATAURA,56.0,40.0,93.0,20.0,3.0,0.0,7.0,2.0,27.0,720.0,0.0,1.0,408.0,10.0,2.0,127.0,52.0,2.0,10.0,11.0,3.0,17.0,18.0,0.0,9.0,6.0,13.0,10.0,1.0,0.0,49.0,51.0,11.0,4.0,21.0,10.0,73.0,1.0,1888,573,377,2.9661,2.1186,4.9258,1.0593,0.1589,0.0,0.3708,0.1059,1.4301,38.1356,0.0,0.053,21.6102,0.5297,0.1059,6.7267,2.7542,0.1059,0.5297,0.5826,0.1589,0.9004,0.9534,0.0,0.4767,0.3178,0.6886,0.5297,0.053,0.0,2.5953,2.7013,0.5826,0.2119,1.1123,0.5297,3.8665,0.053,FP
120405,JUNÍN,JAUJA,CANCHAYLLO,2.0,18.0,23.0,12.0,1.0,0.0,1.0,0.0,6.0,133.0,0.0,3.0,57.0,0.0,2.0,30.0,19.0,0.0,4.0,5.0,1.0,3.0,3.0,0.0,3.0,1.0,1.0,2.0,2.0,1.0,28.0,17.0,19.0,0.0,10.0,15.0,45.0,0.0,467,108,45,0.4283,3.8544,4.9251,2.5696,0.2141,0.0,0.2141,0.0,1.2848,28.4797,0.0,0.6424,12.2056,0.0,0.4283,6.424,4.0685,0.0,0.8565,1.0707,0.2141,0.6424,0.6424,0.0,0.6424,0.2141,0.2141,0.4283,0.4283,0.2141,5.9957,3.6403,4.0685,0.0,2.1413,3.212,9.636,0.0,FP
120408,JUNÍN,JAUJA,HUAMALI,0.0,3.0,53.0,17.0,0.0,0.0,4.0,1.0,2.0,91.0,0.0,0.0,86.0,0.0,2.0,14.0,13.0,0.0,1.0,1.0,1.0,2.0,7.0,0.0,1.0,0.0,2.0,1.0,0.0,0.0,65.0,14.0,10.0,1.0,3.0,2.0,38.0,0.0,435,84,24,0.0,0.6897,12.1839,3.908,0.0,0.0,0.9195,0.2299,0.4598,20.9195,0.0,0.0,19.7701,0.0,0.4598,3.2184,2.9885,0.0,0.2299,0.2299,0.2299,0.4598,1.6092,0.0,0.2299,0.0,0.4598,0.2299,0.0,0.0,14.9425,3.2184,2.2989,0.2299,0.6897,0.4598,8.7356,0.0,FP
120409,JUNÍN,JAUJA,HUARIPAMPA,6.0,46.0,86.0,106.0,2.0,0.0,6.0,3.0,20.0,493.0,0.0,3.0,480.0,10.0,1.0,154.0,61.0,4.0,14.0,5.0,3.0,29.0,8.0,1.0,11.0,7.0,18.0,4.0,1.0,4.0,93.0,96.0,47.0,5.0,60.0,11.0,235.0,1.0,2134,624,237,0.2812,2.1556,4.03,4.9672,0.0937,0.0,0.2812,0.1406,0.9372,23.1022,0.0,0.1406,22.493,0.4686,0.0469,7.2165,2.8585,0.1874,0.656,0.2343,0.1406,1.359,0.3749,0.0469,0.5155,0.328,0.8435,0.1874,0.0469,0.1874,4.358,4.4986,2.2024,0.2343,2.8116,0.5155,11.0122,0.0469,FP
120410,JUNÍN,JAUJA,HUERTAS,26.0,69.0,158.0,30.0,4.0,0.0,3.0,6.0,23.0,428.0,0.0,2.0,1161.0,8.0,0.0,265.0,56.0,6.0,6.0,19.0,6.0,20.0,11.0,2.0,12.0,6.0,25.0,4.0,2.0,1.0,68.0,29.0,39.0,4.0,24.0,9.0,178.0,0.0,2710,832,345,0.9594,2.5461,5.8303,1.107,0.1476,0.0,0.1107,0.2214,0.8487,15.7934,0.0,0.0738,42.8413,0.2952,0.0,9.7786,2.0664,0.2214,0.2214,0.7011,0.2214,0.738,0.4059,0.0738,0.4428,0.2214,0.9225,0.1476,0.0738,0.0369,2.5092,1.0701,1.4391,0.1476,0.8856,0.3321,6.5683,0.0,JxP
120411,JUNÍN,JAUJA,JANJAILLO,109.0,158.0,268.0,153.0,12.0,0.0,16.0,17.0,83.0,1878.0,0.0,11.0,2580.0,17.0,23.0,559.0,201.0,10.0,48.0,48.0,12.0,111.0,56.0,6.0,75.0,26.0,95.0,30.0,12.0,9.0,232.0,185.0,138.0,12.0,125.0,64.0,387.0,6.0,7772,3094,1629,1.4025,2.0329,3.4483,1.9686,0.1544,0.0,0.2059,0.2187,1.0679,24.1637,0.0,0.1415,33.1961,0.2187,0.2959,7.1925,2.5862,0.1287,0.6176,0.6176,0.1544,1.4282,0.7205,0.0772,0.965,0.3345,1.2223,0.386,0.1544,0.1158,2.9851,2.3803,1.7756,0.1544,1.6083,0.8235,4.9794,0.0772,JxP
120413,JUNÍN,JAUJA,LEONOR ORDÓÑEZ,18.0,47.0,112.0,35.0,1.0,0.0,1.0,5.0,9.0,336.0,0.0,1.0,350.0,2.0,7.0,173.0,43.0,1.0,8.0,8.0,2.0,18.0,13.0,0.0,21.0,4.0,12.0,2.0,1.0,0.0,55.0,75.0,47.0,2.0,30.0,2.0,211.0,4.0,1656,361,215,1.087,2.8382,6.7633,2.1135,0.0604,0.0,0.0604,0.3019,0.5435,20.2899,0.0,0.0604,21.1353,0.1208,0.4227,10.4469,2.5966,0.0604,0.4831,0.4831,0.1208,1.087,0.785,0.0,1.2681,0.2415,0.7246,0.1208,0.0604,0.0,3.3213,4.529,2.8382,0.1208,1.8116,0.1208,12.7415,0.2415,JxP
120501,JUNÍN,JUNÍN,JUNÍN,56.0,448.0,425.0,372.0,11.0,0.0,45.0,13.0,138.0,1974.0,0.0,19.0,812.0,20.0,41.0,718.0,946.0,15.0,24.0,24.0,36.0,44.0,325.0,2.0,82.0,20.0,73.0,23.0,28.0,7.0,376.0,781.0,671.0,6.0,267.0,65.0,231.0,36.0,9174,1926,752,0.6104,4.8834,4.6327,4.0549,0.1199,0.0,0.4905,0.1417,1.5043,21.5173,0.0,0.2071,8.8511,0.218,0.4469,7.8265,10.3118,0.1635,0.2616,0.2616,0.3924,0.4796,3.5426,0.0218,0.8938,0.218,0.7957,0.2507,0.3052,0.0763,4.0985,8.5132,7.3141,0.0654,2.9104,0.7085,2.518,0.3924,FP
120503,JUNÍN,JUNÍN,ONDORES,54.0,515.0,982.0,319.0,46.0,0.0,72.0,23.0,193.0,4956.0,0.0,18.0,2142.0,43.0,79.0,1431.0,1324.0,32.0,81.0,64.0,110.0,112.0,465.0,7.0,144.0,40.0,291.0,71.0,22.0,21.0,458.0,1640.0,1017.0,11.0,592.0,119.0,599.0,35.0,18128,3854,1851,0.2979,2.8409,5.417,1.7597,0.2538,0.0,0.3972,0.1269,1.0647,27.3389,0.0,0.0993,11.816,0.2372,0.4358,7.8939,7.3036,0.1765,0.4468,0.353,0.6068,0.6178,2.5651,0.0386,0.7944,0.2207,1.6053,0.3917,0.1214,0.1158,2.5265,9.0468,5.6101,0.0607,3.2657,0.6564,3.3043,0.1931,FP
120504,JUNÍN,JUNÍN,ULCUMAYO,12.0,74.0,116.0,79.0,2.0,0.0,3.0,6.0,23.0,410.0,0.0,3.0,253.0,6.0,2.0,160.0,100.0,9.0,22.0,5.0,8.0,10.0,65.0,3.0,14.0,4.0,18.0,3.0,4.0,2.0,53.0,189.0,81.0,2.0,56.0,12.0,56.0,5.0,1870,545,201,0.6417,3.9572,6.2032,4.2246,0.107,0.0,0.1604,0.3209,1.2299,21.9251,0.0,0.1604,13.5294,0.3209,0.107,8.5561,5.3476,0.4813,1.1765,0.2674,0.4278,0.5348,3.4759,0.1604,0.7487,0.2139,0.9626,0.1604,0.2139,0.107,2.8342,10.107,4.3316,0.107,2.9947,0.6417,2.9947,0.2674,FP
120506,Junín,Junín,,51.0,654.0,763.0,356.0,29.0,0.0,99.0,32.0,253.0,3676.0,0.0,31.0,816.0,47.0,72.0,1157.0,1821.0,40.0,35.0,57.0,95.0,72.0,637.0,2.0,122.0,28.0,113.0,41.0,18.0,10.0,367.0,1787.0,1664.0,11.0,548.0,116.0,578.0,75.0,16273,2520,1247,0.3134,4.0189,4.6887,2.1877,0.1782,0.0,0.6084,0.1966,1.5547,22.5896,0.0,0.1905,5.0144,0.2888,0.4425,7.1099,11.1903,0.2458,0.2151,0.3503,0.5838,0.4425,3.9145,0.0123,0.7497,0.1721,0.6944,0.252,0.1106,0.0615,2.2553,10.9814,10.2255,0.0676,3.3675,0.7128,3.5519,0.4609,FP
120508,Junín,Junín,,28.0,136.0,415.0,147.0,10.0,0.0,19.0,14.0,60.0,1659.0,0.0,4.0,813.0,16.0,9.0,375.0,310.0,8.0,41.0,18.0,17.0,50.0,96.0,0.0,49.0,13.0,89.0,15.0,4.0,4.0,314.0,547.0,231.0,4.0,149.0,28.0,216.0,11.0,5919,1562,513,0.4731,2.2977,7.0113,2.4835,0.1689,0.0,0.321,0.2365,1.0137,28.0284,0.0,0.0676,13.7354,0.2703,0.1521,6.3355,5.2374,0.1352,0.6927,0.3041,0.2872,0.8447,1.6219,0.0,0.8278,0.2196,1.5036,0.2534,0.0676,0.0676,5.305,9.2414,3.9027,0.0676,2.5173,0.4731,3.6493,0.1858,FP
120601,JUNÍN,SATIPO,SATIPO,50.0,117.0,262.0,25.0,9.0,0.0,17.0,11.0,46.0,752.0,0.0,1.0,1967.0,7.0,5.0,457.0,87.0,6.0,159.0,20.0,4.0,54.0,28.0,0.0,16.0,10.0,59.0,12.0,4.0,3.0,175.0,120.0,80.0,6.0,46.0,120.0,53.0,3.0,4791,1783,737,1.0436,2.4421,5.4686,0.5218,0.1879,0.0,0.3548,0.2296,0.9601,15.6961,0.0,0.0209,41.0561,0.1461,0.1044,9.5387,1.8159,0.1252,3.3187,0.4174,0.0835,1.1271,0.5844,0.0,0.334,0.2087,1.2315,0.2505,0.0835,0.0626,3.6527,2.5047,1.6698,0.1252,0.9601,2.5047,1.1062,0.0626,JxP
120602,JUNÍN,SATIPO,COVIRIALI,7.0,17.0,59.0,5.0,27.0,0.0,3.0,6.0,9.0,253.0,0.0,2.0,556.0,1.0,0.0,90.0,6.0,3.0,21.0,6.0,1.0,17.0,13.0,0.0,8.0,2.0,9.0,0.0,1.0,2.0,47.0,72.0,13.0,2.0,8.0,16.0,40.0,0.0,1322,512,156,0.5295,1.2859,4.4629,0.3782,2.0424,0.0,0.2269,0.4539,0.6808,19.1377,0.0,0.1513,42.0575,0.0756,0.0,6.8079,0.4539,0.2269,1.5885,0.4539,0.0756,1.2859,0.9834,0.0,0.6051,0.1513,0.6808,0.0,0.0756,0.1513,3.5552,5.4463,0.9834,0.1513,0.6051,1.2103,3.0257,0.0,JxP
120603,JUNÍN,SATIPO,LLAYLLA,27.0,57.0,224.0,11.0,7.0,0.0,11.0,3.0,23.0,894.0,0.0,10.0,1245.0,9.0,6.0,396.0,39.0,2.0,124.0,29.0,6.0,32.0,26.0,4.0,36.0,16.0,44.0,11.0,5.0,5.0,120.0,73.0,48.0,15.0,24.0,72.0,35.0,7.0,3696,1769,605,0.7305,1.5422,6.0606,0.2976,0.1894,0.0,0.2976,0.0812,0.6223,24.1883,0.0,0.2706,33.6851,0.2435,0.1623,10.7143,1.0552,0.0541,3.355,0.7846,0.1623,0.8658,0.7035,0.1082,0.974,0.4329,1.1905,0.2976,0.1353,0.1353,3.2468,1.9751,1.2987,0.4058,0.6494,1.9481,0.947,0.1894,JxP
120604,JUNÍN,SATIPO,MAZAMARI,5.0,16.0,104.0,5.0,0.0,0.0,1.0,1.0,6.0,74.0,0.0,0.0,100.0,3.0,0.0,41.0,7.0,2.0,9.0,1.0,0.0,3.0,2.0,0.0,4.0,0.0,8.0,0.0,0.0,2.0,65.0,12.0,15.0,0.0,6.0,6.0,6.0,0.0,504,176,49,0.9921,3.1746,20.6349,0.9921,0.0,0.0,0.1984,0.1984,1.1905,14.6825,0.0,0.0,19.8413,0.5952,0.0,8.1349,1.3889,0.3968,1.7857,0.1984,0.0,0.5952,0.3968,0.0,0.7937,0.0,1.5873,0.0,0.0,0.3968,12.8968,2.381,2.9762,0.0,1.1905,1.1905,1.1905,0.0,APP
120605,JUNÍN,SATIPO,PAMPA HERMOSA,29.0,25.0,117.0,11.0,3.0,0.0,13.0,5.0,17.0,391.0,0.0,0.0,566.0,4.0,5.0,170.0,21.0,1.0,30.0,8.0,3.0,49.0,15.0,4.0,6.0,9.0,19.0,3.0,0.0,1.0,79.0,47.0,38.0,9.0,18.0,26.0,16.0,1.0,1759,751,346,1.6487,1.4213,6.6515,0.6254,0.1706,0.0,0.7391,0.2843,0.9665,22.2285,0.0,0.0,32.1774,0.2274,0.2843,9.6646,1.1939,0.0569,1.7055,0.4548,0.1706,2.7857,0.8528,0.2274,0.3411,0.5117,1.0802,0.1706,0.0,0.0569,4.4912,2.672,2.1603,0.5117,1.0233,1.4781,0.9096,0.0569,JxP
120606,JUNÍN,SATIPO,PANGOA,11.0,13.0,79.0,7.0,3.0,0.0,2.0,6.0,12.0,116.0,0.0,2.0,405.0,2.0,1.0,108.0,9.0,2.0,13.0,16.0,7.0,36.0,5.0,0.0,24.0,4.0,14.0,2.0,1.0,0.0,54.0,24.0,8.0,3.0,11.0,14.0,20.0,1.0,1035,520,152,1.0628,1.256,7.6329,0.6763,0.2899,0.0,0.1932,0.5797,1.1594,11.2077,0.0,0.1932,39.1304,0.1932,0.0966,10.4348,0.8696,0.1932,1.256,1.5459,0.6763,3.4783,0.4831,0.0,2.3188,0.3865,1.3527,0.1932,0.0966,0.0,5.2174,2.3188,0.7729,0.2899,1.0628,1.3527,1.9324,0.0966,JxP
120607,JUNÍN,SATIPO,RÍO NEGRO,7.0,23.0,62.0,0.0,2.0,0.0,1.0,2.0,2.0,65.0,0.0,0.0,66.0,1.0,0.0,31.0,8.0,1.0,8.0,3.0,2.0,2.0,3.0,0.0,3.0,5.0,3.0,1.0,0.0,2.0,14.0,4.0,4.0,1.0,4.0,1.0,4.0,0.0,335,146,43,2.0896,6.8657,18.5075,0.0,0.597,0.0,0.2985,0.597,0.597,19.403,0.0,0.0,19.7015,0.2985,0.0,9.2537,2.3881,0.2985,2.3881,0.8955,0.597,0.597,0.8955,0.0,0.8955,1.4925,0.8955,0.2985,0.0,0.597,4.1791,1.194,1.194,0.2985,1.194,0.2985,1.194,0.0,JxP
120608,JUNÍN,SATIPO,RÍO TAMBO,45.0,110.0,73.0,16.0,11.0,0.0,27.0,13.0,71.0,780.0,0.0,6.0,1510.0,8.0,10.0,455.0,138.0,14.0,69.0,26.0,31.0,63.0,49.0,1.0,120.0,21.0,69.0,19.0,10.0,0.0,135.0,276.0,81.0,5.0,102.0,56.0,113.0,2.0,4604,1938,676,0.9774,2.3892,1.5856,0.3475,0.2389,0.0,0.5864,0.2824,1.5421,16.9418,0.0,0.1303,32.7976,0.1738,0.2172,9.8827,2.9974,0.3041,1.4987,0.5647,0.6733,1.3684,1.0643,0.0217,2.6064,0.4561,1.4987,0.4127,0.2172,0.0,2.9322,5.9948,1.7593,0.1086,2.2155,1.2163,2.4544,0.0434,JxP
120609,JUNÍN,SATIPO,VIZCATAN DEL ENE,11.0,21.0,22.0,14.0,3.0,0.0,13.0,3.0,28.0,328.0,0.0,2.0,918.0,3.0,33.0,162.0,57.0,4.0,29.0,9.0,17.0,58.0,19.0,1.0,8.0,6.0,52.0,8.0,4.0,0.0,240.0,85.0,40.0,10.0,32.0,22.0,48.0,1.0,2311,772,263,0.476,0.9087,0.952,0.6058,0.1298,0.0,0.5625,0.1298,1.2116,14.193,0.0,0.0865,39.7231,0.1298,1.428,7.01,2.4665,0.1731,1.2549,0.3894,0.7356,2.5097,0.8222,0.0433,0.3462,0.2596,2.2501,0.3462,0.1731,0.0,10.3851,3.6781,1.7309,0.4327,1.3847,0.952,2.077,0.0433,JxP
120610,Junín,Satipo,,3.0,16.0,22.0,2.0,2.0,0.0,3.0,4.0,5.0,79.0,0.0,1.0,227.0,0.0,0.0,77.0,18.0,0.0,10.0,7.0,3.0,8.0,4.0,1.0,5.0,5.0,5.0,4.0,1.0,0.0,27.0,11.0,9.0,1.0,11.0,7.0,18.0,1.0,597,254,24,0.5025,2.6801,3.6851,0.335,0.335,0.0,0.5025,0.67,0.8375,13.2328,0.0,0.1675,38.0235,0.0,0.0,12.8978,3.0151,0.0,1.675,1.1725,0.5025,1.34,0.67,0.1675,0.8375,0.8375,0.8375,0.67,0.1675,0.0,4.5226,1.8425,1.5075,0.1675,1.8425,1.1725,3.0151,0.1675,JxP
120611,Junín,Satipo,,9.0,14.0,45.0,9.0,0.0,0.0,2.0,3.0,19.0,163.0,0.0,1.0,440.0,3.0,5.0,87.0,7.0,2.0,19.0,5.0,0.0,5.0,4.0,0.0,1.0,3.0,4.0,1.0,11.0,0.0,22.0,18.0,3.0,1.0,6.0,7.0,1.0,1.0,921,305,65,0.9772,1.5201,4.886,0.9772,0.0,0.0,0.2172,0.3257,2.063,17.6982,0.0,0.1086,47.7742,0.3257,0.5429,9.4463,0.76,0.2172,2.063,0.5429,0.0,0.5429,0.4343,0.0,0.1086,0.3257,0.4343,0.1086,1.1944,0.0,2.3887,1.9544,0.3257,0.1086,0.6515,0.76,0.1086,0.1086,JxP
120612,Junín,Satipo,,9.0,27.0,82.0,1.0,2.0,0.0,4.0,4.0,2.0,251.0,0.0,1.0,343.0,3.0,4.0,81.0,12.0,1.0,3.0,4.0,0.0,13.0,4.0,1.0,9.0,3.0,6.0,2.0,0.0,2.0,38.0,9.0,25.0,2.0,3.0,12.0,7.0,0.0,970,298,125,0.9278,2.7835,8.4536,0.1031,0.2062,0.0,0.4124,0.4124,0.2062,25.8763,0.0,0.1031,35.3608,0.3093,0.4124,8.3505,1.2371,0.1031,0.3093,0.4124,0.0,1.3402,0.4124,0.1031,0.9278,0.3093,0.6186,0.2062,0.0,0.2062,3.9175,0.9278,2.5773,0.2062,0.3093,1.2371,0.7216,0.0,JxP
120613,Junín,Satipo,,13.0,24.0,46.0,2.0,3.0,0.0,2.0,5.0,2.0,161.0,0.0,0.0,221.0,3.0,0.0,107.0,5.0,2.0,16.0,6.0,0.0,10.0,2.0,0.0,2.0,2.0,5.0,0.0,1.0,0.0,55.0,18.0,8.0,0.0,4.0,4.0,16.0,1.0,746,276,93,1.7426,3.2172,6.1662,0.2681,0.4021,0.0,0.2681,0.6702,0.2681,21.5818,0.0,0.0,29.6247,0.4021,0.0,14.3432,0.6702,0.2681,2.1448,0.8043,0.0,1.3405,0.2681,0.0,0.2681,0.2681,0.6702,0.0,0.134,0.0,7.3727,2.4129,1.0724,0.0,0.5362,0.5362,2.1448,0.134,JxP
120701,JUNÍN,TARMA,TARMA,269.0,464.0,510.0,160.0,20.0,0.0,16.0,10.0,60.0,1354.0,0.0,6.0,2614.0,10.0,14.0,645.0,197.0,13.0,57.0,40.0,9.0,66.0,68.0,11.0,125.0,21.0,44.0,14.0,7.0,4.0,405.0,241.0,164.0,13.0,123.0,91.0,327.0,5.0,8197,2360,1094,3.2817,5.6606,6.2218,1.9519,0.244,0.0,0.1952,0.122,0.732,16.5182,0.0,0.0732,31.8897,0.122,0.1708,7.8687,2.4033,0.1586,0.6954,0.488,0.1098,0.8052,0.8296,0.1342,1.5249,0.2562,0.5368,0.1708,0.0854,0.0488,4.9408,2.9401,2.0007,0.1586,1.5005,1.1102,3.9893,0.061,JxP
120702,JUNÍN,TARMA,ACOBAMBA,6.0,99.0,86.0,41.0,5.0,0.0,4.0,2.0,11.0,599.0,0.0,2.0,663.0,1.0,3.0,125.0,84.0,0.0,16.0,5.0,3.0,25.0,25.0,1.0,29.0,3.0,17.0,4.0,0.0,1.0,115.0,44.0,66.0,1.0,23.0,14.0,88.0,1.0,2212,436,236,0.2712,4.4756,3.8879,1.8535,0.226,0.0,0.1808,0.0904,0.4973,27.0796,0.0,0.0904,29.9729,0.0452,0.1356,5.651,3.7975,0.0,0.7233,0.226,0.1356,1.1302,1.1302,0.0452,1.311,0.1356,0.7685,0.1808,0.0,0.0452,5.1989,1.9892,2.9837,0.0452,1.0398,0.6329,3.9783,0.0452,JxP
120703,JUNÍN,TARMA,HUARICOLCA,2.0,27.0,30.0,10.0,1.0,0.0,1.0,0.0,5.0,186.0,0.0,1.0,161.0,0.0,0.0,52.0,6.0,1.0,6.0,0.0,0.0,12.0,4.0,0.0,6.0,1.0,7.0,3.0,1.0,0.0,17.0,18.0,14.0,0.0,4.0,3.0,23.0,0.0,602,228,73,0.3322,4.485,4.9834,1.6611,0.1661,0.0,0.1661,0.0,0.8306,30.897,0.0,0.1661,26.7442,0.0,0.0,8.6379,0.9967,0.1661,0.9967,0.0,0.0,1.9934,0.6645,0.0,0.9967,0.1661,1.1628,0.4983,0.1661,0.0,2.8239,2.99,2.3256,0.0,0.6645,0.4983,3.8206,0.0,FP
120704,JUNÍN,TARMA,HUASAHUASI,3.0,27.0,79.0,2.0,2.0,0.0,3.0,3.0,8.0,163.0,0.0,2.0,246.0,0.0,6.0,63.0,5.0,0.0,2.0,3.0,0.0,15.0,5.0,0.0,8.0,2.0,9.0,6.0,0.0,0.0,34.0,21.0,20.0,2.0,10.0,30.0,16.0,0.0,795,324,108,0.3774,3.3962,9.9371,0.2516,0.2516,0.0,0.3774,0.3774,1.0063,20.5031,0.0,0.2516,30.9434,0.0,0.7547,7.9245,0.6289,0.0,0.2516,0.3774,0.0,1.8868,0.6289,0.0,1.0063,0.2516,1.1321,0.7547,0.0,0.0,4.2767,2.6415,2.5157,0.2516,1.2579,3.7736,2.0126,0.0,JxP
120705,JUNÍN,TARMA,LA UNIÒN,25.0,103.0,174.0,130.0,10.0,0.0,31.0,3.0,59.0,667.0,0.0,3.0,1103.0,4.0,19.0,334.0,145.0,1.0,15.0,16.0,17.0,52.0,80.0,1.0,48.0,10.0,44.0,7.0,0.0,8.0,469.0,176.0,56.0,7.0,82.0,26.0,253.0,6.0,4184,1147,532,0.5975,2.4618,4.1587,3.1071,0.239,0.0,0.7409,0.0717,1.4101,15.9417,0.0,0.0717,26.3623,0.0956,0.4541,7.9828,3.4656,0.0239,0.3585,0.3824,0.4063,1.2428,1.912,0.0239,1.1472,0.239,1.0516,0.1673,0.0,0.1912,11.2094,4.2065,1.3384,0.1673,1.9598,0.6214,6.0468,0.1434,JxP
120706,JUNÍN,TARMA,PALCA,5.0,29.0,81.0,12.0,5.0,0.0,2.0,1.0,13.0,277.0,0.0,2.0,274.0,0.0,0.0,62.0,5.0,2.0,16.0,3.0,2.0,10.0,7.0,0.0,53.0,2.0,8.0,1.0,0.0,1.0,64.0,20.0,15.0,0.0,11.0,7.0,61.0,0.0,1051,338,109,0.4757,2.7593,7.7069,1.1418,0.4757,0.0,0.1903,0.0951,1.2369,26.3559,0.0,0.1903,26.0704,0.0,0.0,5.8991,0.4757,0.1903,1.5224,0.2854,0.1903,0.9515,0.666,0.0,5.0428,0.1903,0.7612,0.0951,0.0,0.0951,6.0894,1.9029,1.4272,0.0,1.0466,0.666,5.804,0.0,FP
120707,JUNÍN,TARMA,PALCAMAYO,6.0,14.0,65.0,12.0,0.0,0.0,4.0,5.0,7.0,223.0,0.0,2.0,458.0,2.0,0.0,84.0,16.0,0.0,9.0,4.0,0.0,8.0,3.0,2.0,1.0,0.0,11.0,9.0,0.0,0.0,95.0,13.0,11.0,1.0,7.0,2.0,19.0,1.0,1094,401,79,0.5484,1.2797,5.9415,1.0969,0.0,0.0,0.3656,0.457,0.6399,20.3839,0.0,0.1828,41.8647,0.1828,0.0,7.6782,1.4625,0.0,0.8227,0.3656,0.0,0.7313,0.2742,0.1828,0.0914,0.0,1.0055,0.8227,0.0,0.0,8.6837,1.1883,1.0055,0.0914,0.6399,0.1828,1.7367,0.0914,JxP
120708,JUNÍN,TARMA,SAN PEDRO DE CAJAS,4.0,32.0,33.0,7.0,12.0,0.0,7.0,4.0,11.0,485.0,0.0,0.0,448.0,1.0,0.0,133.0,18.0,0.0,8.0,3.0,3.0,38.0,4.0,0.0,25.0,3.0,13.0,2.0,1.0,1.0,66.0,16.0,11.0,3.0,29.0,9.0,83.0,5.0,1518,712,262,0.2635,2.108,2.1739,0.4611,0.7905,0.0,0.4611,0.2635,0.7246,31.9499,0.0,0.0,29.5125,0.0659,0.0,8.7615,1.1858,0.0,0.527,0.1976,0.1976,2.5033,0.2635,0.0,1.6469,0.1976,0.8564,0.1318,0.0659,0.0659,4.3478,1.054,0.7246,0.1976,1.9104,0.5929,5.4677,0.3294,FP
120801,JUNÍN,YAULI,LA OROYA,17.0,107.0,215.0,177.0,31.0,0.0,21.0,6.0,44.0,1042.0,0.0,6.0,167.0,7.0,13.0,241.0,238.0,4.0,12.0,21.0,8.0,19.0,90.0,2.0,25.0,8.0,20.0,9.0,3.0,5.0,111.0,296.0,256.0,4.0,153.0,25.0,302.0,14.0,3719,874,374,0.4571,2.8771,5.7811,4.7593,0.8336,0.0,0.5647,0.1613,1.1831,28.0183,0.0,0.1613,4.4905,0.1882,0.3496,6.4802,6.3996,0.1076,0.3227,0.5647,0.2151,0.5109,2.42,0.0538,0.6722,0.2151,0.5378,0.242,0.0807,0.1344,2.9847,7.9591,6.8836,0.1076,4.114,0.6722,8.1205,0.3764,FP
120802,JUNÍN,YAULI,CHACAPALPA,34.0,253.0,285.0,389.0,54.0,0.0,33.0,19.0,90.0,2170.0,0.0,19.0,386.0,12.0,26.0,642.0,612.0,2.0,24.0,37.0,27.0,41.0,173.0,5.0,60.0,17.0,89.0,17.0,9.0,7.0,274.0,1048.0,405.0,6.0,276.0,47.0,734.0,17.0,8339,1643,742,0.4077,3.0339,3.4177,4.6648,0.6476,0.0,0.3957,0.2278,1.0793,26.0223,0.0,0.2278,4.6289,0.1439,0.3118,7.6988,7.339,0.024,0.2878,0.4437,0.3238,0.4917,2.0746,0.06,0.7195,0.2039,1.0673,0.2039,0.1079,0.0839,3.2858,12.5675,4.8567,0.072,3.3097,0.5636,8.802,0.2039,FP
120803,JUNÍN,YAULI,HUAY-HUAY,26.0,239.0,227.0,384.0,8.0,0.0,23.0,6.0,65.0,1428.0,0.0,15.0,193.0,11.0,23.0,322.0,481.0,6.0,24.0,32.0,25.0,25.0,172.0,0.0,31.0,10.0,67.0,11.0,10.0,3.0,234.0,555.0,433.0,3.0,179.0,53.0,509.0,18.0,5851,1086,519,0.4444,4.0848,3.8797,6.563,0.1367,0.0,0.3931,0.1025,1.1109,24.4061,0.0,0.2564,3.2986,0.188,0.3931,5.5033,8.2208,0.1025,0.4102,0.5469,0.4273,0.4273,2.9397,0.0,0.5298,0.1709,1.1451,0.188,0.1709,0.0513,3.9993,9.4856,7.4004,0.0513,3.0593,0.9058,8.6994,0.3076,FP
120804,JUNÍN,YAULI,MARCAPOMACOCHA,47.0,466.0,434.0,674.0,105.0,0.0,71.0,15.0,144.0,1667.0,0.0,16.0,360.0,30.0,38.0,800.0,781.0,7.0,24.0,33.0,36.0,51.0,317.0,5.0,76.0,37.0,97.0,29.0,13.0,5.0,467.0,1239.0,553.0,8.0,328.0,107.0,935.0,48.0,10063,1680,808,0.4671,4.6308,4.3128,6.6978,1.0434,0.0,0.7056,0.1491,1.431,16.5656,0.0,0.159,3.5775,0.2981,0.3776,7.9499,7.7611,0.0696,0.2385,0.3279,0.3577,0.5068,3.1502,0.0497,0.7552,0.3677,0.9639,0.2882,0.1292,0.0497,4.6408,12.3124,5.4954,0.0795,3.2595,1.0633,9.2915,0.477,FP
120805,JUNÍN,YAULI,MOROCOCHA,3.0,44.0,88.0,104.0,3.0,0.0,1.0,4.0,15.0,355.0,0.0,2.0,38.0,4.0,3.0,111.0,135.0,1.0,4.0,6.0,3.0,6.0,18.0,0.0,9.0,2.0,15.0,4.0,1.0,2.0,76.0,146.0,51.0,1.0,46.0,8.0,206.0,2.0,1517,232,104,0.1978,2.9005,5.8009,6.8556,0.1978,0.0,0.0659,0.2637,0.9888,23.4015,0.0,0.1318,2.5049,0.2637,0.1978,7.3171,8.8991,0.0659,0.2637,0.3955,0.1978,0.3955,1.1866,0.0,0.5933,0.1318,0.9888,0.2637,0.0659,0.1318,5.0099,9.6243,3.3619,0.0659,3.0323,0.5274,13.5794,0.1318,FP
120806,JUNÍN,YAULI,PACCHA,31.0,265.0,404.0,456.0,22.0,0.0,36.0,19.0,171.0,4404.0,0.0,14.0,588.0,49.0,35.0,847.0,1034.0,13.0,28.0,41.0,47.0,73.0,283.0,3.0,139.0,37.0,108.0,33.0,192.0,4.0,331.0,1065.0,693.0,9.0,417.0,88.0,1088.0,39.0,13106,2786,1202,0.2365,2.022,3.0826,3.4793,0.1679,0.0,0.2747,0.145,1.3047,33.6029,0.0,0.1068,4.4865,0.3739,0.2671,6.4627,7.8895,0.0992,0.2136,0.3128,0.3586,0.557,2.1593,0.0229,1.0606,0.2823,0.8241,0.2518,1.465,0.0305,2.5256,8.126,5.2877,0.0687,3.1817,0.6714,8.3015,0.2976,FP
120807,JUNÍN,YAULI,SANTA BÁRBARA DE CARHUACAYAN,18.0,137.0,113.0,171.0,36.0,0.0,15.0,10.0,44.0,1164.0,0.0,3.0,189.0,20.0,14.0,241.0,395.0,0.0,12.0,12.0,14.0,16.0,110.0,1.0,41.0,10.0,39.0,7.0,25.0,2.0,158.0,422.0,187.0,1.0,154.0,28.0,292.0,10.0,4111,889,272,0.4378,3.3325,2.7487,4.1596,0.8757,0.0,0.3649,0.2432,1.0703,28.3143,0.0,0.073,4.5974,0.4865,0.3405,5.8623,9.6084,0.0,0.2919,0.2919,0.3405,0.3892,2.6757,0.0243,0.9973,0.2432,0.9487,0.1703,0.6081,0.0486,3.8433,10.2651,4.5488,0.0243,3.746,0.6811,7.1029,0.2432,FP
120808,JUNÍN,YAULI,SANTA ROSA DE SACCO,61.0,551.0,710.0,625.0,32.0,0.0,66.0,15.0,196.0,3351.0,0.0,22.0,758.0,31.0,66.0,1109.0,1234.0,12.0,27.0,70.0,54.0,82.0,463.0,10.0,115.0,27.0,110.0,40.0,11.0,5.0,624.0,1341.0,961.0,4.0,460.0,159.0,1072.0,42.0,14516,2568,1340,0.4202,3.7958,4.8912,4.3056,0.2204,0.0,0.4547,0.1033,1.3502,23.0849,0.0,0.1516,5.2218,0.2136,0.4547,7.6398,8.501,0.0827,0.186,0.4822,0.372,0.5649,3.1896,0.0689,0.7922,0.186,0.7578,0.2756,0.0758,0.0344,4.2987,9.2381,6.6203,0.0276,3.1689,1.0953,7.385,0.2893,FP
120901,JUNÍN,CHUPACA,CHUPACA,127.0,1000.0,1499.0,708.0,45.0,0.0,122.0,23.0,352.0,7470.0,0.0,30.0,2488.0,56.0,127.0,2249.0,2121.0,87.0,67.0,73.0,149.0,152.0,666.0,8.0,200.0,64.0,305.0,142.0,28.0,11.0,526.0,2545.0,1784.0,17.0,928.0,115.0,625.0,77.0,26986,4705,1970,0.4706,3.7056,5.5547,2.6236,0.1668,0.0,0.4521,0.0852,1.3044,27.681,0.0,0.1112,9.2196,0.2075,0.4706,8.334,7.8596,0.3224,0.2483,0.2705,0.5521,0.5633,2.4679,0.0296,0.7411,0.2372,1.1302,0.5262,0.1038,0.0408,1.9492,9.4308,6.6108,0.063,3.4388,0.4261,2.316,0.2853,FP
120902,JUNÍN,CHUPACA,AHUAC,58.0,193.0,342.0,104.0,9.0,0.0,25.0,8.0,104.0,2639.0,0.0,7.0,2081.0,17.0,35.0,904.0,462.0,14.0,51.0,33.0,24.0,65.0,121.0,2.0,62.0,21.0,155.0,30.0,8.0,3.0,351.0,722.0,280.0,7.0,267.0,27.0,243.0,23.0,9497,2150,972,0.6107,2.0322,3.6011,1.0951,0.0948,0.0,0.2632,0.0842,1.0951,27.7877,0.0,0.0737,21.9122,0.179,0.3685,9.5188,4.8647,0.1474,0.537,0.3475,0.2527,0.6844,1.2741,0.0211,0.6528,0.2211,1.6321,0.3159,0.0842,0.0316,3.6959,7.6024,2.9483,0.0737,2.8114,0.2843,2.5587,0.2422,FP
120903,JUNÍN,CHUPACA,CHONGOS BAJO,20.0,189.0,365.0,67.0,4.0,0.0,42.0,13.0,89.0,1498.0,0.0,7.0,834.0,3.0,11.0,500.0,419.0,9.0,27.0,20.0,15.0,43.0,128.0,2.0,54.0,16.0,80.0,45.0,4.0,1.0,117.0,971.0,308.0,3.0,133.0,65.0,114.0,7.0,6223,1505,609,0.3214,3.0371,5.8653,1.0767,0.0643,0.0,0.6749,0.2089,1.4302,24.072,0.0,0.1125,13.4019,0.0482,0.1768,8.0347,6.7331,0.1446,0.4339,0.3214,0.241,0.691,2.0569,0.0321,0.8677,0.2571,1.2856,0.7231,0.0643,0.0161,1.8801,15.6034,4.9494,0.0482,2.1372,1.0445,1.8319,0.1125,FP
121001,Junín,,,33.0,91.0,470.0,308.0,17.0,0.0,11.0,6.0,40.0,1032.0,0.0,14.0,1092.0,11.0,8.0,348.0,89.0,7.0,28.0,17.0,5.0,53.0,26.0,1.0,24.0,11.0,34.0,21.0,4.0,5.0,425.0,138.0,157.0,9.0,51.0,33.0,451.0,7.0,5077,1416,790,0.65,1.7924,9.2574,6.0666,0.3348,0.0,0.2167,0.1182,0.7879,20.327,0.0,0.2758,21.5088,0.2167,0.1576,6.8544,1.753,0.1379,0.5515,0.3348,0.0985,1.0439,0.5121,0.0197,0.4727,0.2167,0.6697,0.4136,0.0788,0.0985,8.3711,2.7181,3.0924,0.1773,1.0045,0.65,8.8832,0.1379,JxP
121002,Junín,,,20.0,69.0,228.0,241.0,4.0,0.0,5.0,5.0,21.0,760.0,0.0,0.0,432.0,2.0,6.0,205.0,47.0,3.0,4.0,16.0,3.0,13.0,24.0,1.0,9.0,3.0,26.0,9.0,3.0,3.0,150.0,74.0,50.0,2.0,29.0,12.0,166.0,2.0,2647,1027,375,0.7556,2.6067,8.6135,9.1046,0.1511,0.0,0.1889,0.1889,0.7934,28.7117,0.0,0.0,16.3204,0.0756,0.2267,7.7446,1.7756,0.1133,0.1511,0.6045,0.1133,0.4911,0.9067,0.0378,0.34,0.1133,0.9822,0.34,0.1133,0.1133,5.6668,2.7956,1.8889,0.0756,1.0956,0.4533,6.2713,0.0756,FP
121003,Junín,,,12.0,24.0,136.0,51.0,9.0,0.0,2.0,3.0,26.0,338.0,0.0,3.0,842.0,4.0,1.0,109.0,15.0,1.0,16.0,8.0,1.0,8.0,7.0,1.0,13.0,4.0,15.0,5.0,1.0,2.0,201.0,34.0,23.0,4.0,4.0,9.0,88.0,1.0,2021,574,243,0.5938,1.1875,6.7293,2.5235,0.4453,0.0,0.099,0.1484,1.2865,16.7244,0.0,0.1484,41.6625,0.1979,0.0495,5.3934,0.7422,0.0495,0.7917,0.3958,0.0495,0.3958,0.3464,0.0495,0.6432,0.1979,0.7422,0.2474,0.0495,0.099,9.9456,1.6823,1.1381,0.1979,0.1979,0.4453,4.3543,0.0495,JxP
121004,Junín,,,50.0,25.0,110.0,94.0,9.0,0.0,2.0,4.0,3.0,195.0,0.0,5.0,903.0,1.0,4.0,95.0,12.0,2.0,17.0,6.0,0.0,5.0,3.0,1.0,1.0,6.0,18.0,2.0,0.0,1.0,123.0,22.0,35.0,3.0,6.0,7.0,96.0,0.0,1866,600,227,2.6795,1.3398,5.895,5.0375,0.4823,0.0,0.1072,0.2144,0.1608,10.4502,0.0,0.268,48.3923,0.0536,0.2144,5.0911,0.6431,0.1072,0.911,0.3215,0.0,0.268,0.1608,0.0536,0.0536,0.3215,0.9646,0.1072,0.0,0.0536,6.5916,1.179,1.8757,0.1608,0.3215,0.3751,5.1447,0.0,JxP
121101,Junín,,,89.0,162.0,375.0,263.0,20.0,0.0,16.0,8.0,43.0,2740.0,0.0,7.0,472.0,11.0,16.0,419.0,387.0,4.0,28.0,25.0,16.0,50.0,102.0,2.0,45.0,19.0,33.0,12.0,4.0,8.0,68.0,331.0,248.0,6.0,115.0,31.0,407.0,11.0,6593,1804,660,1.3499,2.4572,5.6879,3.9891,0.3034,0.0,0.2427,0.1213,0.6522,41.5592,0.0,0.1062,7.1591,0.1668,0.2427,6.3552,5.8699,0.0607,0.4247,0.3792,0.2427,0.7584,1.5471,0.0303,0.6825,0.2882,0.5005,0.182,0.0607,0.1213,1.0314,5.0205,3.7616,0.091,1.7443,0.4702,6.1732,0.1668,FP
121102,Junín,,,12.0,12.0,132.0,31.0,4.0,0.0,0.0,1.0,4.0,587.0,0.0,0.0,191.0,0.0,2.0,55.0,21.0,2.0,1.0,5.0,1.0,12.0,16.0,0.0,12.0,3.0,12.0,3.0,1.0,0.0,114.0,32.0,23.0,2.0,7.0,7.0,90.0,0.0,1395,405,237,0.8602,0.8602,9.4624,2.2222,0.2867,0.0,0.0,0.0717,0.2867,42.0789,0.0,0.0,13.6918,0.0,0.1434,3.9427,1.5054,0.1434,0.0717,0.3584,0.0717,0.8602,1.147,0.0,0.8602,0.2151,0.8602,0.2151,0.0717,0.0,8.172,2.2939,1.6487,0.1434,0.5018,0.5018,6.4516,0.0,FP
121103,Junín,,,10.0,23.0,37.0,23.0,20.0,0.0,3.0,1.0,13.0,373.0,0.0,0.0,81.0,2.0,1.0,36.0,17.0,1.0,1.0,5.0,1.0,9.0,9.0,0.0,11.0,2.0,2.0,5.0,1.0,1.0,40.0,34.0,25.0,0.0,8.0,5.0,38.0,1.0,839,291,76,1.1919,2.7414,4.41,2.7414,2.3838,0.0,0.3576,0.1192,1.5495,44.4577,0.0,0.0,9.6544,0.2384,0.1192,4.2908,2.0262,0.1192,0.1192,0.5959,0.1192,1.0727,1.0727,0.0,1.3111,0.2384,0.2384,0.5959,0.1192,0.1192,4.7676,4.0524,2.9797,0.0,0.9535,0.5959,4.5292,0.1192,FP
121104,Junín,,,16.0,21.0,90.0,8.0,53.0,0.0,0.0,5.0,5.0,616.0,0.0,2.0,447.0,6.0,1.0,71.0,50.0,3.0,4.0,8.0,2.0,34.0,7.0,1.0,18.0,5.0,10.0,7.0,2.0,0.0,109.0,64.0,26.0,4.0,17.0,11.0,75.0,6.0,1804,870,491,0.8869,1.1641,4.9889,0.4435,2.9379,0.0,0.0,0.2772,0.2772,34.1463,0.0,0.1109,24.7783,0.3326,0.0554,3.9357,2.7716,0.1663,0.2217,0.4435,0.1109,1.8847,0.388,0.0554,0.9978,0.2772,0.5543,0.388,0.1109,0.0,6.0421,3.5477,1.4412,0.2217,0.9424,0.6098,4.1574,0.3326,FP
121201,Junín,,,242.0,610.0,881.0,783.0,28.0,0.0,68.0,30.0,450.0,4991.0,0.0,26.0,3827.0,44.0,66.0,3214.0,1663.0,31.0,250.0,121.0,95.0,217.0,544.0,8.0,340.0,75.0,294.0,98.0,11.0,23.0,965.0,1846.0,1113.0,21.0,1166.0,115.0,4731.0,62.0,29049,6801,2493,0.8331,2.0999,3.0328,2.6954,0.0964,0.0,0.2341,0.1033,1.5491,17.1813,0.0,0.0895,13.1743,0.1515,0.2272,11.0641,5.7248,0.1067,0.8606,0.4165,0.327,0.747,1.8727,0.0275,1.1704,0.2582,1.0121,0.3374,0.0379,0.0792,3.322,6.3548,3.8315,0.0723,4.0139,0.3959,16.2863,0.2134,FP
121202,Junín,,,166.0,351.0,351.0,293.0,23.0,0.0,34.0,32.0,302.0,2681.0,0.0,18.0,4325.0,22.0,30.0,2636.0,865.0,10.0,191.0,69.0,63.0,135.0,325.0,4.0,150.0,40.0,292.0,55.0,5.0,8.0,528.0,1029.0,521.0,19.0,650.0,84.0,1942.0,21.0,18270,4269,1761,0.9086,1.9212,1.9212,1.6037,0.1259,0.0,0.1861,0.1752,1.653,14.6743,0.0,0.0985,23.6727,0.1204,0.1642,14.428,4.7345,0.0547,1.0454,0.3777,0.3448,0.7389,1.7789,0.0219,0.821,0.2189,1.5982,0.301,0.0274,0.0438,2.89,5.6322,2.8517,0.104,3.5577,0.4598,10.6294,0.1149,JxP
121203,Junín,,,12.0,128.0,209.0,113.0,1.0,0.0,12.0,8.0,40.0,913.0,0.0,3.0,417.0,9.0,11.0,337.0,162.0,9.0,23.0,15.0,11.0,25.0,64.0,2.0,28.0,10.0,47.0,9.0,0.0,3.0,130.0,277.0,77.0,4.0,104.0,35.0,162.0,5.0,3415,770,258,0.3514,3.7482,6.1201,3.3089,0.0293,0.0,0.3514,0.2343,1.1713,26.735,0.0,0.0878,12.2108,0.2635,0.3221,9.8682,4.7438,0.2635,0.6735,0.4392,0.3221,0.7321,1.8741,0.0586,0.8199,0.2928,1.3763,0.2635,0.0,0.0878,3.8067,8.1113,2.2548,0.1171,3.0454,1.0249,4.7438,0.1464,FP
130101,LA LIBERTAD,TRUJILLO,TRUJILLO,864.0,9705.0,2866.0,2948.0,307.0,0.0,1096.0,164.0,2526.0,33810.0,0.0,236.0,8913.0,392.0,1323.0,10541.0,25673.0,301.0,441.0,461.0,1095.0,596.0,8041.0,108.0,1869.0,263.0,1470.0,445.0,79.0,118.0,1501.0,17882.0,27491.0,113.0,6427.0,1386.0,790.0,1062.0,173303,16952,10861,0.4985,5.6,1.6538,1.7011,0.1771,0.0,0.6324,0.0946,1.4576,19.5092,0.0,0.1362,5.143,0.2262,0.7634,6.0824,14.8139,0.1737,0.2545,0.266,0.6318,0.3439,4.6399,0.0623,1.0785,0.1518,0.8482,0.2568,0.0456,0.0681,0.8661,10.3183,15.863,0.0652,3.7085,0.7998,0.4558,0.6128,FP
130102,LA LIBERTAD,TRUJILLO,EL PORVENIR,37.0,285.0,243.0,464.0,20.0,0.0,48.0,12.0,91.0,2491.0,0.0,7.0,2279.0,14.0,28.0,653.0,441.0,17.0,44.0,25.0,24.0,76.0,127.0,12.0,163.0,10.0,98.0,32.0,2.0,3.0,256.0,560.0,331.0,14.0,182.0,142.0,41.0,14.0,9286,1916,813,0.3984,3.0691,2.6168,4.9968,0.2154,0.0,0.5169,0.1292,0.98,26.8253,0.0,0.0754,24.5423,0.1508,0.3015,7.0321,4.7491,0.1831,0.4738,0.2692,0.2585,0.8184,1.3677,0.1292,1.7553,0.1077,1.0554,0.3446,0.0215,0.0323,2.7568,6.0306,3.5645,0.1508,1.9599,1.5292,0.4415,0.1508,FP
130103,LA LIBERTAD,TRUJILLO,FLORENCIA DE MORA,19.0,361.0,68.0,568.0,22.0,0.0,17.0,5.0,89.0,2219.0,0.0,3.0,211.0,11.0,24.0,439.0,891.0,9.0,12.0,18.0,49.0,12.0,192.0,4.0,112.0,6.0,47.0,21.0,5.0,2.0,42.0,946.0,318.0,2.0,274.0,54.0,40.0,23.0,7135,761,287,0.2663,5.0596,0.953,7.9608,0.3083,0.0,0.2383,0.0701,1.2474,31.1002,0.0,0.042,2.9573,0.1542,0.3364,6.1528,12.4877,0.1261,0.1682,0.2523,0.6868,0.1682,2.691,0.0561,1.5697,0.0841,0.6587,0.2943,0.0701,0.028,0.5886,13.2586,4.4569,0.028,3.8402,0.7568,0.5606,0.3224,FP
130104,LA LIBERTAD,TRUJILLO,HUANCHACO,4.0,67.0,102.0,80.0,0.0,0.0,17.0,1.0,14.0,284.0,0.0,2.0,42.0,2.0,3.0,87.0,222.0,0.0,2.0,4.0,8.0,0.0,70.0,0.0,12.0,3.0,11.0,1.0,3.0,2.0,16.0,163.0,219.0,1.0,50.0,8.0,8.0,11.0,1519,167,74,0.2633,4.4108,6.7149,5.2666,0.0,0.0,1.1192,0.0658,0.9217,18.6965,0.0,0.1317,2.765,0.1317,0.1975,5.7275,14.6149,0.0,0.1317,0.2633,0.5267,0.0,4.6083,0.0,0.79,0.1975,0.7242,0.0658,0.1975,0.1317,1.0533,10.7307,14.4174,0.0658,3.2916,0.5267,0.5267,0.7242,FP
130105,LA LIBERTAD,TRUJILLO,LA ESPERANZA,28.0,154.0,121.0,166.0,14.0,0.0,40.0,5.0,55.0,1463.0,0.0,3.0,881.0,5.0,9.0,388.0,237.0,4.0,37.0,22.0,12.0,24.0,85.0,2.0,46.0,11.0,57.0,3.0,6.0,2.0,111.0,358.0,239.0,7.0,100.0,52.0,31.0,8.0,4786,925,679,0.585,3.2177,2.5282,3.4684,0.2925,0.0,0.8358,0.1045,1.1492,30.5683,0.0,0.0627,18.4079,0.1045,0.188,8.107,4.9519,0.0836,0.7731,0.4597,0.2507,0.5015,1.776,0.0418,0.9611,0.2298,1.191,0.0627,0.1254,0.0418,2.3193,7.4802,4.9937,0.1463,2.0894,1.0865,0.6477,0.1672,FP
130106,LA LIBERTAD,TRUJILLO,LAREDO,66.0,1054.0,283.0,505.0,28.0,0.0,98.0,26.0,349.0,8003.0,0.0,20.0,744.0,40.0,108.0,1424.0,2211.0,14.0,50.0,116.0,64.0,216.0,508.0,12.0,545.0,26.0,173.0,37.0,4.0,17.0,171.0,1959.0,958.0,32.0,506.0,187.0,133.0,127.0,20814,3089,1286,0.3171,5.0639,1.3597,2.4263,0.1345,0.0,0.4708,0.1249,1.6768,38.4501,0.0,0.0961,3.5745,0.1922,0.5189,6.8415,10.6227,0.0673,0.2402,0.5573,0.3075,1.0378,2.4407,0.0577,2.6184,0.1249,0.8312,0.1778,0.0192,0.0817,0.8216,9.4119,4.6027,0.1537,2.4311,0.8984,0.639,0.6102,FP
130107,LA LIBERTAD,TRUJILLO,MOCHE,9.0,60.0,57.0,51.0,3.0,0.0,5.0,7.0,11.0,370.0,0.0,1.0,204.0,0.0,1.0,124.0,48.0,3.0,5.0,3.0,27.0,11.0,20.0,0.0,45.0,5.0,6.0,0.0,0.0,2.0,25.0,184.0,67.0,1.0,18.0,15.0,6.0,1.0,1395,268,104,0.6452,4.3011,4.086,3.6559,0.2151,0.0,0.3584,0.5018,0.7885,26.5233,0.0,0.0717,14.6237,0.0,0.0717,8.8889,3.4409,0.2151,0.3584,0.2151,1.9355,0.7885,1.4337,0.0,3.2258,0.3584,0.4301,0.0,0.0,0.1434,1.7921,13.19,4.8029,0.0717,1.2903,1.0753,0.4301,0.0717,FP
130108,LA LIBERTAD,TRUJILLO,POROTO,44.0,137.0,111.0,134.0,11.0,0.0,11.0,5.0,37.0,1204.0,0.0,4.0,687.0,16.0,9.0,388.0,147.0,11.0,13.0,8.0,9.0,31.0,46.0,0.0,56.0,5.0,20.0,4.0,2.0,1.0,95.0,633.0,165.0,3.0,71.0,87.0,24.0,7.0,4236,825,284,1.0387,3.2342,2.6204,3.1634,0.2597,0.0,0.2597,0.118,0.8735,28.423,0.0,0.0944,16.2181,0.3777,0.2125,9.1596,3.4703,0.2597,0.3069,0.1889,0.2125,0.7318,1.0859,0.0,1.322,0.118,0.4721,0.0944,0.0472,0.0236,2.2427,14.9433,3.8952,0.0708,1.6761,2.0538,0.5666,0.1653,FP
130109,LA LIBERTAD,TRUJILLO,SALAVERRY,21.0,208.0,116.0,100.0,22.0,0.0,49.0,4.0,65.0,1304.0,0.0,3.0,532.0,7.0,29.0,303.0,447.0,14.0,10.0,11.0,19.0,21.0,103.0,2.0,178.0,9.0,33.0,13.0,1.0,3.0,86.0,504.0,205.0,7.0,111.0,45.0,21.0,7.0,4613,785,494,0.4552,4.509,2.5146,2.1678,0.4769,0.0,1.0622,0.0867,1.4091,28.2679,0.0,0.065,11.5326,0.1517,0.6287,6.5684,9.69,0.3035,0.2168,0.2385,0.4119,0.4552,2.2328,0.0434,3.8587,0.1951,0.7154,0.2818,0.0217,0.065,1.8643,10.9256,4.444,0.1517,2.4062,0.9755,0.4552,0.1517,FP
130110,LA LIBERTAD,TRUJILLO,SIMBAL,75.0,1030.0,421.0,313.0,26.0,0.0,133.0,20.0,278.0,4408.0,0.0,28.0,1012.0,34.0,115.0,1194.0,2544.0,18.0,55.0,47.0,89.0,59.0,860.0,13.0,219.0,37.0,197.0,40.0,10.0,8.0,212.0,2299.0,2802.0,9.0,694.0,167.0,98.0,102.0,19666,2072,1245,0.3814,5.2375,2.1408,1.5916,0.1322,0.0,0.6763,0.1017,1.4136,22.4143,0.0,0.1424,5.1459,0.1729,0.5848,6.0714,12.936,0.0915,0.2797,0.239,0.4526,0.3,4.373,0.0661,1.1136,0.1881,1.0017,0.2034,0.0508,0.0407,1.078,11.6902,14.2479,0.0458,3.5289,0.8492,0.4983,0.5187,FP
130111,LA LIBERTAD,TRUJILLO,VICTOR LARCO HERRERA,40.0,396.0,285.0,159.0,17.0,0.0,51.0,8.0,140.0,2534.0,0.0,11.0,725.0,11.0,50.0,524.0,1060.0,10.0,28.0,34.0,42.0,29.0,339.0,10.0,127.0,13.0,113.0,14.0,5.0,5.0,87.0,1129.0,738.0,11.0,296.0,65.0,53.0,36.0,9195,1170,556,0.435,4.3067,3.0995,1.7292,0.1849,0.0,0.5546,0.087,1.5226,27.5585,0.0,0.1196,7.8847,0.1196,0.5438,5.6987,11.528,0.1088,0.3045,0.3698,0.4568,0.3154,3.6868,0.1088,1.3812,0.1414,1.2289,0.1523,0.0544,0.0544,0.9462,12.2784,8.0261,0.1196,3.2191,0.7069,0.5764,0.3915,FP
130112,La Libertad,Trujillo,,625.0,4146.0,1451.0,958.0,213.0,0.0,480.0,96.0,1643.0,24337.0,0.0,100.0,9917.0,181.0,636.0,7530.0,10273.0,167.0,322.0,281.0,465.0,497.0,2997.0,72.0,1209.0,167.0,1049.0,260.0,45.0,64.0,938.0,9117.0,6908.0,86.0,3600.0,787.0,558.0,375.0,92550,11837,6715,0.6753,4.4797,1.5678,1.0351,0.2301,0.0,0.5186,0.1037,1.7753,26.2961,0.0,0.108,10.7153,0.1956,0.6872,8.1361,11.0999,0.1804,0.3479,0.3036,0.5024,0.537,3.2382,0.0778,1.3063,0.1804,1.1334,0.2809,0.0486,0.0692,1.0135,9.8509,7.4641,0.0929,3.8898,0.8504,0.6029,0.4052,FP
130113,La Libertad,Trujillo,,12.0,144.0,118.0,152.0,11.0,0.0,12.0,12.0,132.0,2172.0,0.0,5.0,232.0,10.0,22.0,516.0,607.0,5.0,21.0,46.0,27.0,17.0,138.0,3.0,251.0,11.0,123.0,5.0,1.0,3.0,77.0,426.0,304.0,6.0,176.0,19.0,22.0,11.0,5849,911,350,0.2052,2.462,2.0174,2.5987,0.1881,0.0,0.2052,0.2052,2.2568,37.1346,0.0,0.0855,3.9665,0.171,0.3761,8.822,10.3778,0.0855,0.359,0.7865,0.4616,0.2906,2.3594,0.0513,4.2913,0.1881,2.1029,0.0855,0.0171,0.0513,1.3165,7.2833,5.1975,0.1026,3.0091,0.3248,0.3761,0.1881,FP
130114,La Libertad,Trujillo,,58.0,185.0,254.0,137.0,35.0,0.0,22.0,1.0,58.0,1299.0,0.0,6.0,616.0,4.0,20.0,387.0,283.0,4.0,12.0,16.0,16.0,22.0,137.0,4.0,40.0,9.0,39.0,6.0,4.0,2.0,91.0,452.0,200.0,2.0,86.0,115.0,27.0,13.0,4662,876,310,1.2441,3.9683,5.4483,2.9387,0.7508,0.0,0.4719,0.0215,1.2441,27.8636,0.0,0.1287,13.2132,0.0858,0.429,8.3012,6.0704,0.0858,0.2574,0.3432,0.3432,0.4719,2.9387,0.0858,0.858,0.1931,0.8366,0.1287,0.0858,0.0429,1.952,9.6954,4.29,0.0429,1.8447,2.4668,0.5792,0.2789,FP
130115,La Libertad,Trujillo,,320.0,2337.0,981.0,641.0,89.0,0.0,254.0,38.0,884.0,12576.0,0.0,53.0,3342.0,97.0,352.0,3776.0,6629.0,63.0,146.0,151.0,285.0,196.0,1945.0,26.0,760.0,79.0,496.0,146.0,28.0,34.0,458.0,6254.0,4501.0,28.0,2079.0,348.0,280.0,229.0,50901,5876,3544,0.6287,4.5913,1.9273,1.2593,0.1748,0.0,0.499,0.0747,1.7367,24.7068,0.0,0.1041,6.5657,0.1906,0.6915,7.4183,13.0233,0.1238,0.2868,0.2967,0.5599,0.3851,3.8211,0.0511,1.4931,0.1552,0.9744,0.2868,0.055,0.0668,0.8998,12.2866,8.8427,0.055,4.0844,0.6837,0.5501,0.4499,FP
130116,La Libertad,Trujillo,,47.0,291.0,256.0,264.0,16.0,0.0,58.0,9.0,112.0,3188.0,0.0,6.0,688.0,10.0,29.0,570.0,394.0,10.0,30.0,18.0,12.0,31.0,142.0,2.0,85.0,10.0,46.0,14.0,4.0,6.0,167.0,749.0,465.0,8.0,141.0,39.0,33.0,19.0,7969,1417,650,0.5898,3.6517,3.2124,3.3128,0.2008,0.0,0.7278,0.1129,1.4054,40.005,0.0,0.0753,8.6335,0.1255,0.3639,7.1527,4.9442,0.1255,0.3765,0.2259,0.1506,0.389,1.7819,0.0251,1.0666,0.1255,0.5772,0.1757,0.0502,0.0753,2.0956,9.3989,5.8351,0.1004,1.7694,0.4894,0.4141,0.2384,FP
130117,La Libertad,Trujillo,,60.0,379.0,367.0,582.0,41.0,0.0,41.0,13.0,155.0,3372.0,0.0,11.0,1839.0,14.0,34.0,949.0,613.0,9.0,24.0,36.0,28.0,65.0,242.0,2.0,163.0,22.0,83.0,20.0,3.0,5.0,187.0,772.0,536.0,7.0,265.0,100.0,81.0,24.0,11144,1889,1143,0.5384,3.4009,3.2933,5.2225,0.3679,0.0,0.3679,0.1167,1.3909,30.2584,0.0,0.0987,16.5022,0.1256,0.3051,8.5158,5.5007,0.0808,0.2154,0.323,0.2513,0.5833,2.1716,0.0179,1.4627,0.1974,0.7448,0.1795,0.0269,0.0449,1.678,6.9275,4.8098,0.0628,2.378,0.8973,0.7268,0.2154,FP
130118,La Libertad,Trujillo,,60.0,527.0,557.0,296.0,26.0,0.0,104.0,16.0,236.0,2666.0,0.0,18.0,1625.0,34.0,78.0,970.0,1157.0,20.0,28.0,56.0,72.0,84.0,400.0,5.0,209.0,11.0,107.0,52.0,3.0,13.0,295.0,1500.0,1254.0,14.0,379.0,220.0,60.0,41.0,13193,2280,1680,0.4548,3.9945,4.2219,2.2436,0.1971,0.0,0.7883,0.1213,1.7888,20.2077,0.0,0.1364,12.3171,0.2577,0.5912,7.3524,8.7698,0.1516,0.2122,0.4245,0.5457,0.6367,3.0319,0.0379,1.5842,0.0834,0.811,0.3941,0.0227,0.0985,2.236,11.3697,9.505,0.1061,2.8727,1.6676,0.4548,0.3108,FP
130119,La Libertad,Trujillo,,30.0,163.0,272.0,71.0,43.0,0.0,22.0,5.0,54.0,1313.0,0.0,6.0,458.0,2.0,10.0,304.0,285.0,4.0,7.0,14.0,10.0,17.0,94.0,3.0,58.0,9.0,42.0,8.0,2.0,2.0,66.0,373.0,272.0,6.0,92.0,95.0,16.0,12.0,4240,646,310,0.7075,3.8443,6.4151,1.6745,1.0142,0.0,0.5189,0.1179,1.2736,30.967,0.0,0.1415,10.8019,0.0472,0.2358,7.1698,6.7217,0.0943,0.1651,0.3302,0.2358,0.4009,2.217,0.0708,1.3679,0.2123,0.9906,0.1887,0.0472,0.0472,1.5566,8.7972,6.4151,0.1415,2.1698,2.2406,0.3774,0.283,FP
130120,La Libertad,Trujillo,,123.0,696.0,337.0,110.0,38.0,0.0,174.0,17.0,241.0,2718.0,0.0,20.0,1988.0,20.0,77.0,1168.0,1129.0,34.0,44.0,74.0,86.0,74.0,397.0,9.0,479.0,27.0,168.0,35.0,13.0,6.0,296.0,1630.0,888.0,14.0,331.0,230.0,105.0,25.0,13821,2458,2024,0.89,5.0358,2.4383,0.7959,0.2749,0.0,1.259,0.123,1.7437,19.6657,0.0,0.1447,14.3839,0.1447,0.5571,8.4509,8.1687,0.246,0.3184,0.5354,0.6222,0.5354,2.8724,0.0651,3.4657,0.1954,1.2155,0.2532,0.0941,0.0434,2.1417,11.7936,6.425,0.1013,2.3949,1.6641,0.7597,0.1809,FP
130201,LA LIBERTAD,ASCOPE,ASCOPE,55.0,1083.0,763.0,783.0,31.0,0.0,119.0,12.0,256.0,4700.0,0.0,48.0,1620.0,34.0,93.0,1237.0,2128.0,21.0,72.0,33.0,92.0,85.0,606.0,37.0,344.0,33.0,244.0,38.0,10.0,10.0,224.0,1652.0,1448.0,16.0,617.0,449.0,68.0,68.0,19129,2794,1281,0.2875,5.6616,3.9887,4.0933,0.1621,0.0,0.6221,0.0627,1.3383,24.57,0.0,0.2509,8.4688,0.1777,0.4862,6.4666,11.1245,0.1098,0.3764,0.1725,0.4809,0.4444,3.168,0.1934,1.7983,0.1725,1.2756,0.1987,0.0523,0.0523,1.171,8.6361,7.5697,0.0836,3.2255,2.3472,0.3555,0.3555,FP
130202,LA LIBERTAD,ASCOPE,CHICAMA,22.0,108.0,118.0,42.0,3.0,0.0,10.0,31.0,29.0,686.0,0.0,4.0,2603.0,14.0,10.0,306.0,31.0,16.0,17.0,24.0,2.0,72.0,15.0,36.0,37.0,9.0,42.0,4.0,25.0,1.0,70.0,22.0,62.0,18.0,12.0,86.0,10.0,3.0,4600,1870,463,0.4783,2.3478,2.5652,0.913,0.0652,0.0,0.2174,0.6739,0.6304,14.913,0.0,0.087,56.587,0.3043,0.2174,6.6522,0.6739,0.3478,0.3696,0.5217,0.0435,1.5652,0.3261,0.7826,0.8043,0.1957,0.913,0.087,0.5435,0.0217,1.5217,0.4783,1.3478,0.3913,0.2609,1.8696,0.2174,0.0652,JxP
130203,LA LIBERTAD,ASCOPE,CHOCOPE,40.0,54.0,40.0,11.0,3.0,0.0,13.0,11.0,18.0,430.0,0.0,2.0,2544.0,8.0,6.0,220.0,25.0,5.0,28.0,13.0,3.0,33.0,12.0,21.0,27.0,6.0,24.0,3.0,3.0,0.0,87.0,24.0,28.0,10.0,14.0,24.0,8.0,12.0,3810,1320,359,1.0499,1.4173,1.0499,0.2887,0.0787,0.0,0.3412,0.2887,0.4724,11.2861,0.0,0.0525,66.7717,0.21,0.1575,5.7743,0.6562,0.1312,0.7349,0.3412,0.0787,0.8661,0.315,0.5512,0.7087,0.1575,0.6299,0.0787,0.0787,0.0,2.2835,0.6299,0.7349,0.2625,0.3675,0.6299,0.21,0.315,JxP
130204,LA LIBERTAD,ASCOPE,MAGDALENA DE CAO,41.0,263.0,366.0,294.0,8.0,0.0,82.0,13.0,102.0,3037.0,0.0,8.0,2693.0,14.0,29.0,950.0,339.0,11.0,33.0,33.0,14.0,84.0,115.0,10.0,148.0,21.0,108.0,39.0,6.0,2.0,152.0,430.0,345.0,21.0,151.0,108.0,32.0,17.0,10119,2335,789,0.4052,2.5991,3.617,2.9054,0.0791,0.0,0.8104,0.1285,1.008,30.0128,0.0,0.0791,26.6133,0.1384,0.2866,9.3883,3.3501,0.1087,0.3261,0.3261,0.1384,0.8301,1.1365,0.0988,1.4626,0.2075,1.0673,0.3854,0.0593,0.0198,1.5021,4.2494,3.4094,0.2075,1.4922,1.0673,0.3162,0.168,FP
130205,LA LIBERTAD,ASCOPE,PAIJAN,27.0,322.0,253.0,205.0,23.0,0.0,30.0,6.0,127.0,2548.0,0.0,3.0,728.0,12.0,39.0,488.0,494.0,5.0,30.0,24.0,25.0,30.0,136.0,16.0,235.0,10.0,82.0,19.0,2.0,4.0,116.0,792.0,358.0,11.0,192.0,233.0,29.0,33.0,7687,1255,568,0.3512,4.1889,3.2913,2.6668,0.2992,0.0,0.3903,0.0781,1.6521,33.1469,0.0,0.039,9.4705,0.1561,0.5074,6.3484,6.4264,0.065,0.3903,0.3122,0.3252,0.3903,1.7692,0.2081,3.0571,0.1301,1.0667,0.2472,0.026,0.052,1.509,10.3031,4.6572,0.1431,2.4977,3.0311,0.3773,0.4293,FP
130206,LA LIBERTAD,ASCOPE,RÁZURI,4.0,78.0,58.0,56.0,1.0,0.0,8.0,4.0,29.0,808.0,0.0,0.0,391.0,5.0,7.0,131.0,87.0,0.0,8.0,9.0,8.0,24.0,21.0,4.0,84.0,5.0,15.0,4.0,2.0,1.0,33.0,206.0,84.0,4.0,42.0,38.0,1.0,4.0,2264,470,246,0.1767,3.4452,2.5618,2.4735,0.0442,0.0,0.3534,0.1767,1.2809,35.689,0.0,0.0,17.2703,0.2208,0.3092,5.7862,3.8428,0.0,0.3534,0.3975,0.3534,1.0601,0.9276,0.1767,3.7102,0.2208,0.6625,0.1767,0.0883,0.0442,1.4576,9.0989,3.7102,0.1767,1.8551,1.6784,0.0442,0.1767,FP
130301,LA LIBERTAD,BOLÍVAR,BOLÍVAR,172.0,2075.0,692.0,1327.0,256.0,0.0,245.0,26.0,696.0,8631.0,0.0,51.0,4247.0,76.0,401.0,2790.0,4496.0,39.0,99.0,151.0,196.0,174.0,1389.0,25.0,574.0,85.0,436.0,75.0,31.0,28.0,521.0,3796.0,2735.0,48.0,1220.0,524.0,182.0,339.0,38848,6554,2926,0.4428,5.3413,1.7813,3.4159,0.659,0.0,0.6307,0.0669,1.7916,22.2174,0.0,0.1313,10.9324,0.1956,1.0322,7.1818,11.5733,0.1004,0.2548,0.3887,0.5045,0.4479,3.5755,0.0644,1.4776,0.2188,1.1223,0.1931,0.0798,0.0721,1.3411,9.7714,7.0403,0.1236,3.1404,1.3488,0.4685,0.8726,FP
130302,LA LIBERTAD,BOLÍVAR,BAMBAMARCA,1.0,36.0,25.0,29.0,1.0,0.0,1.0,1.0,23.0,306.0,0.0,1.0,275.0,1.0,1.0,88.0,22.0,0.0,4.0,3.0,1.0,8.0,3.0,1.0,12.0,3.0,17.0,2.0,2.0,0.0,14.0,47.0,28.0,0.0,17.0,29.0,3.0,3.0,1008,263,80,0.0992,3.5714,2.4802,2.877,0.0992,0.0,0.0992,0.0992,2.2817,30.3571,0.0,0.0992,27.2817,0.0992,0.0992,8.7302,2.1825,0.0,0.3968,0.2976,0.0992,0.7937,0.2976,0.0992,1.1905,0.2976,1.6865,0.1984,0.1984,0.0,1.3889,4.6627,2.7778,0.0,1.6865,2.877,0.2976,0.2976,FP
130303,LA LIBERTAD,BOLÍVAR,CONDORMARCA,9.0,253.0,49.0,156.0,7.0,0.0,45.0,7.0,66.0,2303.0,0.0,2.0,699.0,9.0,15.0,340.0,317.0,7.0,13.0,26.0,14.0,18.0,90.0,0.0,70.0,8.0,49.0,4.0,4.0,0.0,128.0,398.0,184.0,11.0,82.0,59.0,39.0,26.0,5507,898,366,0.1634,4.5942,0.8898,2.8328,0.1271,0.0,0.8171,0.1271,1.1985,41.8195,0.0,0.0363,12.6929,0.1634,0.2724,6.174,5.7563,0.1271,0.2361,0.4721,0.2542,0.3269,1.6343,0.0,1.2711,0.1453,0.8898,0.0726,0.0726,0.0,2.3243,7.2272,3.3412,0.1997,1.489,1.0714,0.7082,0.4721,FP
130304,LA LIBERTAD,BOLÍVAR,LONGOTEA,34.0,270.0,485.0,483.0,13.0,0.0,34.0,7.0,98.0,3011.0,0.0,9.0,1703.0,6.0,64.0,749.0,503.0,8.0,39.0,31.0,28.0,47.0,164.0,1.0,84.0,14.0,91.0,14.0,14.0,6.0,110.0,637.0,368.0,6.0,204.0,77.0,33.0,69.0,9514,2091,991,0.3574,2.8379,5.0978,5.0767,0.1366,0.0,0.3574,0.0736,1.0301,31.6481,0.0,0.0946,17.8999,0.0631,0.6727,7.8726,5.2869,0.0841,0.4099,0.3258,0.2943,0.494,1.7238,0.0105,0.8829,0.1472,0.9565,0.1472,0.1472,0.0631,1.1562,6.6954,3.868,0.0631,2.1442,0.8093,0.3469,0.7252,FP
130305,LA LIBERTAD,BOLÍVAR,UCHUMARCA,33.0,320.0,887.0,189.0,29.0,0.0,49.0,11.0,194.0,3739.0,0.0,8.0,1561.0,12.0,37.0,807.0,447.0,15.0,20.0,31.0,21.0,33.0,149.0,5.0,112.0,19.0,75.0,16.0,1.0,8.0,150.0,797.0,269.0,12.0,163.0,83.0,49.0,63.0,10414,1983,920,0.3169,3.0728,8.5174,1.8149,0.2785,0.0,0.4705,0.1056,1.8629,35.9036,0.0,0.0768,14.9894,0.1152,0.3553,7.7492,4.2923,0.144,0.192,0.2977,0.2017,0.3169,1.4308,0.048,1.0755,0.1824,0.7202,0.1536,0.0096,0.0768,1.4404,7.6532,2.5831,0.1152,1.5652,0.797,0.4705,0.605,FP
130306,LA LIBERTAD,BOLÍVAR,UCUNCHA,85.0,430.0,616.0,1269.0,123.0,0.0,139.0,39.0,359.0,11738.0,0.0,19.0,3002.0,18.0,44.0,2695.0,655.0,17.0,56.0,87.0,38.0,97.0,148.0,16.0,143.0,35.0,335.0,31.0,8.0,5.0,401.0,927.0,363.0,25.0,247.0,238.0,221.0,88.0,24757,4924,2145,0.3433,1.7369,2.4882,5.1258,0.4968,0.0,0.5615,0.1575,1.4501,47.4129,0.0,0.0767,12.1259,0.0727,0.1777,10.8858,2.6457,0.0687,0.2262,0.3514,0.1535,0.3918,0.5978,0.0646,0.5776,0.1414,1.3532,0.1252,0.0323,0.0202,1.6197,3.7444,1.4663,0.101,0.9977,0.9613,0.8927,0.3555,FP
130307,La Libertad,Bolívar,,75.0,635.0,177.0,482.0,81.0,0.0,129.0,27.0,324.0,4117.0,0.0,12.0,2518.0,23.0,43.0,1454.0,1150.0,30.0,34.0,70.0,40.0,90.0,301.0,7.0,163.0,35.0,174.0,25.0,7.0,8.0,350.0,859.0,651.0,14.0,336.0,159.0,60.0,37.0,14697,3353,1638,0.5103,4.3206,1.2043,3.2796,0.5511,0.0,0.8777,0.1837,2.2045,28.0125,0.0,0.0816,17.1327,0.1565,0.2926,9.8932,7.8247,0.2041,0.2313,0.4763,0.2722,0.6124,2.048,0.0476,1.1091,0.2381,1.1839,0.1701,0.0476,0.0544,2.3814,5.8447,4.4295,0.0953,2.2862,1.0819,0.4082,0.2518,FP
130308,La Libertad,Bolívar,,90.0,647.0,312.0,447.0,36.0,0.0,77.0,71.0,257.0,6084.0,0.0,16.0,5271.0,36.0,90.0,2969.0,917.0,35.0,76.0,91.0,94.0,122.0,314.0,4.0,275.0,43.0,255.0,49.0,17.0,13.0,1590.0,1013.0,705.0,37.0,352.0,163.0,112.0,112.0,22792,6996,1924,0.3949,2.8387,1.3689,1.9612,0.158,0.0,0.3378,0.3115,1.1276,26.6936,0.0,0.0702,23.1265,0.158,0.3949,13.0265,4.0233,0.1536,0.3335,0.3993,0.4124,0.5353,1.3777,0.0176,1.2066,0.1887,1.1188,0.215,0.0746,0.057,6.9761,4.4445,3.0932,0.1623,1.5444,0.7152,0.4914,0.4914,FP
130309,La Libertad,Bolívar,,18.0,127.0,52.0,202.0,14.0,0.0,23.0,10.0,50.0,1530.0,0.0,1.0,838.0,3.0,37.0,313.0,218.0,5.0,10.0,7.0,8.0,15.0,61.0,1.0,38.0,3.0,67.0,3.0,0.0,1.0,50.0,283.0,118.0,5.0,64.0,39.0,20.0,13.0,4247,804,251,0.4238,2.9903,1.2244,4.7563,0.3296,0.0,0.5416,0.2355,1.1773,36.0254,0.0,0.0235,19.7316,0.0706,0.8712,7.3699,5.133,0.1177,0.2355,0.1648,0.1884,0.3532,1.4363,0.0235,0.8947,0.0706,1.5776,0.0706,0.0,0.0235,1.1773,6.6635,2.7784,0.1177,1.5069,0.9183,0.4709,0.3061,FP
130310,La Libertad,Bolívar,,45.0,149.0,61.0,326.0,12.0,0.0,50.0,19.0,77.0,2069.0,0.0,9.0,1801.0,9.0,18.0,673.0,169.0,6.0,28.0,39.0,13.0,30.0,32.0,3.0,50.0,11.0,39.0,18.0,3.0,3.0,69.0,178.0,112.0,14.0,65.0,101.0,41.0,8.0,6350,1726,539,0.7087,2.3465,0.9606,5.1339,0.189,0.0,0.7874,0.2992,1.2126,32.5827,0.0,0.1417,28.3622,0.1417,0.2835,10.5984,2.6614,0.0945,0.4409,0.6142,0.2047,0.4724,0.5039,0.0472,0.7874,0.1732,0.6142,0.2835,0.0472,0.0472,1.0866,2.8031,1.7638,0.2205,1.0236,1.5906,0.6457,0.126,FP
130311,La Libertad,Bolívar,,23.0,303.0,135.0,189.0,9.0,0.0,56.0,11.0,138.0,2663.0,0.0,5.0,588.0,17.0,32.0,672.0,960.0,13.0,18.0,48.0,24.0,43.0,239.0,2.0,137.0,22.0,142.0,15.0,1.0,7.0,113.0,765.0,244.0,7.0,351.0,108.0,44.0,16.0,8160,1222,449,0.2819,3.7132,1.6544,2.3162,0.1103,0.0,0.6863,0.1348,1.6912,32.6348,0.0,0.0613,7.2059,0.2083,0.3922,8.2353,11.7647,0.1593,0.2206,0.5882,0.2941,0.527,2.9289,0.0245,1.6789,0.2696,1.7402,0.1838,0.0123,0.0858,1.3848,9.375,2.9902,0.0858,4.3015,1.3235,0.5392,0.1961,FP
130312,La Libertad,Bolívar,,56.0,324.0,189.0,228.0,18.0,0.0,37.0,38.0,225.0,5955.0,0.0,12.0,1637.0,7.0,34.0,956.0,665.0,11.0,45.0,30.0,24.0,42.0,164.0,2.0,156.0,23.0,142.0,21.0,5.0,2.0,247.0,925.0,342.0,10.0,185.0,87.0,90.0,88.0,13022,2423,898,0.43,2.4881,1.4514,1.7509,0.1382,0.0,0.2841,0.2918,1.7278,45.7303,0.0,0.0922,12.571,0.0538,0.2611,7.3414,5.1067,0.0845,0.3456,0.2304,0.1843,0.3225,1.2594,0.0154,1.198,0.1766,1.0905,0.1613,0.0384,0.0154,1.8968,7.1034,2.6263,0.0768,1.4207,0.6681,0.6911,0.6758,FP
140101,LAMBAYEQUE,CHICLAYO,CHICLAYO,821.0,16247.0,723.0,3128.0,429.0,0.0,1171.0,155.0,2650.0,37722.0,0.0,244.0,3729.0,601.0,1236.0,15809.0,34471.0,203.0,725.0,487.0,1078.0,553.0,10039.0,91.0,785.0,291.0,980.0,747.0,135.0,122.0,1342.0,18785.0,42701.0,106.0,7715.0,1476.0,309.0,1614.0,209420,17698,8078,0.392,7.7581,0.3452,1.4936,0.2049,0.0,0.5592,0.074,1.2654,18.0126,0.0,0.1165,1.7806,0.287,0.5902,7.5489,16.4602,0.0969,0.3462,0.2325,0.5148,0.2641,4.7937,0.0435,0.3748,0.139,0.468,0.3567,0.0645,0.0583,0.6408,8.97,20.3901,0.0506,3.684,0.7048,0.1476,0.7707,RP
140102,LAMBAYEQUE,CHICLAYO,CHONGOYAPE,166.0,1815.0,225.0,178.0,36.0,0.0,145.0,43.0,504.0,7283.0,0.0,40.0,2102.0,63.0,184.0,4032.0,3480.0,33.0,237.0,118.0,139.0,122.0,1140.0,5.0,199.0,68.0,322.0,177.0,22.0,22.0,441.0,3811.0,3675.0,27.0,1270.0,247.0,115.0,97.0,32583,3974,1821,0.5095,5.5704,0.6905,0.5463,0.1105,0.0,0.445,0.132,1.5468,22.3521,0.0,0.1228,6.4512,0.1934,0.5647,12.3746,10.6804,0.1013,0.7274,0.3622,0.4266,0.3744,3.4988,0.0153,0.6107,0.2087,0.9882,0.5432,0.0675,0.0675,1.3535,11.6963,11.2789,0.0829,3.8977,0.7581,0.3529,0.2977,FP
140103,LAMBAYEQUE,CHICLAYO,ETEN,1423.0,25995.0,1689.0,1586.0,978.0,0.0,2285.0,441.0,6636.0,59579.0,0.0,627.0,17041.0,676.0,2085.0,42312.0,45176.0,373.0,2688.0,1100.0,1416.0,1586.0,14264.0,146.0,1984.0,632.0,3059.0,1203.0,225.0,220.0,4499.0,30298.0,53710.0,192.0,16016.0,1717.0,689.0,1229.0,345775,33623,14338,0.4115,7.5179,0.4885,0.4587,0.2828,0.0,0.6608,0.1275,1.9192,17.2306,0.0,0.1813,4.9283,0.1955,0.603,12.2369,13.0651,0.1079,0.7774,0.3181,0.4095,0.4587,4.1252,0.0422,0.5738,0.1828,0.8847,0.3479,0.0651,0.0636,1.3011,8.7623,15.5332,0.0555,4.6319,0.4966,0.1993,0.3554,FP
140104,LAMBAYEQUE,CHICLAYO,ETEN PUERTO,230.0,6117.0,201.0,1595.0,163.0,0.0,373.0,89.0,775.0,11518.0,0.0,80.0,1026.0,223.0,454.0,4271.0,13683.0,59.0,181.0,119.0,387.0,129.0,4177.0,40.0,291.0,100.0,312.0,231.0,40.0,33.0,438.0,6226.0,18411.0,38.0,2435.0,501.0,95.0,709.0,75750,4787,2595,0.3036,8.0752,0.2653,2.1056,0.2152,0.0,0.4924,0.1175,1.0231,15.2053,0.0,0.1056,1.3545,0.2944,0.5993,5.6383,18.0634,0.0779,0.2389,0.1571,0.5109,0.1703,5.5142,0.0528,0.3842,0.132,0.4119,0.305,0.0528,0.0436,0.5782,8.2191,24.305,0.0502,3.2145,0.6614,0.1254,0.936,RP
140105,LAMBAYEQUE,CHICLAYO,JOSÉ LEONARDO ORTIZ,873.0,13430.0,1350.0,1086.0,256.0,0.0,941.0,203.0,3110.0,33705.0,0.0,232.0,8868.0,386.0,1014.0,21539.0,23674.0,156.0,1067.0,582.0,916.0,684.0,6811.0,69.0,1129.0,324.0,1868.0,665.0,130.0,120.0,2019.0,17172.0,19709.0,95.0,7981.0,2274.0,540.0,792.0,175770,19175,8810,0.4967,7.6407,0.768,0.6179,0.1456,0.0,0.5354,0.1155,1.7694,19.1756,0.0,0.132,5.0452,0.2196,0.5769,12.2541,13.4687,0.0888,0.607,0.3311,0.5211,0.3891,3.875,0.0393,0.6423,0.1843,1.0628,0.3783,0.074,0.0683,1.1487,9.7696,11.2129,0.054,4.5406,1.2937,0.3072,0.4506,FP
140106,LAMBAYEQUE,CHICLAYO,LA VICTORIA,1371.0,24994.0,2147.0,2574.0,525.0,0.0,1691.0,295.0,4820.0,60810.0,0.0,563.0,7489.0,706.0,1728.0,29640.0,47539.0,242.0,1348.0,977.0,1823.0,828.0,13946.0,215.0,1711.0,488.0,2405.0,1190.0,261.0,205.0,3219.0,33629.0,45298.0,195.0,13411.0,2453.0,644.0,1538.0,312918,30207,16552,0.4381,7.9874,0.6861,0.8226,0.1678,0.0,0.5404,0.0943,1.5403,19.4332,0.0,0.1799,2.3933,0.2256,0.5522,9.4721,15.1922,0.0773,0.4308,0.3122,0.5826,0.2646,4.4568,0.0687,0.5468,0.156,0.7686,0.3803,0.0834,0.0655,1.0287,10.7469,14.476,0.0623,4.2858,0.7839,0.2058,0.4915,FP
140107,LAMBAYEQUE,CHICLAYO,LAGUNAS,110.0,2172.0,152.0,185.0,49.0,0.0,187.0,47.0,400.0,4028.0,0.0,53.0,689.0,74.0,170.0,2249.0,3682.0,24.0,126.0,55.0,112.0,107.0,1138.0,8.0,110.0,67.0,174.0,64.0,25.0,13.0,325.0,2030.0,8701.0,11.0,936.0,139.0,39.0,101.0,28552,2570,1323,0.3853,7.6072,0.5324,0.6479,0.1716,0.0,0.6549,0.1646,1.401,14.1076,0.0,0.1856,2.4131,0.2592,0.5954,7.8769,12.8958,0.0841,0.4413,0.1926,0.3923,0.3748,3.9857,0.028,0.3853,0.2347,0.6094,0.2242,0.0876,0.0455,1.1383,7.1098,30.4742,0.0385,3.2782,0.4868,0.1366,0.3537,RP
140108,LAMBAYEQUE,CHICLAYO,MONSEFU,585.0,11180.0,752.0,1338.0,420.0,0.0,868.0,155.0,2176.0,36945.0,0.0,248.0,3369.0,506.0,1067.0,14094.0,31280.0,162.0,606.0,462.0,1075.0,393.0,9106.0,113.0,808.0,250.0,1012.0,628.0,100.0,92.0,1379.0,19042.0,42385.0,81.0,8012.0,1514.0,235.0,1703.0,194141,16645,7455,0.3013,5.7587,0.3873,0.6892,0.2163,0.0,0.4471,0.0798,1.1208,19.03,0.0,0.1277,1.7353,0.2606,0.5496,7.2597,16.112,0.0834,0.3121,0.238,0.5537,0.2024,4.6904,0.0582,0.4162,0.1288,0.5213,0.3235,0.0515,0.0474,0.7103,9.8083,21.8321,0.0417,4.1269,0.7798,0.121,0.8772,RP
140109,LAMBAYEQUE,CHICLAYO,NUEVA ARICA,466.0,8257.0,467.0,1751.0,279.0,0.0,883.0,103.0,1811.0,27194.0,0.0,159.0,3229.0,330.0,607.0,11757.0,18346.0,155.0,508.0,303.0,601.0,318.0,5407.0,69.0,556.0,171.0,627.0,396.0,85.0,51.0,882.0,11311.0,28091.0,65.0,4528.0,1737.0,171.0,824.0,132495,11557,6741,0.3517,6.2319,0.3525,1.3216,0.2106,0.0,0.6664,0.0777,1.3668,20.5245,0.0,0.12,2.4371,0.2491,0.4581,8.8735,13.8466,0.117,0.3834,0.2287,0.4536,0.24,4.0809,0.0521,0.4196,0.1291,0.4732,0.2989,0.0642,0.0385,0.6657,8.5369,21.2016,0.0491,3.4175,1.311,0.1291,0.6219,RP
140110,LAMBAYEQUE,CHICLAYO,OYOTUN,246.0,7172.0,249.0,1055.0,313.0,0.0,336.0,214.0,912.0,13362.0,0.0,140.0,1334.0,374.0,488.0,6596.0,21058.0,50.0,245.0,155.0,507.0,159.0,5942.0,54.0,229.0,123.0,454.0,213.0,47.0,19.0,412.0,5739.0,52286.0,25.0,3924.0,532.0,74.0,1004.0,126042,5265,2748,0.1952,5.6902,0.1976,0.837,0.2483,0.0,0.2666,0.1698,0.7236,10.6012,0.0,0.1111,1.0584,0.2967,0.3872,5.2332,16.7071,0.0397,0.1944,0.123,0.4022,0.1261,4.7143,0.0428,0.1817,0.0976,0.3602,0.169,0.0373,0.0151,0.3269,4.5532,41.483,0.0198,3.1132,0.4221,0.0587,0.7966,RP
140111,LAMBAYEQUE,CHICLAYO,PICSI,160.0,4671.0,130.0,927.0,209.0,0.0,257.0,34.0,526.0,7694.0,0.0,66.0,645.0,198.0,326.0,2904.0,11966.0,43.0,82.0,60.0,244.0,101.0,3480.0,30.0,165.0,58.0,183.0,124.0,25.0,18.0,185.0,4007.0,19656.0,19.0,1921.0,443.0,39.0,603.0,62199,3150,1582,0.2572,7.5098,0.209,1.4904,0.336,0.0,0.4132,0.0547,0.8457,12.37,0.0,0.1061,1.037,0.3183,0.5241,4.6689,19.2383,0.0691,0.1318,0.0965,0.3923,0.1624,5.5949,0.0482,0.2653,0.0932,0.2942,0.1994,0.0402,0.0289,0.2974,6.4422,31.6018,0.0305,3.0885,0.7122,0.0627,0.9695,RP
140112,LAMBAYEQUE,CHICLAYO,PIMENTEL,520.0,8322.0,716.0,387.0,145.0,0.0,852.0,251.0,1944.0,16881.0,0.0,149.0,6333.0,218.0,560.0,13180.0,12444.0,237.0,841.0,389.0,431.0,562.0,4039.0,64.0,606.0,239.0,895.0,318.0,111.0,70.0,1325.0,9979.0,21535.0,78.0,4567.0,546.0,241.0,291.0,110266,11920,5325,0.4716,7.5472,0.6493,0.351,0.1315,0.0,0.7727,0.2276,1.763,15.3093,0.0,0.1351,5.7434,0.1977,0.5079,11.9529,11.2854,0.2149,0.7627,0.3528,0.3909,0.5097,3.663,0.058,0.5496,0.2167,0.8117,0.2884,0.1007,0.0635,1.2016,9.0499,19.53,0.0707,4.1418,0.4952,0.2186,0.2639,RP
140113,LAMBAYEQUE,CHICLAYO,REQUE,159.0,1666.0,290.0,280.0,48.0,0.0,164.0,67.0,563.0,11598.0,0.0,22.0,2309.0,175.0,170.0,4535.0,10372.0,45.0,257.0,220.0,143.0,121.0,1126.0,14.0,226.0,58.0,281.0,121.0,29.0,24.0,435.0,3670.0,8022.0,20.0,1429.0,255.0,76.0,166.0,49156,5344,2632,0.3235,3.3892,0.59,0.5696,0.0976,0.0,0.3336,0.1363,1.1453,23.5943,0.0,0.0448,4.6973,0.356,0.3458,9.2257,21.1002,0.0915,0.5228,0.4476,0.2909,0.2462,2.2907,0.0285,0.4598,0.118,0.5716,0.2462,0.059,0.0488,0.8849,7.466,16.3195,0.0407,2.9071,0.5188,0.1546,0.3377,FP
140114,LAMBAYEQUE,CHICLAYO,SANTA ROSA,138.0,3504.0,123.0,671.0,169.0,0.0,174.0,21.0,368.0,6652.0,0.0,61.0,480.0,151.0,259.0,1918.0,11968.0,27.0,70.0,56.0,227.0,70.0,3077.0,15.0,142.0,47.0,125.0,106.0,22.0,21.0,128.0,2978.0,19327.0,8.0,1553.0,306.0,25.0,604.0,55591,2691,1814,0.2482,6.3032,0.2213,1.207,0.304,0.0,0.313,0.0378,0.662,11.966,0.0,0.1097,0.8634,0.2716,0.4659,3.4502,21.5287,0.0486,0.1259,0.1007,0.4083,0.1259,5.5351,0.027,0.2554,0.0845,0.2249,0.1907,0.0396,0.0378,0.2303,5.357,34.7664,0.0144,2.7936,0.5504,0.045,1.0865,RP
140115,LAMBAYEQUE,CHICLAYO,SAÑA,176.0,4605.0,141.0,763.0,230.0,0.0,180.0,34.0,406.0,8778.0,0.0,70.0,592.0,269.0,359.0,2533.0,19094.0,42.0,73.0,68.0,223.0,63.0,4442.0,25.0,125.0,72.0,168.0,127.0,25.0,17.0,129.0,3225.0,49106.0,13.0,1733.0,328.0,37.0,788.0,99059,3536,1813,0.1777,4.6487,0.1423,0.7702,0.2322,0.0,0.1817,0.0343,0.4099,8.8614,0.0,0.0707,0.5976,0.2716,0.3624,2.5571,19.2754,0.0424,0.0737,0.0686,0.2251,0.0636,4.4842,0.0252,0.1262,0.0727,0.1696,0.1282,0.0252,0.0172,0.1302,3.2556,49.5725,0.0131,1.7495,0.3311,0.0374,0.7955,RP
140116,LAMBAYEQUE,CHICLAYO,CAYALTI,317.0,3451.0,390.0,225.0,88.0,0.0,375.0,104.0,1055.0,11471.0,0.0,104.0,4661.0,140.0,372.0,9100.0,8323.0,81.0,643.0,256.0,216.0,253.0,1909.0,39.0,311.0,124.0,576.0,236.0,38.0,36.0,929.0,4706.0,7218.0,26.0,2811.0,516.0,177.0,168.0,61445,7238,3149,0.5159,5.6164,0.6347,0.3662,0.1432,0.0,0.6103,0.1693,1.717,18.6687,0.0,0.1693,7.5856,0.2278,0.6054,14.81,13.5454,0.1318,1.0465,0.4166,0.3515,0.4118,3.1068,0.0635,0.5061,0.2018,0.9374,0.3841,0.0618,0.0586,1.5119,7.6589,11.7471,0.0423,4.5748,0.8398,0.2881,0.2734,FP
140117,LAMBAYEQUE,CHICLAYO,PATAPO,201.0,5267.0,140.0,1092.0,238.0,0.0,223.0,28.0,480.0,8207.0,0.0,68.0,527.0,223.0,347.0,2438.0,16026.0,24.0,84.0,60.0,299.0,71.0,4428.0,23.0,140.0,47.0,183.0,117.0,26.0,17.0,157.0,3733.0,24665.0,32.0,2091.0,392.0,39.0,799.0,72932,3112,1913,0.2756,7.2218,0.192,1.4973,0.3263,0.0,0.3058,0.0384,0.6581,11.2529,0.0,0.0932,0.7226,0.3058,0.4758,3.3428,21.9739,0.0329,0.1152,0.0823,0.41,0.0974,6.0714,0.0315,0.192,0.0644,0.2509,0.1604,0.0356,0.0233,0.2153,5.1185,33.8192,0.0439,2.8671,0.5375,0.0535,1.0955,RP
140118,LAMBAYEQUE,CHICLAYO,POMALCA,40.0,338.0,67.0,34.0,20.0,0.0,69.0,15.0,179.0,1909.0,0.0,38.0,439.0,19.0,155.0,1013.0,1095.0,21.0,43.0,38.0,40.0,37.0,237.0,3.0,82.0,55.0,61.0,34.0,11.0,4.0,130.0,960.0,1026.0,5.0,281.0,97.0,32.0,24.0,8651,1199,405,0.4624,3.9071,0.7745,0.393,0.2312,0.0,0.7976,0.1734,2.0691,22.0668,0.0,0.4393,5.0746,0.2196,1.7917,11.7096,12.6575,0.2427,0.4971,0.4393,0.4624,0.4277,2.7396,0.0347,0.9479,0.6358,0.7051,0.393,0.1272,0.0462,1.5027,11.097,11.8599,0.0578,3.2482,1.1213,0.3699,0.2774,FP
140119,LAMBAYEQUE,CHICLAYO,PUCALA,757.0,12704.0,1307.0,837.0,329.0,0.0,996.0,177.0,3394.0,35916.0,0.0,188.0,10383.0,371.0,1029.0,23691.0,23837.0,170.0,1298.0,599.0,855.0,614.0,6819.0,97.0,1111.0,269.0,1899.0,603.0,150.0,119.0,2161.0,19679.0,19021.0,111.0,8454.0,2653.0,590.0,604.0,183792,20673,9604,0.4119,6.9122,0.7111,0.4554,0.179,0.0,0.5419,0.0963,1.8467,19.5417,0.0,0.1023,5.6493,0.2019,0.5599,12.8901,12.9696,0.0925,0.7062,0.3259,0.4652,0.3341,3.7102,0.0528,0.6045,0.1464,1.0332,0.3281,0.0816,0.0647,1.1758,10.7072,10.3492,0.0604,4.5998,1.4435,0.321,0.3286,FP
140120,LAMBAYEQUE,CHICLAYO,TUMAN,21.0,294.0,33.0,47.0,9.0,0.0,51.0,3.0,75.0,1055.0,0.0,2.0,279.0,16.0,24.0,567.0,1229.0,11.0,62.0,20.0,14.0,17.0,186.0,4.0,29.0,10.0,39.0,10.0,0.0,1.0,121.0,444.0,2133.0,4.0,170.0,26.0,11.0,25.0,7042,582,230,0.2982,4.175,0.4686,0.6674,0.1278,0.0,0.7242,0.0426,1.065,14.9815,0.0,0.0284,3.9619,0.2272,0.3408,8.0517,17.4524,0.1562,0.8804,0.284,0.1988,0.2414,2.6413,0.0568,0.4118,0.142,0.5538,0.142,0.0,0.0142,1.7183,6.305,30.2897,0.0568,2.4141,0.3692,0.1562,0.355,RP
140121,Lambayeque,Chiclayo,,18.0,250.0,23.0,72.0,7.0,0.0,26.0,3.0,70.0,974.0,0.0,3.0,152.0,12.0,33.0,374.0,823.0,3.0,32.0,10.0,21.0,20.0,169.0,24.0,31.0,4.0,41.0,17.0,4.0,5.0,42.0,478.0,1212.0,3.0,195.0,31.0,10.0,30.0,5222,439,158,0.3447,4.7874,0.4404,1.3788,0.134,0.0,0.4979,0.0574,1.3405,18.6519,0.0,0.0574,2.9108,0.2298,0.6319,7.162,15.7602,0.0574,0.6128,0.1915,0.4021,0.383,3.2363,0.4596,0.5936,0.0766,0.7851,0.3255,0.0766,0.0957,0.8043,9.1536,23.2095,0.0574,3.7342,0.5936,0.1915,0.5745,RP
140122,Lambayeque,Chiclayo,,378.0,7763.0,443.0,1961.0,223.0,0.0,652.0,119.0,1618.0,24252.0,0.0,165.0,2476.0,322.0,582.0,9037.0,17177.0,136.0,463.0,252.0,573.0,269.0,5041.0,62.0,534.0,170.0,574.0,831.0,115.0,80.0,1290.0,11464.0,20920.0,51.0,4312.0,986.0,190.0,903.0,116384,11023,5181,0.3248,6.6702,0.3806,1.6849,0.1916,0.0,0.5602,0.1022,1.3902,20.8379,0.0,0.1418,2.1274,0.2767,0.5001,7.7648,14.7589,0.1169,0.3978,0.2165,0.4923,0.2311,4.3314,0.0533,0.4588,0.1461,0.4932,0.714,0.0988,0.0687,1.1084,9.8502,17.975,0.0438,3.705,0.8472,0.1633,0.7759,FP
140123,Lambayeque,Chiclayo,,17.0,271.0,29.0,12.0,9.0,0.0,17.0,6.0,73.0,931.0,0.0,8.0,165.0,9.0,19.0,416.0,713.0,2.0,22.0,32.0,17.0,16.0,166.0,1.0,15.0,6.0,26.0,8.0,5.0,3.0,54.0,485.0,1169.0,3.0,178.0,40.0,8.0,21.0,4972,496,211,0.3419,5.4505,0.5833,0.2414,0.181,0.0,0.3419,0.1207,1.4682,18.7249,0.0,0.1609,3.3186,0.181,0.3821,8.3669,14.3403,0.0402,0.4425,0.6436,0.3419,0.3218,3.3387,0.0201,0.3017,0.1207,0.5229,0.1609,0.1006,0.0603,1.0861,9.7546,23.5117,0.0603,3.58,0.8045,0.1609,0.4224,RP
140124,Lambayeque,Chiclayo,,63.0,2435.0,82.0,410.0,184.0,0.0,92.0,10.0,247.0,5169.0,0.0,31.0,349.0,159.0,165.0,1326.0,9896.0,11.0,37.0,29.0,143.0,21.0,2276.0,16.0,78.0,33.0,107.0,57.0,10.0,7.0,71.0,1760.0,32750.0,10.0,1011.0,175.0,24.0,403.0,59647,1834,767,0.1056,4.0824,0.1375,0.6874,0.3085,0.0,0.1542,0.0168,0.4141,8.666,0.0,0.052,0.5851,0.2666,0.2766,2.2231,16.5909,0.0184,0.062,0.0486,0.2397,0.0352,3.8158,0.0268,0.1308,0.0553,0.1794,0.0956,0.0168,0.0117,0.119,2.9507,54.9064,0.0168,1.695,0.2934,0.0402,0.6756,RP
140125,Lambayeque,Chiclayo,,85.0,1875.0,81.0,470.0,80.0,0.0,78.0,11.0,209.0,4540.0,0.0,26.0,220.0,72.0,112.0,1183.0,6206.0,20.0,30.0,43.0,143.0,33.0,1549.0,12.0,59.0,45.0,65.0,108.0,16.0,9.0,84.0,2070.0,10978.0,13.0,838.0,183.0,31.0,322.0,31899,1868,824,0.2665,5.8779,0.2539,1.4734,0.2508,0.0,0.2445,0.0345,0.6552,14.2324,0.0,0.0815,0.6897,0.2257,0.3511,3.7086,19.4552,0.0627,0.094,0.1348,0.4483,0.1035,4.856,0.0376,0.185,0.1411,0.2038,0.3386,0.0502,0.0282,0.2633,6.4892,34.4149,0.0408,2.627,0.5737,0.0972,1.0094,RP
140126,Lambayeque,Chiclayo,,1345.0,28899.0,1807.0,3657.0,662.0,0.0,1940.0,295.0,5138.0,66670.0,0.0,456.0,7811.0,897.0,2217.0,31228.0,62694.0,297.0,1499.0,1098.0,1901.0,840.0,17071.0,202.0,1696.0,512.0,2303.0,1292.0,344.0,201.0,2982.0,37783.0,70663.0,200.0,15099.0,2496.0,729.0,2094.0,377018,31534,16449,0.3567,7.6652,0.4793,0.97,0.1756,0.0,0.5146,0.0782,1.3628,17.6835,0.0,0.1209,2.0718,0.2379,0.588,8.2829,16.6289,0.0788,0.3976,0.2912,0.5042,0.2228,4.5279,0.0536,0.4498,0.1358,0.6108,0.3427,0.0912,0.0533,0.7909,10.0215,18.7426,0.053,4.0048,0.662,0.1934,0.5554,RP
140127,Lambayeque,Chiclayo,,234.0,6665.0,222.0,1381.0,346.0,0.0,288.0,85.0,708.0,13828.0,0.0,118.0,906.0,343.0,572.0,4263.0,23445.0,79.0,146.0,101.0,451.0,133.0,6342.0,57.0,220.0,93.0,384.0,241.0,25.0,32.0,229.0,6509.0,36371.0,25.0,3589.0,555.0,69.0,1102.0,110157,5132,2814,0.2124,6.0505,0.2015,1.2537,0.3141,0.0,0.2614,0.0772,0.6427,12.553,0.0,0.1071,0.8225,0.3114,0.5193,3.8699,21.2833,0.0717,0.1325,0.0917,0.4094,0.1207,5.7572,0.0517,0.1997,0.0844,0.3486,0.2188,0.0227,0.029,0.2079,5.9088,33.0174,0.0227,3.2581,0.5038,0.0626,1.0004,RP
140128,Lambayeque,Chiclayo,,4.0,34.0,2.0,2.0,2.0,0.0,4.0,1.0,5.0,141.0,0.0,0.0,29.0,3.0,14.0,50.0,144.0,0.0,0.0,5.0,4.0,1.0,22.0,2.0,4.0,1.0,3.0,3.0,0.0,1.0,2.0,77.0,579.0,0.0,22.0,1.0,2.0,2.0,1166,57,18,0.3431,2.916,0.1715,0.1715,0.1715,0.0,0.3431,0.0858,0.4288,12.0926,0.0,0.0,2.4871,0.2573,1.2007,4.2882,12.3499,0.0,0.0,0.4288,0.3431,0.0858,1.8868,0.1715,0.3431,0.0858,0.2573,0.2573,0.0,0.0858,0.1715,6.6038,49.6569,0.0,1.8868,0.0858,0.1715,0.1715,RP
140129,Lambayeque,Chiclayo,,78.0,770.0,71.0,80.0,22.0,0.0,77.0,12.0,205.0,2601.0,0.0,15.0,1064.0,36.0,60.0,1713.0,1334.0,13.0,95.0,45.0,56.0,54.0,464.0,7.0,82.0,18.0,153.0,79.0,11.0,8.0,216.0,1322.0,1796.0,7.0,524.0,142.0,52.0,65.0,13347,1559,723,0.5844,5.7691,0.532,0.5994,0.1648,0.0,0.5769,0.0899,1.5359,19.4875,0.0,0.1124,7.9718,0.2697,0.4495,12.8343,9.9948,0.0974,0.7118,0.3372,0.4196,0.4046,3.4764,0.0524,0.6144,0.1349,1.1463,0.5919,0.0824,0.0599,1.6183,9.9048,13.4562,0.0524,3.926,1.0639,0.3896,0.487,FP
140130,Lambayeque,Chiclayo,,441.0,11977.0,462.0,1867.0,524.0,0.0,658.0,90.0,1566.0,27327.0,0.0,201.0,1899.0,600.0,1047.0,9486.0,45237.0,95.0,362.0,331.0,1325.0,221.0,12117.0,114.0,484.0,185.0,624.0,483.0,78.0,60.0,580.0,11455.0,113282.0,46.0,6728.0,1156.0,171.0,2203.0,255482,10922,5334,0.1726,4.688,0.1808,0.7308,0.2051,0.0,0.2576,0.0352,0.613,10.6963,0.0,0.0787,0.7433,0.2349,0.4098,3.713,17.7065,0.0372,0.1417,0.1296,0.5186,0.0865,4.7428,0.0446,0.1894,0.0724,0.2442,0.1891,0.0305,0.0235,0.227,4.4837,44.3405,0.018,2.6335,0.4525,0.0669,0.8623,RP
140131,Lambayeque,Chiclayo,,186.0,4273.0,147.0,891.0,169.0,0.0,308.0,45.0,648.0,10389.0,0.0,64.0,808.0,215.0,392.0,3724.0,14126.0,58.0,116.0,97.0,296.0,95.0,3912.0,38.0,197.0,85.0,222.0,177.0,32.0,34.0,306.0,4829.0,22869.0,27.0,2188.0,611.0,56.0,717.0,73347,4554,2122,0.2536,5.8257,0.2004,1.2148,0.2304,0.0,0.4199,0.0614,0.8835,14.1642,0.0,0.0873,1.1016,0.2931,0.5344,5.0772,19.2591,0.0791,0.1582,0.1322,0.4036,0.1295,5.3336,0.0518,0.2686,0.1159,0.3027,0.2413,0.0436,0.0464,0.4172,6.5838,31.1792,0.0368,2.9831,0.833,0.0763,0.9775,RP
140132,Lambayeque,Chiclayo,,1178.0,15488.0,1220.0,1762.0,398.0,0.0,1426.0,230.0,4081.0,54389.0,0.0,370.0,9179.0,563.0,1363.0,26265.0,36596.0,278.0,1635.0,830.0,1379.0,743.0,10805.0,146.0,1383.0,430.0,1761.0,957.0,143.0,152.0,2893.0,27949.0,36608.0,130.0,11540.0,1768.0,545.0,1145.0,257728,27975,12624,0.4571,6.0094,0.4734,0.6837,0.1544,0.0,0.5533,0.0892,1.5835,21.1033,0.0,0.1436,3.5615,0.2184,0.5289,10.191,14.1995,0.1079,0.6344,0.322,0.5351,0.2883,4.1924,0.0566,0.5366,0.1668,0.6833,0.3713,0.0555,0.059,1.1225,10.8444,14.2041,0.0504,4.4776,0.686,0.2115,0.4443,FP
140133,Lambayeque,Chiclayo,,294.0,8040.0,203.0,1307.0,285.0,0.0,340.0,40.0,713.0,9662.0,0.0,87.0,894.0,273.0,520.0,3787.0,19926.0,64.0,87.0,94.0,410.0,117.0,5505.0,40.0,198.0,69.0,283.0,211.0,40.0,29.0,235.0,4737.0,30684.0,15.0,2627.0,520.0,69.0,983.0,93388,3719,2068,0.3148,8.6092,0.2174,1.3995,0.3052,0.0,0.3641,0.0428,0.7635,10.3461,0.0,0.0932,0.9573,0.2923,0.5568,4.0551,21.3368,0.0685,0.0932,0.1007,0.439,0.1253,5.8948,0.0428,0.212,0.0739,0.303,0.2259,0.0428,0.0311,0.2516,5.0724,32.8565,0.0161,2.813,0.5568,0.0739,1.0526,RP
140134,Lambayeque,Chiclayo,,694.0,9319.0,857.0,1049.0,216.0,0.0,750.0,125.0,1914.0,25496.0,0.0,164.0,3630.0,304.0,732.0,12357.0,17483.0,153.0,642.0,431.0,594.0,384.0,4919.0,63.0,830.0,193.0,772.0,541.0,91.0,98.0,1383.0,13713.0,16897.0,76.0,5150.0,963.0,317.0,591.0,123891,13498,7451,0.5602,7.5219,0.6917,0.8467,0.1743,0.0,0.6054,0.1009,1.5449,20.5794,0.0,0.1324,2.93,0.2454,0.5908,9.9741,14.1116,0.1235,0.5182,0.3479,0.4795,0.3099,3.9704,0.0509,0.6699,0.1558,0.6231,0.4367,0.0735,0.0791,1.1163,11.0686,13.6386,0.0613,4.1569,0.7773,0.2559,0.477,FP
140135,Lambayeque,Chiclayo,,467.0,8539.0,940.0,914.0,180.0,0.0,732.0,109.0,1849.0,26380.0,0.0,169.0,3418.0,260.0,587.0,13454.0,15710.0,147.0,562.0,377.0,526.0,367.0,4495.0,57.0,833.0,180.0,784.0,463.0,57.0,74.0,1866.0,12155.0,15835.0,63.0,4924.0,748.0,192.0,506.0,118919,12504,5581,0.3927,7.1805,0.7905,0.7686,0.1514,0.0,0.6155,0.0917,1.5548,22.1832,0.0,0.1421,2.8742,0.2186,0.4936,11.3136,13.2107,0.1236,0.4726,0.317,0.4423,0.3086,3.7799,0.0479,0.7005,0.1514,0.6593,0.3893,0.0479,0.0622,1.5691,10.2212,13.3158,0.053,4.1406,0.629,0.1615,0.4255,FP
140136,Lambayeque,Chiclayo,,856.0,14380.0,1401.0,1578.0,402.0,0.0,1390.0,210.0,3665.0,41439.0,0.0,255.0,6215.0,581.0,1314.0,21794.0,37090.0,234.0,1142.0,699.0,1106.0,567.0,9234.0,211.0,1184.0,357.0,1268.0,771.0,184.0,220.0,1891.0,23071.0,44303.0,101.0,9535.0,1271.0,336.0,1219.0,231474,20841,14212,0.3698,6.2124,0.6053,0.6817,0.1737,0.0,0.6005,0.0907,1.5833,17.9022,0.0,0.1102,2.685,0.251,0.5677,9.4153,16.0234,0.1011,0.4934,0.302,0.4778,0.245,3.9892,0.0912,0.5115,0.1542,0.5478,0.3331,0.0795,0.095,0.8169,9.967,19.1395,0.0436,4.1193,0.5491,0.1452,0.5266,RP
140137,Lambayeque,Chiclayo,,2442.0,42879.0,3767.0,3518.0,897.0,0.0,3624.0,717.0,10151.0,114265.0,0.0,685.0,22040.0,1617.0,3516.0,69097.0,79605.0,794.0,3944.0,1660.0,2881.0,1866.0,23952.0,310.0,3241.0,943.0,4563.0,2384.0,338.0,419.0,7515.0,58945.0,69443.0,341.0,28266.0,4784.0,1254.0,2340.0,579003,57869,26661,0.4218,7.4057,0.6506,0.6076,0.1549,0.0,0.6259,0.1238,1.7532,19.7348,0.0,0.1183,3.8065,0.2793,0.6073,11.9338,13.7486,0.1371,0.6812,0.2867,0.4976,0.3223,4.1368,0.0535,0.5598,0.1629,0.7881,0.4117,0.0584,0.0724,1.2979,10.1804,11.9935,0.0589,4.8818,0.8262,0.2166,0.4041,FP
140138,Lambayeque,Chiclayo,,134.0,2826.0,122.0,431.0,88.0,0.0,191.0,38.0,461.0,6860.0,0.0,39.0,783.0,105.0,211.0,3331.0,7033.0,23.0,116.0,76.0,180.0,76.0,1903.0,11.0,130.0,53.0,196.0,103.0,19.0,17.0,261.0,3019.0,10664.0,14.0,1561.0,284.0,59.0,253.0,41671,2816,1359,0.3216,6.7817,0.2928,1.0343,0.2112,0.0,0.4584,0.0912,1.1063,16.4623,0.0,0.0936,1.879,0.252,0.5063,7.9936,16.8774,0.0552,0.2784,0.1824,0.432,0.1824,4.5667,0.0264,0.312,0.1272,0.4704,0.2472,0.0456,0.0408,0.6263,7.2448,25.5909,0.0336,3.746,0.6815,0.1416,0.6071,RP
140139,Lambayeque,Chiclayo,,121.0,1267.0,108.0,84.0,34.0,0.0,164.0,41.0,337.0,3596.0,0.0,20.0,1290.0,38.0,87.0,3240.0,2400.0,34.0,179.0,84.0,88.0,104.0,687.0,9.0,140.0,63.0,213.0,71.0,11.0,15.0,347.0,1663.0,2906.0,14.0,997.0,145.0,57.0,63.0,20717,2409,1226,0.5841,6.1158,0.5213,0.4055,0.1641,0.0,0.7916,0.1979,1.6267,17.3577,0.0,0.0965,6.2268,0.1834,0.4199,15.6393,11.5847,0.1641,0.864,0.4055,0.4248,0.502,3.3161,0.0434,0.6758,0.3041,1.0281,0.3427,0.0531,0.0724,1.675,8.0272,14.0271,0.0676,4.8125,0.6999,0.2751,0.3041,FP
140140,Lambayeque,Chiclayo,,151.0,4424.0,132.0,840.0,271.0,0.0,213.0,33.0,440.0,8951.0,0.0,59.0,572.0,246.0,367.0,2787.0,16574.0,53.0,72.0,50.0,302.0,68.0,4474.0,13.0,124.0,67.0,177.0,133.0,23.0,14.0,129.0,3350.0,44371.0,19.0,2141.0,333.0,41.0,830.0,92844,3090,1458,0.1626,4.765,0.1422,0.9047,0.2919,0.0,0.2294,0.0355,0.4739,9.6409,0.0,0.0635,0.6161,0.265,0.3953,3.0018,17.8514,0.0571,0.0775,0.0539,0.3253,0.0732,4.8188,0.014,0.1336,0.0722,0.1906,0.1433,0.0248,0.0151,0.1389,3.6082,47.7909,0.0205,2.306,0.3587,0.0442,0.894,RP
140141,Lambayeque,Chiclayo,,1055.0,15131.0,1231.0,1755.0,334.0,0.0,1406.0,248.0,4033.0,54018.0,0.0,295.0,6624.0,586.0,1524.0,25002.0,37445.0,331.0,1274.0,748.0,1273.0,723.0,10597.0,143.0,1323.0,435.0,1601.0,896.0,189.0,168.0,2163.0,29228.0,30874.0,131.0,11607.0,1547.0,438.0,1041.0,247417,24959,14882,0.4264,6.1156,0.4975,0.7093,0.135,0.0,0.5683,0.1002,1.63,21.8328,0.0,0.1192,2.6773,0.2368,0.616,10.1052,15.1344,0.1338,0.5149,0.3023,0.5145,0.2922,4.2831,0.0578,0.5347,0.1758,0.6471,0.3621,0.0764,0.0679,0.8742,11.8133,12.4785,0.0529,4.6913,0.6253,0.177,0.4207,FP
140142,Lambayeque,Chiclayo,,764.0,18092.0,958.0,1686.0,298.0,0.0,1025.0,164.0,3089.0,34136.0,0.0,236.0,4599.0,510.0,1223.0,20284.0,37980.0,183.0,883.0,469.0,1025.0,480.0,10257.0,101.0,943.0,273.0,1238.0,718.0,139.0,113.0,1781.0,19486.0,41341.0,82.0,8862.0,1329.0,388.0,1168.0,216303,15846,8267,0.3532,8.3642,0.4429,0.7795,0.1378,0.0,0.4739,0.0758,1.4281,15.7816,0.0,0.1091,2.1262,0.2358,0.5654,9.3776,17.5587,0.0846,0.4082,0.2168,0.4739,0.2219,4.742,0.0467,0.436,0.1262,0.5723,0.3319,0.0643,0.0522,0.8234,9.0087,19.1125,0.0379,4.097,0.6144,0.1794,0.54,RP
140143,Lambayeque,Chiclayo,,599.0,11765.0,710.0,709.0,232.0,0.0,940.0,118.0,2470.0,23921.0,0.0,160.0,4493.0,302.0,768.0,16334.0,19831.0,156.0,700.0,383.0,661.0,484.0,5677.0,53.0,769.0,175.0,1160.0,460.0,57.0,55.0,1438.0,12800.0,22609.0,78.0,6239.0,749.0,250.0,528.0,138833,11971,5111,0.4315,8.4742,0.5114,0.5107,0.1671,0.0,0.6771,0.085,1.7791,17.2301,0.0,0.1152,3.2363,0.2175,0.5532,11.7652,14.2841,0.1124,0.5042,0.2759,0.4761,0.3486,4.0891,0.0382,0.5539,0.1261,0.8355,0.3313,0.0411,0.0396,1.0358,9.2197,16.285,0.0562,4.4939,0.5395,0.1801,0.3803,FP
140201,LAMBAYEQUE,FERREÑAFE,FERREÑAFE,13.0,102.0,16.0,4.0,0.0,0.0,4.0,1.0,21.0,135.0,0.0,3.0,97.0,0.0,54.0,78.0,38.0,0.0,15.0,4.0,0.0,9.0,18.0,0.0,6.0,2.0,13.0,2.0,1.0,2.0,12.0,13.0,16.0,1.0,13.0,5.0,3.0,4.0,705,183,91,1.844,14.4681,2.2695,0.5674,0.0,0.0,0.5674,0.1418,2.9787,19.1489,0.0,0.4255,13.7589,0.0,7.6596,11.0638,5.3901,0.0,2.1277,0.5674,0.0,1.2766,2.5532,0.0,0.8511,0.2837,1.844,0.2837,0.1418,0.2837,1.7021,1.844,2.2695,0.1418,1.844,0.7092,0.4255,0.5674,FP
140205,LAMBAYEQUE,FERREÑAFE,PITIPO,3.0,21.0,6.0,0.0,0.0,0.0,1.0,3.0,2.0,125.0,0.0,1.0,55.0,1.0,0.0,28.0,11.0,0.0,3.0,1.0,1.0,1.0,8.0,0.0,1.0,1.0,2.0,1.0,1.0,1.0,7.0,13.0,24.0,2.0,2.0,5.0,1.0,0.0,332,126,37,0.9036,6.3253,1.8072,0.0,0.0,0.0,0.3012,0.9036,0.6024,37.6506,0.0,0.3012,16.5663,0.3012,0.0,8.4337,3.3133,0.0,0.9036,0.3012,0.3012,0.3012,2.4096,0.0,0.3012,0.3012,0.6024,0.3012,0.3012,0.3012,2.1084,3.9157,7.2289,0.6024,0.6024,1.506,0.3012,0.0,FP
140206,LAMBAYEQUE,FERREÑAFE,PUEBLO NUEVO,4.0,32.0,16.0,1.0,0.0,0.0,1.0,2.0,6.0,341.0,0.0,1.0,34.0,1.0,2.0,69.0,16.0,2.0,6.0,2.0,3.0,4.0,12.0,0.0,1.0,1.0,2.0,0.0,0.0,5.0,12.0,28.0,29.0,2.0,4.0,3.0,1.0,0.0,643,151,66,0.6221,4.9767,2.4883,0.1555,0.0,0.0,0.1555,0.311,0.9331,53.0327,0.0,0.1555,5.2877,0.1555,0.311,10.7309,2.4883,0.311,0.9331,0.311,0.4666,0.6221,1.8663,0.0,0.1555,0.1555,0.311,0.0,0.0,0.7776,1.8663,4.3546,4.5101,0.311,0.6221,0.4666,0.1555,0.0,FP
140207,Lambayeque,Ferreñafe,,3.0,19.0,9.0,5.0,1.0,0.0,0.0,2.0,1.0,103.0,0.0,0.0,62.0,0.0,0.0,26.0,5.0,0.0,3.0,1.0,0.0,6.0,1.0,0.0,2.0,3.0,5.0,2.0,0.0,0.0,11.0,21.0,23.0,2.0,4.0,2.0,3.0,0.0,325,93,48,0.9231,5.8462,2.7692,1.5385,0.3077,0.0,0.0,0.6154,0.3077,31.6923,0.0,0.0,19.0769,0.0,0.0,8.0,1.5385,0.0,0.9231,0.3077,0.0,1.8462,0.3077,0.0,0.6154,0.9231,1.5385,0.6154,0.0,0.0,3.3846,6.4615,7.0769,0.6154,1.2308,0.6154,0.9231,0.0,FP
140208,Lambayeque,Ferreñafe,,4.0,22.0,4.0,2.0,0.0,0.0,8.0,2.0,3.0,216.0,0.0,1.0,56.0,1.0,0.0,55.0,16.0,3.0,2.0,2.0,3.0,1.0,16.0,0.0,1.0,1.0,1.0,0.0,0.0,0.0,6.0,30.0,44.0,0.0,9.0,0.0,4.0,0.0,513,100,15,0.7797,4.2885,0.7797,0.3899,0.0,0.0,1.5595,0.3899,0.5848,42.1053,0.0,0.1949,10.9162,0.1949,0.0,10.7212,3.1189,0.5848,0.3899,0.3899,0.5848,0.1949,3.1189,0.0,0.1949,0.1949,0.1949,0.0,0.0,0.0,1.1696,5.848,8.577,0.0,1.7544,0.0,0.7797,0.0,FP
140301,LAMBAYEQUE,LAMBAYEQUE,LAMBAYEQUE,31.0,294.0,16.0,32.0,2.0,0.0,15.0,2.0,19.0,414.0,0.0,1.0,241.0,2.0,7.0,121.0,115.0,3.0,2.0,5.0,1.0,5.0,23.0,1.0,11.0,3.0,10.0,9.0,2.0,0.0,30.0,112.0,117.0,1.0,30.0,10.0,2.0,4.0,1693,341,100,1.8311,17.3656,0.9451,1.8901,0.1181,0.0,0.886,0.1181,1.1223,24.4536,0.0,0.0591,14.2351,0.1181,0.4135,7.1471,6.7927,0.1772,0.1181,0.2953,0.0591,0.2953,1.3585,0.0591,0.6497,0.1772,0.5907,0.5316,0.1181,0.0,1.772,6.6155,6.9108,0.0591,1.772,0.5907,0.1181,0.2363,FP
140302,LAMBAYEQUE,LAMBAYEQUE,CHOCHOPE,0.0,34.0,7.0,7.0,1.0,0.0,3.0,1.0,2.0,239.0,0.0,1.0,36.0,0.0,1.0,36.0,23.0,0.0,2.0,3.0,2.0,0.0,3.0,0.0,2.0,1.0,3.0,2.0,3.0,0.0,7.0,32.0,40.0,0.0,7.0,9.0,0.0,2.0,509,78,24,0.0,6.6798,1.3752,1.3752,0.1965,0.0,0.5894,0.1965,0.3929,46.9548,0.0,0.1965,7.0727,0.0,0.1965,7.0727,4.5187,0.0,0.3929,0.5894,0.3929,0.0,0.5894,0.0,0.3929,0.1965,0.5894,0.3929,0.5894,0.0,1.3752,6.2868,7.8585,0.0,1.3752,1.7682,0.0,0.3929,FP
140303,LAMBAYEQUE,LAMBAYEQUE,ILLIMO,2.0,51.0,6.0,2.0,1.0,0.0,2.0,1.0,6.0,165.0,0.0,0.0,41.0,0.0,1.0,36.0,18.0,1.0,2.0,2.0,1.0,6.0,14.0,0.0,0.0,2.0,9.0,0.0,1.0,1.0,7.0,26.0,31.0,0.0,4.0,3.0,0.0,1.0,443,77,16,0.4515,11.5124,1.3544,0.4515,0.2257,0.0,0.4515,0.2257,1.3544,37.246,0.0,0.0,9.2551,0.0,0.2257,8.1264,4.0632,0.2257,0.4515,0.4515,0.2257,1.3544,3.1603,0.0,0.0,0.4515,2.0316,0.0,0.2257,0.2257,1.5801,5.8691,6.9977,0.0,0.9029,0.6772,0.0,0.2257,FP
140304,LAMBAYEQUE,LAMBAYEQUE,JAYANCA,7.0,73.0,9.0,9.0,0.0,0.0,1.0,0.0,7.0,193.0,0.0,2.0,44.0,3.0,2.0,55.0,29.0,3.0,1.0,2.0,4.0,2.0,6.0,0.0,0.0,3.0,1.0,2.0,0.0,0.0,11.0,29.0,35.0,0.0,10.0,16.0,4.0,0.0,563,104,35,1.2433,12.9663,1.5986,1.5986,0.0,0.0,0.1776,0.0,1.2433,34.2806,0.0,0.3552,7.8153,0.5329,0.3552,9.7691,5.151,0.5329,0.1776,0.3552,0.7105,0.3552,1.0657,0.0,0.0,0.5329,0.1776,0.3552,0.0,0.0,1.9538,5.151,6.2167,0.0,1.7762,2.8419,0.7105,0.0,FP
140305,LAMBAYEQUE,LAMBAYEQUE,MOCHUMI,9.0,93.0,10.0,2.0,0.0,0.0,7.0,0.0,5.0,190.0,0.0,1.0,72.0,1.0,2.0,56.0,16.0,1.0,5.0,1.0,1.0,1.0,7.0,0.0,2.0,2.0,3.0,0.0,0.0,0.0,11.0,28.0,34.0,0.0,8.0,3.0,3.0,0.0,574,123,21,1.5679,16.2021,1.7422,0.3484,0.0,0.0,1.2195,0.0,0.8711,33.101,0.0,0.1742,12.5436,0.1742,0.3484,9.7561,2.7875,0.1742,0.8711,0.1742,0.1742,0.1742,1.2195,0.0,0.3484,0.3484,0.5226,0.0,0.0,0.0,1.9164,4.878,5.9233,0.0,1.3937,0.5226,0.5226,0.0,FP
140306,LAMBAYEQUE,LAMBAYEQUE,MORROPE,2.0,33.0,1.0,2.0,0.0,0.0,0.0,1.0,4.0,110.0,0.0,0.0,30.0,0.0,2.0,27.0,15.0,0.0,2.0,1.0,1.0,2.0,6.0,0.0,2.0,2.0,0.0,0.0,0.0,0.0,5.0,19.0,28.0,0.0,7.0,3.0,0.0,2.0,307,54,19,0.6515,10.7492,0.3257,0.6515,0.0,0.0,0.0,0.3257,1.3029,35.8306,0.0,0.0,9.772,0.0,0.6515,8.7948,4.886,0.0,0.6515,0.3257,0.3257,0.6515,1.9544,0.0,0.6515,0.6515,0.0,0.0,0.0,0.0,1.6287,6.1889,9.1205,0.0,2.2801,0.9772,0.0,0.6515,FP
140307,LAMBAYEQUE,LAMBAYEQUE,MOTUPE,34.0,328.0,34.0,20.0,0.0,0.0,27.0,4.0,48.0,833.0,0.0,2.0,454.0,4.0,19.0,656.0,300.0,3.0,32.0,14.0,10.0,34.0,85.0,2.0,20.0,16.0,55.0,14.0,1.0,3.0,41.0,249.0,226.0,3.0,141.0,26.0,11.0,4.0,3753,865,342,0.9059,8.7397,0.9059,0.5329,0.0,0.0,0.7194,0.1066,1.279,22.1956,0.0,0.0533,12.097,0.1066,0.5063,17.4793,7.9936,0.0799,0.8527,0.373,0.2665,0.9059,2.2649,0.0533,0.5329,0.4263,1.4655,0.373,0.0266,0.0799,1.0925,6.6347,6.0218,0.0799,3.757,0.6928,0.2931,0.1066,FP
140401,Lambayeque,,,136.0,2068.0,241.0,214.0,60.0,0.0,193.0,59.0,712.0,6629.0,0.0,49.0,1791.0,70.0,169.0,2855.0,3183.0,96.0,348.0,104.0,147.0,178.0,1072.0,19.0,414.0,68.0,225.0,122.0,22.0,31.0,631.0,3631.0,3136.0,40.0,1226.0,209.0,64.0,117.0,30329,4301,1737,0.4484,6.8186,0.7946,0.7056,0.1978,0.0,0.6364,0.1945,2.3476,21.857,0.0,0.1616,5.9052,0.2308,0.5572,9.4134,10.4949,0.3165,1.1474,0.3429,0.4847,0.5869,3.5346,0.0626,1.365,0.2242,0.7419,0.4023,0.0725,0.1022,2.0805,11.972,10.3399,0.1319,4.0423,0.6891,0.211,0.3858,FP
140402,Lambayeque,,,6.0,67.0,16.0,18.0,6.0,0.0,12.0,2.0,25.0,522.0,0.0,0.0,55.0,2.0,34.0,133.0,129.0,3.0,6.0,7.0,2.0,7.0,20.0,0.0,17.0,4.0,6.0,3.0,3.0,1.0,39.0,119.0,98.0,2.0,32.0,16.0,5.0,7.0,1424,229,76,0.4213,4.7051,1.1236,1.264,0.4213,0.0,0.8427,0.1404,1.7556,36.6573,0.0,0.0,3.8624,0.1404,2.3876,9.3399,9.059,0.2107,0.4213,0.4916,0.1404,0.4916,1.4045,0.0,1.1938,0.2809,0.4213,0.2107,0.2107,0.0702,2.7388,8.3567,6.882,0.1404,2.2472,1.1236,0.3511,0.4916,FP
140403,Lambayeque,,,12.0,254.0,33.0,52.0,14.0,0.0,30.0,9.0,70.0,1264.0,0.0,8.0,255.0,9.0,17.0,435.0,410.0,3.0,27.0,12.0,22.0,16.0,98.0,3.0,54.0,7.0,23.0,11.0,4.0,5.0,82.0,584.0,494.0,5.0,141.0,34.0,18.0,10.0,4525,663,251,0.2652,5.6133,0.7293,1.1492,0.3094,0.0,0.663,0.1989,1.547,27.9337,0.0,0.1768,5.6354,0.1989,0.3757,9.6133,9.0608,0.0663,0.5967,0.2652,0.4862,0.3536,2.1657,0.0663,1.1934,0.1547,0.5083,0.2431,0.0884,0.1105,1.8122,12.9061,10.9171,0.1105,3.116,0.7514,0.3978,0.221,FP
140404,Lambayeque,,,5.0,40.0,3.0,16.0,9.0,0.0,11.0,0.0,5.0,319.0,0.0,4.0,55.0,3.0,0.0,111.0,110.0,2.0,12.0,1.0,3.0,6.0,25.0,0.0,7.0,2.0,3.0,5.0,1.0,2.0,13.0,87.0,90.0,2.0,12.0,6.0,5.0,3.0,978,175,27,0.5112,4.09,0.3067,1.636,0.9202,0.0,1.1247,0.0,0.5112,32.6176,0.0,0.409,5.6237,0.3067,0.0,11.3497,11.2474,0.2045,1.227,0.1022,0.3067,0.6135,2.5562,0.0,0.7157,0.2045,0.3067,0.5112,0.1022,0.2045,1.3292,8.8957,9.2025,0.2045,1.227,0.6135,0.5112,0.3067,FP
140405,Lambayeque,,,44.0,661.0,84.0,66.0,19.0,0.0,56.0,9.0,211.0,2445.0,0.0,21.0,673.0,24.0,53.0,1419.0,1174.0,12.0,72.0,31.0,39.0,42.0,328.0,5.0,109.0,14.0,92.0,46.0,28.0,11.0,306.0,1567.0,920.0,15.0,518.0,222.0,26.0,28.0,11390,1876,664,0.3863,5.8033,0.7375,0.5795,0.1668,0.0,0.4917,0.079,1.8525,21.4662,0.0,0.1844,5.9087,0.2107,0.4653,12.4583,10.3073,0.1054,0.6321,0.2722,0.3424,0.3687,2.8797,0.0439,0.957,0.1229,0.8077,0.4039,0.2458,0.0966,2.6866,13.7577,8.0773,0.1317,4.5478,1.9491,0.2283,0.2458,FP
140406,Lambayeque,,,81.0,1339.0,253.0,154.0,27.0,0.0,121.0,32.0,635.0,5255.0,0.0,26.0,1651.0,33.0,88.0,2196.0,1801.0,37.0,160.0,107.0,131.0,186.0,602.0,12.0,308.0,43.0,196.0,72.0,7.0,12.0,472.0,3180.0,1620.0,37.0,920.0,98.0,61.0,98.0,22051,2916,1317,0.3673,6.0723,1.1473,0.6984,0.1224,0.0,0.5487,0.1451,2.8797,23.8311,0.0,0.1179,7.4872,0.1497,0.3991,9.9587,8.1674,0.1678,0.7256,0.4852,0.5941,0.8435,2.73,0.0544,1.3968,0.195,0.8888,0.3265,0.0317,0.0544,2.1405,14.4211,7.3466,0.1678,4.1721,0.4444,0.2766,0.4444,FP
140407,Lambayeque,,,10.0,125.0,52.0,17.0,2.0,0.0,14.0,5.0,39.0,777.0,0.0,4.0,74.0,4.0,4.0,137.0,171.0,10.0,5.0,11.0,6.0,17.0,45.0,4.0,13.0,1.0,15.0,6.0,14.0,0.0,31.0,246.0,387.0,1.0,70.0,9.0,3.0,8.0,2337,442,175,0.4279,5.3487,2.2251,0.7274,0.0856,0.0,0.5991,0.2139,1.6688,33.2478,0.0,0.1712,3.1665,0.1712,0.1712,5.8622,7.3171,0.4279,0.2139,0.4707,0.2567,0.7274,1.9255,0.1712,0.5563,0.0428,0.6418,0.2567,0.5991,0.0,1.3265,10.5263,16.5597,0.0428,2.9953,0.3851,0.1284,0.3423,FP
140408,Lambayeque,,,73.0,1100.0,146.0,204.0,24.0,0.0,149.0,29.0,330.0,3697.0,0.0,21.0,1047.0,70.0,118.0,2039.0,2208.0,24.0,113.0,77.0,77.0,104.0,656.0,10.0,179.0,42.0,127.0,74.0,18.0,10.0,480.0,1954.0,1518.0,13.0,827.0,193.0,46.0,49.0,17846,2546,976,0.4091,6.1638,0.8181,1.1431,0.1345,0.0,0.8349,0.1625,1.8492,20.7161,0.0,0.1177,5.8669,0.3922,0.6612,11.4255,12.3725,0.1345,0.6332,0.4315,0.4315,0.5828,3.6759,0.056,1.003,0.2353,0.7116,0.4147,0.1009,0.056,2.6897,10.9492,8.5061,0.0728,4.6341,1.0815,0.2578,0.2746,FP
140409,Lambayeque,,,57.0,637.0,162.0,48.0,22.0,0.0,70.0,21.0,364.0,3571.0,0.0,16.0,1138.0,41.0,48.0,1294.0,912.0,26.0,83.0,71.0,92.0,78.0,341.0,19.0,330.0,24.0,131.0,41.0,7.0,9.0,314.0,1694.0,913.0,17.0,469.0,52.0,34.0,35.0,13181,2154,693,0.4324,4.8327,1.229,0.3642,0.1669,0.0,0.5311,0.1593,2.7616,27.092,0.0,0.1214,8.6336,0.3111,0.3642,9.8172,6.9191,0.1973,0.6297,0.5387,0.698,0.5918,2.5871,0.1441,2.5036,0.1821,0.9939,0.3111,0.0531,0.0683,2.3822,12.8518,6.9266,0.129,3.5582,0.3945,0.2579,0.2655,FP
140410,Lambayeque,,,8.0,103.0,13.0,5.0,0.0,0.0,11.0,1.0,29.0,314.0,0.0,0.0,128.0,4.0,8.0,137.0,43.0,0.0,10.0,3.0,6.0,11.0,20.0,0.0,19.0,2.0,9.0,3.0,3.0,2.0,11.0,61.0,102.0,1.0,26.0,9.0,6.0,6.0,1114,214,33,0.7181,9.246,1.167,0.4488,0.0,0.0,0.9874,0.0898,2.6032,28.1867,0.0,0.0,11.4901,0.3591,0.7181,12.298,3.86,0.0,0.8977,0.2693,0.5386,0.9874,1.7953,0.0,1.7056,0.1795,0.8079,0.2693,0.2693,0.1795,0.9874,5.4758,9.1562,0.0898,2.3339,0.8079,0.5386,0.5386,FP
140411,Lambayeque,,,61.0,467.0,122.0,20.0,15.0,0.0,47.0,17.0,247.0,2130.0,0.0,15.0,671.0,26.0,35.0,904.0,625.0,11.0,68.0,34.0,40.0,70.0,197.0,6.0,201.0,21.0,57.0,42.0,15.0,5.0,296.0,1187.0,682.0,9.0,378.0,51.0,26.0,20.0,8818,1622,711,0.6918,5.296,1.3835,0.2268,0.1701,0.0,0.533,0.1928,2.8011,24.1551,0.0,0.1701,7.6094,0.2949,0.3969,10.2518,7.0878,0.1247,0.7711,0.3856,0.4536,0.7938,2.2341,0.068,2.2794,0.2381,0.6464,0.4763,0.1701,0.0567,3.3568,13.4611,7.7342,0.1021,4.2867,0.5784,0.2949,0.2268,FP
140412,Lambayeque,,,12.0,201.0,13.0,60.0,11.0,0.0,21.0,2.0,28.0,521.0,0.0,5.0,119.0,7.0,13.0,290.0,305.0,8.0,9.0,9.0,12.0,12.0,131.0,1.0,34.0,6.0,7.0,9.0,2.0,0.0,39.0,328.0,252.0,1.0,67.0,28.0,10.0,17.0,2590,288,90,0.4633,7.7606,0.5019,2.3166,0.4247,0.0,0.8108,0.0772,1.0811,20.1158,0.0,0.1931,4.5946,0.2703,0.5019,11.1969,11.7761,0.3089,0.3475,0.3475,0.4633,0.4633,5.0579,0.0386,1.3127,0.2317,0.2703,0.3475,0.0772,0.0,1.5058,12.6641,9.7297,0.0386,2.5869,1.0811,0.3861,0.6564,FP
140413,Lambayeque,,,29.0,403.0,117.0,31.0,10.0,0.0,45.0,13.0,164.0,2081.0,0.0,6.0,585.0,16.0,26.0,738.0,548.0,11.0,71.0,25.0,37.0,51.0,160.0,0.0,105.0,14.0,49.0,20.0,9.0,4.0,211.0,977.0,573.0,7.0,264.0,49.0,17.0,25.0,7491,1259,494,0.3871,5.3798,1.5619,0.4138,0.1335,0.0,0.6007,0.1735,2.1893,27.78,0.0,0.0801,7.8094,0.2136,0.3471,9.8518,7.3154,0.1468,0.9478,0.3337,0.4939,0.6808,2.1359,0.0,1.4017,0.1869,0.6541,0.267,0.1201,0.0534,2.8167,13.0423,7.6492,0.0934,3.5242,0.6541,0.2269,0.3337,FP
140414,Lambayeque,,,8.0,128.0,7.0,40.0,1.0,0.0,12.0,2.0,25.0,357.0,0.0,3.0,73.0,4.0,16.0,189.0,244.0,2.0,8.0,6.0,4.0,12.0,56.0,1.0,17.0,0.0,5.0,3.0,2.0,1.0,33.0,195.0,188.0,1.0,70.0,18.0,12.0,10.0,1753,242,50,0.4564,7.3018,0.3993,2.2818,0.057,0.0,0.6845,0.1141,1.4261,20.3651,0.0,0.1711,4.1643,0.2282,0.9127,10.7815,13.919,0.1141,0.4564,0.3423,0.2282,0.6845,3.1945,0.057,0.9698,0.0,0.2852,0.1711,0.1141,0.057,1.8825,11.1238,10.7245,0.057,3.9932,1.0268,0.6845,0.5705,FP
140415,Lambayeque,,,1.0,101.0,7.0,2.0,2.0,0.0,9.0,2.0,37.0,170.0,0.0,3.0,124.0,0.0,2.0,55.0,27.0,1.0,11.0,2.0,2.0,3.0,9.0,0.0,12.0,2.0,5.0,13.0,1.0,1.0,12.0,57.0,59.0,0.0,10.0,10.0,4.0,2.0,758,96,32,0.1319,13.3245,0.9235,0.2639,0.2639,0.0,1.1873,0.2639,4.8813,22.4274,0.0,0.3958,16.3588,0.0,0.2639,7.2559,3.562,0.1319,1.4512,0.2639,0.2639,0.3958,1.1873,0.0,1.5831,0.2639,0.6596,1.715,0.1319,0.1319,1.5831,7.5198,7.7836,0.0,1.3193,1.3193,0.5277,0.2639,FP
140416,Lambayeque,,,27.0,428.0,63.0,45.0,11.0,0.0,40.0,12.0,93.0,1650.0,0.0,6.0,430.0,14.0,32.0,773.0,772.0,12.0,33.0,20.0,20.0,52.0,276.0,3.0,158.0,13.0,51.0,356.0,4.0,6.0,313.0,940.0,735.0,18.0,334.0,280.0,17.0,20.0,8057,1041,375,0.3351,5.3122,0.7819,0.5585,0.1365,0.0,0.4965,0.1489,1.1543,20.4791,0.0,0.0745,5.337,0.1738,0.3972,9.5941,9.5817,0.1489,0.4096,0.2482,0.2482,0.6454,3.4256,0.0372,1.961,0.1614,0.633,4.4185,0.0496,0.0745,3.8848,11.6669,9.1225,0.2234,4.1455,3.4752,0.211,0.2482,FP
140501,Lambayeque,,,190.0,2936.0,247.0,479.0,46.0,0.0,277.0,63.0,516.0,7065.0,0.0,47.0,1256.0,90.0,170.0,3344.0,5127.0,82.0,169.0,95.0,171.0,116.0,1521.0,42.0,178.0,64.0,243.0,265.0,46.0,13.0,335.0,3462.0,4881.0,22.0,1365.0,624.0,148.0,186.0,35881,4069,1995,0.5295,8.1826,0.6884,1.335,0.1282,0.0,0.772,0.1756,1.4381,19.6901,0.0,0.131,3.5005,0.2508,0.4738,9.3197,14.2889,0.2285,0.471,0.2648,0.4766,0.3233,4.239,0.1171,0.4961,0.1784,0.6772,0.7386,0.1282,0.0362,0.9336,9.6486,13.6033,0.0613,3.8042,1.7391,0.4125,0.5184,FP
140502,Lambayeque,,,11.0,36.0,5.0,2.0,1.0,0.0,15.0,1.0,7.0,472.0,0.0,2.0,155.0,3.0,0.0,97.0,23.0,1.0,9.0,4.0,6.0,9.0,7.0,1.0,5.0,3.0,6.0,5.0,3.0,1.0,19.0,24.0,46.0,1.0,9.0,9.0,3.0,0.0,1001,268,66,1.0989,3.5964,0.4995,0.1998,0.0999,0.0,1.4985,0.0999,0.6993,47.1528,0.0,0.1998,15.4845,0.2997,0.0,9.6903,2.2977,0.0999,0.8991,0.3996,0.5994,0.8991,0.6993,0.0999,0.4995,0.2997,0.5994,0.4995,0.2997,0.0999,1.8981,2.3976,4.5954,0.0999,0.8991,0.8991,0.2997,0.0,FP
140504,Lambayeque,,,15.0,176.0,33.0,21.0,2.0,0.0,25.0,5.0,37.0,1116.0,0.0,3.0,66.0,7.0,10.0,295.0,412.0,1.0,7.0,6.0,13.0,6.0,116.0,2.0,29.0,5.0,21.0,11.0,16.0,3.0,41.0,373.0,201.0,2.0,125.0,43.0,14.0,3.0,3261,562,211,0.46,5.3971,1.012,0.644,0.0613,0.0,0.7666,0.1533,1.1346,34.2226,0.0,0.092,2.0239,0.2147,0.3067,9.0463,12.6342,0.0307,0.2147,0.184,0.3987,0.184,3.5572,0.0613,0.8893,0.1533,0.644,0.3373,0.4906,0.092,1.2573,11.4382,6.1638,0.0613,3.8332,1.3186,0.4293,0.092,FP
140505,Lambayeque,,,5.0,31.0,3.0,1.0,0.0,0.0,2.0,0.0,7.0,147.0,0.0,1.0,32.0,2.0,1.0,29.0,2.0,0.0,1.0,1.0,0.0,5.0,5.0,1.0,2.0,3.0,1.0,0.0,0.0,9.0,7.0,13.0,18.0,2.0,2.0,4.0,4.0,0.0,341,130,37,1.4663,9.0909,0.8798,0.2933,0.0,0.0,0.5865,0.0,2.0528,43.1085,0.0,0.2933,9.3842,0.5865,0.2933,8.5044,0.5865,0.0,0.2933,0.2933,0.0,1.4663,1.4663,0.2933,0.5865,0.8798,0.2933,0.0,0.0,2.6393,2.0528,3.8123,5.2786,0.5865,0.5865,1.173,1.173,0.0,FP
140506,Lambayeque,,,92.0,1446.0,101.0,155.0,12.0,0.0,108.0,39.0,260.0,3188.0,0.0,17.0,647.0,34.0,87.0,1630.0,1852.0,34.0,132.0,55.0,41.0,50.0,550.0,16.0,101.0,31.0,148.0,123.0,37.0,13.0,203.0,1435.0,1385.0,7.0,544.0,233.0,77.0,57.0,14940,2029,949,0.6158,9.6787,0.676,1.0375,0.0803,0.0,0.7229,0.261,1.7403,21.3387,0.0,0.1138,4.3307,0.2276,0.5823,10.9103,12.3963,0.2276,0.8835,0.3681,0.2744,0.3347,3.6814,0.1071,0.676,0.2075,0.9906,0.8233,0.2477,0.087,1.3588,9.6051,9.2704,0.0469,3.6412,1.5596,0.5154,0.3815,FP
140507,Lambayeque,,,205.0,1687.0,183.0,102.0,25.0,0.0,118.0,25.0,309.0,3611.0,0.0,21.0,1675.0,25.0,80.0,2794.0,1603.0,47.0,164.0,78.0,51.0,102.0,513.0,6.0,112.0,54.0,172.0,273.0,71.0,11.0,405.0,1849.0,1111.0,16.0,738.0,251.0,100.0,64.0,18651,3085,1361,1.0991,9.0451,0.9812,0.5469,0.134,0.0,0.6327,0.134,1.6567,19.3609,0.0,0.1126,8.9808,0.134,0.4289,14.9804,8.5947,0.252,0.8793,0.4182,0.2734,0.5469,2.7505,0.0322,0.6005,0.2895,0.9222,1.4637,0.3807,0.059,2.1715,9.9137,5.9568,0.0858,3.9569,1.3458,0.5362,0.3431,FP
140508,Lambayeque,,,5.0,44.0,5.0,8.0,1.0,0.0,2.0,0.0,5.0,615.0,0.0,4.0,45.0,2.0,1.0,123.0,28.0,2.0,5.0,2.0,0.0,2.0,8.0,0.0,3.0,2.0,8.0,2.0,1.0,0.0,8.0,41.0,45.0,1.0,13.0,1.0,5.0,0.0,1037,220,56,0.4822,4.243,0.4822,0.7715,0.0964,0.0,0.1929,0.0,0.4822,59.3057,0.0,0.3857,4.3394,0.1929,0.0964,11.8611,2.7001,0.1929,0.4822,0.1929,0.0,0.1929,0.7715,0.0,0.2893,0.1929,0.7715,0.1929,0.0964,0.0,0.7715,3.9537,4.3394,0.0964,1.2536,0.0964,0.4822,0.0,FP
140509,Lambayeque,,,9.0,52.0,6.0,10.0,1.0,0.0,3.0,1.0,8.0,260.0,0.0,1.0,103.0,1.0,0.0,115.0,24.0,0.0,3.0,2.0,0.0,3.0,3.0,0.0,2.0,1.0,6.0,4.0,3.0,1.0,20.0,17.0,57.0,0.0,6.0,3.0,2.0,2.0,729,201,60,1.2346,7.1331,0.823,1.3717,0.1372,0.0,0.4115,0.1372,1.0974,35.6653,0.0,0.1372,14.1289,0.1372,0.0,15.775,3.2922,0.0,0.4115,0.2743,0.0,0.4115,0.4115,0.0,0.2743,0.1372,0.823,0.5487,0.4115,0.1372,2.7435,2.332,7.8189,0.0,0.823,0.4115,0.2743,0.2743,FP
140511,Lambayeque,,,8.0,25.0,4.0,3.0,0.0,0.0,8.0,2.0,4.0,286.0,0.0,1.0,45.0,1.0,1.0,42.0,17.0,1.0,4.0,0.0,1.0,2.0,5.0,0.0,1.0,1.0,2.0,2.0,1.0,0.0,2.0,15.0,25.0,2.0,5.0,4.0,1.0,2.0,523,112,19,1.5296,4.7801,0.7648,0.5736,0.0,0.0,1.5296,0.3824,0.7648,54.6845,0.0,0.1912,8.6042,0.1912,0.1912,8.0306,3.2505,0.1912,0.7648,0.0,0.1912,0.3824,0.956,0.0,0.1912,0.1912,0.3824,0.3824,0.1912,0.0,0.3824,2.8681,4.7801,0.3824,0.956,0.7648,0.1912,0.3824,FP
140512,Lambayeque,,,114.0,1845.0,140.0,240.0,14.0,0.0,142.0,39.0,306.0,5136.0,0.0,26.0,1321.0,44.0,88.0,2559.0,2291.0,35.0,158.0,74.0,71.0,75.0,659.0,13.0,142.0,62.0,160.0,196.0,46.0,20.0,313.0,2043.0,1782.0,6.0,824.0,281.0,85.0,51.0,21401,2816,1339,0.5327,8.6211,0.6542,1.1214,0.0654,0.0,0.6635,0.1822,1.4298,23.9989,0.0,0.1215,6.1726,0.2056,0.4112,11.9574,10.7051,0.1635,0.7383,0.3458,0.3318,0.3505,3.0793,0.0607,0.6635,0.2897,0.7476,0.9158,0.2149,0.0935,1.4625,9.5463,8.3267,0.028,3.8503,1.313,0.3972,0.2383,FP
140513,Lambayeque,,,115.0,644.0,124.0,73.0,12.0,0.0,75.0,25.0,234.0,2283.0,0.0,19.0,1937.0,21.0,39.0,2088.0,902.0,15.0,111.0,70.0,73.0,73.0,244.0,6.0,87.0,22.0,204.0,80.0,28.0,9.0,370.0,965.0,740.0,16.0,434.0,81.0,55.0,24.0,12298,2324,824,0.9351,5.2366,1.0083,0.5936,0.0976,0.0,0.6099,0.2033,1.9027,18.564,0.0,0.1545,15.7505,0.1708,0.3171,16.9784,7.3345,0.122,0.9026,0.5692,0.5936,0.5936,1.9841,0.0488,0.7074,0.1789,1.6588,0.6505,0.2277,0.0732,3.0086,7.8468,6.0172,0.1301,3.529,0.6586,0.4472,0.1952,FP
140516,Lambayeque,,,89.0,713.0,128.0,71.0,8.0,0.0,99.0,39.0,219.0,3115.0,0.0,8.0,1784.0,20.0,49.0,2619.0,1101.0,30.0,165.0,82.0,32.0,71.0,302.0,3.0,96.0,31.0,135.0,76.0,8.0,10.0,402.0,1315.0,662.0,20.0,509.0,207.0,94.0,22.0,14334,2420,1019,0.6209,4.9742,0.893,0.4953,0.0558,0.0,0.6907,0.2721,1.5278,21.7315,0.0,0.0558,12.4459,0.1395,0.3418,18.2712,7.681,0.2093,1.1511,0.5721,0.2232,0.4953,2.1069,0.0209,0.6697,0.2163,0.9418,0.5302,0.0558,0.0698,2.8045,9.174,4.6184,0.1395,3.551,1.4441,0.6558,0.1535,FP
140601,Lambayeque,,,19.0,309.0,40.0,21.0,5.0,0.0,43.0,1.0,34.0,656.0,0.0,4.0,253.0,5.0,11.0,295.0,225.0,6.0,11.0,6.0,10.0,27.0,62.0,1.0,23.0,6.0,14.0,26.0,4.0,6.0,63.0,179.0,264.0,0.0,96.0,9.0,5.0,3.0,2742,515,187,0.6929,11.2691,1.4588,0.7659,0.1823,0.0,1.5682,0.0365,1.24,23.9241,0.0,0.1459,9.2268,0.1823,0.4012,10.7586,8.2057,0.2188,0.4012,0.2188,0.3647,0.9847,2.2611,0.0365,0.8388,0.2188,0.5106,0.9482,0.1459,0.2188,2.2976,6.5281,9.628,0.0,3.5011,0.3282,0.1823,0.1094,FP
140602,Lambayeque,,,6.0,90.0,12.0,7.0,0.0,0.0,9.0,5.0,9.0,311.0,0.0,2.0,47.0,2.0,8.0,122.0,60.0,2.0,4.0,8.0,4.0,5.0,21.0,1.0,7.0,0.0,12.0,5.0,0.0,0.0,10.0,60.0,92.0,0.0,26.0,6.0,0.0,3.0,956,180,20,0.6276,9.4142,1.2552,0.7322,0.0,0.0,0.9414,0.523,0.9414,32.5314,0.0,0.2092,4.9163,0.2092,0.8368,12.7615,6.2762,0.2092,0.4184,0.8368,0.4184,0.523,2.1967,0.1046,0.7322,0.0,1.2552,0.523,0.0,0.0,1.046,6.2762,9.6234,0.0,2.7197,0.6276,0.0,0.3138,FP
140603,Lambayeque,,,3.0,33.0,20.0,5.0,0.0,0.0,1.0,9.0,12.0,141.0,0.0,0.0,34.0,0.0,5.0,54.0,44.0,0.0,1.0,2.0,2.0,2.0,10.0,0.0,6.0,2.0,3.0,3.0,5.0,0.0,4.0,36.0,72.0,0.0,18.0,1.0,1.0,4.0,533,74,30,0.5629,6.1914,3.7523,0.9381,0.0,0.0,0.1876,1.6886,2.2514,26.454,0.0,0.0,6.379,0.0,0.9381,10.1313,8.2552,0.0,0.1876,0.3752,0.3752,0.3752,1.8762,0.0,1.1257,0.3752,0.5629,0.5629,0.9381,0.0,0.7505,6.7542,13.5084,0.0,3.3771,0.1876,0.1876,0.7505,FP
140604,Lambayeque,,,5.0,31.0,2.0,3.0,0.0,0.0,4.0,0.0,7.0,52.0,0.0,0.0,26.0,0.0,1.0,30.0,18.0,0.0,1.0,0.0,0.0,3.0,6.0,0.0,2.0,3.0,3.0,0.0,0.0,0.0,9.0,8.0,22.0,0.0,4.0,1.0,0.0,0.0,241,31,16,2.0747,12.8631,0.8299,1.2448,0.0,0.0,1.6598,0.0,2.9046,21.5768,0.0,0.0,10.7884,0.0,0.4149,12.4481,7.4689,0.0,0.4149,0.0,0.0,1.2448,2.4896,0.0,0.8299,1.2448,1.2448,0.0,0.0,0.0,3.7344,3.3195,9.1286,0.0,1.6598,0.4149,0.0,0.0,FP
140605,Lambayeque,,,12.0,54.0,7.0,12.0,0.0,0.0,15.0,2.0,14.0,147.0,0.0,1.0,112.0,0.0,1.0,107.0,27.0,1.0,1.0,7.0,1.0,7.0,2.0,0.0,1.0,2.0,9.0,1.0,2.0,0.0,14.0,18.0,38.0,1.0,9.0,8.0,0.0,4.0,637,127,43,1.8838,8.4772,1.0989,1.8838,0.0,0.0,2.3548,0.314,2.1978,23.0769,0.0,0.157,17.5824,0.0,0.157,16.7975,4.2386,0.157,0.157,1.0989,0.157,1.0989,0.314,0.0,0.157,0.314,1.4129,0.157,0.314,0.0,2.1978,2.8257,5.9655,0.157,1.4129,1.2559,0.0,0.6279,FP
140606,Lambayeque,,,2.0,15.0,1.0,9.0,1.0,0.0,4.0,3.0,9.0,113.0,0.0,0.0,66.0,0.0,0.0,73.0,21.0,0.0,0.0,4.0,0.0,3.0,9.0,0.0,3.0,1.0,5.0,2.0,0.0,1.0,7.0,21.0,17.0,1.0,10.0,2.0,2.0,2.0,407,68,14,0.4914,3.6855,0.2457,2.2113,0.2457,0.0,0.9828,0.7371,2.2113,27.7641,0.0,0.0,16.2162,0.0,0.0,17.9361,5.1597,0.0,0.0,0.9828,0.0,0.7371,2.2113,0.0,0.7371,0.2457,1.2285,0.4914,0.0,0.2457,1.7199,5.1597,4.1769,0.2457,2.457,0.4914,0.4914,0.4914,FP
140607,Lambayeque,,,4.0,87.0,14.0,1.0,3.0,0.0,17.0,2.0,19.0,145.0,0.0,1.0,217.0,0.0,8.0,132.0,62.0,0.0,7.0,3.0,4.0,5.0,26.0,0.0,3.0,2.0,7.0,2.0,2.0,0.0,31.0,64.0,60.0,0.0,27.0,5.0,1.0,3.0,964,125,41,0.4149,9.0249,1.4523,0.1037,0.3112,0.0,1.7635,0.2075,1.971,15.0415,0.0,0.1037,22.5104,0.0,0.8299,13.6929,6.4315,0.0,0.7261,0.3112,0.4149,0.5187,2.6971,0.0,0.3112,0.2075,0.7261,0.2075,0.2075,0.0,3.2158,6.639,6.2241,0.0,2.8008,0.5187,0.1037,0.3112,JxP
140608,Lambayeque,,,2.0,43.0,7.0,4.0,1.0,0.0,8.0,1.0,3.0,73.0,0.0,0.0,44.0,1.0,4.0,50.0,15.0,0.0,1.0,1.0,1.0,4.0,10.0,0.0,1.0,1.0,1.0,2.0,4.0,0.0,15.0,8.0,29.0,0.0,3.0,10.0,0.0,0.0,347,123,21,0.5764,12.3919,2.0173,1.1527,0.2882,0.0,2.3055,0.2882,0.8646,21.0375,0.0,0.0,12.6801,0.2882,1.1527,14.4092,4.3228,0.0,0.2882,0.2882,0.2882,1.1527,2.8818,0.0,0.2882,0.2882,0.2882,0.5764,1.1527,0.0,4.3228,2.3055,8.3573,0.0,0.8646,2.8818,0.0,0.0,FP
140609,Lambayeque,,,1.0,74.0,18.0,9.0,0.0,0.0,4.0,8.0,11.0,141.0,0.0,1.0,63.0,2.0,3.0,87.0,38.0,1.0,2.0,3.0,2.0,4.0,9.0,0.0,3.0,1.0,3.0,3.0,1.0,0.0,8.0,32.0,60.0,1.0,11.0,4.0,0.0,0.0,608,139,89,0.1645,12.1711,2.9605,1.4803,0.0,0.0,0.6579,1.3158,1.8092,23.1908,0.0,0.1645,10.3618,0.3289,0.4934,14.3092,6.25,0.1645,0.3289,0.4934,0.3289,0.6579,1.4803,0.0,0.4934,0.1645,0.4934,0.4934,0.1645,0.0,1.3158,5.2632,9.8684,0.1645,1.8092,0.6579,0.0,0.0,FP
140610,Lambayeque,,,7.0,27.0,5.0,3.0,0.0,0.0,1.0,2.0,4.0,82.0,0.0,0.0,28.0,4.0,0.0,40.0,8.0,1.0,1.0,3.0,1.0,2.0,4.0,0.0,0.0,2.0,3.0,2.0,0.0,1.0,4.0,11.0,22.0,1.0,3.0,2.0,4.0,0.0,278,78,29,2.518,9.7122,1.7986,1.0791,0.0,0.0,0.3597,0.7194,1.4388,29.4964,0.0,0.0,10.0719,1.4388,0.0,14.3885,2.8777,0.3597,0.3597,1.0791,0.3597,0.7194,1.4388,0.0,0.0,0.7194,1.0791,0.7194,0.0,0.3597,1.4388,3.9568,7.9137,0.3597,1.0791,0.7194,1.4388,0.0,FP
140611,Lambayeque,,,12.0,25.0,2.0,18.0,0.0,0.0,2.0,2.0,5.0,162.0,0.0,1.0,30.0,1.0,2.0,108.0,22.0,0.0,0.0,4.0,1.0,5.0,5.0,0.0,3.0,2.0,1.0,1.0,0.0,0.0,8.0,27.0,33.0,0.0,9.0,0.0,0.0,1.0,492,73,47,2.439,5.0813,0.4065,3.6585,0.0,0.0,0.4065,0.4065,1.0163,32.9268,0.0,0.2033,6.0976,0.2033,0.4065,21.9512,4.4715,0.0,0.0,0.813,0.2033,1.0163,1.0163,0.0,0.6098,0.4065,0.2033,0.2033,0.0,0.0,1.626,5.4878,6.7073,0.0,1.8293,0.0,0.0,0.2033,FP
140612,Lambayeque,,,5.0,21.0,34.0,15.0,0.0,0.0,4.0,2.0,7.0,240.0,0.0,0.0,70.0,0.0,3.0,82.0,38.0,3.0,1.0,4.0,4.0,8.0,9.0,1.0,5.0,2.0,7.0,2.0,1.0,0.0,17.0,38.0,28.0,1.0,14.0,11.0,2.0,1.0,680,198,37,0.7353,3.0882,5.0,2.2059,0.0,0.0,0.5882,0.2941,1.0294,35.2941,0.0,0.0,10.2941,0.0,0.4412,12.0588,5.5882,0.4412,0.1471,0.5882,0.5882,1.1765,1.3235,0.1471,0.7353,0.2941,1.0294,0.2941,0.1471,0.0,2.5,5.5882,4.1176,0.1471,2.0588,1.6176,0.2941,0.1471,FP
140613,Lambayeque,,,26.0,372.0,53.0,20.0,5.0,0.0,27.0,10.0,54.0,846.0,0.0,6.0,221.0,16.0,16.0,391.0,468.0,6.0,23.0,9.0,11.0,22.0,124.0,5.0,29.0,30.0,53.0,24.0,12.0,4.0,43.0,336.0,725.0,3.0,136.0,13.0,9.0,6.0,4154,497,163,0.6259,8.9552,1.2759,0.4815,0.1204,0.0,0.65,0.2407,1.3,20.3659,0.0,0.1444,5.3202,0.3852,0.3852,9.4126,11.2662,0.1444,0.5537,0.2167,0.2648,0.5296,2.9851,0.1204,0.6981,0.7222,1.2759,0.5778,0.2889,0.0963,1.0351,8.0886,17.4531,0.0722,3.274,0.313,0.2167,0.1444,FP
140614,Lambayeque,,,3.0,52.0,16.0,4.0,1.0,0.0,12.0,3.0,15.0,184.0,0.0,2.0,106.0,1.0,3.0,113.0,22.0,4.0,3.0,5.0,1.0,9.0,9.0,3.0,7.0,4.0,2.0,5.0,1.0,2.0,17.0,36.0,29.0,3.0,12.0,0.0,0.0,1.0,690,127,26,0.4348,7.5362,2.3188,0.5797,0.1449,0.0,1.7391,0.4348,2.1739,26.6667,0.0,0.2899,15.3623,0.1449,0.4348,16.3768,3.1884,0.5797,0.4348,0.7246,0.1449,1.3043,1.3043,0.4348,1.0145,0.5797,0.2899,0.7246,0.1449,0.2899,2.4638,5.2174,4.2029,0.4348,1.7391,0.0,0.0,0.1449,FP
140615,Lambayeque,,,190.0,1749.0,154.0,102.0,26.0,0.0,230.0,75.0,516.0,5013.0,0.0,41.0,2548.0,64.0,151.0,4303.0,2234.0,33.0,423.0,108.0,104.0,212.0,738.0,15.0,150.0,28.0,262.0,108.0,19.0,17.0,402.0,2193.0,1987.0,26.0,1150.0,159.0,94.0,66.0,25690,3425,1383,0.7396,6.8081,0.5995,0.397,0.1012,0.0,0.8953,0.2919,2.0086,19.5134,0.0,0.1596,9.9183,0.2491,0.5878,16.7497,8.696,0.1285,1.6466,0.4204,0.4048,0.8252,2.8727,0.0584,0.5839,0.109,1.0199,0.4204,0.074,0.0662,1.5648,8.5364,7.7345,0.1012,4.4764,0.6189,0.3659,0.2569,FP
140616,Lambayeque,,,5.0,53.0,10.0,5.0,2.0,0.0,7.0,4.0,32.0,176.0,0.0,0.0,57.0,1.0,2.0,116.0,89.0,0.0,0.0,3.0,4.0,2.0,16.0,0.0,11.0,3.0,3.0,7.0,0.0,0.0,9.0,67.0,78.0,0.0,14.0,4.0,2.0,2.0,784,85,29,0.6378,6.7602,1.2755,0.6378,0.2551,0.0,0.8929,0.5102,4.0816,22.449,0.0,0.0,7.2704,0.1276,0.2551,14.7959,11.352,0.0,0.0,0.3827,0.5102,0.2551,2.0408,0.0,1.4031,0.3827,0.3827,0.8929,0.0,0.0,1.148,8.5459,9.949,0.0,1.7857,0.5102,0.2551,0.2551,FP
140617,Lambayeque,,,7.0,20.0,11.0,4.0,1.0,0.0,1.0,0.0,3.0,352.0,0.0,0.0,35.0,2.0,4.0,87.0,17.0,1.0,3.0,4.0,1.0,18.0,3.0,0.0,6.0,0.0,1.0,1.0,2.0,0.0,3.0,36.0,49.0,2.0,4.0,2.0,2.0,0.0,682,171,33,1.0264,2.9326,1.6129,0.5865,0.1466,0.0,0.1466,0.0,0.4399,51.6129,0.0,0.0,5.132,0.2933,0.5865,12.7566,2.4927,0.1466,0.4399,0.5865,0.1466,2.6393,0.4399,0.0,0.8798,0.0,0.1466,0.1466,0.2933,0.0,0.4399,5.2786,7.1848,0.2933,0.5865,0.2933,0.2933,0.0,FP
140618,Lambayeque,,,0.0,19.0,5.0,9.0,0.0,0.0,0.0,1.0,3.0,110.0,0.0,0.0,27.0,1.0,0.0,20.0,30.0,0.0,1.0,4.0,0.0,1.0,7.0,0.0,2.0,1.0,2.0,0.0,0.0,1.0,1.0,13.0,13.0,0.0,6.0,2.0,0.0,0.0,279,108,19,0.0,6.81,1.7921,3.2258,0.0,0.0,0.0,0.3584,1.0753,39.4265,0.0,0.0,9.6774,0.3584,0.0,7.1685,10.7527,0.0,0.3584,1.4337,0.0,0.3584,2.509,0.0,0.7168,0.3584,0.7168,0.0,0.0,0.3584,0.3584,4.6595,4.6595,0.0,2.1505,0.7168,0.0,0.0,FP
140619,Lambayeque,,,0.0,17.0,9.0,3.0,1.0,0.0,0.0,2.0,6.0,57.0,0.0,0.0,17.0,0.0,0.0,17.0,4.0,0.0,1.0,0.0,0.0,2.0,3.0,0.0,1.0,0.0,0.0,2.0,2.0,0.0,1.0,11.0,12.0,0.0,0.0,1.0,1.0,0.0,170,38,24,0.0,10.0,5.2941,1.7647,0.5882,0.0,0.0,1.1765,3.5294,33.5294,0.0,0.0,10.0,0.0,0.0,10.0,2.3529,0.0,0.5882,0.0,0.0,1.1765,1.7647,0.0,0.5882,0.0,0.0,1.1765,1.1765,0.0,0.5882,6.4706,7.0588,0.0,0.0,0.5882,0.5882,0.0,FP
140620,Lambayeque,,,15.0,67.0,9.0,13.0,1.0,0.0,10.0,2.0,14.0,132.0,0.0,1.0,90.0,2.0,5.0,66.0,20.0,0.0,1.0,2.0,0.0,8.0,24.0,0.0,4.0,2.0,4.0,3.0,9.0,2.0,6.0,23.0,24.0,0.0,4.0,2.0,2.0,0.0,567,131,32,2.6455,11.8166,1.5873,2.2928,0.1764,0.0,1.7637,0.3527,2.4691,23.2804,0.0,0.1764,15.873,0.3527,0.8818,11.6402,3.5273,0.0,0.1764,0.3527,0.0,1.4109,4.2328,0.0,0.7055,0.3527,0.7055,0.5291,1.5873,0.3527,1.0582,4.0564,4.2328,0.0,0.7055,0.3527,0.3527,0.0,FP
140621,Lambayeque,,,11.0,210.0,36.0,5.0,6.0,0.0,19.0,16.0,32.0,592.0,0.0,3.0,160.0,2.0,17.0,298.0,185.0,7.0,14.0,14.0,6.0,15.0,52.0,2.0,14.0,8.0,19.0,7.0,1.0,0.0,62.0,175.0,233.0,3.0,89.0,18.0,10.0,1.0,2342,387,151,0.4697,8.9667,1.5371,0.2135,0.2562,0.0,0.8113,0.6832,1.3664,25.2775,0.0,0.1281,6.8318,0.0854,0.7259,12.7242,7.8992,0.2989,0.5978,0.5978,0.2562,0.6405,2.2203,0.0854,0.5978,0.3416,0.8113,0.2989,0.0427,0.0,2.6473,7.4722,9.9488,0.1281,3.8002,0.7686,0.427,0.0427,FP
140622,Lambayeque,,,5.0,55.0,12.0,4.0,1.0,0.0,15.0,0.0,14.0,476.0,0.0,0.0,73.0,0.0,5.0,120.0,42.0,1.0,2.0,5.0,3.0,7.0,15.0,0.0,6.0,1.0,7.0,2.0,4.0,1.0,9.0,73.0,164.0,1.0,21.0,16.0,3.0,2.0,1165,171,81,0.4292,4.721,1.03,0.3433,0.0858,0.0,1.2876,0.0,1.2017,40.8584,0.0,0.0,6.2661,0.0,0.4292,10.3004,3.6052,0.0858,0.1717,0.4292,0.2575,0.6009,1.2876,0.0,0.515,0.0858,0.6009,0.1717,0.3433,0.0858,0.7725,6.2661,14.0773,0.0858,1.8026,1.3734,0.2575,0.1717,FP
140623,Lambayeque,,,0.0,9.0,9.0,1.0,0.0,0.0,1.0,0.0,2.0,28.0,0.0,0.0,6.0,1.0,0.0,18.0,5.0,0.0,1.0,1.0,0.0,0.0,2.0,1.0,1.0,0.0,1.0,0.0,0.0,0.0,0.0,8.0,5.0,0.0,3.0,8.0,0.0,0.0,111,25,7,0.0,8.1081,8.1081,0.9009,0.0,0.0,0.9009,0.0,1.8018,25.2252,0.0,0.0,5.4054,0.9009,0.0,16.2162,4.5045,0.0,0.9009,0.9009,0.0,0.0,1.8018,0.9009,0.9009,0.0,0.9009,0.0,0.0,0.0,0.0,7.2072,4.5045,0.0,2.7027,7.2072,0.0,0.0,FP
140624,Lambayeque,,,16.0,126.0,28.0,6.0,2.0,0.0,22.0,5.0,33.0,334.0,0.0,0.0,96.0,2.0,7.0,180.0,133.0,2.0,9.0,9.0,7.0,6.0,77.0,0.0,3.0,5.0,16.0,9.0,3.0,1.0,13.0,111.0,203.0,0.0,40.0,41.0,5.0,5.0,1555,185,63,1.0289,8.1029,1.8006,0.3859,0.1286,0.0,1.4148,0.3215,2.1222,21.4791,0.0,0.0,6.1736,0.1286,0.4502,11.5756,8.5531,0.1286,0.5788,0.5788,0.4502,0.3859,4.9518,0.0,0.1929,0.3215,1.0289,0.5788,0.1929,0.0643,0.836,7.1383,13.0547,0.0,2.5723,2.6367,0.3215,0.3215,FP
140625,Lambayeque,,,48.0,515.0,111.0,33.0,3.0,0.0,81.0,11.0,124.0,1364.0,0.0,8.0,520.0,20.0,37.0,785.0,815.0,9.0,40.0,21.0,21.0,51.0,252.0,4.0,50.0,11.0,53.0,38.0,25.0,5.0,90.0,573.0,1304.0,6.0,294.0,43.0,15.0,22.0,7402,849,352,0.6485,6.9576,1.4996,0.4458,0.0405,0.0,1.0943,0.1486,1.6752,18.4275,0.0,0.1081,7.0251,0.2702,0.4999,10.6052,11.0105,0.1216,0.5404,0.2837,0.2837,0.689,3.4045,0.054,0.6755,0.1486,0.716,0.5134,0.3377,0.0675,1.2159,7.7412,17.6169,0.0811,3.9719,0.5809,0.2026,0.2972,FP
140626,Lambayeque,,,0.0,12.0,8.0,26.0,0.0,0.0,0.0,7.0,7.0,64.0,0.0,0.0,30.0,0.0,2.0,16.0,12.0,0.0,1.0,2.0,1.0,1.0,2.0,0.0,2.0,0.0,0.0,0.0,2.0,0.0,4.0,8.0,8.0,0.0,1.0,0.0,0.0,0.0,216,36,9,0.0,5.5556,3.7037,12.037,0.0,0.0,0.0,3.2407,3.2407,29.6296,0.0,0.0,13.8889,0.0,0.9259,7.4074,5.5556,0.0,0.463,0.9259,0.463,0.463,0.9259,0.0,0.9259,0.0,0.0,0.0,0.9259,0.0,1.8519,3.7037,3.7037,0.0,0.463,0.0,0.0,0.0,FP
140627,Lambayeque,,,2.0,6.0,6.0,8.0,0.0,0.0,8.0,2.0,2.0,135.0,0.0,0.0,14.0,1.0,0.0,44.0,39.0,2.0,1.0,0.0,0.0,4.0,10.0,0.0,1.0,0.0,1.0,2.0,1.0,0.0,4.0,25.0,29.0,1.0,5.0,1.0,0.0,2.0,356,78,13,0.5618,1.6854,1.6854,2.2472,0.0,0.0,2.2472,0.5618,0.5618,37.9213,0.0,0.0,3.9326,0.2809,0.0,12.3596,10.9551,0.5618,0.2809,0.0,0.0,1.1236,2.809,0.0,0.2809,0.0,0.2809,0.5618,0.2809,0.0,1.1236,7.0225,8.1461,0.2809,1.4045,0.2809,0.0,0.5618,FP
140628,Lambayeque,,,16.0,126.0,34.0,14.0,2.0,0.0,20.0,3.0,62.0,959.0,0.0,4.0,240.0,11.0,11.0,387.0,119.0,6.0,26.0,9.0,4.0,16.0,39.0,1.0,12.0,4.0,25.0,9.0,2.0,2.0,34.0,160.0,191.0,1.0,67.0,51.0,3.0,9.0,2679,382,103,0.5972,4.7032,1.2691,0.5226,0.0747,0.0,0.7465,0.112,2.3143,35.7969,0.0,0.1493,8.9586,0.4106,0.4106,14.4457,4.442,0.224,0.9705,0.3359,0.1493,0.5972,1.4558,0.0373,0.4479,0.1493,0.9332,0.3359,0.0747,0.0747,1.2691,5.9724,7.1295,0.0373,2.5009,1.9037,0.112,0.3359,FP
140629,Lambayeque,,,5.0,114.0,19.0,7.0,1.0,0.0,10.0,4.0,13.0,211.0,0.0,4.0,150.0,0.0,2.0,143.0,64.0,2.0,7.0,4.0,3.0,5.0,21.0,0.0,9.0,2.0,2.0,27.0,1.0,2.0,28.0,59.0,103.0,4.0,21.0,5.0,1.0,0.0,1053,220,77,0.4748,10.8262,1.8044,0.6648,0.095,0.0,0.9497,0.3799,1.2346,20.038,0.0,0.3799,14.245,0.0,0.1899,13.5802,6.0779,0.1899,0.6648,0.3799,0.2849,0.4748,1.9943,0.0,0.8547,0.1899,0.1899,2.5641,0.095,0.1899,2.6591,5.603,9.7816,0.3799,1.9943,0.4748,0.095,0.0,FP
140630,Lambayeque,,,4.0,28.0,9.0,4.0,0.0,0.0,4.0,0.0,2.0,99.0,0.0,0.0,60.0,2.0,2.0,59.0,25.0,0.0,1.0,1.0,1.0,2.0,9.0,0.0,1.0,0.0,1.0,0.0,0.0,1.0,4.0,20.0,32.0,1.0,8.0,0.0,2.0,0.0,382,77,6,1.0471,7.3298,2.356,1.0471,0.0,0.0,1.0471,0.0,0.5236,25.9162,0.0,0.0,15.7068,0.5236,0.5236,15.445,6.5445,0.0,0.2618,0.2618,0.2618,0.5236,2.356,0.0,0.2618,0.0,0.2618,0.0,0.0,0.2618,1.0471,5.2356,8.377,0.2618,2.0942,0.0,0.5236,0.0,FP
140631,Lambayeque,,,7.0,17.0,5.0,2.0,0.0,0.0,0.0,0.0,3.0,48.0,0.0,0.0,21.0,0.0,1.0,22.0,17.0,1.0,1.0,1.0,1.0,0.0,3.0,0.0,0.0,1.0,0.0,1.0,0.0,0.0,3.0,9.0,22.0,0.0,3.0,0.0,0.0,0.0,189,42,11,3.7037,8.9947,2.6455,1.0582,0.0,0.0,0.0,0.0,1.5873,25.3968,0.0,0.0,11.1111,0.0,0.5291,11.6402,8.9947,0.5291,0.5291,0.5291,0.5291,0.0,1.5873,0.0,0.0,0.5291,0.0,0.5291,0.0,0.0,1.5873,4.7619,11.6402,0.0,1.5873,0.0,0.0,0.0,FP
140632,Lambayeque,,,4.0,21.0,22.0,1.0,0.0,0.0,7.0,1.0,1.0,69.0,0.0,1.0,23.0,0.0,0.0,51.0,15.0,1.0,1.0,2.0,0.0,3.0,1.0,0.0,10.0,0.0,0.0,0.0,1.0,0.0,5.0,23.0,43.0,0.0,4.0,2.0,0.0,0.0,312,60,12,1.2821,6.7308,7.0513,0.3205,0.0,0.0,2.2436,0.3205,0.3205,22.1154,0.0,0.3205,7.3718,0.0,0.0,16.3462,4.8077,0.3205,0.3205,0.641,0.0,0.9615,0.3205,0.0,3.2051,0.0,0.0,0.0,0.3205,0.0,1.6026,7.3718,13.7821,0.0,1.2821,0.641,0.0,0.0,FP
140701,Lambayeque,,,8.0,82.0,6.0,11.0,1.0,0.0,10.0,1.0,12.0,86.0,0.0,1.0,137.0,0.0,6.0,63.0,52.0,0.0,3.0,1.0,1.0,5.0,14.0,0.0,3.0,4.0,3.0,0.0,1.0,0.0,9.0,41.0,39.0,2.0,10.0,24.0,1.0,1.0,638,152,35,1.2539,12.8527,0.9404,1.7241,0.1567,0.0,1.5674,0.1567,1.8809,13.4796,0.0,0.1567,21.4734,0.0,0.9404,9.8746,8.1505,0.0,0.4702,0.1567,0.1567,0.7837,2.1944,0.0,0.4702,0.627,0.4702,0.0,0.1567,0.0,1.4107,6.4263,6.1129,0.3135,1.5674,3.7618,0.1567,0.1567,JxP
140702,Lambayeque,,,1.0,69.0,1.0,2.0,1.0,0.0,9.0,0.0,4.0,30.0,0.0,0.0,42.0,0.0,1.0,35.0,20.0,0.0,2.0,0.0,1.0,7.0,5.0,1.0,3.0,0.0,2.0,1.0,0.0,0.0,0.0,19.0,31.0,1.0,9.0,3.0,0.0,0.0,300,28,9,0.3333,23.0,0.3333,0.6667,0.3333,0.0,3.0,0.0,1.3333,10.0,0.0,0.0,14.0,0.0,0.3333,11.6667,6.6667,0.0,0.6667,0.0,0.3333,2.3333,1.6667,0.3333,1.0,0.0,0.6667,0.3333,0.0,0.0,0.0,6.3333,10.3333,0.3333,3.0,1.0,0.0,0.0,AN
140703,Lambayeque,,,9.0,74.0,6.0,0.0,0.0,0.0,2.0,1.0,23.0,172.0,0.0,0.0,161.0,1.0,1.0,71.0,21.0,0.0,11.0,4.0,1.0,8.0,9.0,0.0,5.0,1.0,7.0,3.0,2.0,1.0,17.0,27.0,56.0,1.0,9.0,5.0,1.0,5.0,715,177,42,1.2587,10.3497,0.8392,0.0,0.0,0.0,0.2797,0.1399,3.2168,24.0559,0.0,0.0,22.5175,0.1399,0.1399,9.9301,2.9371,0.0,1.5385,0.5594,0.1399,1.1189,1.2587,0.0,0.6993,0.1399,0.979,0.4196,0.2797,0.1399,2.3776,3.7762,7.8322,0.1399,1.2587,0.6993,0.1399,0.6993,FP
140704,Lambayeque,,,1.0,13.0,4.0,3.0,0.0,0.0,0.0,0.0,3.0,77.0,0.0,0.0,24.0,2.0,0.0,35.0,14.0,0.0,3.0,1.0,0.0,2.0,4.0,0.0,1.0,1.0,2.0,1.0,0.0,1.0,1.0,12.0,14.0,0.0,6.0,8.0,0.0,0.0,233,44,17,0.4292,5.5794,1.7167,1.2876,0.0,0.0,0.0,0.0,1.2876,33.0472,0.0,0.0,10.3004,0.8584,0.0,15.0215,6.0086,0.0,1.2876,0.4292,0.0,0.8584,1.7167,0.0,0.4292,0.4292,0.8584,0.4292,0.0,0.4292,0.4292,5.1502,6.0086,0.0,2.5751,3.4335,0.0,0.0,FP
140705,Lambayeque,,,3.0,23.0,1.0,1.0,0.0,0.0,0.0,0.0,5.0,79.0,0.0,0.0,86.0,0.0,1.0,31.0,8.0,0.0,11.0,2.0,1.0,3.0,2.0,0.0,5.0,1.0,3.0,1.0,0.0,0.0,7.0,12.0,7.0,1.0,4.0,1.0,0.0,0.0,299,46,12,1.0033,7.6923,0.3344,0.3344,0.0,0.0,0.0,0.0,1.6722,26.4214,0.0,0.0,28.7625,0.0,0.3344,10.3679,2.6756,0.0,3.6789,0.6689,0.3344,1.0033,0.6689,0.0,1.6722,0.3344,1.0033,0.3344,0.0,0.0,2.3411,4.0134,2.3411,0.3344,1.3378,0.3344,0.0,0.0,JxP
140706,Lambayeque,,,3.0,47.0,3.0,0.0,0.0,0.0,1.0,1.0,11.0,29.0,0.0,0.0,57.0,1.0,3.0,20.0,11.0,1.0,0.0,2.0,6.0,5.0,3.0,0.0,3.0,1.0,18.0,3.0,0.0,0.0,5.0,17.0,25.0,0.0,3.0,3.0,1.0,2.0,285,55,13,1.0526,16.4912,1.0526,0.0,0.0,0.0,0.3509,0.3509,3.8596,10.1754,0.0,0.0,20.0,0.3509,1.0526,7.0175,3.8596,0.3509,0.0,0.7018,2.1053,1.7544,1.0526,0.0,1.0526,0.3509,6.3158,1.0526,0.0,0.0,1.7544,5.9649,8.7719,0.0,1.0526,1.0526,0.3509,0.7018,JxP
140707,Lambayeque,,,0.0,8.0,6.0,0.0,0.0,0.0,6.0,0.0,0.0,27.0,0.0,0.0,16.0,0.0,1.0,6.0,3.0,0.0,0.0,1.0,0.0,1.0,4.0,0.0,1.0,0.0,0.0,0.0,0.0,0.0,0.0,5.0,6.0,0.0,1.0,1.0,0.0,0.0,93,27,8,0.0,8.6022,6.4516,0.0,0.0,0.0,6.4516,0.0,0.0,29.0323,0.0,0.0,17.2043,0.0,1.0753,6.4516,3.2258,0.0,0.0,1.0753,0.0,1.0753,4.3011,0.0,1.0753,0.0,0.0,0.0,0.0,0.0,0.0,5.3763,6.4516,0.0,1.0753,1.0753,0.0,0.0,FP
140708,Lambayeque,,,1.0,10.0,3.0,0.0,0.0,0.0,0.0,0.0,4.0,52.0,0.0,0.0,5.0,0.0,0.0,9.0,15.0,0.0,0.0,0.0,0.0,0.0,1.0,0.0,0.0,1.0,0.0,1.0,1.0,0.0,4.0,17.0,4.0,0.0,0.0,2.0,0.0,0.0,130,26,9,0.7692,7.6923,2.3077,0.0,0.0,0.0,0.0,0.0,3.0769,40.0,0.0,0.0,3.8462,0.0,0.0,6.9231,11.5385,0.0,0.0,0.0,0.0,0.0,0.7692,0.0,0.0,0.7692,0.0,0.7692,0.7692,0.0,3.0769,13.0769,3.0769,0.0,0.0,1.5385,0.0,0.0,FP
140709,Lambayeque,,,9.0,86.0,11.0,5.0,3.0,0.0,4.0,6.0,22.0,137.0,0.0,1.0,199.0,1.0,1.0,109.0,32.0,1.0,11.0,7.0,2.0,14.0,7.0,0.0,6.0,2.0,7.0,2.0,0.0,2.0,17.0,39.0,47.0,2.0,14.0,1.0,2.0,0.0,809,166,69,1.1125,10.6304,1.3597,0.618,0.3708,0.0,0.4944,0.7417,2.7194,16.9345,0.0,0.1236,24.5983,0.1236,0.1236,13.4734,3.9555,0.1236,1.3597,0.8653,0.2472,1.7305,0.8653,0.0,0.7417,0.2472,0.8653,0.2472,0.0,0.2472,2.1014,4.8208,5.8096,0.2472,1.7305,0.1236,0.2472,0.0,JxP
140710,Lambayeque,,,8.0,62.0,7.0,0.0,1.0,0.0,5.0,1.0,49.0,148.0,0.0,1.0,318.0,2.0,0.0,77.0,17.0,3.0,16.0,4.0,1.0,5.0,6.0,0.0,5.0,1.0,2.0,6.0,1.0,0.0,28.0,24.0,28.0,3.0,11.0,10.0,2.0,2.0,854,172,52,0.9368,7.26,0.8197,0.0,0.1171,0.0,0.5855,0.1171,5.7377,17.3302,0.0,0.1171,37.2365,0.2342,0.0,9.0164,1.9906,0.3513,1.8735,0.4684,0.1171,0.5855,0.7026,0.0,0.5855,0.1171,0.2342,0.7026,0.1171,0.0,3.2787,2.8103,3.2787,0.3513,1.2881,1.171,0.2342,0.2342,JxP
140711,Lambayeque,,,3.0,20.0,10.0,2.0,0.0,0.0,3.0,0.0,2.0,62.0,0.0,0.0,18.0,0.0,0.0,18.0,6.0,0.0,0.0,0.0,0.0,2.0,7.0,3.0,0.0,0.0,11.0,0.0,0.0,0.0,4.0,11.0,7.0,0.0,6.0,2.0,1.0,0.0,198,51,7,1.5152,10.101,5.0505,1.0101,0.0,0.0,1.5152,0.0,1.0101,31.3131,0.0,0.0,9.0909,0.0,0.0,9.0909,3.0303,0.0,0.0,0.0,0.0,1.0101,3.5354,1.5152,0.0,0.0,5.5556,0.0,0.0,0.0,2.0202,5.5556,3.5354,0.0,3.0303,1.0101,0.5051,0.0,FP
140712,Lambayeque,,,2.0,68.0,2.0,0.0,1.0,0.0,3.0,1.0,3.0,71.0,0.0,1.0,36.0,0.0,1.0,17.0,16.0,0.0,2.0,1.0,0.0,2.0,7.0,0.0,1.0,0.0,3.0,0.0,0.0,0.0,2.0,5.0,22.0,0.0,2.0,0.0,0.0,0.0,269,32,12,0.7435,25.2788,0.7435,0.0,0.3717,0.0,1.1152,0.3717,1.1152,26.3941,0.0,0.3717,13.3829,0.0,0.3717,6.3197,5.948,0.0,0.7435,0.3717,0.0,0.7435,2.6022,0.0,0.3717,0.0,1.1152,0.0,0.0,0.0,0.7435,1.8587,8.1784,0.0,0.7435,0.0,0.0,0.0,FP
140713,Lambayeque,,,3.0,55.0,5.0,1.0,0.0,0.0,2.0,1.0,19.0,95.0,0.0,0.0,100.0,0.0,0.0,43.0,18.0,0.0,5.0,2.0,0.0,4.0,8.0,0.0,6.0,1.0,6.0,1.0,3.0,0.0,6.0,19.0,34.0,0.0,3.0,4.0,2.0,1.0,447,70,24,0.6711,12.3043,1.1186,0.2237,0.0,0.0,0.4474,0.2237,4.2506,21.2528,0.0,0.0,22.3714,0.0,0.0,9.6197,4.0268,0.0,1.1186,0.4474,0.0,0.8949,1.7897,0.0,1.3423,0.2237,1.3423,0.2237,0.6711,0.0,1.3423,4.2506,7.6063,0.0,0.6711,0.8949,0.4474,0.2237,JxP
140714,Lambayeque,,,4.0,46.0,2.0,0.0,0.0,0.0,12.0,4.0,7.0,115.0,0.0,0.0,77.0,1.0,2.0,46.0,28.0,1.0,3.0,2.0,1.0,11.0,4.0,1.0,3.0,1.0,6.0,3.0,0.0,2.0,3.0,18.0,8.0,2.0,9.0,3.0,0.0,2.0,427,82,23,0.9368,10.7728,0.4684,0.0,0.0,0.0,2.8103,0.9368,1.6393,26.9321,0.0,0.0,18.0328,0.2342,0.4684,10.7728,6.5574,0.2342,0.7026,0.4684,0.2342,2.5761,0.9368,0.2342,0.7026,0.2342,1.4052,0.7026,0.0,0.4684,0.7026,4.2155,1.8735,0.4684,2.1077,0.7026,0.0,0.4684,FP
140715,Lambayeque,,,6.0,21.0,6.0,0.0,0.0,0.0,0.0,2.0,2.0,81.0,0.0,0.0,23.0,1.0,0.0,18.0,12.0,1.0,1.0,0.0,2.0,4.0,34.0,0.0,1.0,0.0,0.0,2.0,0.0,0.0,9.0,9.0,8.0,0.0,1.0,3.0,1.0,0.0,248,39,11,2.4194,8.4677,2.4194,0.0,0.0,0.0,0.0,0.8065,0.8065,32.6613,0.0,0.0,9.2742,0.4032,0.0,7.2581,4.8387,0.4032,0.4032,0.0,0.8065,1.6129,13.7097,0.0,0.4032,0.0,0.0,0.8065,0.0,0.0,3.629,3.629,3.2258,0.0,0.4032,1.2097,0.4032,0.0,FP
140716,Lambayeque,,,0.0,34.0,2.0,0.0,0.0,0.0,4.0,0.0,2.0,85.0,0.0,0.0,31.0,0.0,1.0,22.0,13.0,2.0,0.0,1.0,1.0,3.0,8.0,2.0,0.0,0.0,1.0,0.0,0.0,1.0,2.0,11.0,15.0,1.0,2.0,0.0,1.0,1.0,246,57,19,0.0,13.8211,0.813,0.0,0.0,0.0,1.626,0.0,0.813,34.5528,0.0,0.0,12.6016,0.0,0.4065,8.9431,5.2846,0.813,0.0,0.4065,0.4065,1.2195,3.252,0.813,0.0,0.0,0.4065,0.0,0.0,0.4065,0.813,4.4715,6.0976,0.4065,0.813,0.0,0.4065,0.4065,FP
140717,Lambayeque,,,14.0,31.0,5.0,0.0,0.0,0.0,1.0,2.0,13.0,61.0,0.0,0.0,164.0,1.0,1.0,41.0,4.0,0.0,5.0,3.0,0.0,2.0,0.0,0.0,1.0,1.0,4.0,5.0,0.0,0.0,23.0,21.0,11.0,2.0,9.0,3.0,2.0,0.0,430,112,38,3.2558,7.2093,1.1628,0.0,0.0,0.0,0.2326,0.4651,3.0233,14.186,0.0,0.0,38.1395,0.2326,0.2326,9.5349,0.9302,0.0,1.1628,0.6977,0.0,0.4651,0.0,0.0,0.2326,0.2326,0.9302,1.1628,0.0,0.0,5.3488,4.8837,2.5581,0.4651,2.093,0.6977,0.4651,0.0,JxP
140718,Lambayeque,,,2.0,29.0,2.0,4.0,0.0,0.0,2.0,0.0,5.0,31.0,0.0,0.0,10.0,0.0,1.0,14.0,14.0,0.0,2.0,2.0,2.0,1.0,5.0,0.0,2.0,0.0,0.0,2.0,0.0,0.0,2.0,9.0,9.0,0.0,0.0,8.0,0.0,0.0,158,19,12,1.2658,18.3544,1.2658,2.5316,0.0,0.0,1.2658,0.0,3.1646,19.6203,0.0,0.0,6.3291,0.0,0.6329,8.8608,8.8608,0.0,1.2658,1.2658,1.2658,0.6329,3.1646,0.0,1.2658,0.0,0.0,1.2658,0.0,0.0,1.2658,5.6962,5.6962,0.0,0.0,5.0633,0.0,0.0,FP
140719,Lambayeque,,,2.0,37.0,13.0,8.0,0.0,0.0,3.0,2.0,4.0,108.0,0.0,2.0,68.0,1.0,0.0,30.0,23.0,0.0,3.0,3.0,0.0,4.0,7.0,0.0,2.0,1.0,2.0,2.0,0.0,0.0,7.0,26.0,43.0,0.0,6.0,1.0,0.0,4.0,412,60,33,0.4854,8.9806,3.1553,1.9417,0.0,0.0,0.7282,0.4854,0.9709,26.2136,0.0,0.4854,16.5049,0.2427,0.0,7.2816,5.5825,0.0,0.7282,0.7282,0.0,0.9709,1.699,0.0,0.4854,0.2427,0.4854,0.4854,0.0,0.0,1.699,6.3107,10.4369,0.0,1.4563,0.2427,0.0,0.9709,FP
140720,Lambayeque,,,8.0,26.0,2.0,7.0,0.0,0.0,2.0,0.0,3.0,135.0,0.0,0.0,24.0,3.0,2.0,43.0,15.0,0.0,2.0,2.0,2.0,3.0,13.0,0.0,2.0,2.0,0.0,0.0,1.0,0.0,10.0,16.0,8.0,0.0,2.0,1.0,1.0,0.0,335,80,31,2.3881,7.7612,0.597,2.0896,0.0,0.0,0.597,0.0,0.8955,40.2985,0.0,0.0,7.1642,0.8955,0.597,12.8358,4.4776,0.0,0.597,0.597,0.597,0.8955,3.8806,0.0,0.597,0.597,0.0,0.0,0.2985,0.0,2.9851,4.7761,2.3881,0.0,0.597,0.2985,0.2985,0.0,FP
140721,Lambayeque,,,0.0,15.0,6.0,4.0,1.0,0.0,0.0,0.0,9.0,116.0,0.0,0.0,32.0,0.0,1.0,40.0,12.0,2.0,1.0,0.0,1.0,1.0,12.0,1.0,0.0,0.0,1.0,1.0,0.0,0.0,10.0,21.0,12.0,0.0,2.0,1.0,4.0,0.0,306,59,23,0.0,4.902,1.9608,1.3072,0.3268,0.0,0.0,0.0,2.9412,37.9085,0.0,0.0,10.4575,0.0,0.3268,13.0719,3.9216,0.6536,0.3268,0.0,0.3268,0.3268,3.9216,0.3268,0.0,0.0,0.3268,0.3268,0.0,0.0,3.268,6.8627,3.9216,0.0,0.6536,0.3268,1.3072,0.0,FP
140722,Lambayeque,,,0.0,9.0,2.0,0.0,0.0,0.0,1.0,0.0,0.0,42.0,0.0,4.0,11.0,0.0,0.0,13.0,2.0,0.0,0.0,0.0,0.0,2.0,4.0,1.0,1.0,0.0,0.0,2.0,0.0,0.0,3.0,12.0,8.0,0.0,2.0,11.0,0.0,0.0,130,21,4,0.0,6.9231,1.5385,0.0,0.0,0.0,0.7692,0.0,0.0,32.3077,0.0,3.0769,8.4615,0.0,0.0,10.0,1.5385,0.0,0.0,0.0,0.0,1.5385,3.0769,0.7692,0.7692,0.0,0.0,1.5385,0.0,0.0,2.3077,9.2308,6.1538,0.0,1.5385,8.4615,0.0,0.0,FP
140723,Lambayeque,,,1.0,16.0,1.0,6.0,0.0,0.0,1.0,1.0,5.0,55.0,0.0,0.0,21.0,0.0,1.0,31.0,6.0,0.0,1.0,1.0,0.0,3.0,1.0,0.0,12.0,0.0,0.0,0.0,1.0,0.0,2.0,5.0,24.0,1.0,1.0,2.0,0.0,0.0,199,45,11,0.5025,8.0402,0.5025,3.0151,0.0,0.0,0.5025,0.5025,2.5126,27.6382,0.0,0.0,10.5528,0.0,0.5025,15.5779,3.0151,0.0,0.5025,0.5025,0.0,1.5075,0.5025,0.0,6.0302,0.0,0.0,0.0,0.5025,0.0,1.005,2.5126,12.0603,0.5025,0.5025,1.005,0.0,0.0,FP
140724,Lambayeque,,,1.0,30.0,5.0,0.0,2.0,0.0,4.0,0.0,6.0,114.0,0.0,1.0,40.0,0.0,3.0,48.0,13.0,1.0,0.0,1.0,0.0,2.0,7.0,0.0,0.0,0.0,0.0,4.0,7.0,0.0,3.0,14.0,12.0,0.0,2.0,0.0,1.0,0.0,321,34,20,0.3115,9.3458,1.5576,0.0,0.6231,0.0,1.2461,0.0,1.8692,35.514,0.0,0.3115,12.4611,0.0,0.9346,14.9533,4.0498,0.3115,0.0,0.3115,0.0,0.6231,2.1807,0.0,0.0,0.0,0.0,1.2461,2.1807,0.0,0.9346,4.3614,3.7383,0.0,0.6231,0.0,0.3115,0.0,FP
140725,Lambayeque,,,4.0,31.0,9.0,1.0,0.0,0.0,2.0,1.0,1.0,34.0,0.0,0.0,166.0,0.0,0.0,34.0,5.0,0.0,3.0,0.0,6.0,3.0,3.0,0.0,3.0,3.0,1.0,1.0,1.0,0.0,8.0,12.0,10.0,0.0,0.0,3.0,0.0,0.0,345,48,35,1.1594,8.9855,2.6087,0.2899,0.0,0.0,0.5797,0.2899,0.2899,9.8551,0.0,0.0,48.1159,0.0,0.0,9.8551,1.4493,0.0,0.8696,0.0,1.7391,0.8696,0.8696,0.0,0.8696,0.8696,0.2899,0.2899,0.2899,0.0,2.3188,3.4783,2.8986,0.0,0.0,0.8696,0.0,0.0,JxP
140726,Lambayeque,,,4.0,31.0,4.0,2.0,0.0,0.0,2.0,5.0,8.0,49.0,0.0,0.0,155.0,0.0,0.0,43.0,11.0,1.0,3.0,2.0,2.0,6.0,2.0,0.0,2.0,3.0,4.0,3.0,0.0,0.0,19.0,12.0,9.0,0.0,8.0,11.0,1.0,1.0,403,63,21,0.9926,7.6923,0.9926,0.4963,0.0,0.0,0.4963,1.2407,1.9851,12.1588,0.0,0.0,38.4615,0.0,0.0,10.67,2.7295,0.2481,0.7444,0.4963,0.4963,1.4888,0.4963,0.0,0.4963,0.7444,0.9926,0.7444,0.0,0.0,4.7146,2.9777,2.2333,0.0,1.9851,2.7295,0.2481,0.2481,JxP
140727,Lambayeque,,,3.0,61.0,9.0,1.0,0.0,0.0,13.0,0.0,15.0,93.0,0.0,2.0,42.0,0.0,5.0,58.0,37.0,0.0,1.0,5.0,2.0,13.0,5.0,1.0,3.0,3.0,7.0,0.0,0.0,1.0,10.0,22.0,10.0,0.0,8.0,0.0,0.0,0.0,430,54,30,0.6977,14.186,2.093,0.2326,0.0,0.0,3.0233,0.0,3.4884,21.6279,0.0,0.4651,9.7674,0.0,1.1628,13.4884,8.6047,0.0,0.2326,1.1628,0.4651,3.0233,1.1628,0.2326,0.6977,0.6977,1.6279,0.0,0.0,0.2326,2.3256,5.1163,2.3256,0.0,1.8605,0.0,0.0,0.0,FP
140728,Lambayeque,,,5.0,118.0,9.0,1.0,1.0,0.0,5.0,5.0,20.0,180.0,0.0,1.0,335.0,2.0,2.0,116.0,16.0,1.0,13.0,7.0,2.0,11.0,9.0,4.0,4.0,1.0,8.0,4.0,2.0,1.0,22.0,29.0,20.0,4.0,11.0,1.0,4.0,3.0,977,191,106,0.5118,12.0778,0.9212,0.1024,0.1024,0.0,0.5118,0.5118,2.0471,18.4237,0.0,0.1024,34.2886,0.2047,0.2047,11.8731,1.6377,0.1024,1.3306,0.7165,0.2047,1.1259,0.9212,0.4094,0.4094,0.1024,0.8188,0.4094,0.2047,0.1024,2.2518,2.9683,2.0471,0.4094,1.1259,0.1024,0.4094,0.3071,JxP
140729,Lambayeque,,,0.0,42.0,1.0,2.0,0.0,0.0,6.0,0.0,3.0,16.0,0.0,0.0,23.0,0.0,0.0,19.0,16.0,0.0,0.0,3.0,0.0,6.0,6.0,0.0,0.0,0.0,1.0,1.0,0.0,0.0,5.0,4.0,13.0,0.0,1.0,0.0,0.0,0.0,168,31,3,0.0,25.0,0.5952,1.1905,0.0,0.0,3.5714,0.0,1.7857,9.5238,0.0,0.0,13.6905,0.0,0.0,11.3095,9.5238,0.0,0.0,1.7857,0.0,3.5714,3.5714,0.0,0.0,0.0,0.5952,0.5952,0.0,0.0,2.9762,2.381,7.7381,0.0,0.5952,0.0,0.0,0.0,AN
140730,Lambayeque,,,1.0,15.0,1.0,2.0,0.0,0.0,1.0,0.0,4.0,62.0,0.0,0.0,38.0,0.0,0.0,31.0,6.0,0.0,1.0,0.0,0.0,3.0,1.0,1.0,0.0,0.0,1.0,1.0,0.0,1.0,14.0,6.0,23.0,1.0,0.0,0.0,0.0,0.0,214,42,26,0.4673,7.0093,0.4673,0.9346,0.0,0.0,0.4673,0.0,1.8692,28.972,0.0,0.0,17.757,0.0,0.0,14.486,2.8037,0.0,0.4673,0.0,0.0,1.4019,0.4673,0.4673,0.0,0.0,0.4673,0.4673,0.0,0.4673,6.5421,2.8037,10.7477,0.4673,0.0,0.0,0.0,0.0,FP
140731,Lambayeque,,,3.0,38.0,14.0,1.0,0.0,0.0,1.0,1.0,9.0,120.0,0.0,0.0,137.0,1.0,2.0,77.0,17.0,0.0,9.0,2.0,0.0,6.0,3.0,0.0,6.0,1.0,1.0,0.0,0.0,0.0,15.0,10.0,13.0,1.0,4.0,3.0,0.0,1.0,496,91,24,0.6048,7.6613,2.8226,0.2016,0.0,0.0,0.2016,0.2016,1.8145,24.1935,0.0,0.0,27.621,0.2016,0.4032,15.5242,3.4274,0.0,1.8145,0.4032,0.0,1.2097,0.6048,0.0,1.2097,0.2016,0.2016,0.0,0.0,0.0,3.0242,2.0161,2.621,0.2016,0.8065,0.6048,0.0,0.2016,JxP
140732,Lambayeque,,,1.0,48.0,3.0,1.0,0.0,0.0,2.0,0.0,12.0,109.0,0.0,0.0,97.0,1.0,1.0,33.0,37.0,0.0,1.0,9.0,0.0,5.0,7.0,0.0,2.0,0.0,2.0,0.0,0.0,0.0,9.0,21.0,21.0,1.0,8.0,5.0,0.0,0.0,436,76,20,0.2294,11.0092,0.6881,0.2294,0.0,0.0,0.4587,0.0,2.7523,25.0,0.0,0.0,22.2477,0.2294,0.2294,7.5688,8.4862,0.0,0.2294,2.0642,0.0,1.1468,1.6055,0.0,0.4587,0.0,0.4587,0.0,0.0,0.0,2.0642,4.8165,4.8165,0.2294,1.8349,1.1468,0.0,0.0,FP
140733,Lambayeque,,,7.0,73.0,5.0,2.0,2.0,0.0,6.0,0.0,32.0,194.0,0.0,1.0,241.0,0.0,2.0,110.0,38.0,1.0,11.0,2.0,4.0,2.0,9.0,0.0,3.0,3.0,9.0,5.0,0.0,1.0,10.0,30.0,44.0,3.0,29.0,0.0,0.0,1.0,880,153,50,0.7955,8.2955,0.5682,0.2273,0.2273,0.0,0.6818,0.0,3.6364,22.0455,0.0,0.1136,27.3864,0.0,0.2273,12.5,4.3182,0.1136,1.25,0.2273,0.4545,0.2273,1.0227,0.0,0.3409,0.3409,1.0227,0.5682,0.0,0.1136,1.1364,3.4091,5.0,0.3409,3.2955,0.0,0.0,0.1136,JxP
140801,Lambayeque,,,312.0,2723.0,460.0,341.0,85.0,0.0,313.0,73.0,918.0,15238.0,0.0,77.0,5135.0,138.0,262.0,5389.0,6088.0,189.0,301.0,254.0,248.0,326.0,1769.0,49.0,446.0,126.0,543.0,281.0,107.0,37.0,1086.0,6159.0,5341.0,73.0,2336.0,475.0,210.0,214.0,58122,8829,4330,0.5368,4.685,0.7914,0.5867,0.1462,0.0,0.5385,0.1256,1.5794,26.2173,0.0,0.1325,8.8349,0.2374,0.4508,9.2719,10.4745,0.3252,0.5179,0.437,0.4267,0.5609,3.0436,0.0843,0.7674,0.2168,0.9342,0.4835,0.1841,0.0637,1.8685,10.5967,9.1893,0.1256,4.0191,0.8172,0.3613,0.3682,FP
140802,Lambayeque,,,0.0,29.0,0.0,9.0,0.0,0.0,0.0,0.0,5.0,135.0,0.0,1.0,57.0,0.0,1.0,21.0,8.0,0.0,2.0,1.0,1.0,2.0,6.0,0.0,5.0,1.0,1.0,1.0,0.0,0.0,6.0,11.0,17.0,1.0,8.0,3.0,0.0,1.0,333,81,23,0.0,8.7087,0.0,2.7027,0.0,0.0,0.0,0.0,1.5015,40.5405,0.0,0.3003,17.1171,0.0,0.3003,6.3063,2.4024,0.0,0.6006,0.3003,0.3003,0.6006,1.8018,0.0,1.5015,0.3003,0.3003,0.3003,0.0,0.0,1.8018,3.3033,5.1051,0.3003,2.4024,0.9009,0.0,0.3003,FP
140803,Lambayeque,,,2.0,50.0,2.0,6.0,2.0,0.0,3.0,0.0,3.0,152.0,0.0,2.0,30.0,3.0,1.0,28.0,27.0,1.0,3.0,0.0,1.0,9.0,5.0,2.0,0.0,2.0,2.0,1.0,0.0,0.0,9.0,15.0,20.0,0.0,6.0,4.0,2.0,3.0,396,87,20,0.5051,12.6263,0.5051,1.5152,0.5051,0.0,0.7576,0.0,0.7576,38.3838,0.0,0.5051,7.5758,0.7576,0.2525,7.0707,6.8182,0.2525,0.7576,0.0,0.2525,2.2727,1.2626,0.5051,0.0,0.5051,0.5051,0.2525,0.0,0.0,2.2727,3.7879,5.0505,0.0,1.5152,1.0101,0.5051,0.7576,FP
140804,Lambayeque,,,43.0,454.0,86.0,28.0,14.0,0.0,44.0,14.0,146.0,2821.0,0.0,9.0,1278.0,32.0,36.0,962.0,678.0,13.0,56.0,55.0,21.0,71.0,212.0,4.0,70.0,22.0,106.0,46.0,14.0,5.0,205.0,859.0,623.0,9.0,304.0,95.0,35.0,30.0,9500,1796,624,0.4526,4.7789,0.9053,0.2947,0.1474,0.0,0.4632,0.1474,1.5368,29.6947,0.0,0.0947,13.4526,0.3368,0.3789,10.1263,7.1368,0.1368,0.5895,0.5789,0.2211,0.7474,2.2316,0.0421,0.7368,0.2316,1.1158,0.4842,0.1474,0.0526,2.1579,9.0421,6.5579,0.0947,3.2,1.0,0.3684,0.3158,FP
140805,Lambayeque,,,167.0,1619.0,267.0,270.0,28.0,0.0,158.0,35.0,597.0,7271.0,0.0,48.0,3310.0,87.0,141.0,4082.0,3808.0,51.0,235.0,174.0,149.0,184.0,972.0,19.0,245.0,57.0,303.0,189.0,45.0,27.0,655.0,3794.0,2953.0,53.0,1194.0,422.0,110.0,134.0,33853,5307,2550,0.4933,4.7824,0.7887,0.7976,0.0827,0.0,0.4667,0.1034,1.7635,21.4782,0.0,0.1418,9.7776,0.257,0.4165,12.058,11.2486,0.1507,0.6942,0.514,0.4401,0.5435,2.8712,0.0561,0.7237,0.1684,0.895,0.5583,0.1329,0.0798,1.9348,11.2073,8.723,0.1566,3.527,1.2466,0.3249,0.3958,FP
140806,Lambayeque,,,13.0,46.0,12.0,12.0,1.0,0.0,8.0,10.0,10.0,518.0,0.0,16.0,154.0,2.0,1.0,148.0,25.0,6.0,4.0,7.0,3.0,13.0,12.0,0.0,2.0,1.0,7.0,4.0,2.0,2.0,40.0,61.0,43.0,2.0,8.0,19.0,5.0,1.0,1218,306,111,1.0673,3.7767,0.9852,0.9852,0.0821,0.0,0.6568,0.821,0.821,42.5287,0.0,1.3136,12.6437,0.1642,0.0821,12.1511,2.0525,0.4926,0.3284,0.5747,0.2463,1.0673,0.9852,0.0,0.1642,0.0821,0.5747,0.3284,0.1642,0.1642,3.2841,5.0082,3.5304,0.1642,0.6568,1.5599,0.4105,0.0821,FP
140807,Lambayeque,,,4.0,51.0,4.0,1.0,1.0,0.0,1.0,0.0,5.0,114.0,0.0,1.0,20.0,1.0,0.0,25.0,22.0,3.0,6.0,1.0,0.0,1.0,7.0,0.0,1.0,2.0,2.0,2.0,1.0,0.0,11.0,19.0,25.0,0.0,11.0,4.0,1.0,1.0,348,56,15,1.1494,14.6552,1.1494,0.2874,0.2874,0.0,0.2874,0.0,1.4368,32.7586,0.0,0.2874,5.7471,0.2874,0.0,7.1839,6.3218,0.8621,1.7241,0.2874,0.0,0.2874,2.0115,0.0,0.2874,0.5747,0.5747,0.5747,0.2874,0.0,3.1609,5.4598,7.1839,0.0,3.1609,1.1494,0.2874,0.2874,FP
140808,Lambayeque,,,4.0,20.0,4.0,7.0,0.0,0.0,3.0,0.0,4.0,250.0,0.0,0.0,48.0,0.0,1.0,22.0,10.0,2.0,0.0,1.0,1.0,4.0,4.0,0.0,3.0,0.0,11.0,2.0,1.0,1.0,7.0,15.0,23.0,0.0,11.0,0.0,0.0,1.0,460,82,20,0.8696,4.3478,0.8696,1.5217,0.0,0.0,0.6522,0.0,0.8696,54.3478,0.0,0.0,10.4348,0.0,0.2174,4.7826,2.1739,0.4348,0.0,0.2174,0.2174,0.8696,0.8696,0.0,0.6522,0.0,2.3913,0.4348,0.2174,0.2174,1.5217,3.2609,5.0,0.0,2.3913,0.0,0.0,0.2174,FP
140809,Lambayeque,,,2.0,45.0,3.0,2.0,2.0,0.0,2.0,0.0,4.0,208.0,0.0,0.0,65.0,1.0,5.0,41.0,26.0,0.0,1.0,3.0,0.0,3.0,5.0,0.0,6.0,1.0,4.0,3.0,0.0,2.0,27.0,42.0,48.0,0.0,13.0,4.0,0.0,1.0,569,83,21,0.3515,7.9086,0.5272,0.3515,0.3515,0.0,0.3515,0.0,0.703,36.5554,0.0,0.0,11.4236,0.1757,0.8787,7.2056,4.5694,0.0,0.1757,0.5272,0.0,0.5272,0.8787,0.0,1.0545,0.1757,0.703,0.5272,0.0,0.3515,4.7452,7.3814,8.4359,0.0,2.2847,0.703,0.0,0.1757,FP
140810,Lambayeque,,,4.0,38.0,12.0,0.0,0.0,0.0,6.0,1.0,7.0,124.0,0.0,0.0,33.0,2.0,1.0,52.0,7.0,3.0,1.0,1.0,0.0,2.0,2.0,1.0,1.0,0.0,1.0,2.0,0.0,0.0,2.0,26.0,19.0,1.0,5.0,1.0,1.0,0.0,356,82,13,1.1236,10.6742,3.3708,0.0,0.0,0.0,1.6854,0.2809,1.9663,34.8315,0.0,0.0,9.2697,0.5618,0.2809,14.6067,1.9663,0.8427,0.2809,0.2809,0.0,0.5618,0.5618,0.2809,0.2809,0.0,0.2809,0.5618,0.0,0.0,0.5618,7.3034,5.3371,0.2809,1.4045,0.2809,0.2809,0.0,FP
140811,Lambayeque,,,1.0,10.0,1.0,3.0,0.0,0.0,1.0,1.0,6.0,111.0,0.0,1.0,19.0,2.0,0.0,11.0,15.0,0.0,2.0,1.0,0.0,2.0,3.0,0.0,3.0,2.0,0.0,1.0,0.0,0.0,1.0,6.0,17.0,0.0,3.0,2.0,0.0,0.0,225,41,22,0.4444,4.4444,0.4444,1.3333,0.0,0.0,0.4444,0.4444,2.6667,49.3333,0.0,0.4444,8.4444,0.8889,0.0,4.8889,6.6667,0.0,0.8889,0.4444,0.0,0.8889,1.3333,0.0,1.3333,0.8889,0.0,0.4444,0.0,0.0,0.4444,2.6667,7.5556,0.0,1.3333,0.8889,0.0,0.0,FP
140812,Lambayeque,,,2.0,30.0,3.0,17.0,0.0,0.0,3.0,3.0,6.0,175.0,0.0,0.0,34.0,2.0,0.0,33.0,21.0,2.0,3.0,3.0,2.0,3.0,1.0,0.0,4.0,0.0,3.0,0.0,3.0,1.0,8.0,27.0,17.0,1.0,2.0,2.0,4.0,2.0,417,91,18,0.4796,7.1942,0.7194,4.0767,0.0,0.0,0.7194,0.7194,1.4388,41.9664,0.0,0.0,8.1535,0.4796,0.0,7.9137,5.036,0.4796,0.7194,0.7194,0.4796,0.7194,0.2398,0.0,0.9592,0.0,0.7194,0.0,0.7194,0.2398,1.9185,6.4748,4.0767,0.2398,0.4796,0.4796,0.9592,0.4796,FP
140901,Lambayeque,,,194.0,2282.0,403.0,344.0,56.0,0.0,242.0,57.0,570.0,9459.0,0.0,28.0,2451.0,69.0,144.0,3853.0,3771.0,91.0,242.0,319.0,163.0,205.0,1035.0,33.0,300.0,89.0,278.0,135.0,37.0,25.0,619.0,3660.0,3431.0,41.0,1621.0,266.0,160.0,111.0,36784,5835,2226,0.5274,6.2038,1.0956,0.9352,0.1522,0.0,0.6579,0.155,1.5496,25.715,0.0,0.0761,6.6632,0.1876,0.3915,10.4747,10.2517,0.2474,0.6579,0.8672,0.4431,0.5573,2.8137,0.0897,0.8156,0.242,0.7558,0.367,0.1006,0.068,1.6828,9.95,9.3274,0.1115,4.4068,0.7231,0.435,0.3018,FP
140902,Lambayeque,,,83.0,1056.0,157.0,163.0,30.0,0.0,53.0,18.0,161.0,2340.0,0.0,21.0,689.0,19.0,81.0,1554.0,974.0,33.0,80.0,74.0,38.0,69.0,276.0,3.0,97.0,29.0,76.0,52.0,12.0,13.0,306.0,1169.0,1061.0,14.0,401.0,91.0,76.0,31.0,11400,1882,912,0.7281,9.2632,1.3772,1.4298,0.2632,0.0,0.4649,0.1579,1.4123,20.5263,0.0,0.1842,6.0439,0.1667,0.7105,13.6316,8.5439,0.2895,0.7018,0.6491,0.3333,0.6053,2.4211,0.0263,0.8509,0.2544,0.6667,0.4561,0.1053,0.114,2.6842,10.2544,9.307,0.1228,3.5175,0.7982,0.6667,0.2719,FP
140903,Lambayeque,,,58.0,435.0,161.0,92.0,8.0,0.0,51.0,14.0,137.0,2811.0,0.0,12.0,835.0,15.0,34.0,1152.0,669.0,29.0,71.0,62.0,29.0,51.0,193.0,3.0,117.0,21.0,88.0,39.0,8.0,14.0,290.0,801.0,575.0,13.0,318.0,39.0,49.0,13.0,9307,1720,666,0.6232,4.6739,1.7299,0.9885,0.086,0.0,0.548,0.1504,1.472,30.2031,0.0,0.1289,8.9717,0.1612,0.3653,12.3778,7.1881,0.3116,0.7629,0.6662,0.3116,0.548,2.0737,0.0322,1.2571,0.2256,0.9455,0.419,0.086,0.1504,3.1159,8.6064,6.1781,0.1397,3.4168,0.419,0.5265,0.1397,FP
140904,Lambayeque,,,98.0,598.0,149.0,94.0,20.0,0.0,67.0,20.0,165.0,3735.0,0.0,15.0,1250.0,34.0,38.0,1295.0,1122.0,22.0,127.0,116.0,38.0,107.0,248.0,7.0,107.0,25.0,159.0,70.0,32.0,5.0,283.0,1297.0,792.0,21.0,394.0,77.0,60.0,40.0,12727,2764,877,0.77,4.6987,1.1707,0.7386,0.1571,0.0,0.5264,0.1571,1.2965,29.3471,0.0,0.1179,9.8216,0.2671,0.2986,10.1752,8.8159,0.1729,0.9979,0.9114,0.2986,0.8407,1.9486,0.055,0.8407,0.1964,1.2493,0.55,0.2514,0.0393,2.2236,10.1909,6.223,0.165,3.0958,0.605,0.4714,0.3143,FP
140905,Lambayeque,,,62.0,364.0,64.0,48.0,11.0,0.0,46.0,7.0,68.0,1530.0,0.0,4.0,456.0,7.0,28.0,675.0,670.0,7.0,31.0,42.0,20.0,35.0,231.0,3.0,57.0,18.0,61.0,33.0,7.0,3.0,117.0,838.0,413.0,3.0,252.0,34.0,35.0,15.0,6295,1032,493,0.9849,5.7824,1.0167,0.7625,0.1747,0.0,0.7307,0.1112,1.0802,24.305,0.0,0.0635,7.2438,0.1112,0.4448,10.7228,10.6434,0.1112,0.4925,0.6672,0.3177,0.556,3.6696,0.0477,0.9055,0.2859,0.969,0.5242,0.1112,0.0477,1.8586,13.3122,6.5608,0.0477,4.0032,0.5401,0.556,0.2383,FP
141001,Lambayeque,,,29.0,287.0,55.0,32.0,4.0,0.0,52.0,14.0,86.0,602.0,0.0,2.0,522.0,4.0,22.0,670.0,296.0,8.0,20.0,20.0,15.0,28.0,122.0,1.0,30.0,13.0,51.0,25.0,3.0,8.0,123.0,215.0,170.0,4.0,156.0,44.0,3.0,5.0,3741,836,344,0.7752,7.6717,1.4702,0.8554,0.1069,0.0,1.39,0.3742,2.2989,16.092,0.0,0.0535,13.9535,0.1069,0.5881,17.9096,7.9123,0.2138,0.5346,0.5346,0.401,0.7485,3.2612,0.0267,0.8019,0.3475,1.3633,0.6683,0.0802,0.2138,3.2879,5.7471,4.5442,0.1069,4.17,1.1762,0.0802,0.1337,Obras
141002,Lambayeque,,,3.0,47.0,1.0,3.0,0.0,0.0,14.0,0.0,2.0,152.0,0.0,0.0,40.0,3.0,0.0,80.0,16.0,1.0,8.0,5.0,0.0,6.0,5.0,1.0,2.0,4.0,2.0,1.0,1.0,0.0,4.0,12.0,47.0,1.0,3.0,3.0,1.0,0.0,468,93,20,0.641,10.0427,0.2137,0.641,0.0,0.0,2.9915,0.0,0.4274,32.4786,0.0,0.0,8.547,0.641,0.0,17.094,3.4188,0.2137,1.7094,1.0684,0.0,1.2821,1.0684,0.2137,0.4274,0.8547,0.4274,0.2137,0.2137,0.0,0.8547,2.5641,10.0427,0.2137,0.641,0.641,0.2137,0.0,FP
141003,Lambayeque,,,3.0,13.0,2.0,8.0,0.0,0.0,3.0,0.0,4.0,142.0,0.0,1.0,27.0,0.0,0.0,29.0,13.0,0.0,9.0,1.0,0.0,0.0,2.0,0.0,1.0,0.0,2.0,1.0,0.0,1.0,2.0,13.0,19.0,0.0,4.0,2.0,2.0,0.0,304,50,11,0.9868,4.2763,0.6579,2.6316,0.0,0.0,0.9868,0.0,1.3158,46.7105,0.0,0.3289,8.8816,0.0,0.0,9.5395,4.2763,0.0,2.9605,0.3289,0.0,0.0,0.6579,0.0,0.3289,0.0,0.6579,0.3289,0.0,0.3289,0.6579,4.2763,6.25,0.0,1.3158,0.6579,0.6579,0.0,FP
141004,Lambayeque,,,1.0,16.0,5.0,2.0,2.0,0.0,3.0,3.0,7.0,102.0,0.0,1.0,7.0,2.0,3.0,42.0,5.0,0.0,3.0,3.0,0.0,1.0,2.0,0.0,2.0,1.0,0.0,4.0,0.0,1.0,0.0,9.0,29.0,0.0,5.0,4.0,1.0,1.0,267,78,14,0.3745,5.9925,1.8727,0.7491,0.7491,0.0,1.1236,1.1236,2.6217,38.2022,0.0,0.3745,2.6217,0.7491,1.1236,15.7303,1.8727,0.0,1.1236,1.1236,0.0,0.3745,0.7491,0.0,0.7491,0.3745,0.0,1.4981,0.0,0.3745,0.0,3.3708,10.8614,0.0,1.8727,1.4981,0.3745,0.3745,FP
141005,Lambayeque,,,10.0,77.0,17.0,17.0,6.0,0.0,20.0,4.0,26.0,580.0,0.0,0.0,110.0,3.0,6.0,179.0,127.0,3.0,3.0,7.0,5.0,6.0,14.0,1.0,8.0,21.0,9.0,4.0,2.0,0.0,33.0,74.0,100.0,4.0,39.0,14.0,1.0,5.0,1535,357,85,0.6515,5.0163,1.1075,1.1075,0.3909,0.0,1.3029,0.2606,1.6938,37.785,0.0,0.0,7.1661,0.1954,0.3909,11.6612,8.2736,0.1954,0.1954,0.456,0.3257,0.3909,0.9121,0.0651,0.5212,1.3681,0.5863,0.2606,0.1303,0.0,2.1498,4.8208,6.5147,0.2606,2.5407,0.9121,0.0651,0.3257,FP
141006,Lambayeque,,,7.0,17.0,10.0,8.0,0.0,0.0,5.0,3.0,6.0,285.0,0.0,0.0,154.0,1.0,1.0,116.0,19.0,4.0,13.0,0.0,0.0,5.0,2.0,0.0,4.0,1.0,10.0,2.0,1.0,0.0,20.0,7.0,29.0,0.0,10.0,9.0,3.0,0.0,752,172,62,0.9309,2.2606,1.3298,1.0638,0.0,0.0,0.6649,0.3989,0.7979,37.8989,0.0,0.0,20.4787,0.133,0.133,15.4255,2.5266,0.5319,1.7287,0.0,0.0,0.6649,0.266,0.0,0.5319,0.133,1.3298,0.266,0.133,0.0,2.6596,0.9309,3.8564,0.0,1.3298,1.1968,0.3989,0.0,FP
150101,LIMA,LIMA,LIMA,306.0,4079.0,2356.0,1058.0,159.0,0.0,652.0,118.0,902.0,15504.0,0.0,242.0,1807.0,334.0,433.0,3028.0,4778.0,95.0,147.0,392.0,214.0,361.0,2238.0,108.0,1151.0,129.0,313.0,322.0,39.0,64.0,1532.0,12843.0,6836.0,77.0,1603.0,3620.0,107.0,297.0,68244,9637,3946,0.4484,5.9771,3.4523,1.5503,0.233,0.0,0.9554,0.1729,1.3217,22.7185,0.0,0.3546,2.6479,0.4894,0.6345,4.437,7.0013,0.1392,0.2154,0.5744,0.3136,0.529,3.2794,0.1583,1.6866,0.189,0.4586,0.4718,0.0571,0.0938,2.2449,18.8192,10.017,0.1128,2.3489,5.3045,0.1568,0.4352,FP
150102,LIMA,LIMA,ANCÓN,4.0,152.0,230.0,1.0,1.0,0.0,2.0,3.0,3.0,578.0,0.0,3.0,21.0,0.0,3.0,23.0,7.0,0.0,7.0,4.0,4.0,8.0,5.0,1.0,35.0,1.0,1.0,3.0,0.0,0.0,13.0,52.0,37.0,1.0,2.0,149.0,3.0,0.0,1357,368,128,0.2948,11.2012,16.9492,0.0737,0.0737,0.0,0.1474,0.2211,0.2211,42.594,0.0,0.2211,1.5475,0.0,0.2211,1.6949,0.5158,0.0,0.5158,0.2948,0.2948,0.5895,0.3685,0.0737,2.5792,0.0737,0.0737,0.2211,0.0,0.0,0.958,3.832,2.7266,0.0737,0.1474,10.9801,0.2211,0.0,FP
150103,LIMA,LIMA,ATE,20.0,497.0,420.0,14.0,12.0,0.0,54.0,9.0,35.0,1534.0,0.0,5.0,291.0,24.0,38.0,174.0,58.0,7.0,26.0,30.0,12.0,43.0,26.0,11.0,150.0,14.0,17.0,20.0,7.0,4.0,105.0,529.0,115.0,20.0,39.0,662.0,10.0,17.0,5049,1441,526,0.3961,9.8435,8.3185,0.2773,0.2377,0.0,1.0695,0.1783,0.6932,30.3823,0.0,0.099,5.7635,0.4753,0.7526,3.4462,1.1487,0.1386,0.515,0.5942,0.2377,0.8517,0.515,0.2179,2.9709,0.2773,0.3367,0.3961,0.1386,0.0792,2.0796,10.4773,2.2777,0.3961,0.7724,13.1115,0.1981,0.3367,FP
150104,LIMA,LIMA,BARRANCO,15.0,192.0,169.0,9.0,2.0,0.0,5.0,13.0,4.0,477.0,0.0,3.0,92.0,4.0,6.0,47.0,8.0,5.0,1.0,8.0,2.0,12.0,3.0,4.0,56.0,2.0,8.0,3.0,3.0,2.0,71.0,55.0,218.0,8.0,5.0,886.0,2.0,3.0,2403,518,203,0.6242,7.99,7.0329,0.3745,0.0832,0.0,0.2081,0.541,0.1665,19.8502,0.0,0.1248,3.8285,0.1665,0.2497,1.9559,0.3329,0.2081,0.0416,0.3329,0.0832,0.4994,0.1248,0.1665,2.3304,0.0832,0.3329,0.1248,0.1248,0.0832,2.9546,2.2888,9.072,0.3329,0.2081,36.8706,0.0832,0.1248,SP20
150105,LIMA,LIMA,BREÑA,24.0,96.0,357.0,20.0,9.0,0.0,21.0,13.0,17.0,1030.0,0.0,11.0,293.0,13.0,6.0,94.0,26.0,14.0,7.0,32.0,0.0,54.0,25.0,37.0,201.0,6.0,10.0,14.0,7.0,8.0,82.0,182.0,392.0,27.0,19.0,565.0,5.0,38.0,3755,1268,383,0.6391,2.5566,9.5073,0.5326,0.2397,0.0,0.5593,0.3462,0.4527,27.4301,0.0,0.2929,7.8029,0.3462,0.1598,2.5033,0.6924,0.3728,0.1864,0.8522,0.0,1.4381,0.6658,0.9854,5.3529,0.1598,0.2663,0.3728,0.1864,0.213,2.1838,4.8469,10.4394,0.719,0.506,15.0466,0.1332,1.012,FP
150106,LIMA,LIMA,CARABAYLLO,17.0,209.0,295.0,7.0,15.0,0.0,3.0,4.0,1.0,444.0,0.0,5.0,154.0,1.0,20.0,33.0,9.0,3.0,7.0,11.0,4.0,16.0,2.0,1.0,72.0,2.0,15.0,4.0,1.0,1.0,669.0,59.0,604.0,14.0,6.0,403.0,0.0,1.0,3112,978,234,0.5463,6.7159,9.4794,0.2249,0.482,0.0,0.0964,0.1285,0.0321,14.2674,0.0,0.1607,4.9486,0.0321,0.6427,1.0604,0.2892,0.0964,0.2249,0.3535,0.1285,0.5141,0.0643,0.0321,2.3136,0.0643,0.482,0.1285,0.0321,0.0321,21.4974,1.8959,19.4087,0.4499,0.1928,12.9499,0.0,0.0321,Podemos
150108,LIMA,LIMA,CHORRILLOS,13.0,56.0,125.0,3.0,0.0,0.0,3.0,2.0,4.0,161.0,0.0,1.0,274.0,9.0,18.0,7.0,8.0,1.0,1.0,12.0,0.0,20.0,2.0,26.0,11.0,2.0,8.0,46.0,1.0,1.0,90.0,19.0,87.0,8.0,1.0,6.0,1.0,3.0,1030,530,159,1.2621,5.4369,12.1359,0.2913,0.0,0.0,0.2913,0.1942,0.3883,15.6311,0.0,0.0971,26.6019,0.8738,1.7476,0.6796,0.7767,0.0971,0.0971,1.165,0.0,1.9417,0.1942,2.5243,1.068,0.1942,0.7767,4.466,0.0971,0.0971,8.7379,1.8447,8.4466,0.7767,0.0971,0.5825,0.0971,0.2913,JxP
150110,LIMA,LIMA,COMAS,17.0,96.0,555.0,21.0,5.0,0.0,11.0,2.0,10.0,1105.0,0.0,6.0,143.0,8.0,6.0,104.0,45.0,5.0,2.0,29.0,3.0,28.0,13.0,13.0,269.0,9.0,22.0,23.0,5.0,4.0,76.0,214.0,240.0,19.0,51.0,376.0,5.0,13.0,3553,987,310,0.4785,2.7019,15.6206,0.591,0.1407,0.0,0.3096,0.0563,0.2815,31.1005,0.0,0.1689,4.0248,0.2252,0.1689,2.9271,1.2665,0.1407,0.0563,0.8162,0.0844,0.7881,0.3659,0.3659,7.5711,0.2533,0.6192,0.6473,0.1407,0.1126,2.139,6.0231,6.7549,0.5348,1.4354,10.5826,0.1407,0.3659,FP
150111,LIMA,LIMA,EL AGUSTINO,149.0,1342.0,1387.0,250.0,71.0,0.0,248.0,54.0,408.0,11162.0,0.0,160.0,1207.0,132.0,184.0,1267.0,1491.0,30.0,77.0,188.0,64.0,178.0,751.0,61.0,681.0,67.0,171.0,170.0,21.0,38.0,861.0,6151.0,2005.0,47.0,719.0,1944.0,43.0,93.0,33872,6661,2176,0.4399,3.962,4.0948,0.7381,0.2096,0.0,0.7322,0.1594,1.2045,32.9535,0.0,0.4724,3.5634,0.3897,0.5432,3.7406,4.4019,0.0886,0.2273,0.555,0.1889,0.5255,2.2172,0.1801,2.0105,0.1978,0.5048,0.5019,0.062,0.1122,2.5419,18.1595,5.9193,0.1388,2.1227,5.7393,0.1269,0.2746,FP
150112,LIMA,LIMA,INDEPENDENCIA,120.0,1413.0,1107.0,195.0,60.0,0.0,174.0,48.0,279.0,10125.0,0.0,67.0,910.0,74.0,146.0,1080.0,1184.0,23.0,94.0,146.0,91.0,143.0,578.0,24.0,612.0,41.0,143.0,147.0,17.0,30.0,615.0,4940.0,1817.0,34.0,542.0,1620.0,49.0,75.0,28763,5774,2192,0.4172,4.9126,3.8487,0.678,0.2086,0.0,0.6049,0.1669,0.97,35.2015,0.0,0.2329,3.1638,0.2573,0.5076,3.7548,4.1164,0.08,0.3268,0.5076,0.3164,0.4972,2.0095,0.0834,2.1277,0.1425,0.4972,0.5111,0.0591,0.1043,2.1382,17.1748,6.3171,0.1182,1.8844,5.6322,0.1704,0.2608,FP
150113,LIMA,LIMA,JESÚS MARÍA,198.0,2304.0,1762.0,369.0,88.0,0.0,398.0,109.0,481.0,14603.0,0.0,131.0,2022.0,144.0,258.0,2307.0,2291.0,75.0,149.0,250.0,131.0,295.0,1135.0,77.0,1132.0,77.0,285.0,184.0,31.0,46.0,1155.0,8781.0,2676.0,120.0,1176.0,3980.0,60.0,184.0,49464,9800,3676,0.4003,4.6579,3.5622,0.746,0.1779,0.0,0.8046,0.2204,0.9724,29.5225,0.0,0.2648,4.0878,0.2911,0.5216,4.664,4.6317,0.1516,0.3012,0.5054,0.2648,0.5964,2.2946,0.1557,2.2885,0.1557,0.5762,0.372,0.0627,0.093,2.335,17.7523,5.41,0.2426,2.3775,8.0463,0.1213,0.372,FP
150201,LIMA,BARRANCA,BARRANCA,434.0,2084.0,4668.0,233.0,39.0,0.0,204.0,42.0,331.0,6593.0,0.0,45.0,5198.0,77.0,150.0,2685.0,1381.0,30.0,220.0,136.0,92.0,330.0,584.0,88.0,668.0,77.0,333.0,74.0,17.0,51.0,666.0,2607.0,1746.0,54.0,694.0,1007.0,78.0,65.0,33781,8880,3255,1.2847,6.1691,13.8184,0.6897,0.1154,0.0,0.6039,0.1243,0.9798,19.5169,0.0,0.1332,15.3873,0.2279,0.444,7.9483,4.0881,0.0888,0.6513,0.4026,0.2723,0.9769,1.7288,0.2605,1.9774,0.2279,0.9858,0.2191,0.0503,0.151,1.9715,7.7174,5.1686,0.1599,2.0544,2.981,0.2309,0.1924,FP
150202,LIMA,BARRANCA,PARAMONGA,55.0,84.0,402.0,10.0,11.0,0.0,8.0,12.0,28.0,140.0,0.0,1.0,2567.0,5.0,4.0,77.0,5.0,16.0,16.0,36.0,3.0,138.0,54.0,2.0,148.0,8.0,71.0,12.0,8.0,8.0,149.0,114.0,79.0,33.0,12.0,115.0,1.0,8.0,4440,1982,584,1.2387,1.8919,9.0541,0.2252,0.2477,0.0,0.1802,0.2703,0.6306,3.1532,0.0,0.0225,57.8153,0.1126,0.0901,1.7342,0.1126,0.3604,0.3604,0.8108,0.0676,3.1081,1.2162,0.045,3.3333,0.1802,1.5991,0.2703,0.1802,0.1802,3.3559,2.5676,1.7793,0.7432,0.2703,2.5901,0.0225,0.1802,JxP
150205,LIMA,BARRANCA,SUPE PUERTO,11.0,16.0,255.0,1.0,2.0,0.0,31.0,3.0,12.0,97.0,0.0,1.0,366.0,2.0,2.0,50.0,4.0,3.0,1.0,11.0,1.0,21.0,8.0,1.0,177.0,3.0,12.0,2.0,3.0,0.0,35.0,20.0,132.0,3.0,0.0,10.0,2.0,2.0,1300,486,160,0.8462,1.2308,19.6154,0.0769,0.1538,0.0,2.3846,0.2308,0.9231,7.4615,0.0,0.0769,28.1538,0.1538,0.1538,3.8462,0.3077,0.2308,0.0769,0.8462,0.0769,1.6154,0.6154,0.0769,13.6154,0.2308,0.9231,0.1538,0.2308,0.0,2.6923,1.5385,10.1538,0.2308,0.0,0.7692,0.1538,0.1538,JxP
150206,Lima,Barranca,,63.0,126.0,1009.0,51.0,21.0,0.0,19.0,8.0,11.0,475.0,0.0,6.0,689.0,5.0,2.0,227.0,24.0,8.0,33.0,13.0,21.0,32.0,15.0,98.0,101.0,22.0,25.0,12.0,2.0,2.0,79.0,182.0,316.0,11.0,14.0,554.0,8.0,9.0,4293,1034,324,1.4675,2.935,23.5034,1.188,0.4892,0.0,0.4426,0.1863,0.2562,11.0645,0.0,0.1398,16.0494,0.1165,0.0466,5.2877,0.559,0.1863,0.7687,0.3028,0.4892,0.7454,0.3494,2.2828,2.3527,0.5125,0.5823,0.2795,0.0466,0.0466,1.8402,4.2395,7.3608,0.2562,0.3261,12.9047,0.1863,0.2096,APP
150210,Lima,Barranca,,14.0,16.0,191.0,3.0,0.0,0.0,3.0,1.0,4.0,145.0,0.0,0.0,286.0,0.0,1.0,41.0,10.0,2.0,1.0,6.0,4.0,245.0,9.0,9.0,23.0,0.0,7.0,2.0,1.0,0.0,31.0,44.0,140.0,13.0,2.0,100.0,2.0,3.0,1359,360,193,1.0302,1.1773,14.0545,0.2208,0.0,0.0,0.2208,0.0736,0.2943,10.6696,0.0,0.0,21.0449,0.0,0.0736,3.0169,0.7358,0.1472,0.0736,0.4415,0.2943,18.028,0.6623,0.6623,1.6924,0.0,0.5151,0.1472,0.0736,0.0,2.2811,3.2377,10.3017,0.9566,0.1472,7.3584,0.1472,0.2208,JxP
150211,Lima,Barranca,,51.0,57.0,456.0,6.0,2.0,0.0,11.0,3.0,8.0,278.0,0.0,1.0,857.0,3.0,6.0,112.0,14.0,4.0,25.0,10.0,6.0,28.0,11.0,6.0,24.0,4.0,28.0,1.0,3.0,2.0,64.0,70.0,70.0,21.0,8.0,121.0,14.0,6.0,2391,689,276,2.133,2.3839,19.0715,0.2509,0.0836,0.0,0.4601,0.1255,0.3346,11.6269,0.0,0.0418,35.8427,0.1255,0.2509,4.6842,0.5855,0.1673,1.0456,0.4182,0.2509,1.1711,0.4601,0.2509,1.0038,0.1673,1.1711,0.0418,0.1255,0.0836,2.6767,2.9276,2.9276,0.8783,0.3346,5.0606,0.5855,0.2509,JxP
150301,LIMA,CAJATAMBO,CAJATAMBO,61.0,433.0,716.0,41.0,8.0,0.0,70.0,135.0,70.0,3341.0,0.0,19.0,1085.0,20.0,66.0,682.0,219.0,13.0,37.0,95.0,22.0,113.0,173.0,47.0,911.0,29.0,89.0,47.0,9.0,9.0,464.0,923.0,713.0,26.0,146.0,706.0,27.0,18.0,11583,3075,1118,0.5266,3.7382,6.1815,0.354,0.0691,0.0,0.6043,1.1655,0.6043,28.844,0.0,0.164,9.3672,0.1727,0.5698,5.8879,1.8907,0.1122,0.3194,0.8202,0.1899,0.9756,1.4936,0.4058,7.865,0.2504,0.7684,0.4058,0.0777,0.0777,4.0059,7.9686,6.1556,0.2245,1.2605,6.0951,0.2331,0.1554,FP
150302,LIMA,CAJATAMBO,COPA,11.0,16.0,148.0,4.0,1.0,0.0,5.0,10.0,5.0,610.0,0.0,3.0,204.0,3.0,1.0,57.0,7.0,1.0,13.0,13.0,0.0,60.0,5.0,7.0,266.0,2.0,5.0,4.0,0.0,0.0,75.0,43.0,17.0,15.0,2.0,144.0,8.0,1.0,1766,518,168,0.6229,0.906,8.3805,0.2265,0.0566,0.0,0.2831,0.5663,0.2831,34.5413,0.0,0.1699,11.5515,0.1699,0.0566,3.2276,0.3964,0.0566,0.7361,0.7361,0.0,3.3975,0.2831,0.3964,15.0623,0.1133,0.2831,0.2265,0.0,0.0,4.2469,2.4349,0.9626,0.8494,0.1133,8.154,0.453,0.0566,FP
150303,LIMA,CAJATAMBO,GORGOR,7.0,17.0,459.0,5.0,2.0,0.0,0.0,4.0,7.0,1001.0,0.0,5.0,132.0,4.0,1.0,31.0,5.0,0.0,5.0,17.0,2.0,14.0,5.0,0.0,78.0,3.0,5.0,1.0,2.0,1.0,29.0,57.0,28.0,3.0,1.0,211.0,1.0,1.0,2144,432,136,0.3265,0.7929,21.4086,0.2332,0.0933,0.0,0.0,0.1866,0.3265,46.6884,0.0,0.2332,6.1567,0.1866,0.0466,1.4459,0.2332,0.0,0.2332,0.7929,0.0933,0.653,0.2332,0.0,3.6381,0.1399,0.2332,0.0466,0.0933,0.0466,1.3526,2.6586,1.306,0.1399,0.0466,9.8414,0.0466,0.0466,FP
150304,LIMA,CAJATAMBO,HUANCAPON,14.0,17.0,503.0,7.0,2.0,0.0,5.0,3.0,14.0,1191.0,0.0,12.0,607.0,3.0,5.0,37.0,17.0,5.0,5.0,28.0,5.0,22.0,18.0,7.0,91.0,5.0,18.0,5.0,5.0,1.0,72.0,80.0,260.0,8.0,7.0,484.0,2.0,1.0,3566,1263,289,0.3926,0.4767,14.1054,0.1963,0.0561,0.0,0.1402,0.0841,0.3926,33.3988,0.0,0.3365,17.0219,0.0841,0.1402,1.0376,0.4767,0.1402,0.1402,0.7852,0.1402,0.6169,0.5048,0.1963,2.5519,0.1402,0.5048,0.1402,0.1402,0.028,2.0191,2.2434,7.2911,0.2243,0.1963,13.5726,0.0561,0.028,FP
150305,LIMA,CAJATAMBO,MANAS,15.0,34.0,474.0,4.0,1.0,0.0,11.0,2.0,8.0,655.0,0.0,11.0,288.0,6.0,1.0,51.0,6.0,6.0,6.0,10.0,1.0,10.0,12.0,0.0,38.0,9.0,12.0,4.0,1.0,1.0,48.0,108.0,32.0,5.0,11.0,218.0,0.0,1.0,2100,725,104,0.7143,1.619,22.5714,0.1905,0.0476,0.0,0.5238,0.0952,0.381,31.1905,0.0,0.5238,13.7143,0.2857,0.0476,2.4286,0.2857,0.2857,0.2857,0.4762,0.0476,0.4762,0.5714,0.0,1.8095,0.4286,0.5714,0.1905,0.0476,0.0476,2.2857,5.1429,1.5238,0.2381,0.5238,10.381,0.0,0.0476,FP
150401,LIMA,CANTA,CANTA,34.0,326.0,439.0,55.0,8.0,0.0,30.0,2.0,47.0,3138.0,0.0,10.0,1672.0,12.0,5.0,410.0,132.0,5.0,50.0,28.0,9.0,67.0,89.0,7.0,156.0,14.0,39.0,17.0,2.0,5.0,241.0,443.0,419.0,19.0,119.0,1383.0,7.0,11.0,9450,1940,517,0.3598,3.4497,4.6455,0.582,0.0847,0.0,0.3175,0.0212,0.4974,33.2063,0.0,0.1058,17.6931,0.127,0.0529,4.3386,1.3968,0.0529,0.5291,0.2963,0.0952,0.709,0.9418,0.0741,1.6508,0.1481,0.4127,0.1799,0.0212,0.0529,2.5503,4.6878,4.4339,0.2011,1.2593,14.6349,0.0741,0.1164,FP
150402,LIMA,CANTA,ARAHUAY,1.0,9.0,229.0,3.0,0.0,0.0,0.0,0.0,0.0,120.0,0.0,1.0,12.0,2.0,1.0,0.0,1.0,0.0,1.0,2.0,1.0,0.0,3.0,1.0,2.0,0.0,2.0,0.0,0.0,0.0,10.0,8.0,21.0,0.0,0.0,73.0,0.0,0.0,503,85,10,0.1988,1.7893,45.5268,0.5964,0.0,0.0,0.0,0.0,0.0,23.8569,0.0,0.1988,2.3857,0.3976,0.1988,0.0,0.1988,0.0,0.1988,0.3976,0.1988,0.0,0.5964,0.1988,0.3976,0.0,0.3976,0.0,0.0,0.0,1.9881,1.5905,4.175,0.0,0.0,14.5129,0.0,0.0,APP
150403,LIMA,CANTA,HUAMANTANGA,7.0,4.0,194.0,1.0,1.0,0.0,4.0,1.0,1.0,338.0,0.0,1.0,113.0,1.0,0.0,13.0,2.0,0.0,5.0,7.0,0.0,1.0,1.0,11.0,12.0,0.0,4.0,0.0,1.0,0.0,13.0,24.0,28.0,2.0,1.0,140.0,0.0,0.0,931,174,47,0.7519,0.4296,20.8378,0.1074,0.1074,0.0,0.4296,0.1074,0.1074,36.305,0.0,0.1074,12.1375,0.1074,0.0,1.3963,0.2148,0.0,0.5371,0.7519,0.0,0.1074,0.1074,1.1815,1.2889,0.0,0.4296,0.0,0.1074,0.0,1.3963,2.5779,3.0075,0.2148,0.1074,15.0376,0.0,0.0,FP
150404,LIMA,CANTA,HUAROS,6.0,31.0,828.0,1.0,0.0,0.0,1.0,1.0,8.0,407.0,0.0,2.0,89.0,0.0,0.0,13.0,0.0,1.0,2.0,10.0,0.0,5.0,2.0,12.0,54.0,1.0,0.0,1.0,0.0,0.0,49.0,34.0,195.0,4.0,1.0,241.0,2.0,0.0,2001,364,121,0.2999,1.5492,41.3793,0.05,0.0,0.0,0.05,0.05,0.3998,20.3398,0.0,0.1,4.4478,0.0,0.0,0.6497,0.0,0.05,0.1,0.4998,0.0,0.2499,0.1,0.5997,2.6987,0.05,0.0,0.05,0.0,0.0,2.4488,1.6992,9.7451,0.1999,0.05,12.044,0.1,0.0,APP
150405,LIMA,CANTA,LACHAQUI,15.0,14.0,252.0,4.0,2.0,0.0,3.0,10.0,1.0,741.0,0.0,1.0,318.0,4.0,2.0,28.0,1.0,1.0,12.0,188.0,2.0,12.0,2.0,0.0,150.0,7.0,11.0,18.0,3.0,1.0,40.0,56.0,273.0,10.0,1.0,219.0,2.0,0.0,2404,476,93,0.624,0.5824,10.4825,0.1664,0.0832,0.0,0.1248,0.416,0.0416,30.8236,0.0,0.0416,13.228,0.1664,0.0832,1.1647,0.0416,0.0416,0.4992,7.8203,0.0832,0.4992,0.0832,0.0,6.2396,0.2912,0.4576,0.7488,0.1248,0.0416,1.6639,2.3295,11.3561,0.416,0.0416,9.1098,0.0832,0.0,FP
150406,LIMA,CANTA,SAN BUENAVENTURA,7.0,22.0,453.0,2.0,1.0,0.0,10.0,1.0,6.0,1423.0,0.0,2.0,336.0,3.0,0.0,26.0,19.0,0.0,5.0,21.0,0.0,15.0,6.0,3.0,43.0,1.0,17.0,6.0,0.0,1.0,25.0,97.0,51.0,1.0,2.0,72.0,1.0,0.0,2678,769,177,0.2614,0.8215,16.9156,0.0747,0.0373,0.0,0.3734,0.0373,0.224,53.1367,0.0,0.0747,12.5467,0.112,0.0,0.9709,0.7095,0.0,0.1867,0.7842,0.0,0.5601,0.224,0.112,1.6057,0.0373,0.6348,0.224,0.0,0.0373,0.9335,3.6221,1.9044,0.0373,0.0747,2.6886,0.0373,0.0,FP
150407,LIMA,CANTA,SANTA ROSA DE QUIVES,3.0,11.0,47.0,3.0,2.0,0.0,4.0,0.0,2.0,289.0,0.0,0.0,72.0,0.0,1.0,39.0,3.0,4.0,11.0,1.0,1.0,4.0,2.0,2.0,16.0,0.0,7.0,0.0,0.0,1.0,48.0,26.0,331.0,1.0,1.0,332.0,0.0,0.0,1264,219,56,0.2373,0.8703,3.7184,0.2373,0.1582,0.0,0.3165,0.0,0.1582,22.8639,0.0,0.0,5.6962,0.0,0.0791,3.0854,0.2373,0.3165,0.8703,0.0791,0.0791,0.3165,0.1582,0.1582,1.2658,0.0,0.5538,0.0,0.0,0.0791,3.7975,2.057,26.1867,0.0791,0.0791,26.2658,0.0,0.0,SP20
150408,Lima,Canta,,0.0,2.0,28.0,0.0,0.0,0.0,0.0,0.0,0.0,58.0,0.0,4.0,16.0,1.0,0.0,6.0,1.0,0.0,0.0,2.0,0.0,2.0,1.0,0.0,8.0,0.0,0.0,0.0,0.0,0.0,1.0,5.0,25.0,1.0,0.0,43.0,0.0,0.0,204,44,7,0.0,0.9804,13.7255,0.0,0.0,0.0,0.0,0.0,0.0,28.4314,0.0,1.9608,7.8431,0.4902,0.0,2.9412,0.4902,0.0,0.0,0.9804,0.0,0.9804,0.4902,0.0,3.9216,0.0,0.0,0.0,0.0,0.0,0.4902,2.451,12.2549,0.4902,0.0,21.0784,0.0,0.0,FP
150409,Lima,Canta,,0.0,4.0,66.0,0.0,0.0,0.0,0.0,2.0,0.0,135.0,0.0,1.0,15.0,0.0,0.0,5.0,1.0,0.0,0.0,0.0,1.0,0.0,1.0,0.0,1.0,1.0,1.0,0.0,0.0,0.0,3.0,17.0,88.0,0.0,1.0,81.0,1.0,0.0,425,59,14,0.0,0.9412,15.5294,0.0,0.0,0.0,0.0,0.4706,0.0,31.7647,0.0,0.2353,3.5294,0.0,0.0,1.1765,0.2353,0.0,0.0,0.0,0.2353,0.0,0.2353,0.0,0.2353,0.2353,0.2353,0.0,0.0,0.0,0.7059,4.0,20.7059,0.0,0.2353,19.0588,0.2353,0.0,FP
150410,Lima,Canta,,3.0,11.0,157.0,2.0,1.0,0.0,5.0,1.0,4.0,666.0,0.0,1.0,74.0,2.0,21.0,38.0,5.0,0.0,5.0,4.0,1.0,7.0,2.0,2.0,50.0,3.0,10.0,1.0,0.0,0.0,38.0,57.0,206.0,17.0,5.0,215.0,0.0,1.0,1615,291,88,0.1858,0.6811,9.7214,0.1238,0.0619,0.0,0.3096,0.0619,0.2477,41.2384,0.0,0.0619,4.582,0.1238,1.3003,2.3529,0.3096,0.0,0.3096,0.2477,0.0619,0.4334,0.1238,0.1238,3.096,0.1858,0.6192,0.0619,0.0,0.0,2.3529,3.5294,12.7554,1.0526,0.3096,13.3127,0.0,0.0619,FP
150411,Lima,Canta,,4.0,1.0,22.0,0.0,0.0,0.0,0.0,0.0,0.0,219.0,0.0,7.0,26.0,0.0,0.0,10.0,1.0,0.0,0.0,2.0,30.0,1.0,18.0,0.0,5.0,0.0,8.0,1.0,1.0,0.0,29.0,10.0,5.0,0.0,0.0,70.0,1.0,1.0,472,353,40,0.8475,0.2119,4.661,0.0,0.0,0.0,0.0,0.0,0.0,46.3983,0.0,1.4831,5.5085,0.0,0.0,2.1186,0.2119,0.0,0.0,0.4237,6.3559,0.2119,3.8136,0.0,1.0593,0.0,1.6949,0.2119,0.2119,0.0,6.1441,2.1186,1.0593,0.0,0.0,14.8305,0.2119,0.2119,FP
150501,LIMA,CAÑETE,SAN VICENTE DE CAÑETE,32.0,228.0,285.0,122.0,6.0,0.0,67.0,21.0,49.0,2984.0,0.0,18.0,1290.0,18.0,21.0,470.0,159.0,7.0,139.0,32.0,8.0,77.0,98.0,42.0,153.0,15.0,58.0,26.0,4.0,2.0,328.0,392.0,677.0,19.0,87.0,434.0,17.0,10.0,8395,2680,789,0.3812,2.7159,3.3949,1.4532,0.0715,0.0,0.7981,0.2501,0.5837,35.545,0.0,0.2144,15.3663,0.2144,0.2501,5.5986,1.894,0.0834,1.6557,0.3812,0.0953,0.9172,1.1674,0.5003,1.8225,0.1787,0.6909,0.3097,0.0476,0.0238,3.9071,4.6694,8.0643,0.2263,1.0363,5.1697,0.2025,0.1191,FP
150502,LIMA,CAÑETE,ASIA,12.0,45.0,342.0,15.0,4.0,0.0,15.0,12.0,8.0,726.0,0.0,57.0,488.0,3.0,9.0,147.0,38.0,0.0,37.0,21.0,0.0,34.0,10.0,2.0,18.0,7.0,28.0,23.0,2.0,5.0,78.0,82.0,62.0,7.0,13.0,260.0,2.0,7.0,2619,854,243,0.4582,1.7182,13.0584,0.5727,0.1527,0.0,0.5727,0.4582,0.3055,27.7205,0.0,2.1764,18.6331,0.1145,0.3436,5.6128,1.4509,0.0,1.4128,0.8018,0.0,1.2982,0.3818,0.0764,0.6873,0.2673,1.0691,0.8782,0.0764,0.1909,2.9782,3.131,2.3673,0.2673,0.4964,9.9275,0.0764,0.2673,FP
150503,LIMA,CAÑETE,CALANGO,7.0,12.0,59.0,2.0,1.0,0.0,6.0,2.0,5.0,313.0,0.0,1.0,313.0,1.0,2.0,19.0,1.0,2.0,10.0,3.0,0.0,10.0,2.0,2.0,10.0,3.0,10.0,4.0,2.0,0.0,45.0,33.0,12.0,2.0,4.0,201.0,0.0,1.0,1100,349,94,0.6364,1.0909,5.3636,0.1818,0.0909,0.0,0.5455,0.1818,0.4545,28.4545,0.0,0.0909,28.4545,0.0909,0.1818,1.7273,0.0909,0.1818,0.9091,0.2727,0.0,0.9091,0.1818,0.1818,0.9091,0.2727,0.9091,0.3636,0.1818,0.0,4.0909,3.0,1.0909,0.1818,0.3636,18.2727,0.0,0.0909,FP
150504,LIMA,CAÑETE,CERRO AZUL,13.0,24.0,78.0,3.0,2.0,0.0,6.0,2.0,7.0,535.0,0.0,11.0,614.0,0.0,1.0,84.0,10.0,2.0,15.0,6.0,1.0,19.0,9.0,20.0,36.0,4.0,17.0,2.0,3.0,2.0,63.0,39.0,46.0,5.0,8.0,101.0,6.0,3.0,1797,676,191,0.7234,1.3356,4.3406,0.1669,0.1113,0.0,0.3339,0.1113,0.3895,29.7718,0.0,0.6121,34.1681,0.0,0.0556,4.6745,0.5565,0.1113,0.8347,0.3339,0.0556,1.0573,0.5008,1.113,2.0033,0.2226,0.946,0.1113,0.1669,0.1113,3.5058,2.1703,2.5598,0.2782,0.4452,5.6205,0.3339,0.1669,JxP
150505,LIMA,CAÑETE,CHILCA,18.0,39.0,253.0,9.0,4.0,0.0,9.0,10.0,11.0,1080.0,0.0,7.0,455.0,8.0,5.0,33.0,14.0,2.0,34.0,18.0,8.0,27.0,4.0,9.0,67.0,6.0,17.0,7.0,2.0,2.0,158.0,52.0,248.0,9.0,3.0,178.0,0.0,3.0,2809,975,240,0.6408,1.3884,9.0068,0.3204,0.1424,0.0,0.3204,0.356,0.3916,38.4478,0.0,0.2492,16.1979,0.2848,0.178,1.1748,0.4984,0.0712,1.2104,0.6408,0.2848,0.9612,0.1424,0.3204,2.3852,0.2136,0.6052,0.2492,0.0712,0.0712,5.6248,1.8512,8.8288,0.3204,0.1068,6.3368,0.0,0.1068,FP
150506,LIMA,CAÑETE,COAYLLO,2.0,5.0,39.0,1.0,0.0,0.0,5.0,0.0,4.0,285.0,0.0,2.0,78.0,0.0,0.0,17.0,3.0,0.0,3.0,1.0,0.0,4.0,1.0,3.0,3.0,2.0,0.0,0.0,0.0,0.0,12.0,25.0,22.0,1.0,1.0,163.0,1.0,0.0,683,200,46,0.2928,0.7321,5.7101,0.1464,0.0,0.0,0.7321,0.0,0.5857,41.7277,0.0,0.2928,11.4202,0.0,0.0,2.489,0.4392,0.0,0.4392,0.1464,0.0,0.5857,0.1464,0.4392,0.4392,0.2928,0.0,0.0,0.0,0.0,1.757,3.6603,3.2211,0.1464,0.1464,23.8653,0.1464,0.0,FP
150601,LIMA,HUARAL,HUARAL,38.0,117.0,117.0,23.0,7.0,0.0,13.0,8.0,26.0,3556.0,0.0,29.0,450.0,12.0,9.0,121.0,59.0,10.0,10.0,29.0,4.0,69.0,99.0,5.0,302.0,10.0,37.0,12.0,3.0,2.0,111.0,220.0,411.0,15.0,41.0,245.0,10.0,14.0,6244,3293,969,0.6086,1.8738,1.8738,0.3684,0.1121,0.0,0.2082,0.1281,0.4164,56.9507,0.0,0.4644,7.2069,0.1922,0.1441,1.9379,0.9449,0.1602,0.1602,0.4644,0.0641,1.1051,1.5855,0.0801,4.8366,0.1602,0.5926,0.1922,0.048,0.032,1.7777,3.5234,6.5823,0.2402,0.6566,3.9238,0.1602,0.2242,FP
150602,LIMA,HUARAL,ATAVILLOS ALTO,11.0,50.0,133.0,6.0,15.0,0.0,11.0,1.0,5.0,1363.0,0.0,7.0,179.0,4.0,8.0,57.0,17.0,1.0,4.0,16.0,4.0,21.0,10.0,0.0,60.0,8.0,16.0,8.0,1.0,1.0,33.0,197.0,89.0,16.0,14.0,184.0,1.0,6.0,2557,1791,293,0.4302,1.9554,5.2014,0.2346,0.5866,0.0,0.4302,0.0391,0.1955,53.3047,0.0,0.2738,7.0004,0.1564,0.3129,2.2292,0.6648,0.0391,0.1564,0.6257,0.1564,0.8213,0.3911,0.0,2.3465,0.3129,0.6257,0.3129,0.0391,0.0391,1.2906,7.7043,3.4806,0.6257,0.5475,7.1959,0.0391,0.2346,FP
150603,LIMA,HUARAL,ATAVILLOS BAJO,10.0,11.0,111.0,8.0,0.0,0.0,4.0,2.0,10.0,1368.0,0.0,9.0,99.0,0.0,2.0,40.0,8.0,0.0,14.0,19.0,5.0,13.0,15.0,0.0,95.0,14.0,15.0,2.0,0.0,0.0,20.0,49.0,186.0,4.0,9.0,127.0,5.0,2.0,2276,2380,261,0.4394,0.4833,4.877,0.3515,0.0,0.0,0.1757,0.0879,0.4394,60.1054,0.0,0.3954,4.3497,0.0,0.0879,1.7575,0.3515,0.0,0.6151,0.8348,0.2197,0.5712,0.6591,0.0,4.174,0.6151,0.6591,0.0879,0.0,0.0,0.8787,2.1529,8.1722,0.1757,0.3954,5.58,0.2197,0.0879,FP
150604,LIMA,HUARAL,AUCALLAMA,14.0,32.0,67.0,9.0,3.0,0.0,8.0,6.0,4.0,1262.0,0.0,5.0,188.0,2.0,4.0,67.0,18.0,2.0,8.0,14.0,5.0,19.0,12.0,1.0,53.0,1.0,23.0,5.0,2.0,2.0,28.0,89.0,291.0,6.0,9.0,157.0,2.0,2.0,2420,3392,352,0.5785,1.3223,2.7686,0.3719,0.124,0.0,0.3306,0.2479,0.1653,52.1488,0.0,0.2066,7.7686,0.0826,0.1653,2.7686,0.7438,0.0826,0.3306,0.5785,0.2066,0.7851,0.4959,0.0413,2.1901,0.0413,0.9504,0.2066,0.0826,0.0826,1.157,3.6777,12.0248,0.2479,0.3719,6.4876,0.0826,0.0826,FP
150605,LIMA,HUARAL,CHANCAY,1.0,5.0,39.0,1.0,2.0,0.0,4.0,2.0,0.0,793.0,0.0,2.0,25.0,3.0,3.0,8.0,0.0,0.0,1.0,4.0,1.0,2.0,11.0,2.0,61.0,0.0,4.0,4.0,1.0,0.0,7.0,28.0,51.0,3.0,3.0,20.0,0.0,1.0,1092,500,113,0.0916,0.4579,3.5714,0.0916,0.1832,0.0,0.3663,0.1832,0.0,72.619,0.0,0.1832,2.2894,0.2747,0.2747,0.7326,0.0,0.0,0.0916,0.3663,0.0916,0.1832,1.0073,0.1832,5.5861,0.0,0.3663,0.3663,0.0916,0.0,0.641,2.5641,4.6703,0.2747,0.2747,1.8315,0.0,0.0916,FP
150701,LIMA,HUAROCHIRÍ,MATUCANA,90.0,209.0,363.0,36.0,17.0,0.0,56.0,5.0,42.0,912.0,0.0,6.0,1534.0,11.0,19.0,199.0,98.0,5.0,16.0,23.0,8.0,43.0,53.0,25.0,258.0,9.0,36.0,17.0,7.0,4.0,94.0,170.0,194.0,14.0,46.0,197.0,6.0,21.0,4843,1554,390,1.8584,4.3155,7.4954,0.7433,0.351,0.0,1.1563,0.1032,0.8672,18.8313,0.0,0.1239,31.6746,0.2271,0.3923,4.109,2.0235,0.1032,0.3304,0.4749,0.1652,0.8879,1.0944,0.5162,5.3273,0.1858,0.7433,0.351,0.1445,0.0826,1.9409,3.5102,4.0058,0.2891,0.9498,4.0677,0.1239,0.4336,JxP
150702,LIMA,HUAROCHIRÍ,ANTIOQUIA,26.0,15.0,137.0,8.0,3.0,0.0,5.0,3.0,6.0,249.0,0.0,2.0,864.0,1.0,4.0,14.0,4.0,0.0,7.0,12.0,1.0,15.0,6.0,1.0,116.0,4.0,13.0,8.0,1.0,2.0,50.0,12.0,18.0,9.0,3.0,97.0,1.0,11.0,1728,1044,158,1.5046,0.8681,7.9282,0.463,0.1736,0.0,0.2894,0.1736,0.3472,14.4097,0.0,0.1157,50.0,0.0579,0.2315,0.8102,0.2315,0.0,0.4051,0.6944,0.0579,0.8681,0.3472,0.0579,6.713,0.2315,0.7523,0.463,0.0579,0.1157,2.8935,0.6944,1.0417,0.5208,0.1736,5.6134,0.0579,0.6366,JxP
150703,LIMA,HUAROCHIRÍ,CALLAHUANCA,8.0,6.0,61.0,3.0,0.0,0.0,4.0,3.0,4.0,62.0,0.0,2.0,1635.0,2.0,2.0,10.0,8.0,3.0,1.0,21.0,2.0,32.0,3.0,0.0,53.0,4.0,12.0,9.0,2.0,0.0,90.0,43.0,61.0,16.0,5.0,55.0,2.0,0.0,2224,759,173,0.3597,0.2698,2.7428,0.1349,0.0,0.0,0.1799,0.1349,0.1799,2.7878,0.0,0.0899,73.5162,0.0899,0.0899,0.4496,0.3597,0.1349,0.045,0.9442,0.0899,1.4388,0.1349,0.0,2.3831,0.1799,0.5396,0.4047,0.0899,0.0,4.0468,1.9335,2.7428,0.7194,0.2248,2.473,0.0899,0.0,JxP
150704,LIMA,HUAROCHIRÍ,CARAMPOMA,33.0,27.0,349.0,7.0,3.0,0.0,5.0,5.0,7.0,872.0,0.0,6.0,1491.0,2.0,7.0,90.0,11.0,1.0,5.0,22.0,1.0,69.0,10.0,5.0,47.0,1.0,24.0,5.0,2.0,4.0,30.0,36.0,32.0,4.0,9.0,160.0,1.0,166.0,3549,876,600,0.9298,0.7608,9.8338,0.1972,0.0845,0.0,0.1409,0.1409,0.1972,24.5703,0.0,0.1691,42.0118,0.0564,0.1972,2.5359,0.3099,0.0282,0.1409,0.6199,0.0282,1.9442,0.2818,0.1409,1.3243,0.0282,0.6762,0.1409,0.0564,0.1127,0.8453,1.0144,0.9017,0.1127,0.2536,4.5083,0.0282,4.6774,JxP
150705,LIMA,HUAROCHIRÍ,CHICLA,33.0,11.0,100.0,47.0,4.0,0.0,1.0,1.0,3.0,231.0,0.0,2.0,663.0,3.0,1.0,10.0,3.0,1.0,2.0,6.0,0.0,7.0,1.0,19.0,54.0,4.0,12.0,20.0,3.0,1.0,55.0,18.0,40.0,2.0,4.0,96.0,0.0,5.0,1463,605,123,2.2556,0.7519,6.8353,3.2126,0.2734,0.0,0.0684,0.0684,0.2051,15.7895,0.0,0.1367,45.3178,0.2051,0.0684,0.6835,0.2051,0.0684,0.1367,0.4101,0.0,0.4785,0.0684,1.2987,3.691,0.2734,0.8202,1.3671,0.2051,0.0684,3.7594,1.2303,2.7341,0.1367,0.2734,6.5619,0.0,0.3418,JxP
150706,LIMA,HUAROCHIRÍ,CUENCA,49.0,45.0,198.0,12.0,4.0,0.0,150.0,6.0,7.0,427.0,0.0,0.0,955.0,3.0,6.0,45.0,8.0,4.0,10.0,19.0,26.0,18.0,5.0,7.0,59.0,7.0,18.0,9.0,3.0,4.0,85.0,47.0,113.0,26.0,8.0,182.0,3.0,4.0,2572,753,221,1.9051,1.7496,7.6983,0.4666,0.1555,0.0,5.832,0.2333,0.2722,16.6019,0.0,0.0,37.1306,0.1166,0.2333,1.7496,0.311,0.1555,0.3888,0.7387,1.0109,0.6998,0.1944,0.2722,2.2939,0.2722,0.6998,0.3499,0.1166,0.1555,3.3048,1.8274,4.3935,1.0109,0.311,7.0762,0.1166,0.1555,JxP
150901,LIMA,OYÓN,OYÓN,1.0,28.0,173.0,5.0,0.0,0.0,3.0,1.0,5.0,574.0,0.0,2.0,60.0,3.0,0.0,23.0,7.0,4.0,4.0,4.0,0.0,9.0,4.0,6.0,31.0,1.0,10.0,4.0,1.0,1.0,20.0,52.0,52.0,1.0,4.0,47.0,3.0,4.0,1147,225,43,0.0872,2.4412,15.0828,0.4359,0.0,0.0,0.2616,0.0872,0.4359,50.0436,0.0,0.1744,5.231,0.2616,0.0,2.0052,0.6103,0.3487,0.3487,0.3487,0.0,0.7847,0.3487,0.5231,2.7027,0.0872,0.8718,0.3487,0.0872,0.0872,1.7437,4.5336,4.5336,0.0872,0.3487,4.0976,0.2616,0.3487,FP
150902,LIMA,OYÓN,ANDAJES,0.0,2.0,13.0,0.0,0.0,0.0,0.0,0.0,1.0,78.0,0.0,0.0,7.0,0.0,0.0,0.0,0.0,1.0,0.0,1.0,0.0,0.0,1.0,1.0,0.0,0.0,0.0,0.0,0.0,0.0,1.0,7.0,2.0,0.0,0.0,0.0,0.0,0.0,115,53,4,0.0,1.7391,11.3043,0.0,0.0,0.0,0.0,0.0,0.8696,67.8261,0.0,0.0,6.087,0.0,0.0,0.0,0.0,0.8696,0.0,0.8696,0.0,0.0,0.8696,0.8696,0.0,0.0,0.0,0.0,0.0,0.0,0.8696,6.087,1.7391,0.0,0.0,0.0,0.0,0.0,FP
150903,LIMA,OYÓN,CAUJUL,5.0,6.0,197.0,0.0,1.0,0.0,1.0,1.0,1.0,218.0,0.0,0.0,26.0,1.0,0.0,8.0,4.0,0.0,0.0,3.0,1.0,2.0,1.0,1.0,2.0,1.0,0.0,0.0,2.0,0.0,8.0,3.0,15.0,0.0,1.0,15.0,0.0,0.0,524,150,43,0.9542,1.145,37.5954,0.0,0.1908,0.0,0.1908,0.1908,0.1908,41.6031,0.0,0.0,4.9618,0.1908,0.0,1.5267,0.7634,0.0,0.0,0.5725,0.1908,0.3817,0.1908,0.1908,0.3817,0.1908,0.0,0.0,0.3817,0.0,1.5267,0.5725,2.8626,0.0,0.1908,2.8626,0.0,0.0,FP
150904,LIMA,OYÓN,COCHAMARCA,0.0,3.0,26.0,2.0,0.0,0.0,0.0,0.0,1.0,144.0,0.0,0.0,5.0,0.0,0.0,0.0,0.0,1.0,0.0,1.0,0.0,2.0,0.0,0.0,1.0,0.0,0.0,1.0,1.0,0.0,0.0,0.0,11.0,1.0,0.0,6.0,4.0,0.0,210,69,25,0.0,1.4286,12.381,0.9524,0.0,0.0,0.0,0.0,0.4762,68.5714,0.0,0.0,2.381,0.0,0.0,0.0,0.0,0.4762,0.0,0.4762,0.0,0.9524,0.0,0.0,0.4762,0.0,0.0,0.4762,0.4762,0.0,0.0,0.0,5.2381,0.4762,0.0,2.8571,1.9048,0.0,FP
160101,LORETO,MAYNAS,IQUITOS,344.0,4300.0,762.0,345.0,280.0,0.0,1056.0,50.0,1671.0,7178.0,0.0,97.0,8588.0,78.0,161.0,7347.0,3309.0,80.0,458.0,209.0,140.0,520.0,1388.0,63.0,590.0,125.0,607.0,323.0,26.0,39.0,808.0,3879.0,2158.0,49.0,1944.0,479.0,119.0,214.0,49784,10122,2989,0.691,8.6373,1.5306,0.693,0.5624,0.0,2.1212,0.1004,3.3565,14.4183,0.0,0.1948,17.2505,0.1567,0.3234,14.7578,6.6467,0.1607,0.92,0.4198,0.2812,1.0445,2.788,0.1265,1.1851,0.2511,1.2193,0.6488,0.0522,0.0783,1.623,7.7917,4.3347,0.0984,3.9049,0.9622,0.239,0.4299,JxP
160102,LORETO,MAYNAS,ALTO NANAY,125.0,420.0,69.0,14.0,10.0,0.0,185.0,8.0,260.0,589.0,0.0,8.0,2874.0,11.0,11.0,1239.0,172.0,12.0,110.0,41.0,6.0,109.0,88.0,4.0,19.0,18.0,133.0,129.0,6.0,2.0,116.0,234.0,107.0,14.0,150.0,26.0,17.0,16.0,7352,1858,512,1.7002,5.7127,0.9385,0.1904,0.136,0.0,2.5163,0.1088,3.5365,8.0114,0.0,0.1088,39.0914,0.1496,0.1496,16.8526,2.3395,0.1632,1.4962,0.5577,0.0816,1.4826,1.197,0.0544,0.2584,0.2448,1.809,1.7546,0.0816,0.0272,1.5778,3.1828,1.4554,0.1904,2.0403,0.3536,0.2312,0.2176,JxP
160103,LORETO,MAYNAS,FERNANDO LORES,44.0,429.0,98.0,45.0,17.0,0.0,122.0,9.0,212.0,910.0,0.0,10.0,1713.0,14.0,20.0,858.0,225.0,18.0,93.0,41.0,18.0,88.0,114.0,6.0,57.0,14.0,102.0,65.0,3.0,4.0,145.0,346.0,171.0,9.0,149.0,49.0,8.0,22.0,6248,1663,448,0.7042,6.8662,1.5685,0.7202,0.2721,0.0,1.9526,0.144,3.3931,14.5647,0.0,0.1601,27.4168,0.2241,0.3201,13.7324,3.6012,0.2881,1.4885,0.6562,0.2881,1.4085,1.8246,0.096,0.9123,0.2241,1.6325,1.0403,0.048,0.064,2.3207,5.5378,2.7369,0.144,2.3848,0.7843,0.128,0.3521,JxP
160104,LORETO,MAYNAS,INDIANA,79.0,140.0,35.0,14.0,11.0,0.0,76.0,11.0,141.0,316.0,0.0,5.0,1570.0,7.0,9.0,578.0,90.0,7.0,55.0,32.0,4.0,64.0,50.0,1.0,32.0,12.0,61.0,37.0,3.0,2.0,88.0,143.0,47.0,9.0,90.0,14.0,10.0,9.0,3852,1022,240,2.0509,3.6345,0.9086,0.3634,0.2856,0.0,1.973,0.2856,3.6604,8.2035,0.0,0.1298,40.758,0.1817,0.2336,15.0052,2.3364,0.1817,1.4278,0.8307,0.1038,1.6615,1.298,0.026,0.8307,0.3115,1.5836,0.9605,0.0779,0.0519,2.2845,3.7124,1.2201,0.2336,2.3364,0.3634,0.2596,0.2336,JxP
160201,LORETO,ALTO AMAZONAS,YURIMAGUAS,42.0,139.0,13.0,4.0,3.0,0.0,25.0,4.0,22.0,107.0,0.0,1.0,409.0,0.0,2.0,176.0,41.0,3.0,26.0,8.0,3.0,20.0,18.0,1.0,9.0,4.0,21.0,41.0,1.0,3.0,16.0,36.0,23.0,1.0,10.0,94.0,2.0,2.0,1330,278,132,3.1579,10.4511,0.9774,0.3008,0.2256,0.0,1.8797,0.3008,1.6541,8.0451,0.0,0.0752,30.7519,0.0,0.1504,13.2331,3.0827,0.2256,1.9549,0.6015,0.2256,1.5038,1.3534,0.0752,0.6767,0.3008,1.5789,3.0827,0.0752,0.2256,1.203,2.7068,1.7293,0.0752,0.7519,7.0677,0.1504,0.1504,JxP
160202,LORETO,ALTO AMAZONAS,BALSAPUERTO,3.0,8.0,15.0,0.0,0.0,0.0,2.0,0.0,6.0,37.0,0.0,0.0,63.0,2.0,0.0,10.0,2.0,0.0,3.0,1.0,0.0,6.0,3.0,0.0,0.0,1.0,5.0,2.0,0.0,0.0,4.0,5.0,2.0,0.0,2.0,20.0,0.0,0.0,202,106,19,1.4851,3.9604,7.4257,0.0,0.0,0.0,0.9901,0.0,2.9703,18.3168,0.0,0.0,31.1881,0.9901,0.0,4.9505,0.9901,0.0,1.4851,0.495,0.0,2.9703,1.4851,0.0,0.0,0.495,2.4752,0.9901,0.0,0.0,1.9802,2.4752,0.9901,0.0,0.9901,9.901,0.0,0.0,JxP
160203,Loreto,Alto Amazonas,,56.0,198.0,20.0,7.0,3.0,0.0,93.0,6.0,89.0,394.0,0.0,5.0,1405.0,5.0,3.0,513.0,77.0,4.0,61.0,18.0,6.0,60.0,31.0,3.0,24.0,5.0,44.0,56.0,2.0,0.0,61.0,113.0,40.0,8.0,72.0,9.0,4.0,4.0,3499,922,227,1.6005,5.6588,0.5716,0.2001,0.0857,0.0,2.6579,0.1715,2.5436,11.2604,0.0,0.1429,40.1543,0.1429,0.0857,14.6613,2.2006,0.1143,1.7434,0.5144,0.1715,1.7148,0.886,0.0857,0.6859,0.1429,1.2575,1.6005,0.0572,0.0,1.7434,3.2295,1.1432,0.2286,2.0577,0.2572,0.1143,0.1143,JxP
160204,Loreto,Alto Amazonas,,57.0,234.0,32.0,14.0,5.0,0.0,165.0,4.0,123.0,393.0,0.0,5.0,1258.0,5.0,9.0,523.0,125.0,6.0,64.0,26.0,1.0,74.0,48.0,0.0,12.0,6.0,66.0,59.0,2.0,2.0,54.0,103.0,63.0,2.0,64.0,16.0,7.0,17.0,3644,912,215,1.5642,6.4215,0.8782,0.3842,0.1372,0.0,4.528,0.1098,3.3754,10.7849,0.0,0.1372,34.5225,0.1372,0.247,14.3524,3.4303,0.1647,1.7563,0.7135,0.0274,2.0307,1.3172,0.0,0.3293,0.1647,1.8112,1.6191,0.0549,0.0549,1.4819,2.8266,1.7289,0.0549,1.7563,0.4391,0.1921,0.4665,JxP
160301,LORETO,LORETO,NAUTA,3.0,39.0,50.0,13.0,6.0,0.0,8.0,2.0,10.0,285.0,0.0,1.0,70.0,5.0,0.0,58.0,19.0,1.0,13.0,6.0,2.0,8.0,19.0,0.0,9.0,1.0,7.0,4.0,0.0,0.0,22.0,57.0,51.0,0.0,11.0,7.0,1.0,7.0,795,247,44,0.3774,4.9057,6.2893,1.6352,0.7547,0.0,1.0063,0.2516,1.2579,35.8491,0.0,0.1258,8.805,0.6289,0.0,7.2956,2.3899,0.1258,1.6352,0.7547,0.2516,1.0063,2.3899,0.0,1.1321,0.1258,0.8805,0.5031,0.0,0.0,2.7673,7.1698,6.4151,0.0,1.3836,0.8805,0.1258,0.8805,FP
160302,LORETO,LORETO,PARINARI,21.0,518.0,34.0,85.0,5.0,0.0,39.0,0.0,54.0,413.0,0.0,2.0,458.0,3.0,4.0,276.0,103.0,2.0,31.0,13.0,3.0,25.0,31.0,0.0,12.0,6.0,17.0,28.0,0.0,1.0,63.0,111.0,78.0,4.0,57.0,18.0,6.0,8.0,2529,879,240,0.8304,20.4824,1.3444,3.361,0.1977,0.0,1.5421,0.0,2.1352,16.3306,0.0,0.0791,18.1099,0.1186,0.1582,10.9134,4.0728,0.0791,1.2258,0.514,0.1186,0.9885,1.2258,0.0,0.4745,0.2372,0.6722,1.1072,0.0,0.0395,2.4911,4.3891,3.0842,0.1582,2.2539,0.7117,0.2372,0.3163,AN
160303,LORETO,LORETO,TIGRE,18.0,81.0,38.0,16.0,2.0,0.0,15.0,3.0,31.0,326.0,0.0,4.0,540.0,1.0,5.0,211.0,27.0,3.0,36.0,6.0,0.0,21.0,12.0,9.0,7.0,3.0,21.0,14.0,0.0,4.0,27.0,60.0,20.0,10.0,21.0,6.0,3.0,14.0,1615,500,121,1.1146,5.0155,2.3529,0.9907,0.1238,0.0,0.9288,0.1858,1.9195,20.1858,0.0,0.2477,33.4365,0.0619,0.3096,13.065,1.6718,0.1858,2.2291,0.3715,0.0,1.3003,0.743,0.5573,0.4334,0.1858,1.3003,0.8669,0.0,0.2477,1.6718,3.7152,1.2384,0.6192,1.3003,0.3715,0.1858,0.8669,JxP
170101,MADRE DE DIOS,TAMBOPATA,TAMBOPATA,397.0,3229.0,138.0,173.0,25.0,0.0,1386.0,21.0,1176.0,1584.0,0.0,50.0,2619.0,44.0,197.0,2895.0,3130.0,40.0,279.0,90.0,67.0,251.0,1626.0,23.0,2633.0,63.0,261.0,194.0,40.0,34.0,364.0,1498.0,1576.0,36.0,1255.0,111.0,80.0,94.0,27679,2531,1315,1.4343,11.6659,0.4986,0.625,0.0903,0.0,5.0074,0.0759,4.2487,5.7228,0.0,0.1806,9.462,0.159,0.7117,10.4592,11.3082,0.1445,1.008,0.3252,0.2421,0.9068,5.8745,0.0831,9.5126,0.2276,0.943,0.7009,0.1445,0.1228,1.3151,5.412,5.6938,0.1301,4.5341,0.401,0.289,0.3396,AN
170102,MADRE DE DIOS,TAMBOPATA,INAMBARI,32.0,181.0,11.0,2.0,1.0,0.0,111.0,3.0,39.0,49.0,0.0,1.0,457.0,1.0,1.0,210.0,40.0,1.0,25.0,7.0,1.0,28.0,16.0,1.0,87.0,2.0,15.0,12.0,2.0,1.0,36.0,23.0,19.0,4.0,29.0,2.0,1.0,2.0,1453,204,94,2.2023,12.457,0.7571,0.1376,0.0688,0.0,7.6394,0.2065,2.6841,3.3723,0.0,0.0688,31.4522,0.0688,0.0688,14.4529,2.7529,0.0688,1.7206,0.4818,0.0688,1.927,1.1012,0.0688,5.9876,0.1376,1.0323,0.8259,0.1376,0.0688,2.4776,1.5829,1.3076,0.2753,1.9959,0.1376,0.0688,0.1376,JxP
170103,MADRE DE DIOS,TAMBOPATA,LAS PIEDRAS,17.0,93.0,5.0,2.0,0.0,0.0,21.0,1.0,16.0,14.0,0.0,0.0,262.0,2.0,2.0,72.0,14.0,1.0,6.0,5.0,0.0,14.0,7.0,0.0,42.0,1.0,6.0,3.0,0.0,0.0,27.0,8.0,4.0,1.0,13.0,0.0,1.0,0.0,660,91,47,2.5758,14.0909,0.7576,0.303,0.0,0.0,3.1818,0.1515,2.4242,2.1212,0.0,0.0,39.697,0.303,0.303,10.9091,2.1212,0.1515,0.9091,0.7576,0.0,2.1212,1.0606,0.0,6.3636,0.1515,0.9091,0.4545,0.0,0.0,4.0909,1.2121,0.6061,0.1515,1.9697,0.0,0.1515,0.0,JxP
170104,MADRE DE DIOS,TAMBOPATA,LABERINTO,18.0,100.0,12.0,3.0,0.0,0.0,55.0,1.0,40.0,29.0,0.0,1.0,552.0,2.0,1.0,178.0,29.0,1.0,12.0,3.0,0.0,21.0,18.0,0.0,106.0,4.0,6.0,8.0,2.0,3.0,20.0,16.0,9.0,4.0,19.0,0.0,2.0,0.0,1275,169,58,1.4118,7.8431,0.9412,0.2353,0.0,0.0,4.3137,0.0784,3.1373,2.2745,0.0,0.0784,43.2941,0.1569,0.0784,13.9608,2.2745,0.0784,0.9412,0.2353,0.0,1.6471,1.4118,0.0,8.3137,0.3137,0.4706,0.6275,0.1569,0.2353,1.5686,1.2549,0.7059,0.3137,1.4902,0.0,0.1569,0.0,JxP
170105,Madre de Dios,Tambopata,,110.0,729.0,40.0,11.0,5.0,0.0,335.0,11.0,356.0,219.0,0.0,11.0,1057.0,4.0,29.0,746.0,368.0,7.0,59.0,24.0,21.0,66.0,295.0,3.0,454.0,6.0,62.0,78.0,6.0,4.0,140.0,196.0,173.0,4.0,198.0,7.0,11.0,8.0,5853,656,365,1.8794,12.4552,0.6834,0.1879,0.0854,0.0,5.7236,0.1879,6.0824,3.7417,0.0,0.1879,18.0591,0.0683,0.4955,12.7456,6.2874,0.1196,1.008,0.41,0.3588,1.1276,5.0402,0.0513,7.7567,0.1025,1.0593,1.3326,0.1025,0.0683,2.3919,3.3487,2.9557,0.0683,3.3829,0.1196,0.1879,0.1367,JxP
170106,Madre de Dios,Tambopata,,76.0,649.0,22.0,33.0,8.0,0.0,250.0,9.0,251.0,339.0,0.0,9.0,628.0,5.0,20.0,585.0,569.0,15.0,60.0,18.0,13.0,43.0,363.0,6.0,407.0,12.0,65.0,29.0,11.0,6.0,142.0,307.0,291.0,7.0,254.0,17.0,18.0,12.0,5549,441,233,1.3696,11.6958,0.3965,0.5947,0.1442,0.0,4.5053,0.1622,4.5233,6.1092,0.0,0.1622,11.3174,0.0901,0.3604,10.5424,10.2541,0.2703,1.0813,0.3244,0.2343,0.7749,6.5417,0.1081,7.3347,0.2163,1.1714,0.5226,0.1982,0.1081,2.559,5.5325,5.2442,0.1261,4.5774,0.3064,0.3244,0.2163,AN
170107,Madre de Dios,Tambopata,,232.0,2023.0,106.0,24.0,15.0,0.0,910.0,5.0,687.0,694.0,0.0,25.0,1917.0,22.0,79.0,1935.0,1416.0,20.0,188.0,38.0,33.0,160.0,703.0,24.0,1334.0,23.0,148.0,88.0,17.0,9.0,236.0,657.0,441.0,7.0,765.0,49.0,62.0,27.0,15119,1211,550,1.5345,13.3805,0.7011,0.1587,0.0992,0.0,6.0189,0.0331,4.544,4.5903,0.0,0.1654,12.6794,0.1455,0.5225,12.7985,9.3657,0.1323,1.2435,0.2513,0.2183,1.0583,4.6498,0.1587,8.8233,0.1521,0.9789,0.582,0.1124,0.0595,1.5609,4.3455,2.9169,0.0463,5.0599,0.3241,0.4101,0.1786,AN
170201,MADRE DE DIOS,MANU,MANU,18.0,175.0,10.0,22.0,2.0,0.0,49.0,0.0,24.0,205.0,0.0,2.0,142.0,2.0,4.0,102.0,138.0,7.0,7.0,13.0,1.0,16.0,75.0,0.0,412.0,5.0,13.0,5.0,0.0,2.0,41.0,65.0,57.0,3.0,61.0,9.0,3.0,4.0,1694,242,73,1.0626,10.3306,0.5903,1.2987,0.1181,0.0,2.8926,0.0,1.4168,12.1015,0.0,0.1181,8.3825,0.1181,0.2361,6.0213,8.1464,0.4132,0.4132,0.7674,0.059,0.9445,4.4274,0.0,24.3211,0.2952,0.7674,0.2952,0.0,0.1181,2.4203,3.8371,3.3648,0.1771,3.6009,0.5313,0.1771,0.2361,PP1
170202,MADRE DE DIOS,MANU,FITZCARRALD,9.0,53.0,4.0,2.0,1.0,0.0,24.0,0.0,22.0,44.0,0.0,0.0,137.0,1.0,3.0,46.0,28.0,0.0,17.0,3.0,1.0,5.0,10.0,0.0,136.0,1.0,8.0,1.0,1.0,0.0,28.0,19.0,16.0,3.0,13.0,4.0,1.0,1.0,642,129,25,1.4019,8.2555,0.6231,0.3115,0.1558,0.0,3.7383,0.0,3.4268,6.8536,0.0,0.0,21.3396,0.1558,0.4673,7.1651,4.3614,0.0,2.648,0.4673,0.1558,0.7788,1.5576,0.0,21.1838,0.1558,1.2461,0.1558,0.1558,0.0,4.3614,2.9595,2.4922,0.4673,2.0249,0.6231,0.1558,0.1558,JxP
170203,MADRE DE DIOS,MANU,MADRE DE DIOS,7.0,18.0,2.0,1.0,0.0,0.0,24.0,0.0,8.0,18.0,0.0,0.0,175.0,0.0,2.0,67.0,21.0,0.0,8.0,2.0,0.0,6.0,10.0,0.0,19.0,1.0,2.0,6.0,3.0,0.0,12.0,6.0,6.0,1.0,4.0,0.0,4.0,0.0,433,75,28,1.6166,4.157,0.4619,0.2309,0.0,0.0,5.5427,0.0,1.8476,4.157,0.0,0.0,40.4157,0.0,0.4619,15.4734,4.8499,0.0,1.8476,0.4619,0.0,1.3857,2.3095,0.0,4.388,0.2309,0.4619,1.3857,0.6928,0.0,2.7714,1.3857,1.3857,0.2309,0.9238,0.0,0.9238,0.0,JxP
170204,MADRE DE DIOS,MANU,HUEPETUHE,95.0,125.0,19.0,1.0,1.0,0.0,59.0,5.0,42.0,21.0,0.0,2.0,494.0,0.0,6.0,253.0,54.0,1.0,21.0,9.0,0.0,13.0,10.0,0.0,28.0,2.0,6.0,5.0,1.0,0.0,15.0,17.0,11.0,2.0,17.0,2.0,0.0,2.0,1339,250,135,7.0948,9.3353,1.419,0.0747,0.0747,0.0,4.4063,0.3734,3.1367,1.5683,0.0,0.1494,36.8932,0.0,0.4481,18.8947,4.0329,0.0747,1.5683,0.6721,0.0,0.9709,0.7468,0.0,2.0911,0.1494,0.4481,0.3734,0.0747,0.0,1.1202,1.2696,0.8215,0.1494,1.2696,0.1494,0.0,0.1494,JxP
170205,Madre de Dios,Manu,,9.0,62.0,0.0,2.0,4.0,0.0,17.0,1.0,17.0,46.0,0.0,1.0,67.0,2.0,2.0,37.0,41.0,1.0,4.0,3.0,2.0,10.0,16.0,2.0,47.0,1.0,17.0,5.0,2.0,1.0,7.0,41.0,9.0,0.0,12.0,4.0,0.0,0.0,492,82,10,1.8293,12.6016,0.0,0.4065,0.813,0.0,3.4553,0.2033,3.4553,9.3496,0.0,0.2033,13.6179,0.4065,0.4065,7.5203,8.3333,0.2033,0.813,0.6098,0.4065,2.0325,3.252,0.4065,9.5528,0.2033,3.4553,1.0163,0.4065,0.2033,1.4228,8.3333,1.8293,0.0,2.439,0.813,0.0,0.0,JxP
170206,Madre de Dios,Manu,,8.0,36.0,11.0,1.0,0.0,0.0,9.0,0.0,8.0,4.0,0.0,1.0,149.0,1.0,0.0,78.0,28.0,0.0,8.0,4.0,1.0,7.0,7.0,0.0,10.0,1.0,4.0,3.0,11.0,1.0,5.0,6.0,2.0,1.0,9.0,2.0,1.0,0.0,417,47,19,1.9185,8.6331,2.6379,0.2398,0.0,0.0,2.1583,0.0,1.9185,0.9592,0.0,0.2398,35.7314,0.2398,0.0,18.705,6.7146,0.0,1.9185,0.9592,0.2398,1.6787,1.6787,0.0,2.3981,0.2398,0.9592,0.7194,2.6379,0.2398,1.199,1.4388,0.4796,0.2398,2.1583,0.4796,0.2398,0.0,JxP
170207,Madre de Dios,Manu,,5.0,46.0,7.0,2.0,1.0,0.0,8.0,0.0,8.0,12.0,0.0,0.0,97.0,0.0,7.0,65.0,41.0,4.0,3.0,4.0,1.0,4.0,3.0,0.0,26.0,2.0,5.0,8.0,1.0,1.0,15.0,17.0,1.0,2.0,3.0,4.0,1.0,5.0,409,46,25,1.2225,11.2469,1.7115,0.489,0.2445,0.0,1.956,0.0,1.956,2.934,0.0,0.0,23.7164,0.0,1.7115,15.8924,10.0244,0.978,0.7335,0.978,0.2445,0.978,0.7335,0.0,6.357,0.489,1.2225,1.956,0.2445,0.2445,3.6675,4.1565,0.2445,0.489,0.7335,0.978,0.2445,1.2225,JxP
170208,Madre de Dios,Manu,,19.0,134.0,6.0,0.0,1.0,0.0,54.0,5.0,50.0,115.0,0.0,5.0,461.0,3.0,8.0,126.0,203.0,3.0,12.0,8.0,1.0,24.0,33.0,0.0,82.0,1.0,24.0,7.0,12.0,0.0,38.0,34.0,28.0,2.0,30.0,7.0,4.0,2.0,1542,223,48,1.2322,8.69,0.3891,0.0,0.0649,0.0,3.5019,0.3243,3.2425,7.4578,0.0,0.3243,29.8962,0.1946,0.5188,8.1712,13.1647,0.1946,0.7782,0.5188,0.0649,1.5564,2.1401,0.0,5.3178,0.0649,1.5564,0.454,0.7782,0.0,2.4643,2.2049,1.8158,0.1297,1.9455,0.454,0.2594,0.1297,JxP
170209,Madre de Dios,Manu,,3.0,48.0,0.0,1.0,0.0,0.0,16.0,1.0,6.0,8.0,0.0,0.0,53.0,0.0,2.0,35.0,37.0,0.0,4.0,3.0,2.0,4.0,7.0,1.0,66.0,0.0,1.0,5.0,4.0,0.0,9.0,9.0,6.0,2.0,12.0,3.0,0.0,0.0,348,45,25,0.8621,13.7931,0.0,0.2874,0.0,0.0,4.5977,0.2874,1.7241,2.2989,0.0,0.0,15.2299,0.0,0.5747,10.0575,10.6322,0.0,1.1494,0.8621,0.5747,1.1494,2.0115,0.2874,18.9655,0.0,0.2874,1.4368,1.1494,0.0,2.5862,2.5862,1.7241,0.5747,3.4483,0.8621,0.0,0.0,PP1
170210,Madre de Dios,Manu,,32.0,74.0,9.0,4.0,2.0,0.0,44.0,2.0,30.0,69.0,0.0,3.0,402.0,2.0,1.0,166.0,71.0,4.0,21.0,9.0,1.0,18.0,15.0,0.0,45.0,3.0,20.0,15.0,2.0,0.0,26.0,24.0,19.0,3.0,29.0,6.0,2.0,2.0,1175,233,107,2.7234,6.2979,0.766,0.3404,0.1702,0.0,3.7447,0.1702,2.5532,5.8723,0.0,0.2553,34.2128,0.1702,0.0851,14.1277,6.0426,0.3404,1.7872,0.766,0.0851,1.5319,1.2766,0.0,3.8298,0.2553,1.7021,1.2766,0.1702,0.0,2.2128,2.0426,1.617,0.2553,2.4681,0.5106,0.1702,0.1702,JxP
170211,Madre de Dios,Manu,,9.0,36.0,1.0,1.0,2.0,0.0,16.0,1.0,27.0,16.0,0.0,0.0,111.0,0.0,2.0,74.0,34.0,0.0,8.0,5.0,0.0,5.0,6.0,0.0,8.0,0.0,2.0,8.0,3.0,0.0,15.0,11.0,6.0,1.0,12.0,3.0,3.0,5.0,431,79,22,2.0882,8.3527,0.232,0.232,0.464,0.0,3.7123,0.232,6.2645,3.7123,0.0,0.0,25.7541,0.0,0.464,17.1694,7.8886,0.0,1.8561,1.1601,0.0,1.1601,1.3921,0.0,1.8561,0.0,0.464,1.8561,0.6961,0.0,3.4803,2.5522,1.3921,0.232,2.7842,0.6961,0.6961,1.1601,JxP
170301,MADRE DE DIOS,TAHUAMANU,IÑAPARI,454.0,3611.0,175.0,260.0,49.0,0.0,1658.0,36.0,1881.0,3661.0,0.0,51.0,4174.0,78.0,211.0,5576.0,4889.0,97.0,540.0,154.0,147.0,260.0,2185.0,46.0,996.0,81.0,369.0,469.0,22.0,37.0,615.0,2803.0,2990.0,31.0,1898.0,397.0,132.0,183.0,41216,4714,1870,1.1015,8.7612,0.4246,0.6308,0.1189,0.0,4.0227,0.0873,4.5638,8.8825,0.0,0.1237,10.1271,0.1892,0.5119,13.5287,11.8619,0.2353,1.3102,0.3736,0.3567,0.6308,5.3013,0.1116,2.4165,0.1965,0.8953,1.1379,0.0534,0.0898,1.4921,6.8008,7.2545,0.0752,4.605,0.9632,0.3203,0.444,Obras
170302,MADRE DE DIOS,TAHUAMANU,IBERIA,19.0,224.0,16.0,4.0,2.0,0.0,141.0,3.0,134.0,168.0,0.0,2.0,696.0,3.0,7.0,448.0,145.0,0.0,34.0,8.0,4.0,16.0,105.0,8.0,95.0,2.0,34.0,29.0,2.0,0.0,55.0,117.0,70.0,2.0,86.0,21.0,5.0,6.0,2711,325,96,0.7008,8.2626,0.5902,0.1475,0.0738,0.0,5.201,0.1107,4.9428,6.197,0.0,0.0738,25.6732,0.1107,0.2582,16.5253,5.3486,0.0,1.2541,0.2951,0.1475,0.5902,3.8731,0.2951,3.5042,0.0738,1.2541,1.0697,0.0738,0.0,2.0288,4.3158,2.5821,0.0738,3.1723,0.7746,0.1844,0.2213,JxP
170303,MADRE DE DIOS,TAHUAMANU,TAHUAMANU,23.0,340.0,15.0,36.0,8.0,0.0,86.0,2.0,67.0,251.0,0.0,3.0,68.0,7.0,15.0,206.0,611.0,3.0,14.0,5.0,17.0,4.0,290.0,4.0,54.0,8.0,29.0,29.0,0.0,1.0,10.0,274.0,864.0,3.0,138.0,77.0,7.0,39.0,3608,211,124,0.6375,9.4235,0.4157,0.9978,0.2217,0.0,2.3836,0.0554,1.857,6.9568,0.0,0.0831,1.8847,0.194,0.4157,5.7095,16.9346,0.0831,0.388,0.1386,0.4712,0.1109,8.0377,0.1109,1.4967,0.2217,0.8038,0.8038,0.0,0.0277,0.2772,7.5942,23.9468,0.0831,3.8248,2.1341,0.194,1.0809,RP
180101,MOQUEGUA,MARISCAL NIETO,MOQUEGUA,83.0,1815.0,158.0,56.0,19.0,0.0,380.0,19.0,1111.0,1565.0,0.0,25.0,1595.0,51.0,90.0,1751.0,992.0,26.0,93.0,46.0,61.0,107.0,453.0,6.0,179.0,41.0,175.0,46.0,13.0,12.0,612.0,887.0,652.0,14.0,666.0,289.0,35.0,26.0,14149,1580,1003,0.5866,12.8278,1.1167,0.3958,0.1343,0.0,2.6857,0.1343,7.8521,11.0609,0.0,0.1767,11.2729,0.3604,0.6361,12.3754,7.0111,0.1838,0.6573,0.3251,0.4311,0.7562,3.2016,0.0424,1.2651,0.2898,1.2368,0.3251,0.0919,0.0848,4.3254,6.269,4.6081,0.0989,4.707,2.0425,0.2474,0.1838,AN
180103,MOQUEGUA,MARISCAL NIETO,CUCHUMBAYA,8.0,110.0,10.0,3.0,1.0,0.0,12.0,3.0,41.0,638.0,0.0,2.0,370.0,1.0,5.0,195.0,39.0,3.0,13.0,6.0,2.0,10.0,13.0,0.0,12.0,3.0,14.0,2.0,2.0,0.0,91.0,58.0,53.0,3.0,40.0,11.0,2.0,1.0,1777,283,120,0.4502,6.1902,0.5627,0.1688,0.0563,0.0,0.6753,0.1688,2.3073,35.9032,0.0,0.1125,20.8216,0.0563,0.2814,10.9736,2.1947,0.1688,0.7316,0.3376,0.1125,0.5627,0.7316,0.0,0.6753,0.1688,0.7878,0.1125,0.1125,0.0,5.121,3.2639,2.9826,0.1688,2.251,0.619,0.1125,0.0563,FP
180104,MOQUEGUA,MARISCAL NIETO,SAMEGUA,9.0,346.0,30.0,49.0,0.0,0.0,79.0,7.0,192.0,457.0,0.0,7.0,594.0,8.0,17.0,502.0,185.0,6.0,12.0,18.0,13.0,37.0,60.0,0.0,39.0,11.0,37.0,11.0,0.0,0.0,153.0,161.0,146.0,5.0,83.0,131.0,4.0,3.0,3412,535,232,0.2638,10.1407,0.8792,1.4361,0.0,0.0,2.3154,0.2052,5.6272,13.3939,0.0,0.2052,17.4091,0.2345,0.4982,14.7128,5.422,0.1758,0.3517,0.5275,0.381,1.0844,1.7585,0.0,1.143,0.3224,1.0844,0.3224,0.0,0.0,4.4842,4.7186,4.279,0.1465,2.4326,3.8394,0.1172,0.0879,JxP
180105,MOQUEGUA,MARISCAL NIETO,SAN CRISTÓBAL,26.0,414.0,57.0,13.0,3.0,0.0,114.0,6.0,194.0,417.0,0.0,12.0,556.0,25.0,24.0,693.0,214.0,22.0,9.0,30.0,12.0,27.0,75.0,3.0,34.0,15.0,54.0,13.0,7.0,4.0,165.0,171.0,117.0,7.0,164.0,125.0,6.0,16.0,3844,647,327,0.6764,10.77,1.4828,0.3382,0.078,0.0,2.9657,0.1561,5.0468,10.8481,0.0,0.3122,14.4641,0.6504,0.6243,18.0281,5.5671,0.5723,0.2341,0.7804,0.3122,0.7024,1.9511,0.078,0.8845,0.3902,1.4048,0.3382,0.1821,0.1041,4.2924,4.4485,3.0437,0.1821,4.2664,3.2518,0.1561,0.4162,Obras
180106,MOQUEGUA,MARISCAL NIETO,TORATA,15.0,227.0,51.0,1.0,3.0,0.0,46.0,4.0,133.0,260.0,0.0,1.0,751.0,2.0,9.0,363.0,87.0,3.0,21.0,16.0,6.0,24.0,29.0,0.0,17.0,9.0,39.0,7.0,0.0,4.0,104.0,88.0,84.0,3.0,49.0,21.0,5.0,5.0,2487,406,144,0.6031,9.1275,2.0507,0.0402,0.1206,0.0,1.8496,0.1608,5.3478,10.4544,0.0,0.0402,30.197,0.0804,0.3619,14.5959,3.4982,0.1206,0.8444,0.6433,0.2413,0.965,1.1661,0.0,0.6836,0.3619,1.5682,0.2815,0.0,0.1608,4.1817,3.5384,3.3776,0.1206,1.9702,0.8444,0.201,0.201,JxP
180107,Moquegua,Mariscal Nieto,,6.0,97.0,21.0,9.0,2.0,0.0,22.0,1.0,67.0,115.0,0.0,1.0,299.0,0.0,0.0,141.0,46.0,2.0,17.0,6.0,2.0,3.0,15.0,0.0,18.0,1.0,7.0,3.0,0.0,2.0,94.0,45.0,16.0,1.0,18.0,22.0,0.0,0.0,1099,229,71,0.546,8.8262,1.9108,0.8189,0.182,0.0,2.0018,0.091,6.0965,10.4641,0.0,0.091,27.2066,0.0,0.0,12.8298,4.1856,0.182,1.5469,0.546,0.182,0.273,1.3649,0.0,1.6379,0.091,0.6369,0.273,0.0,0.182,8.5532,4.0946,1.4559,0.091,1.6379,2.0018,0.0,0.0,JxP
180108,Moquegua,Mariscal Nieto,,12.0,436.0,94.0,18.0,7.0,0.0,45.0,9.0,120.0,585.0,0.0,3.0,1978.0,2.0,9.0,587.0,137.0,4.0,53.0,49.0,2.0,66.0,48.0,3.0,40.0,14.0,76.0,13.0,2.0,5.0,583.0,119.0,190.0,7.0,100.0,99.0,1.0,4.0,5520,1170,384,0.2174,7.8986,1.7029,0.3261,0.1268,0.0,0.8152,0.163,2.1739,10.5978,0.0,0.0543,35.8333,0.0362,0.163,10.6341,2.4819,0.0725,0.9601,0.8877,0.0362,1.1957,0.8696,0.0543,0.7246,0.2536,1.3768,0.2355,0.0362,0.0906,10.5616,2.1558,3.442,0.1268,1.8116,1.7935,0.0181,0.0725,JxP
180109,Moquegua,Mariscal Nieto,,26.0,217.0,58.0,11.0,3.0,0.0,98.0,7.0,184.0,313.0,0.0,3.0,605.0,5.0,8.0,508.0,113.0,1.0,15.0,46.0,9.0,26.0,36.0,0.0,38.0,8.0,46.0,5.0,1.0,5.0,177.0,112.0,68.0,1.0,112.0,49.0,5.0,5.0,2924,407,292,0.8892,7.4213,1.9836,0.3762,0.1026,0.0,3.3516,0.2394,6.2927,10.7045,0.0,0.1026,20.6908,0.171,0.2736,17.3735,3.8646,0.0342,0.513,1.5732,0.3078,0.8892,1.2312,0.0,1.2996,0.2736,1.5732,0.171,0.0342,0.171,6.0534,3.8304,2.3256,0.0342,3.8304,1.6758,0.171,0.171,JxP
180110,Moquegua,Mariscal Nieto,,40.0,896.0,112.0,21.0,12.0,0.0,285.0,7.0,495.0,714.0,0.0,12.0,849.0,13.0,50.0,869.0,422.0,14.0,31.0,23.0,16.0,45.0,181.0,3.0,79.0,15.0,67.0,18.0,2.0,6.0,446.0,355.0,229.0,2.0,257.0,98.0,14.0,4.0,6702,790,395,0.5968,13.3691,1.6711,0.3133,0.1791,0.0,4.2525,0.1044,7.3859,10.6535,0.0,0.1791,12.6679,0.194,0.746,12.9663,6.2966,0.2089,0.4625,0.3432,0.2387,0.6714,2.7007,0.0448,1.1788,0.2238,0.9997,0.2686,0.0298,0.0895,6.6547,5.2969,3.4169,0.0298,3.8347,1.4623,0.2089,0.0597,AN
180111,Moquegua,Mariscal Nieto,,14.0,215.0,68.0,9.0,3.0,0.0,46.0,6.0,95.0,384.0,0.0,3.0,473.0,4.0,4.0,359.0,69.0,4.0,13.0,15.0,3.0,31.0,24.0,2.0,15.0,6.0,24.0,5.0,3.0,3.0,107.0,66.0,48.0,1.0,58.0,56.0,5.0,2.0,2243,380,177,0.6242,9.5854,3.0317,0.4012,0.1337,0.0,2.0508,0.2675,4.2354,17.1199,0.0,0.1337,21.0878,0.1783,0.1783,16.0053,3.0762,0.1783,0.5796,0.6687,0.1337,1.3821,1.07,0.0892,0.6687,0.2675,1.07,0.2229,0.1337,0.1337,4.7704,2.9425,2.14,0.0446,2.5858,2.4967,0.2229,0.0892,JxP
180112,Moquegua,Mariscal Nieto,,12.0,351.0,39.0,20.0,7.0,0.0,117.0,6.0,230.0,416.0,0.0,6.0,327.0,5.0,14.0,480.0,214.0,4.0,23.0,16.0,12.0,22.0,82.0,0.0,32.0,13.0,44.0,14.0,2.0,2.0,135.0,228.0,160.0,4.0,109.0,56.0,5.0,7.0,3214,483,204,0.3734,10.921,1.2134,0.6223,0.2178,0.0,3.6403,0.1867,7.1562,12.9434,0.0,0.1867,10.1742,0.1556,0.4356,14.9347,6.6584,0.1245,0.7156,0.4978,0.3734,0.6845,2.5513,0.0,0.9956,0.4045,1.369,0.4356,0.0622,0.0622,4.2004,7.094,4.9782,0.1245,3.3914,1.7424,0.1556,0.2178,Obras
180113,Moquegua,Mariscal Nieto,,8.0,189.0,13.0,5.0,0.0,0.0,86.0,3.0,132.0,379.0,0.0,3.0,177.0,7.0,7.0,300.0,67.0,4.0,18.0,10.0,4.0,12.0,31.0,1.0,14.0,2.0,18.0,4.0,0.0,0.0,51.0,83.0,152.0,1.0,47.0,20.0,3.0,11.0,1862,253,128,0.4296,10.1504,0.6982,0.2685,0.0,0.0,4.6187,0.1611,7.0892,20.3545,0.0,0.1611,9.5059,0.3759,0.3759,16.1117,3.5983,0.2148,0.9667,0.5371,0.2148,0.6445,1.6649,0.0537,0.7519,0.1074,0.9667,0.2148,0.0,0.0,2.739,4.4576,8.1633,0.0537,2.5242,1.0741,0.1611,0.5908,FP
180114,Moquegua,Mariscal Nieto,,94.0,1756.0,128.0,61.0,21.0,0.0,385.0,20.0,728.0,1161.0,0.0,21.0,1275.0,20.0,76.0,1443.0,828.0,21.0,69.0,46.0,64.0,92.0,392.0,3.0,113.0,37.0,152.0,38.0,8.0,17.0,470.0,693.0,595.0,9.0,514.0,185.0,22.0,23.0,11580,1211,687,0.8117,15.1641,1.1054,0.5268,0.1813,0.0,3.3247,0.1727,6.2867,10.0259,0.0,0.1813,11.0104,0.1727,0.6563,12.4611,7.1503,0.1813,0.5959,0.3972,0.5527,0.7945,3.3851,0.0259,0.9758,0.3195,1.3126,0.3282,0.0691,0.1468,4.0587,5.9845,5.1382,0.0777,4.4387,1.5976,0.19,0.1986,AN
180201,MOQUEGUA,GENERAL SÁNCHEZ CERRO,OMATE,34.0,589.0,62.0,16.0,2.0,0.0,86.0,10.0,209.0,429.0,0.0,11.0,2629.0,5.0,20.0,950.0,148.0,7.0,28.0,31.0,7.0,57.0,74.0,1.0,46.0,9.0,88.0,14.0,4.0,3.0,229.0,126.0,119.0,2.0,102.0,67.0,6.0,2.0,6222,986,396,0.5464,9.4664,0.9965,0.2572,0.0321,0.0,1.3822,0.1607,3.359,6.8949,0.0,0.1768,42.2533,0.0804,0.3214,15.2684,2.3787,0.1125,0.45,0.4982,0.1125,0.9161,1.1893,0.0161,0.7393,0.1446,1.4143,0.225,0.0643,0.0482,3.6805,2.0251,1.9126,0.0321,1.6393,1.0768,0.0964,0.0321,JxP
180202,MOQUEGUA,GENERAL SÁNCHEZ CERRO,CHOJATA,7.0,93.0,12.0,3.0,0.0,0.0,12.0,2.0,33.0,74.0,0.0,1.0,326.0,0.0,2.0,147.0,20.0,1.0,10.0,6.0,1.0,10.0,3.0,0.0,11.0,1.0,11.0,7.0,1.0,0.0,54.0,19.0,25.0,2.0,11.0,22.0,1.0,1.0,929,194,66,0.7535,10.0108,1.2917,0.3229,0.0,0.0,1.2917,0.2153,3.5522,7.9656,0.0,0.1076,35.0915,0.0,0.2153,15.8235,2.1529,0.1076,1.0764,0.6459,0.1076,1.0764,0.3229,0.0,1.1841,0.1076,1.1841,0.7535,0.1076,0.0,5.8127,2.0452,2.6911,0.2153,1.1841,2.3681,0.1076,0.1076,JxP
180203,MOQUEGUA,GENERAL SÁNCHEZ CERRO,COALAQUE,2.0,56.0,6.0,2.0,0.0,0.0,7.0,0.0,25.0,47.0,0.0,0.0,100.0,0.0,1.0,67.0,11.0,0.0,6.0,2.0,0.0,3.0,1.0,0.0,4.0,1.0,5.0,1.0,0.0,0.0,12.0,14.0,8.0,0.0,12.0,15.0,0.0,2.0,410,57,12,0.4878,13.6585,1.4634,0.4878,0.0,0.0,1.7073,0.0,6.0976,11.4634,0.0,0.0,24.3902,0.0,0.2439,16.3415,2.6829,0.0,1.4634,0.4878,0.0,0.7317,0.2439,0.0,0.9756,0.2439,1.2195,0.2439,0.0,0.0,2.9268,3.4146,1.9512,0.0,2.9268,3.6585,0.0,0.4878,JxP
180204,MOQUEGUA,GENERAL SÁNCHEZ CERRO,ICHUÑA,6.0,126.0,7.0,4.0,2.0,0.0,15.0,1.0,17.0,85.0,0.0,2.0,410.0,4.0,1.0,132.0,18.0,4.0,11.0,3.0,0.0,6.0,3.0,1.0,7.0,2.0,8.0,4.0,3.0,0.0,33.0,14.0,23.0,3.0,8.0,9.0,1.0,1.0,974,211,84,0.616,12.9363,0.7187,0.4107,0.2053,0.0,1.54,0.1027,1.7454,8.7269,0.0,0.2053,42.0945,0.4107,0.1027,13.5524,1.848,0.4107,1.1294,0.308,0.0,0.616,0.308,0.1027,0.7187,0.2053,0.8214,0.4107,0.308,0.0,3.3881,1.4374,2.3614,0.308,0.8214,0.924,0.1027,0.1027,JxP
180205,MOQUEGUA,GENERAL SÁNCHEZ CERRO,LA CAPILLA,9.0,112.0,3.0,0.0,0.0,0.0,19.0,1.0,30.0,50.0,0.0,0.0,290.0,0.0,0.0,80.0,25.0,1.0,12.0,2.0,1.0,3.0,5.0,0.0,2.0,1.0,14.0,1.0,0.0,1.0,41.0,10.0,21.0,0.0,9.0,22.0,1.0,0.0,766,140,34,1.1749,14.6214,0.3916,0.0,0.0,0.0,2.4804,0.1305,3.9164,6.5274,0.0,0.0,37.859,0.0,0.0,10.4439,3.2637,0.1305,1.5666,0.2611,0.1305,0.3916,0.6527,0.0,0.2611,0.1305,1.8277,0.1305,0.0,0.1305,5.3525,1.3055,2.7415,0.0,1.1749,2.8721,0.1305,0.0,JxP
180206,MOQUEGUA,GENERAL SÁNCHEZ CERRO,LLOQUE,14.0,382.0,31.0,14.0,4.0,0.0,80.0,2.0,141.0,211.0,0.0,3.0,1030.0,2.0,8.0,377.0,64.0,4.0,19.0,22.0,3.0,22.0,27.0,2.0,36.0,5.0,21.0,2.0,2.0,5.0,202.0,44.0,57.0,2.0,48.0,35.0,2.0,2.0,2925,451,140,0.4786,13.0598,1.0598,0.4786,0.1368,0.0,2.735,0.0684,4.8205,7.2137,0.0,0.1026,35.2137,0.0684,0.2735,12.8889,2.188,0.1368,0.6496,0.7521,0.1026,0.7521,0.9231,0.0684,1.2308,0.1709,0.7179,0.0684,0.0684,0.1709,6.906,1.5043,1.9487,0.0684,1.641,1.1966,0.0684,0.0684,JxP
180207,MOQUEGUA,GENERAL SÁNCHEZ CERRO,MATALAQUE,8.0,137.0,6.0,3.0,0.0,0.0,18.0,6.0,57.0,102.0,0.0,1.0,331.0,2.0,2.0,185.0,29.0,1.0,10.0,10.0,1.0,17.0,12.0,0.0,11.0,2.0,15.0,2.0,1.0,1.0,66.0,20.0,35.0,3.0,27.0,54.0,1.0,2.0,1178,208,104,0.6791,11.6299,0.5093,0.2547,0.0,0.0,1.528,0.5093,4.8387,8.6587,0.0,0.0849,28.0985,0.1698,0.1698,15.7046,2.4618,0.0849,0.8489,0.8489,0.0849,1.4431,1.0187,0.0,0.9338,0.1698,1.2733,0.1698,0.0849,0.0849,5.6027,1.6978,2.9711,0.2547,2.292,4.584,0.0849,0.1698,JxP
180208,MOQUEGUA,GENERAL SÁNCHEZ CERRO,PUQUINA,6.0,110.0,9.0,3.0,0.0,0.0,13.0,1.0,76.0,73.0,0.0,1.0,204.0,0.0,2.0,134.0,35.0,2.0,10.0,2.0,1.0,17.0,14.0,0.0,3.0,1.0,25.0,3.0,1.0,0.0,24.0,25.0,33.0,2.0,17.0,15.0,2.0,5.0,869,119,39,0.6904,12.6582,1.0357,0.3452,0.0,0.0,1.496,0.1151,8.7457,8.4005,0.0,0.1151,23.4753,0.0,0.2301,15.42,4.0276,0.2301,1.1507,0.2301,0.1151,1.9563,1.611,0.0,0.3452,0.1151,2.8769,0.3452,0.1151,0.0,2.7618,2.8769,3.7975,0.2301,1.9563,1.7261,0.2301,0.5754,JxP
180301,MOQUEGUA,ILO,ILO,34.0,499.0,66.0,68.0,11.0,0.0,81.0,13.0,153.0,2933.0,0.0,25.0,544.0,10.0,55.0,782.0,652.0,7.0,79.0,47.0,46.0,51.0,203.0,5.0,78.0,16.0,107.0,22.0,9.0,12.0,208.0,450.0,2040.0,3.0,294.0,79.0,19.0,17.0,9718,1536,541,0.3499,5.1348,0.6792,0.6997,0.1132,0.0,0.8335,0.1338,1.5744,30.1811,0.0,0.2573,5.5979,0.1029,0.566,8.0469,6.7092,0.072,0.8129,0.4836,0.4733,0.5248,2.0889,0.0515,0.8026,0.1646,1.101,0.2264,0.0926,0.1235,2.1404,4.6306,20.992,0.0309,3.0253,0.8129,0.1955,0.1749,FP
180302,MOQUEGUA,ILO,EL ALGARROBAL,20.0,143.0,20.0,25.0,1.0,0.0,31.0,2.0,43.0,1138.0,0.0,8.0,298.0,5.0,17.0,305.0,153.0,4.0,41.0,8.0,20.0,6.0,58.0,2.0,13.0,3.0,29.0,4.0,3.0,1.0,103.0,114.0,499.0,2.0,71.0,39.0,7.0,5.0,3241,515,168,0.6171,4.4122,0.6171,0.7714,0.0309,0.0,0.9565,0.0617,1.3268,35.1126,0.0,0.2468,9.1947,0.1543,0.5245,9.4107,4.7208,0.1234,1.265,0.2468,0.6171,0.1851,1.7896,0.0617,0.4011,0.0926,0.8948,0.1234,0.0926,0.0309,3.178,3.5174,15.3965,0.0617,2.1907,1.2033,0.216,0.1543,FP
180303,MOQUEGUA,ILO,PACOCHA,8.0,89.0,18.0,4.0,1.0,0.0,18.0,6.0,38.0,2045.0,0.0,4.0,318.0,9.0,8.0,324.0,60.0,7.0,13.0,12.0,6.0,16.0,20.0,0.0,20.0,6.0,35.0,4.0,0.0,1.0,132.0,92.0,278.0,1.0,51.0,39.0,10.0,7.0,3700,753,231,0.2162,2.4054,0.4865,0.1081,0.027,0.0,0.4865,0.1622,1.027,55.2703,0.0,0.1081,8.5946,0.2432,0.2162,8.7568,1.6216,0.1892,0.3514,0.3243,0.1622,0.4324,0.5405,0.0,0.5405,0.1622,0.9459,0.1081,0.0,0.027,3.5676,2.4865,7.5135,0.027,1.3784,1.0541,0.2703,0.1892,FP
180304,Moquegua,Ilo,,43.0,159.0,360.0,11.0,4.0,0.0,63.0,10.0,168.0,1562.0,0.0,10.0,1410.0,8.0,15.0,363.0,68.0,11.0,46.0,60.0,5.0,95.0,32.0,0.0,67.0,10.0,47.0,21.0,8.0,3.0,274.0,125.0,242.0,17.0,32.0,66.0,12.0,9.0,5436,2854,737,0.791,2.9249,6.6225,0.2024,0.0736,0.0,1.1589,0.184,3.0905,28.7344,0.0,0.184,25.9382,0.1472,0.2759,6.6777,1.2509,0.2024,0.8462,1.1038,0.092,1.7476,0.5887,0.0,1.2325,0.184,0.8646,0.3863,0.1472,0.0552,5.0405,2.2995,4.4518,0.3127,0.5887,1.2141,0.2208,0.1656,FP
180305,Moquegua,Ilo,,51.0,481.0,95.0,30.0,9.0,0.0,51.0,11.0,158.0,2845.0,0.0,12.0,896.0,23.0,24.0,919.0,335.0,9.0,151.0,33.0,32.0,67.0,138.0,2.0,87.0,16.0,106.0,25.0,1.0,5.0,341.0,382.0,864.0,7.0,225.0,95.0,28.0,15.0,8569,1852,456,0.5952,5.6133,1.1086,0.3501,0.105,0.0,0.5952,0.1284,1.8439,33.2011,0.0,0.14,10.4563,0.2684,0.2801,10.7247,3.9094,0.105,1.7622,0.3851,0.3734,0.7819,1.6105,0.0233,1.0153,0.1867,1.237,0.2917,0.0117,0.0583,3.9795,4.4579,10.0829,0.0817,2.6257,1.1086,0.3268,0.175,FP
180306,Moquegua,Ilo,,5.0,30.0,10.0,6.0,1.0,0.0,1.0,6.0,4.0,737.0,0.0,4.0,296.0,1.0,4.0,184.0,55.0,3.0,11.0,2.0,14.0,12.0,18.0,3.0,8.0,7.0,21.0,1.0,0.0,2.0,35.0,44.0,550.0,1.0,28.0,29.0,4.0,0.0,2137,575,158,0.234,1.4038,0.4679,0.2808,0.0468,0.0,0.0468,0.2808,0.1872,34.4876,0.0,0.1872,13.8512,0.0468,0.1872,8.6102,2.5737,0.1404,0.5147,0.0936,0.6551,0.5615,0.8423,0.1404,0.3744,0.3276,0.9827,0.0468,0.0,0.0936,1.6378,2.059,25.737,0.0468,1.3102,1.357,0.1872,0.0,FP
180307,Moquegua,Ilo,,31.0,91.0,23.0,1.0,0.0,0.0,13.0,7.0,22.0,1156.0,0.0,13.0,533.0,4.0,6.0,218.0,22.0,6.0,42.0,15.0,8.0,24.0,7.0,0.0,41.0,6.0,26.0,8.0,3.0,5.0,78.0,58.0,194.0,4.0,14.0,46.0,4.0,4.0,2733,941,333,1.1343,3.3297,0.8416,0.0366,0.0,0.0,0.4757,0.2561,0.805,42.2978,0.0,0.4757,19.5024,0.1464,0.2195,7.9766,0.805,0.2195,1.5368,0.5488,0.2927,0.8782,0.2561,0.0,1.5002,0.2195,0.9513,0.2927,0.1098,0.1829,2.854,2.1222,7.0984,0.1464,0.5123,1.6831,0.1464,0.1464,FP
180308,Moquegua,Ilo,,34.0,115.0,83.0,15.0,4.0,0.0,88.0,14.0,70.0,951.0,0.0,8.0,2142.0,7.0,23.0,497.0,75.0,2.0,67.0,17.0,9.0,90.0,39.0,1.0,43.0,20.0,100.0,12.0,18.0,4.0,274.0,135.0,152.0,7.0,50.0,47.0,16.0,6.0,5235,2376,384,0.6495,2.1968,1.5855,0.2865,0.0764,0.0,1.681,0.2674,1.3372,18.1662,0.0,0.1528,40.9169,0.1337,0.4394,9.4938,1.4327,0.0382,1.2798,0.3247,0.1719,1.7192,0.745,0.0191,0.8214,0.382,1.9102,0.2292,0.3438,0.0764,5.234,2.5788,2.9035,0.1337,0.9551,0.8978,0.3056,0.1146,JxP
190101,PASCO,PASCO,CHAUPIMARCA,483.0,5521.0,1628.0,1547.0,138.0,0.0,509.0,86.0,1260.0,18770.0,0.0,190.0,3397.0,213.0,402.0,4960.0,14226.0,116.0,309.0,206.0,658.0,273.0,5595.0,38.0,1144.0,159.0,805.0,262.0,41.0,66.0,934.0,11348.0,18230.0,56.0,3627.0,549.0,425.0,471.0,98642,11007,5775,0.4896,5.597,1.6504,1.5683,0.1399,0.0,0.516,0.0872,1.2773,19.0284,0.0,0.1926,3.4438,0.2159,0.4075,5.0283,14.4218,0.1176,0.3133,0.2088,0.6671,0.2768,5.672,0.0385,1.1597,0.1612,0.8161,0.2656,0.0416,0.0669,0.9469,11.5042,18.481,0.0568,3.6769,0.5566,0.4309,0.4775,FP
190103,PASCO,PASCO,HUARIACA,411.0,4340.0,1240.0,1269.0,122.0,0.0,413.0,67.0,1040.0,20519.0,0.0,117.0,4560.0,157.0,312.0,4960.0,10261.0,77.0,316.0,206.0,490.0,306.0,4039.0,38.0,1793.0,168.0,699.0,369.0,39.0,57.0,1266.0,10632.0,8497.0,98.0,2950.0,510.0,363.0,326.0,83027,10894,5893,0.495,5.2272,1.4935,1.5284,0.1469,0.0,0.4974,0.0807,1.2526,24.7136,0.0,0.1409,5.4922,0.1891,0.3758,5.974,12.3586,0.0927,0.3806,0.2481,0.5902,0.3686,4.8647,0.0458,2.1595,0.2023,0.8419,0.4444,0.047,0.0687,1.5248,12.8055,10.234,0.118,3.5531,0.6143,0.4372,0.3926,FP
190104,PASCO,PASCO,HUAYLLAY,153.0,1748.0,513.0,297.0,44.0,0.0,120.0,48.0,627.0,12290.0,0.0,64.0,3000.0,69.0,105.0,2359.0,3330.0,52.0,106.0,129.0,116.0,174.0,1482.0,18.0,1117.0,82.0,534.0,551.0,27.0,20.0,761.0,4382.0,1639.0,51.0,1091.0,219.0,158.0,63.0,37539,6934,3715,0.4076,4.6565,1.3666,0.7912,0.1172,0.0,0.3197,0.1279,1.6703,32.7393,0.0,0.1705,7.9917,0.1838,0.2797,6.2841,8.8708,0.1385,0.2824,0.3436,0.309,0.4635,3.9479,0.048,2.9756,0.2184,1.4225,1.4678,0.0719,0.0533,2.0272,11.6732,4.3661,0.1359,2.9063,0.5834,0.4209,0.1678,FP
190105,PASCO,PASCO,NINACACA,59.0,1363.0,216.0,132.0,18.0,0.0,49.0,30.0,197.0,4263.0,0.0,17.0,3313.0,25.0,14.0,2053.0,742.0,24.0,74.0,61.0,64.0,102.0,240.0,4.0,250.0,34.0,198.0,53.0,22.0,10.0,313.0,978.0,347.0,30.0,255.0,54.0,94.0,18.0,15716,4561,2092,0.3754,8.6727,1.3744,0.8399,0.1145,0.0,0.3118,0.1909,1.2535,27.1252,0.0,0.1082,21.0804,0.1591,0.0891,13.0631,4.7213,0.1527,0.4709,0.3881,0.4072,0.649,1.5271,0.0255,1.5907,0.2163,1.2599,0.3372,0.14,0.0636,1.9916,6.223,2.2079,0.1909,1.6226,0.3436,0.5981,0.1145,FP
190106,PASCO,PASCO,PALLANCHACRA,230.0,1399.0,267.0,203.0,18.0,0.0,111.0,43.0,265.0,4852.0,0.0,16.0,2418.0,29.0,34.0,2806.0,1533.0,20.0,60.0,82.0,52.0,161.0,357.0,5.0,370.0,37.0,263.0,76.0,16.0,13.0,416.0,1253.0,422.0,34.0,473.0,76.0,103.0,24.0,18537,4341,1918,1.2408,7.5471,1.4404,1.0951,0.0971,0.0,0.5988,0.232,1.4296,26.1747,0.0,0.0863,13.0442,0.1564,0.1834,15.1373,8.2699,0.1079,0.3237,0.4424,0.2805,0.8685,1.9259,0.027,1.996,0.1996,1.4188,0.41,0.0863,0.0701,2.2442,6.7595,2.2765,0.1834,2.5517,0.41,0.5556,0.1295,FP
190107,PASCO,PASCO,PAUCARTAMBO,87.0,460.0,148.0,123.0,15.0,0.0,69.0,16.0,123.0,3959.0,0.0,9.0,3567.0,19.0,38.0,971.0,399.0,10.0,120.0,52.0,33.0,73.0,168.0,3.0,301.0,41.0,121.0,38.0,9.0,10.0,499.0,812.0,514.0,20.0,218.0,88.0,67.0,34.0,13234,3078,1346,0.6574,3.4759,1.1183,0.9294,0.1133,0.0,0.5214,0.1209,0.9294,29.9154,0.0,0.068,26.9533,0.1436,0.2871,7.3372,3.015,0.0756,0.9068,0.3929,0.2494,0.5516,1.2695,0.0227,2.2744,0.3098,0.9143,0.2871,0.068,0.0756,3.7706,6.1357,3.8839,0.1511,1.6473,0.665,0.5063,0.2569,FP
190109,PASCO,PASCO,SIMON BOLÍVAR,387.0,1038.0,1324.0,501.0,73.0,0.0,308.0,80.0,512.0,18712.0,0.0,86.0,3960.0,90.0,189.0,3468.0,1496.0,48.0,103.0,297.0,116.0,327.0,876.0,20.0,1851.0,136.0,542.0,125.0,47.0,31.0,1115.0,3702.0,1142.0,117.0,835.0,550.0,235.0,114.0,44553,18005,6856,0.8686,2.3298,2.9717,1.1245,0.1638,0.0,0.6913,0.1796,1.1492,41.9994,0.0,0.193,8.8883,0.202,0.4242,7.784,3.3578,0.1077,0.2312,0.6666,0.2604,0.734,1.9662,0.0449,4.1546,0.3053,1.2165,0.2806,0.1055,0.0696,2.5026,8.3092,2.5632,0.2626,1.8742,1.2345,0.5275,0.2559,FP
190113,PASCO,PASCO,YANACANCHA,41.0,175.0,45.0,134.0,2.0,0.0,26.0,15.0,112.0,2760.0,0.0,10.0,2440.0,12.0,9.0,830.0,409.0,14.0,52.0,22.0,20.0,52.0,76.0,0.0,132.0,21.0,138.0,59.0,10.0,8.0,227.0,375.0,143.0,12.0,160.0,22.0,23.0,7.0,8593,2208,782,0.4771,2.0365,0.5237,1.5594,0.0233,0.0,0.3026,0.1746,1.3034,32.1192,0.0,0.1164,28.3952,0.1396,0.1047,9.659,4.7597,0.1629,0.6051,0.256,0.2327,0.6051,0.8844,0.0,1.5361,0.2444,1.606,0.6866,0.1164,0.0931,2.6417,4.364,1.6641,0.1396,1.862,0.256,0.2677,0.0815,FP
190114,Pasco,Pasco,,4.0,90.0,19.0,20.0,5.0,0.0,23.0,4.0,29.0,731.0,0.0,2.0,623.0,0.0,3.0,254.0,66.0,1.0,10.0,8.0,5.0,72.0,20.0,0.0,23.0,6.0,35.0,6.0,3.0,2.0,72.0,110.0,23.0,10.0,44.0,24.0,12.0,0.0,2359,666,279,0.1696,3.8152,0.8054,0.8478,0.212,0.0,0.975,0.1696,1.2293,30.9877,0.0,0.0848,26.4095,0.0,0.1272,10.7673,2.7978,0.0424,0.4239,0.3391,0.212,3.0521,0.8478,0.0,0.975,0.2543,1.4837,0.2543,0.1272,0.0848,3.0521,4.663,0.975,0.4239,1.8652,1.0174,0.5087,0.0,FP
190115,Pasco,Pasco,,559.0,4012.0,1231.0,917.0,103.0,0.0,396.0,93.0,1217.0,19025.0,0.0,153.0,4235.0,126.0,405.0,4780.0,9163.0,77.0,368.0,216.0,452.0,369.0,4081.0,28.0,1212.0,152.0,814.0,280.0,41.0,56.0,1016.0,11668.0,5400.0,74.0,2869.0,533.0,487.0,251.0,76859,10829,6225,0.7273,5.2199,1.6016,1.1931,0.134,0.0,0.5152,0.121,1.5834,24.7531,0.0,0.1991,5.5101,0.1639,0.5269,6.2192,11.9218,0.1002,0.4788,0.281,0.5881,0.4801,5.3097,0.0364,1.5769,0.1978,1.0591,0.3643,0.0533,0.0729,1.3219,15.181,7.0259,0.0963,3.7328,0.6935,0.6336,0.3266,FP
190201,PASCO,DANIEL ALCIDES CARRIÓN,YANAHUANCA,324.0,533.0,69.0,29.0,3.0,0.0,31.0,5.0,48.0,587.0,0.0,30.0,4551.0,11.0,3.0,703.0,187.0,7.0,58.0,40.0,26.0,62.0,78.0,5.0,50.0,11.0,86.0,35.0,5.0,5.0,369.0,148.0,96.0,23.0,67.0,38.0,29.0,7.0,8359,2477,647,3.8761,6.3764,0.8255,0.3469,0.0359,0.0,0.3709,0.0598,0.5742,7.0224,0.0,0.3589,54.4443,0.1316,0.0359,8.4101,2.2371,0.0837,0.6939,0.4785,0.311,0.7417,0.9331,0.0598,0.5982,0.1316,1.0288,0.4187,0.0598,0.0598,4.4144,1.7705,1.1485,0.2752,0.8015,0.4546,0.3469,0.0837,JxP
190202,PASCO,DANIEL ALCIDES CARRIÓN,CHACAYAN,31.0,239.0,41.0,43.0,6.0,0.0,9.0,11.0,33.0,703.0,0.0,3.0,2278.0,3.0,11.0,424.0,134.0,5.0,27.0,19.0,13.0,36.0,53.0,2.0,43.0,14.0,58.0,9.0,4.0,3.0,273.0,84.0,126.0,22.0,41.0,24.0,22.0,3.0,4850,1252,474,0.6392,4.9278,0.8454,0.8866,0.1237,0.0,0.1856,0.2268,0.6804,14.4948,0.0,0.0619,46.9691,0.0619,0.2268,8.7423,2.7629,0.1031,0.5567,0.3918,0.268,0.7423,1.0928,0.0412,0.8866,0.2887,1.1959,0.1856,0.0825,0.0619,5.6289,1.732,2.5979,0.4536,0.8454,0.4948,0.4536,0.0619,JxP
190203,PASCO,DANIEL ALCIDES CARRIÓN,GOYLLARISQUIZGA,21.0,36.0,41.0,7.0,1.0,0.0,6.0,1.0,1.0,65.0,0.0,2.0,1004.0,5.0,0.0,138.0,8.0,1.0,5.0,7.0,1.0,13.0,10.0,1.0,5.0,2.0,7.0,2.0,0.0,0.0,60.0,27.0,64.0,3.0,4.0,5.0,3.0,0.0,1556,399,99,1.3496,2.3136,2.635,0.4499,0.0643,0.0,0.3856,0.0643,0.0643,4.1774,0.0,0.1285,64.5244,0.3213,0.0,8.8689,0.5141,0.0643,0.3213,0.4499,0.0643,0.8355,0.6427,0.0643,0.3213,0.1285,0.4499,0.1285,0.0,0.0,3.856,1.7352,4.1131,0.1928,0.2571,0.3213,0.1928,0.0,JxP
190204,PASCO,DANIEL ALCIDES CARRIÓN,PAUCAR,72.0,196.0,37.0,7.0,1.0,0.0,11.0,6.0,14.0,289.0,0.0,3.0,1004.0,3.0,4.0,262.0,70.0,1.0,29.0,14.0,8.0,16.0,19.0,8.0,39.0,5.0,17.0,10.0,4.0,1.0,87.0,63.0,104.0,5.0,25.0,10.0,7.0,9.0,2460,624,211,2.9268,7.9675,1.5041,0.2846,0.0407,0.0,0.4472,0.2439,0.5691,11.748,0.0,0.122,40.813,0.122,0.1626,10.6504,2.8455,0.0407,1.1789,0.5691,0.3252,0.6504,0.7724,0.3252,1.5854,0.2033,0.6911,0.4065,0.1626,0.0407,3.5366,2.561,4.2276,0.2033,1.0163,0.4065,0.2846,0.3659,JxP
190205,PASCO,DANIEL ALCIDES CARRIÓN,SAN PEDRO DE PILLAO,82.0,242.0,58.0,22.0,2.0,0.0,9.0,16.0,16.0,379.0,0.0,4.0,4312.0,7.0,5.0,450.0,77.0,14.0,16.0,21.0,9.0,39.0,29.0,3.0,49.0,12.0,110.0,10.0,3.0,3.0,301.0,37.0,83.0,30.0,21.0,8.0,14.0,2.0,6495,2060,640,1.2625,3.7259,0.893,0.3387,0.0308,0.0,0.1386,0.2463,0.2463,5.8353,0.0,0.0616,66.3895,0.1078,0.077,6.9284,1.1855,0.2156,0.2463,0.3233,0.1386,0.6005,0.4465,0.0462,0.7544,0.1848,1.6936,0.154,0.0462,0.0462,4.6343,0.5697,1.2779,0.4619,0.3233,0.1232,0.2156,0.0308,JxP
190206,PASCO,DANIEL ALCIDES CARRIÓN,SANTA ANA DE TUSI,25.0,95.0,22.0,12.0,3.0,0.0,4.0,4.0,24.0,268.0,0.0,1.0,2341.0,7.0,0.0,205.0,49.0,3.0,25.0,12.0,4.0,16.0,33.0,0.0,28.0,8.0,38.0,21.0,1.0,0.0,112.0,36.0,49.0,10.0,14.0,19.0,13.0,0.0,3502,811,282,0.7139,2.7127,0.6282,0.3427,0.0857,0.0,0.1142,0.1142,0.6853,7.6528,0.0,0.0286,66.8475,0.1999,0.0,5.8538,1.3992,0.0857,0.7139,0.3427,0.1142,0.4569,0.9423,0.0,0.7995,0.2284,1.0851,0.5997,0.0286,0.0,3.1982,1.028,1.3992,0.2856,0.3998,0.5425,0.3712,0.0,JxP
190207,PASCO,DANIEL ALCIDES CARRIÓN,TAPUC,7.0,42.0,7.0,9.0,0.0,0.0,5.0,1.0,5.0,151.0,0.0,2.0,276.0,1.0,0.0,73.0,23.0,0.0,11.0,3.0,0.0,6.0,7.0,0.0,8.0,1.0,14.0,4.0,1.0,1.0,17.0,39.0,32.0,2.0,5.0,2.0,3.0,1.0,759,168,68,0.9223,5.5336,0.9223,1.1858,0.0,0.0,0.6588,0.1318,0.6588,19.8946,0.0,0.2635,36.3636,0.1318,0.0,9.6179,3.0303,0.0,1.4493,0.3953,0.0,0.7905,0.9223,0.0,1.054,0.1318,1.8445,0.527,0.1318,0.1318,2.2398,5.1383,4.2161,0.2635,0.6588,0.2635,0.3953,0.1318,JxP
190208,PASCO,DANIEL ALCIDES CARRIÓN,VILCABAMBA,30.0,128.0,54.0,19.0,3.0,0.0,25.0,9.0,39.0,1974.0,0.0,8.0,1233.0,6.0,6.0,339.0,158.0,4.0,124.0,21.0,6.0,22.0,59.0,3.0,99.0,12.0,76.0,16.0,5.0,3.0,120.0,207.0,88.0,9.0,108.0,53.0,21.0,17.0,5104,1468,577,0.5878,2.5078,1.058,0.3723,0.0588,0.0,0.4898,0.1763,0.7641,38.6755,0.0,0.1567,24.1575,0.1176,0.1176,6.6418,3.0956,0.0784,2.4295,0.4114,0.1176,0.431,1.156,0.0588,1.9397,0.2351,1.489,0.3135,0.098,0.0588,2.3511,4.0556,1.7241,0.1763,2.116,1.0384,0.4114,0.3331,FP
190209,Pasco,Daniel Alcides Carrión,,12.0,76.0,29.0,5.0,0.0,0.0,1.0,5.0,4.0,229.0,0.0,2.0,444.0,2.0,0.0,115.0,25.0,2.0,18.0,2.0,2.0,8.0,13.0,0.0,14.0,1.0,8.0,3.0,3.0,3.0,35.0,35.0,27.0,0.0,7.0,5.0,4.0,2.0,1141,274,66,1.0517,6.6608,2.5416,0.4382,0.0,0.0,0.0876,0.4382,0.3506,20.0701,0.0,0.1753,38.9132,0.1753,0.0,10.0789,2.1911,0.1753,1.5776,0.1753,0.1753,0.7011,1.1394,0.0,1.227,0.0876,0.7011,0.2629,0.2629,0.2629,3.0675,3.0675,2.3663,0.0,0.6135,0.4382,0.3506,0.1753,JxP
190210,Pasco,Daniel Alcides Carrión,,39.0,164.0,39.0,7.0,5.0,0.0,16.0,14.0,21.0,976.0,0.0,9.0,1654.0,4.0,8.0,533.0,133.0,5.0,35.0,16.0,6.0,27.0,36.0,1.0,81.0,10.0,66.0,7.0,2.0,3.0,125.0,114.0,95.0,6.0,68.0,21.0,27.0,3.0,4376,976,375,0.8912,3.7477,0.8912,0.16,0.1143,0.0,0.3656,0.3199,0.4799,22.3035,0.0,0.2057,37.7971,0.0914,0.1828,12.1801,3.0393,0.1143,0.7998,0.3656,0.1371,0.617,0.8227,0.0229,1.851,0.2285,1.5082,0.16,0.0457,0.0686,2.8565,2.6051,2.1709,0.1371,1.5539,0.4799,0.617,0.0686,JxP
190301,PASCO,OXAPAMPA,OXAPAMPA,471.0,589.0,191.0,237.0,6.0,0.0,41.0,24.0,54.0,2033.0,0.0,4.0,4009.0,13.0,23.0,818.0,385.0,13.0,42.0,53.0,54.0,93.0,145.0,4.0,317.0,30.0,74.0,25.0,6.0,5.0,409.0,272.0,279.0,27.0,140.0,47.0,76.0,15.0,11024,2718,1433,4.2725,5.3429,1.7326,2.1499,0.0544,0.0,0.3719,0.2177,0.4898,18.4416,0.0,0.0363,36.3661,0.1179,0.2086,7.4202,3.4924,0.1179,0.381,0.4808,0.4898,0.8436,1.3153,0.0363,2.8755,0.2721,0.6713,0.2268,0.0544,0.0454,3.7101,2.4673,2.5308,0.2449,1.27,0.4263,0.6894,0.1361,JxP
190302,PASCO,OXAPAMPA,CHONTABAMBA,30.0,165.0,20.0,96.0,2.0,0.0,15.0,6.0,43.0,600.0,0.0,2.0,1287.0,5.0,6.0,273.0,132.0,8.0,36.0,17.0,14.0,46.0,30.0,2.0,198.0,5.0,33.0,7.0,6.0,2.0,69.0,79.0,176.0,31.0,40.0,19.0,16.0,7.0,3523,717,283,0.8515,4.6835,0.5677,2.725,0.0568,0.0,0.4258,0.1703,1.2206,17.0309,0.0,0.0568,36.5314,0.1419,0.1703,7.7491,3.7468,0.2271,1.0219,0.4825,0.3974,1.3057,0.8515,0.0568,5.6202,0.1419,0.9367,0.1987,0.1703,0.0568,1.9586,2.2424,4.9957,0.8799,1.1354,0.5393,0.4542,0.1987,JxP
190303,PASCO,OXAPAMPA,HUANCABAMBA,144.0,116.0,64.0,39.0,6.0,0.0,17.0,28.0,45.0,2420.0,0.0,8.0,6823.0,20.0,14.0,833.0,123.0,15.0,214.0,45.0,8.0,62.0,46.0,10.0,147.0,27.0,92.0,13.0,9.0,5.0,523.0,69.0,123.0,41.0,56.0,24.0,45.0,18.0,12292,3566,1672,1.1715,0.9437,0.5207,0.3173,0.0488,0.0,0.1383,0.2278,0.3661,19.6876,0.0,0.0651,55.5076,0.1627,0.1139,6.7768,1.0007,0.122,1.741,0.3661,0.0651,0.5044,0.3742,0.0814,1.1959,0.2197,0.7485,0.1058,0.0732,0.0407,4.2548,0.5613,1.0007,0.3336,0.4556,0.1952,0.3661,0.1464,JxP
190304,PASCO,OXAPAMPA,PALCAZU,99.0,88.0,22.0,49.0,2.0,0.0,9.0,6.0,17.0,326.0,0.0,2.0,1539.0,5.0,5.0,134.0,37.0,3.0,19.0,16.0,2.0,23.0,19.0,0.0,51.0,4.0,35.0,9.0,0.0,3.0,133.0,46.0,39.0,10.0,17.0,7.0,13.0,0.0,2789,689,341,3.5497,3.1553,0.7888,1.7569,0.0717,0.0,0.3227,0.2151,0.6095,11.6888,0.0,0.0717,55.1811,0.1793,0.1793,4.8046,1.3266,0.1076,0.6812,0.5737,0.0717,0.8247,0.6812,0.0,1.8286,0.1434,1.2549,0.3227,0.0,0.1076,4.7687,1.6493,1.3984,0.3586,0.6095,0.251,0.4661,0.0,JxP
190305,PASCO,OXAPAMPA,POZUZO,47.0,68.0,99.0,8.0,0.0,0.0,7.0,11.0,15.0,513.0,0.0,3.0,2700.0,2.0,3.0,145.0,32.0,3.0,26.0,20.0,1.0,29.0,9.0,1.0,86.0,3.0,36.0,10.0,4.0,0.0,105.0,30.0,30.0,16.0,16.0,3.0,26.0,1.0,4108,1011,411,1.1441,1.6553,2.4099,0.1947,0.0,0.0,0.1704,0.2678,0.3651,12.4878,0.0,0.073,65.7254,0.0487,0.073,3.5297,0.779,0.073,0.6329,0.4869,0.0243,0.7059,0.2191,0.0243,2.0935,0.073,0.8763,0.2434,0.0974,0.0,2.556,0.7303,0.7303,0.3895,0.3895,0.073,0.6329,0.0243,JxP
190306,PASCO,OXAPAMPA,PUERTO BERMÚDEZ,192.0,251.0,88.0,20.0,1.0,0.0,11.0,5.0,21.0,474.0,0.0,0.0,2326.0,8.0,4.0,330.0,74.0,9.0,15.0,20.0,3.0,33.0,32.0,2.0,245.0,10.0,62.0,11.0,1.0,3.0,232.0,62.0,78.0,16.0,23.0,38.0,29.0,4.0,4733,994,471,4.0566,5.3032,1.8593,0.4226,0.0211,0.0,0.2324,0.1056,0.4437,10.0148,0.0,0.0,49.1443,0.169,0.0845,6.9723,1.5635,0.1902,0.3169,0.4226,0.0634,0.6972,0.6761,0.0423,5.1764,0.2113,1.31,0.2324,0.0211,0.0634,4.9018,1.31,1.648,0.3381,0.4859,0.8029,0.6127,0.0845,JxP
190307,PASCO,OXAPAMPA,VILLA RICA,17.0,134.0,18.0,93.0,1.0,0.0,9.0,5.0,10.0,515.0,0.0,1.0,2199.0,1.0,7.0,219.0,107.0,7.0,31.0,9.0,7.0,29.0,21.0,1.0,67.0,2.0,38.0,8.0,3.0,2.0,108.0,52.0,98.0,7.0,38.0,9.0,37.0,2.0,3912,804,296,0.4346,3.4254,0.4601,2.3773,0.0256,0.0,0.2301,0.1278,0.2556,13.1646,0.0,0.0256,56.2117,0.0256,0.1789,5.5982,2.7352,0.1789,0.7924,0.2301,0.1789,0.7413,0.5368,0.0256,1.7127,0.0511,0.9714,0.2045,0.0767,0.0511,2.7607,1.3292,2.5051,0.1789,0.9714,0.2301,0.9458,0.0511,JxP
190308,PASCO,OXAPAMPA,CONSTITUCION,31.0,48.0,6.0,12.0,0.0,0.0,3.0,2.0,13.0,154.0,0.0,2.0,851.0,2.0,7.0,149.0,22.0,1.0,4.0,6.0,6.0,17.0,4.0,1.0,150.0,2.0,21.0,4.0,1.0,1.0,51.0,10.0,32.0,18.0,15.0,9.0,1.0,5.0,1661,461,165,1.8663,2.8898,0.3612,0.7225,0.0,0.0,0.1806,0.1204,0.7827,9.2715,0.0,0.1204,51.2342,0.1204,0.4214,8.9705,1.3245,0.0602,0.2408,0.3612,0.3612,1.0235,0.2408,0.0602,9.0307,0.1204,1.2643,0.2408,0.0602,0.0602,3.0704,0.602,1.9266,1.0837,0.9031,0.5418,0.0602,0.301,JxP
190401,Pasco,,,425.0,1673.0,791.0,560.0,69.0,0.0,184.0,39.0,372.0,16725.0,0.0,96.0,2276.0,112.0,80.0,2634.0,2534.0,57.0,214.0,212.0,122.0,208.0,850.0,28.0,542.0,96.0,558.0,102.0,37.0,18.0,938.0,3198.0,2355.0,69.0,799.0,713.0,161.0,122.0,39969,11910,4030,1.0633,4.1857,1.979,1.4011,0.1726,0.0,0.4604,0.0976,0.9307,41.8449,0.0,0.2402,5.6944,0.2802,0.2002,6.5901,6.3399,0.1426,0.5354,0.5304,0.3052,0.5204,2.1266,0.0701,1.3561,0.2402,1.3961,0.2552,0.0926,0.045,2.3468,8.0012,5.8921,0.1726,1.999,1.7839,0.4028,0.3052,FP
190402,Pasco,,,23.0,143.0,51.0,59.0,1.0,0.0,19.0,7.0,19.0,2246.0,0.0,8.0,556.0,10.0,12.0,318.0,236.0,8.0,29.0,17.0,11.0,15.0,58.0,2.0,33.0,9.0,44.0,12.0,3.0,2.0,64.0,386.0,193.0,11.0,70.0,65.0,19.0,5.0,4764,1064,314,0.4828,3.0017,1.0705,1.2385,0.021,0.0,0.3988,0.1469,0.3988,47.1453,0.0,0.1679,11.6709,0.2099,0.2519,6.6751,4.9538,0.1679,0.6087,0.3568,0.2309,0.3149,1.2175,0.042,0.6927,0.1889,0.9236,0.2519,0.063,0.042,1.3434,8.1024,4.0512,0.2309,1.4694,1.3644,0.3988,0.105,FP
190403,Pasco,,,88.0,187.0,83.0,23.0,3.0,0.0,13.0,9.0,22.0,560.0,0.0,3.0,811.0,8.0,7.0,315.0,120.0,6.0,24.0,17.0,6.0,19.0,50.0,3.0,27.0,13.0,33.0,11.0,5.0,5.0,114.0,94.0,168.0,7.0,37.0,19.0,10.0,7.0,2927,843,303,3.0065,6.3888,2.8357,0.7858,0.1025,0.0,0.4441,0.3075,0.7516,19.1322,0.0,0.1025,27.7076,0.2733,0.2392,10.7619,4.0998,0.205,0.82,0.5808,0.205,0.6491,1.7082,0.1025,0.9224,0.4441,1.1274,0.3758,0.1708,0.1708,3.8948,3.2115,5.7397,0.2392,1.2641,0.6491,0.3416,0.2392,JxP
190404,Pasco,,,184.0,195.0,167.0,326.0,4.0,0.0,22.0,8.0,42.0,2015.0,0.0,11.0,1005.0,15.0,13.0,488.0,460.0,8.0,20.0,50.0,25.0,35.0,118.0,4.0,68.0,11.0,75.0,19.0,3.0,6.0,181.0,342.0,319.0,8.0,94.0,57.0,13.0,8.0,6419,1523,594,2.8665,3.0379,2.6017,5.0787,0.0623,0.0,0.3427,0.1246,0.6543,31.3912,0.0,0.1714,15.6566,0.2337,0.2025,7.6024,7.1662,0.1246,0.3116,0.7789,0.3895,0.5453,1.8383,0.0623,1.0594,0.1714,1.1684,0.296,0.0467,0.0935,2.8198,5.3279,4.9696,0.1246,1.4644,0.888,0.2025,0.1246,FP
190405,Pasco,,,21.0,69.0,41.0,81.0,11.0,0.0,3.0,19.0,25.0,1603.0,0.0,10.0,1179.0,7.0,2.0,245.0,131.0,5.0,23.0,14.0,10.0,16.0,36.0,0.0,168.0,2.0,30.0,26.0,1.0,0.0,98.0,171.0,104.0,27.0,43.0,37.0,17.0,2.0,4277,964,367,0.491,1.6133,0.9586,1.8939,0.2572,0.0,0.0701,0.4442,0.5845,37.4795,0.0,0.2338,27.5661,0.1637,0.0468,5.7283,3.0629,0.1169,0.5378,0.3273,0.2338,0.3741,0.8417,0.0,3.928,0.0468,0.7014,0.6079,0.0234,0.0,2.2913,3.9981,2.4316,0.6313,1.0054,0.8651,0.3975,0.0468,FP
190406,Pasco,,,43.0,127.0,9.0,10.0,3.0,0.0,6.0,7.0,18.0,315.0,0.0,2.0,550.0,3.0,0.0,230.0,75.0,2.0,49.0,6.0,2.0,7.0,22.0,0.0,16.0,4.0,19.0,2.0,4.0,2.0,34.0,37.0,80.0,3.0,34.0,22.0,3.0,5.0,1751,349,113,2.4557,7.253,0.514,0.5711,0.1713,0.0,0.3427,0.3998,1.028,17.9897,0.0,0.1142,31.4106,0.1713,0.0,13.1354,4.2833,0.1142,2.7984,0.3427,0.1142,0.3998,1.2564,0.0,0.9138,0.2284,1.0851,0.1142,0.2284,0.1142,1.9417,2.1131,4.5688,0.1713,1.9417,1.2564,0.1713,0.2856,JxP
190407,Pasco,,,169.0,245.0,33.0,42.0,3.0,0.0,10.0,2.0,26.0,623.0,0.0,3.0,725.0,3.0,17.0,306.0,140.0,8.0,41.0,23.0,8.0,24.0,40.0,2.0,31.0,5.0,36.0,13.0,4.0,0.0,60.0,65.0,146.0,4.0,57.0,69.0,12.0,4.0,2999,682,210,5.6352,8.1694,1.1004,1.4005,0.1,0.0,0.3334,0.0667,0.867,20.7736,0.0,0.1,24.1747,0.1,0.5669,10.2034,4.6682,0.2668,1.3671,0.7669,0.2668,0.8003,1.3338,0.0667,1.0337,0.1667,1.2004,0.4335,0.1334,0.0,2.0007,2.1674,4.8683,0.1334,1.9006,2.3008,0.4001,0.1334,JxP
190408,Pasco,,,24.0,292.0,138.0,220.0,10.0,0.0,12.0,23.0,44.0,2047.0,0.0,8.0,882.0,9.0,13.0,852.0,287.0,13.0,24.0,18.0,11.0,35.0,92.0,5.0,79.0,15.0,44.0,10.0,4.0,4.0,346.0,348.0,788.0,24.0,95.0,336.0,26.0,18.0,7196,2052,499,0.3335,4.0578,1.9177,3.0573,0.139,0.0,0.1668,0.3196,0.6115,28.4464,0.0,0.1112,12.2568,0.1251,0.1807,11.8399,3.9883,0.1807,0.3335,0.2501,0.1529,0.4864,1.2785,0.0695,1.0978,0.2084,0.6115,0.139,0.0556,0.0556,4.8082,4.836,10.9505,0.3335,1.3202,4.6693,0.3613,0.2501,FP
190409,Pasco,,,27.0,97.0,17.0,68.0,0.0,0.0,13.0,2.0,17.0,356.0,0.0,2.0,1609.0,7.0,5.0,300.0,71.0,3.0,28.0,13.0,5.0,20.0,17.0,0.0,17.0,1.0,36.0,4.0,2.0,3.0,116.0,79.0,121.0,8.0,17.0,16.0,6.0,3.0,3106,775,333,0.8693,3.123,0.5473,2.1893,0.0,0.0,0.4185,0.0644,0.5473,11.4617,0.0,0.0644,51.803,0.2254,0.161,9.6587,2.2859,0.0966,0.9015,0.4185,0.161,0.6439,0.5473,0.0,0.5473,0.0322,1.159,0.1288,0.0644,0.0966,3.7347,2.5435,3.8957,0.2576,0.5473,0.5151,0.1932,0.0966,JxP
190410,Pasco,,,56.0,107.0,99.0,67.0,4.0,0.0,10.0,4.0,25.0,830.0,0.0,2.0,1153.0,10.0,5.0,220.0,94.0,1.0,17.0,8.0,11.0,24.0,36.0,3.0,121.0,4.0,32.0,12.0,3.0,2.0,82.0,127.0,149.0,15.0,38.0,67.0,29.0,1.0,3468,703,212,1.6148,3.0854,2.8547,1.9319,0.1153,0.0,0.2884,0.1153,0.7209,23.9331,0.0,0.0577,33.2468,0.2884,0.1442,6.3437,2.7105,0.0288,0.4902,0.2307,0.3172,0.692,1.0381,0.0865,3.489,0.1153,0.9227,0.346,0.0865,0.0577,2.3645,3.6621,4.2964,0.4325,1.0957,1.9319,0.8362,0.0288,JxP
190501,Pasco,,,170.0,1492.0,659.0,281.0,38.0,0.0,228.0,47.0,935.0,11914.0,0.0,69.0,2347.0,109.0,148.0,3211.0,4911.0,36.0,245.0,144.0,158.0,196.0,1569.0,10.0,819.0,92.0,777.0,234.0,29.0,17.0,1162.0,5122.0,1740.0,44.0,1589.0,352.0,427.0,90.0,41411,7704,4494,0.4105,3.6029,1.5914,0.6786,0.0918,0.0,0.5506,0.1135,2.2579,28.7701,0.0,0.1666,5.6676,0.2632,0.3574,7.754,11.8592,0.0869,0.5916,0.3477,0.3815,0.4733,3.7888,0.0241,1.9777,0.2222,1.8763,0.5651,0.07,0.0411,2.806,12.3687,4.2018,0.1063,3.8371,0.85,1.0311,0.2173,FP
190502,Pasco,,,1.0,47.0,42.0,27.0,3.0,0.0,7.0,1.0,12.0,326.0,0.0,0.0,116.0,2.0,2.0,233.0,59.0,7.0,10.0,6.0,5.0,11.0,20.0,0.0,12.0,4.0,15.0,2.0,6.0,2.0,39.0,141.0,40.0,0.0,16.0,4.0,3.0,6.0,1227,321,109,0.0815,3.8305,3.423,2.2005,0.2445,0.0,0.5705,0.0815,0.978,26.5689,0.0,0.0,9.454,0.163,0.163,18.9894,4.8085,0.5705,0.815,0.489,0.4075,0.8965,1.63,0.0,0.978,0.326,1.2225,0.163,0.489,0.163,3.1785,11.4914,3.26,0.0,1.304,0.326,0.2445,0.489,FP
190503,Pasco,,,2.0,18.0,6.0,42.0,1.0,0.0,4.0,2.0,5.0,92.0,0.0,0.0,87.0,4.0,4.0,65.0,40.0,1.0,4.0,3.0,1.0,2.0,20.0,0.0,3.0,4.0,1.0,0.0,1.0,0.0,32.0,108.0,43.0,0.0,12.0,9.0,2.0,1.0,619,178,60,0.3231,2.9079,0.9693,6.7851,0.1616,0.0,0.6462,0.3231,0.8078,14.8627,0.0,0.0,14.0549,0.6462,0.6462,10.5008,6.462,0.1616,0.6462,0.4847,0.1616,0.3231,3.231,0.0,0.4847,0.6462,0.1616,0.0,0.1616,0.0,5.1696,17.4475,6.9467,0.0,1.9386,1.454,0.3231,0.1616,PxT
190504,Pasco,,,23.0,166.0,157.0,74.0,7.0,0.0,38.0,3.0,78.0,1540.0,0.0,8.0,537.0,18.0,16.0,662.0,543.0,8.0,17.0,26.0,25.0,35.0,139.0,4.0,100.0,24.0,64.0,19.0,8.0,3.0,261.0,1287.0,149.0,5.0,151.0,24.0,19.0,9.0,6247,1573,773,0.3682,2.6573,2.5132,1.1846,0.1121,0.0,0.6083,0.048,1.2486,24.6518,0.0,0.1281,8.5961,0.2881,0.2561,10.5971,8.6922,0.1281,0.2721,0.4162,0.4002,0.5603,2.2251,0.064,1.6008,0.3842,1.0245,0.3041,0.1281,0.048,4.178,20.6019,2.3851,0.08,2.4172,0.3842,0.3041,0.1441,FP
190505,Pasco,,,31.0,389.0,275.0,109.0,7.0,0.0,45.0,14.0,91.0,1419.0,0.0,6.0,740.0,22.0,40.0,854.0,671.0,11.0,33.0,31.0,27.0,42.0,140.0,2.0,122.0,27.0,97.0,19.0,7.0,8.0,459.0,1240.0,273.0,9.0,189.0,273.0,40.0,15.0,7777,1808,564,0.3986,5.0019,3.5361,1.4016,0.09,0.0,0.5786,0.18,1.1701,18.2461,0.0,0.0772,9.5152,0.2829,0.5143,10.9811,8.628,0.1414,0.4243,0.3986,0.3472,0.5401,1.8002,0.0257,1.5687,0.3472,1.2473,0.2443,0.09,0.1029,5.902,15.9445,3.5104,0.1157,2.4302,3.5104,0.5143,0.1929,FP
190506,Pasco,,,6.0,59.0,39.0,58.0,4.0,0.0,25.0,9.0,39.0,427.0,0.0,1.0,258.0,4.0,7.0,293.0,149.0,84.0,7.0,13.0,8.0,20.0,31.0,0.0,22.0,13.0,19.0,7.0,6.0,3.0,69.0,390.0,57.0,4.0,57.0,8.0,13.0,5.0,2214,684,388,0.271,2.6649,1.7615,2.6197,0.1807,0.0,1.1292,0.4065,1.7615,19.2864,0.0,0.0452,11.6531,0.1807,0.3162,13.234,6.7299,3.794,0.3162,0.5872,0.3613,0.9033,1.4002,0.0,0.9937,0.5872,0.8582,0.3162,0.271,0.1355,3.1165,17.6152,2.5745,0.1807,2.5745,0.3613,0.5872,0.2258,FP
190507,Pasco,,,38.0,122.0,147.0,24.0,5.0,0.0,12.0,1.0,19.0,897.0,0.0,2.0,291.0,6.0,8.0,214.0,74.0,2.0,34.0,18.0,1.0,20.0,36.0,1.0,74.0,11.0,63.0,3.0,2.0,3.0,131.0,276.0,43.0,3.0,28.0,24.0,12.0,6.0,2651,685,293,1.4334,4.602,5.5451,0.9053,0.1886,0.0,0.4527,0.0377,0.7167,33.8363,0.0,0.0754,10.977,0.2263,0.3018,8.0724,2.7914,0.0754,1.2825,0.679,0.0377,0.7544,1.358,0.0377,2.7914,0.4149,2.3765,0.1132,0.0754,0.1132,4.9415,10.4112,1.622,0.1132,1.0562,0.9053,0.4527,0.2263,FP
190601,Pasco,,,276.0,3834.0,1140.0,798.0,102.0,0.0,508.0,84.0,1200.0,29409.0,0.0,190.0,4059.0,223.0,246.0,4982.0,8040.0,100.0,243.0,306.0,456.0,294.0,3007.0,36.0,1361.0,171.0,756.0,303.0,205.0,48.0,1191.0,11496.0,6668.0,94.0,2671.0,450.0,537.0,458.0,85942,17403,9419,0.3211,4.4611,1.3265,0.9285,0.1187,0.0,0.5911,0.0977,1.3963,34.2196,0.0,0.2211,4.723,0.2595,0.2862,5.7969,9.3551,0.1164,0.2827,0.3561,0.5306,0.3421,3.4989,0.0419,1.5836,0.199,0.8797,0.3526,0.2385,0.0559,1.3858,13.3765,7.7587,0.1094,3.1079,0.5236,0.6248,0.5329,FP
190602,Pasco,,,69.0,826.0,345.0,195.0,40.0,0.0,117.0,19.0,190.0,9141.0,0.0,27.0,693.0,70.0,53.0,901.0,1557.0,15.0,30.0,86.0,90.0,63.0,516.0,8.0,319.0,35.0,142.0,62.0,29.0,17.0,293.0,2864.0,982.0,16.0,481.0,109.0,84.0,73.0,20557,4164,2247,0.3357,4.0181,1.6783,0.9486,0.1946,0.0,0.5691,0.0924,0.9243,44.4666,0.0,0.1313,3.3711,0.3405,0.2578,4.3829,7.5741,0.073,0.1459,0.4183,0.4378,0.3065,2.5101,0.0389,1.5518,0.1703,0.6908,0.3016,0.1411,0.0827,1.4253,13.932,4.777,0.0778,2.3398,0.5302,0.4086,0.3551,FP
190603,Pasco,,,21.0,77.0,142.0,22.0,4.0,0.0,16.0,8.0,27.0,2870.0,0.0,5.0,265.0,9.0,4.0,464.0,104.0,4.0,14.0,14.0,16.0,28.0,66.0,2.0,87.0,8.0,40.0,9.0,9.0,2.0,73.0,184.0,90.0,9.0,48.0,22.0,39.0,16.0,4818,1945,790,0.4359,1.5982,2.9473,0.4566,0.083,0.0,0.3321,0.166,0.5604,59.5683,0.0,0.1038,5.5002,0.1868,0.083,9.6306,2.1586,0.083,0.2906,0.2906,0.3321,0.5812,1.3699,0.0415,1.8057,0.166,0.8302,0.1868,0.1868,0.0415,1.5152,3.819,1.868,0.1868,0.9963,0.4566,0.8095,0.3321,FP
190604,Pasco,,,42.0,344.0,376.0,126.0,15.0,0.0,68.0,10.0,129.0,5430.0,0.0,10.0,707.0,33.0,21.0,894.0,778.0,15.0,41.0,52.0,55.0,44.0,219.0,5.0,308.0,23.0,124.0,27.0,14.0,4.0,279.0,3321.0,412.0,13.0,295.0,57.0,59.0,30.0,14380,3295,1385,0.2921,2.3922,2.6147,0.8762,0.1043,0.0,0.4729,0.0695,0.8971,37.7608,0.0,0.0695,4.9166,0.2295,0.146,6.217,5.4103,0.1043,0.2851,0.3616,0.3825,0.306,1.5229,0.0348,2.1419,0.1599,0.8623,0.1878,0.0974,0.0278,1.9402,23.0946,2.8651,0.0904,2.0515,0.3964,0.4103,0.2086,FP
190605,Pasco,,,13.0,134.0,63.0,70.0,2.0,0.0,15.0,3.0,45.0,1431.0,0.0,12.0,238.0,57.0,8.0,403.0,281.0,7.0,34.0,16.0,11.0,16.0,79.0,3.0,145.0,10.0,59.0,9.0,6.0,2.0,70.0,818.0,110.0,5.0,93.0,32.0,17.0,10.0,4327,1237,487,0.3004,3.0968,1.456,1.6177,0.0462,0.0,0.3467,0.0693,1.04,33.0714,0.0,0.2773,5.5003,1.3173,0.1849,9.3136,6.4941,0.1618,0.7858,0.3698,0.2542,0.3698,1.8257,0.0693,3.3511,0.2311,1.3635,0.208,0.1387,0.0462,1.6177,18.9046,2.5422,0.1156,2.1493,0.7395,0.3929,0.2311,FP
190606,Pasco,,,50.0,386.0,239.0,126.0,21.0,0.0,63.0,17.0,133.0,5777.0,0.0,18.0,723.0,35.0,20.0,755.0,610.0,22.0,30.0,67.0,45.0,69.0,225.0,7.0,250.0,35.0,57.0,55.0,25.0,7.0,334.0,1301.0,302.0,19.0,259.0,50.0,40.0,33.0,12205,3355,1285,0.4097,3.1626,1.9582,1.0324,0.1721,0.0,0.5162,0.1393,1.0897,47.3331,0.0,0.1475,5.9238,0.2868,0.1639,6.186,4.998,0.1803,0.2458,0.549,0.3687,0.5653,1.8435,0.0574,2.0483,0.2868,0.467,0.4506,0.2048,0.0574,2.7366,10.6596,2.4744,0.1557,2.1221,0.4097,0.3277,0.2704,FP
190607,Pasco,,,17.0,155.0,89.0,212.0,4.0,0.0,44.0,2.0,26.0,1251.0,0.0,4.0,157.0,7.0,11.0,194.0,332.0,3.0,18.0,16.0,11.0,26.0,50.0,3.0,71.0,8.0,27.0,7.0,6.0,1.0,59.0,497.0,194.0,4.0,94.0,17.0,7.0,11.0,3635,852,314,0.4677,4.2641,2.4484,5.8322,0.11,0.0,1.2105,0.055,0.7153,34.4154,0.0,0.11,4.3191,0.1926,0.3026,5.337,9.1334,0.0825,0.4952,0.4402,0.3026,0.7153,1.3755,0.0825,1.9532,0.2201,0.7428,0.1926,0.1651,0.0275,1.6231,13.6726,5.337,0.11,2.586,0.4677,0.1926,0.3026,FP
190608,Pasco,,,48.0,270.0,183.0,97.0,22.0,0.0,41.0,16.0,137.0,2999.0,0.0,7.0,1323.0,53.0,37.0,1062.0,508.0,9.0,29.0,43.0,29.0,45.0,141.0,3.0,281.0,20.0,149.0,26.0,20.0,6.0,257.0,1380.0,231.0,12.0,209.0,78.0,43.0,27.0,9841,2395,1028,0.4878,2.7436,1.8596,0.9857,0.2236,0.0,0.4166,0.1626,1.3921,30.4745,0.0,0.0711,13.4438,0.5386,0.376,10.7916,5.1621,0.0915,0.2947,0.4369,0.2947,0.4573,1.4328,0.0305,2.8554,0.2032,1.5141,0.2642,0.2032,0.061,2.6115,14.023,2.3473,0.1219,2.1238,0.7926,0.4369,0.2744,FP
190701,Pasco,,,236.0,2877.0,1244.0,368.0,219.0,0.0,480.0,63.0,756.0,7851.0,0.0,74.0,1677.0,101.0,164.0,3885.0,4994.0,247.0,154.0,217.0,286.0,160.0,2223.0,23.0,849.0,119.0,597.0,235.0,135.0,35.0,1299.0,6318.0,2641.0,59.0,1448.0,362.0,292.0,189.0,42877,8683,4601,0.5504,6.7099,2.9013,0.8583,0.5108,0.0,1.1195,0.1469,1.7632,18.3105,0.0,0.1726,3.9112,0.2356,0.3825,9.0608,11.6473,0.5761,0.3592,0.5061,0.667,0.3732,5.1846,0.0536,1.9801,0.2775,1.3924,0.5481,0.3149,0.0816,3.0296,14.7352,6.1595,0.1376,3.3771,0.8443,0.681,0.4408,FP
190702,Pasco,,,25.0,310.0,59.0,55.0,11.0,0.0,54.0,3.0,51.0,1070.0,0.0,6.0,209.0,6.0,12.0,458.0,465.0,5.0,10.0,17.0,16.0,12.0,184.0,1.0,71.0,19.0,40.0,14.0,11.0,3.0,128.0,623.0,167.0,3.0,117.0,43.0,16.0,7.0,4301,840,399,0.5813,7.2076,1.3718,1.2788,0.2558,0.0,1.2555,0.0698,1.1858,24.8779,0.0,0.1395,4.8593,0.1395,0.279,10.6487,10.8114,0.1163,0.2325,0.3953,0.372,0.279,4.2781,0.0233,1.6508,0.4418,0.93,0.3255,0.2558,0.0698,2.9761,14.485,3.8828,0.0698,2.7203,0.9998,0.372,0.1628,FP
190703,Pasco,,,30.0,469.0,222.0,100.0,20.0,0.0,56.0,6.0,73.0,1132.0,0.0,14.0,160.0,15.0,18.0,722.0,942.0,15.0,22.0,19.0,30.0,12.0,319.0,4.0,119.0,12.0,56.0,16.0,9.0,5.0,163.0,852.0,392.0,6.0,194.0,35.0,42.0,8.0,6309,1087,577,0.4755,7.4338,3.5188,1.585,0.317,0.0,0.8876,0.0951,1.1571,17.9426,0.0,0.2219,2.5361,0.2378,0.2853,11.444,14.9311,0.2378,0.3487,0.3012,0.4755,0.1902,5.0563,0.0634,1.8862,0.1902,0.8876,0.2536,0.1427,0.0793,2.5836,13.5045,6.2133,0.0951,3.075,0.5548,0.6657,0.1268,FP
190704,Pasco,,,1.0,33.0,34.0,1.0,1.0,0.0,7.0,0.0,17.0,290.0,0.0,0.0,46.0,1.0,3.0,49.0,84.0,2.0,1.0,1.0,1.0,1.0,40.0,0.0,15.0,0.0,19.0,3.0,0.0,0.0,21.0,126.0,77.0,1.0,34.0,3.0,0.0,2.0,914,119,44,0.1094,3.6105,3.7199,0.1094,0.1094,0.0,0.7659,0.0,1.86,31.7287,0.0,0.0,5.0328,0.1094,0.3282,5.3611,9.1904,0.2188,0.1094,0.1094,0.1094,0.1094,4.3764,0.0,1.6411,0.0,2.0788,0.3282,0.0,0.0,2.2976,13.7856,8.4245,0.1094,3.7199,0.3282,0.0,0.2188,FP
190705,Pasco,,,24.0,131.0,40.0,40.0,7.0,0.0,25.0,5.0,30.0,2816.0,0.0,2.0,157.0,6.0,4.0,324.0,338.0,19.0,17.0,30.0,9.0,6.0,111.0,2.0,39.0,7.0,40.0,6.0,0.0,2.0,86.0,393.0,452.0,3.0,94.0,33.0,24.0,13.0,5335,1137,404,0.4499,2.4555,0.7498,0.7498,0.1312,0.0,0.4686,0.0937,0.5623,52.7835,0.0,0.0375,2.9428,0.1125,0.075,6.0731,6.3355,0.3561,0.3187,0.5623,0.1687,0.1125,2.0806,0.0375,0.731,0.1312,0.7498,0.1125,0.0,0.0375,1.612,7.3664,8.4724,0.0562,1.7619,0.6186,0.4499,0.2437,FP
190706,Pasco,,,149.0,314.0,74.0,86.0,5.0,0.0,46.0,3.0,51.0,1485.0,0.0,10.0,221.0,4.0,6.0,313.0,420.0,10.0,19.0,18.0,53.0,8.0,222.0,5.0,64.0,10.0,33.0,11.0,0.0,7.0,119.0,586.0,518.0,5.0,91.0,51.0,38.0,14.0,5069,872,423,2.9394,6.1945,1.4599,1.6966,0.0986,0.0,0.9075,0.0592,1.0061,29.2957,0.0,0.1973,4.3598,0.0789,0.1184,6.1748,8.2857,0.1973,0.3748,0.3551,1.0456,0.1578,4.3796,0.0986,1.2626,0.1973,0.651,0.217,0.0,0.1381,2.3476,11.5605,10.219,0.0986,1.7952,1.0061,0.7497,0.2762,FP
190801,Pasco,,,477.0,953.0,608.0,620.0,20.0,0.0,167.0,13.0,328.0,5304.0,0.0,22.0,1118.0,14.0,43.0,2615.0,2196.0,28.0,450.0,106.0,36.0,80.0,568.0,5.0,233.0,48.0,433.0,49.0,9.0,15.0,1119.0,1543.0,485.0,20.0,795.0,166.0,87.0,37.0,20810,4346,1716,2.2922,4.5795,2.9217,2.9793,0.0961,0.0,0.8025,0.0625,1.5762,25.4877,0.0,0.1057,5.3724,0.0673,0.2066,12.5661,10.5526,0.1346,2.1624,0.5094,0.173,0.3844,2.7295,0.024,1.1197,0.2307,2.0807,0.2355,0.0432,0.0721,5.3772,7.4147,2.3306,0.0961,3.8203,0.7977,0.4181,0.1778,FP
190802,Pasco,,,370.0,379.0,118.0,110.0,10.0,0.0,54.0,5.0,143.0,3130.0,0.0,2.0,604.0,7.0,11.0,1027.0,638.0,10.0,63.0,27.0,13.0,29.0,177.0,1.0,71.0,24.0,113.0,15.0,5.0,3.0,213.0,425.0,98.0,3.0,293.0,24.0,29.0,6.0,8250,1724,746,4.4848,4.5939,1.4303,1.3333,0.1212,0.0,0.6545,0.0606,1.7333,37.9394,0.0,0.0242,7.3212,0.0848,0.1333,12.4485,7.7333,0.1212,0.7636,0.3273,0.1576,0.3515,2.1455,0.0121,0.8606,0.2909,1.3697,0.1818,0.0606,0.0364,2.5818,5.1515,1.1879,0.0364,3.5515,0.2909,0.3515,0.0727,FP
190803,Pasco,,,103.0,270.0,103.0,105.0,2.0,0.0,9.0,6.0,47.0,963.0,0.0,5.0,398.0,4.0,6.0,447.0,236.0,3.0,21.0,25.0,7.0,30.0,62.0,7.0,125.0,6.0,28.0,4.0,1.0,0.0,217.0,266.0,74.0,8.0,87.0,17.0,9.0,9.0,3710,767,299,2.7763,7.2776,2.7763,2.8302,0.0539,0.0,0.2426,0.1617,1.2668,25.9569,0.0,0.1348,10.7278,0.1078,0.1617,12.0485,6.3612,0.0809,0.566,0.6739,0.1887,0.8086,1.6712,0.1887,3.3693,0.1617,0.7547,0.1078,0.027,0.0,5.8491,7.1698,1.9946,0.2156,2.345,0.4582,0.2426,0.2426,FP
190804,Pasco,,,35.0,132.0,36.0,24.0,7.0,0.0,32.0,2.0,71.0,835.0,0.0,2.0,286.0,2.0,4.0,348.0,214.0,4.0,10.0,4.0,5.0,13.0,45.0,0.0,43.0,0.0,24.0,8.0,0.0,2.0,63.0,228.0,100.0,2.0,61.0,6.0,7.0,1.0,2656,421,161,1.3178,4.9699,1.3554,0.9036,0.2636,0.0,1.2048,0.0753,2.6732,31.4383,0.0,0.0753,10.7681,0.0753,0.1506,13.1024,8.0572,0.1506,0.3765,0.1506,0.1883,0.4895,1.6943,0.0,1.619,0.0,0.9036,0.3012,0.0,0.0753,2.372,8.5843,3.7651,0.0753,2.2967,0.2259,0.2636,0.0377,FP
190805,Pasco,,,43.0,126.0,83.0,26.0,6.0,0.0,10.0,3.0,22.0,673.0,0.0,1.0,226.0,3.0,5.0,228.0,170.0,1.0,28.0,8.0,5.0,8.0,26.0,0.0,24.0,6.0,38.0,6.0,1.0,0.0,103.0,137.0,26.0,1.0,60.0,12.0,6.0,7.0,2128,532,103,2.0207,5.9211,3.9004,1.2218,0.282,0.0,0.4699,0.141,1.0338,31.6259,0.0,0.047,10.6203,0.141,0.235,10.7143,7.9887,0.047,1.3158,0.3759,0.235,0.3759,1.2218,0.0,1.1278,0.282,1.7857,0.282,0.047,0.0,4.8402,6.438,1.2218,0.047,2.8195,0.5639,0.282,0.3289,FP
190806,Pasco,,,34.0,146.0,66.0,49.0,3.0,0.0,13.0,0.0,35.0,367.0,0.0,5.0,175.0,3.0,6.0,230.0,219.0,1.0,27.0,5.0,1.0,10.0,44.0,0.0,21.0,8.0,12.0,0.0,0.0,1.0,52.0,149.0,32.0,2.0,48.0,11.0,5.0,4.0,1784,298,133,1.9058,8.1839,3.6996,2.7466,0.1682,0.0,0.7287,0.0,1.9619,20.5717,0.0,0.2803,9.8094,0.1682,0.3363,12.8924,12.2758,0.0561,1.5135,0.2803,0.0561,0.5605,2.4664,0.0,1.1771,0.4484,0.6726,0.0,0.0,0.0561,2.9148,8.352,1.7937,0.1121,2.6906,0.6166,0.2803,0.2242,FP
200101,PIURA,PIURA,PIURA,930.0,13303.0,351.0,270.0,53.0,0.0,15648.0,71.0,3566.0,3729.0,0.0,91.0,6582.0,95.0,347.0,8229.0,6874.0,112.0,627.0,392.0,124.0,493.0,2325.0,34.0,380.0,125.0,655.0,312.0,71.0,46.0,334.0,2142.0,3426.0,37.0,3496.0,403.0,97.0,211.0,75981,5647,3146,1.224,17.5083,0.462,0.3554,0.0698,0.0,20.5946,0.0934,4.6933,4.9078,0.0,0.1198,8.6627,0.125,0.4567,10.8303,9.047,0.1474,0.8252,0.5159,0.1632,0.6488,3.06,0.0447,0.5001,0.1645,0.8621,0.4106,0.0934,0.0605,0.4396,2.8191,4.509,0.0487,4.6012,0.5304,0.1277,0.2777,CoopP
200102,Piura,Piura,,535.0,886.0,78.0,63.0,12.0,0.0,1830.0,29.0,279.0,287.0,0.0,43.0,4182.0,13.0,23.0,1461.0,235.0,22.0,265.0,77.0,12.0,129.0,101.0,9.0,51.0,18.0,121.0,77.0,25.0,16.0,170.0,141.0,109.0,22.0,208.0,45.0,13.0,14.0,11601,1901,946,4.6117,7.6373,0.6724,0.5431,0.1034,0.0,15.7745,0.25,2.405,2.4739,0.0,0.3707,36.0486,0.1121,0.1983,12.5937,2.0257,0.1896,2.2843,0.6637,0.1034,1.112,0.8706,0.0776,0.4396,0.1552,1.043,0.6637,0.2155,0.1379,1.4654,1.2154,0.9396,0.1896,1.7929,0.3879,0.1121,0.1207,JxP
200103,Piura,Piura,,612.0,252.0,29.0,7.0,4.0,0.0,384.0,3.0,101.0,112.0,0.0,3.0,729.0,1.0,6.0,561.0,75.0,1.0,39.0,7.0,2.0,19.0,23.0,0.0,19.0,1.0,26.0,7.0,1.0,3.0,22.0,48.0,16.0,1.0,89.0,3.0,1.0,8.0,3215,414,213,19.0358,7.8383,0.902,0.2177,0.1244,0.0,11.944,0.0933,3.1415,3.4837,0.0,0.0933,22.675,0.0311,0.1866,17.4495,2.3328,0.0311,1.2131,0.2177,0.0622,0.591,0.7154,0.0,0.591,0.0311,0.8087,0.2177,0.0311,0.0933,0.6843,1.493,0.4977,0.0311,2.7683,0.0933,0.0311,0.2488,JxP
200104,PIURA,PIURA,CASTILLA,933.0,468.0,38.0,17.0,2.0,0.0,879.0,14.0,265.0,189.0,0.0,12.0,1247.0,14.0,19.0,889.0,126.0,6.0,112.0,54.0,4.0,54.0,61.0,3.0,25.0,11.0,61.0,35.0,8.0,2.0,41.0,79.0,31.0,14.0,102.0,22.0,9.0,9.0,5855,857,530,15.9351,7.9932,0.649,0.2904,0.0342,0.0,15.0128,0.2391,4.526,3.228,0.0,0.205,21.298,0.2391,0.3245,15.1836,2.152,0.1025,1.9129,0.9223,0.0683,0.9223,1.0418,0.0512,0.427,0.1879,1.0418,0.5978,0.1366,0.0342,0.7003,1.3493,0.5295,0.2391,1.7421,0.3757,0.1537,0.1537,JxP
200105,PIURA,PIURA,CATACAOS,809.0,373.0,20.0,6.0,1.0,0.0,328.0,7.0,185.0,89.0,0.0,7.0,1448.0,3.0,7.0,917.0,66.0,2.0,98.0,51.0,2.0,22.0,34.0,1.0,19.0,6.0,44.0,45.0,1.0,2.0,40.0,30.0,52.0,4.0,91.0,8.0,2.0,4.0,4824,475,299,16.7703,7.7322,0.4146,0.1244,0.0207,0.0,6.7993,0.1451,3.835,1.8449,0.0,0.1451,30.0166,0.0622,0.1451,19.0091,1.3682,0.0415,2.0315,1.0572,0.0415,0.4561,0.7048,0.0207,0.3939,0.1244,0.9121,0.9328,0.0207,0.0415,0.8292,0.6219,1.0779,0.0829,1.8864,0.1658,0.0415,0.0829,JxP
200106,Piura,Piura,,163.0,433.0,26.0,12.0,4.0,0.0,912.0,13.0,165.0,162.0,0.0,4.0,1130.0,4.0,11.0,552.0,137.0,10.0,82.0,33.0,2.0,66.0,60.0,1.0,13.0,13.0,45.0,28.0,10.0,3.0,47.0,78.0,71.0,10.0,101.0,21.0,11.0,7.0,4440,643,367,3.6712,9.7523,0.5856,0.2703,0.0901,0.0,20.5405,0.2928,3.7162,3.6486,0.0,0.0901,25.4505,0.0901,0.2477,12.4324,3.0856,0.2252,1.8468,0.7432,0.045,1.4865,1.3514,0.0225,0.2928,0.2928,1.0135,0.6306,0.2252,0.0676,1.0586,1.7568,1.5991,0.2252,2.2748,0.473,0.2477,0.1577,JxP
200107,PIURA,PIURA,CURA MORI,329.0,226.0,23.0,4.0,0.0,0.0,258.0,1.0,102.0,82.0,0.0,4.0,471.0,1.0,11.0,379.0,46.0,3.0,57.0,12.0,2.0,21.0,38.0,1.0,11.0,3.0,14.0,10.0,0.0,1.0,16.0,27.0,23.0,1.0,65.0,6.0,8.0,3.0,2259,238,195,14.564,10.0044,1.0181,0.1771,0.0,0.0,11.421,0.0443,4.5153,3.6299,0.0,0.1771,20.8499,0.0443,0.4869,16.7773,2.0363,0.1328,2.5232,0.5312,0.0885,0.9296,1.6822,0.0443,0.4869,0.1328,0.6197,0.4427,0.0,0.0443,0.7083,1.1952,1.0181,0.0443,2.8774,0.2656,0.3541,0.1328,JxP
200108,PIURA,PIURA,EL TALLAN,309.0,325.0,16.0,5.0,3.0,0.0,531.0,8.0,123.0,84.0,0.0,2.0,648.0,6.0,16.0,493.0,98.0,1.0,64.0,13.0,1.0,25.0,43.0,0.0,21.0,3.0,27.0,14.0,3.0,1.0,28.0,37.0,43.0,3.0,80.0,15.0,8.0,3.0,3100,391,231,9.9677,10.4839,0.5161,0.1613,0.0968,0.0,17.129,0.2581,3.9677,2.7097,0.0,0.0645,20.9032,0.1935,0.5161,15.9032,3.1613,0.0323,2.0645,0.4194,0.0323,0.8065,1.3871,0.0,0.6774,0.0968,0.871,0.4516,0.0968,0.0323,0.9032,1.1935,1.3871,0.0968,2.5806,0.4839,0.2581,0.0968,JxP
200109,PIURA,PIURA,LA ARENA,267.0,332.0,31.0,8.0,3.0,0.0,630.0,6.0,137.0,128.0,0.0,3.0,733.0,4.0,2.0,411.0,80.0,2.0,32.0,23.0,3.0,43.0,28.0,2.0,15.0,8.0,28.0,14.0,5.0,4.0,35.0,62.0,33.0,5.0,110.0,19.0,5.0,6.0,3257,491,201,8.1977,10.1934,0.9518,0.2456,0.0921,0.0,19.343,0.1842,4.2063,3.93,0.0,0.0921,22.5054,0.1228,0.0614,12.619,2.4562,0.0614,0.9825,0.7062,0.0921,1.3202,0.8597,0.0614,0.4605,0.2456,0.8597,0.4298,0.1535,0.1228,1.0746,1.9036,1.0132,0.1535,3.3773,0.5834,0.1535,0.1842,JxP
200110,PIURA,PIURA,LA UNIÒN,140.0,249.0,24.0,8.0,2.0,0.0,770.0,12.0,105.0,91.0,0.0,11.0,845.0,6.0,11.0,501.0,117.0,11.0,70.0,25.0,3.0,138.0,37.0,1.0,27.0,8.0,34.0,13.0,3.0,4.0,41.0,34.0,31.0,6.0,79.0,20.0,8.0,6.0,3491,444,221,4.0103,7.1326,0.6875,0.2292,0.0573,0.0,22.0567,0.3437,3.0077,2.6067,0.0,0.3151,24.2051,0.1719,0.3151,14.3512,3.3515,0.3151,2.0052,0.7161,0.0859,3.953,1.0599,0.0286,0.7734,0.2292,0.9739,0.3724,0.0859,0.1146,1.1744,0.9739,0.888,0.1719,2.263,0.5729,0.2292,0.1719,JxP
200111,PIURA,PIURA,LAS LOMAS,28.0,54.0,4.0,0.0,1.0,0.0,60.0,4.0,17.0,30.0,0.0,0.0,190.0,1.0,1.0,124.0,14.0,2.0,10.0,5.0,0.0,10.0,4.0,0.0,4.0,2.0,5.0,3.0,0.0,0.0,6.0,4.0,8.0,1.0,10.0,0.0,1.0,5.0,608,118,54,4.6053,8.8816,0.6579,0.0,0.1645,0.0,9.8684,0.6579,2.7961,4.9342,0.0,0.0,31.25,0.1645,0.1645,20.3947,2.3026,0.3289,1.6447,0.8224,0.0,1.6447,0.6579,0.0,0.6579,0.3289,0.8224,0.4934,0.0,0.0,0.9868,0.6579,1.3158,0.1645,1.6447,0.0,0.1645,0.8224,JxP
200112,Piura,Piura,,142.0,229.0,15.0,4.0,0.0,0.0,452.0,5.0,50.0,90.0,0.0,0.0,319.0,3.0,7.0,191.0,57.0,6.0,16.0,17.0,1.0,19.0,16.0,1.0,9.0,2.0,16.0,6.0,2.0,4.0,18.0,41.0,28.0,2.0,48.0,8.0,0.0,7.0,1831,246,107,7.7553,12.5068,0.8192,0.2185,0.0,0.0,24.686,0.2731,2.7307,4.9153,0.0,0.0,17.4222,0.1638,0.3823,10.4315,3.1131,0.3277,0.8738,0.9285,0.0546,1.0377,0.8738,0.0546,0.4915,0.1092,0.8738,0.3277,0.1092,0.2185,0.9831,2.2392,1.5292,0.1092,2.6215,0.4369,0.0,0.3823,CoopP
200113,Piura,Piura,,217.0,227.0,11.0,2.0,2.0,0.0,317.0,3.0,75.0,65.0,0.0,4.0,477.0,1.0,3.0,357.0,36.0,4.0,46.0,8.0,1.0,9.0,16.0,0.0,41.0,0.0,20.0,11.0,1.0,4.0,26.0,25.0,19.0,2.0,57.0,8.0,0.0,3.0,2098,200,95,10.3432,10.8198,0.5243,0.0953,0.0953,0.0,15.1096,0.143,3.5748,3.0982,0.0,0.1907,22.7359,0.0477,0.143,17.0162,1.7159,0.1907,2.1926,0.3813,0.0477,0.429,0.7626,0.0,1.9542,0.0,0.9533,0.5243,0.0477,0.1907,1.2393,1.1916,0.9056,0.0953,2.7169,0.3813,0.0,0.143,JxP
200114,PIURA,PIURA,TAMBO GRANDE,146.0,370.0,26.0,9.0,5.0,0.0,944.0,7.0,153.0,135.0,0.0,11.0,1483.0,8.0,16.0,511.0,83.0,14.0,78.0,30.0,4.0,48.0,28.0,3.0,16.0,13.0,46.0,14.0,9.0,6.0,37.0,45.0,36.0,12.0,80.0,7.0,11.0,6.0,4450,575,305,3.2809,8.3146,0.5843,0.2022,0.1124,0.0,21.2135,0.1573,3.4382,3.0337,0.0,0.2472,33.3258,0.1798,0.3596,11.4831,1.8652,0.3146,1.7528,0.6742,0.0899,1.0787,0.6292,0.0674,0.3596,0.2921,1.0337,0.3146,0.2022,0.1348,0.8315,1.0112,0.809,0.2697,1.7978,0.1573,0.2472,0.1348,JxP
200115,PIURA,PIURA,VEINTISEIS DE OCTUBRE,504.0,85.0,18.0,4.0,2.0,0.0,146.0,14.0,107.0,253.0,0.0,1.0,406.0,4.0,17.0,445.0,32.0,2.0,45.0,29.0,2.0,21.0,21.0,2.0,7.0,5.0,28.0,18.0,3.0,1.0,28.0,61.0,36.0,4.0,43.0,7.0,3.0,5.0,2409,386,237,20.9215,3.5284,0.7472,0.166,0.083,0.0,6.0606,0.5812,4.4417,10.5023,0.0,0.0415,16.8535,0.166,0.7057,18.4724,1.3284,0.083,1.868,1.2038,0.083,0.8717,0.8717,0.083,0.2906,0.2076,1.1623,0.7472,0.1245,0.0415,1.1623,2.5322,1.4944,0.166,1.785,0.2906,0.1245,0.2076,AEV
200201,PIURA,AYABACA,AYABACA,516.0,1583.0,166.0,15.0,4.0,0.0,1789.0,22.0,629.0,301.0,0.0,9.0,6655.0,15.0,42.0,3589.0,598.0,15.0,207.0,53.0,11.0,99.0,178.0,1.0,59.0,32.0,145.0,50.0,18.0,49.0,137.0,136.0,180.0,16.0,466.0,9.0,13.0,24.0,17831,2035,1089,2.8938,8.8778,0.931,0.0841,0.0224,0.0,10.0331,0.1234,3.5276,1.6881,0.0,0.0505,37.3226,0.0841,0.2355,20.1279,3.3537,0.0841,1.1609,0.2972,0.0617,0.5552,0.9983,0.0056,0.3309,0.1795,0.8132,0.2804,0.1009,0.2748,0.7683,0.7627,1.0095,0.0897,2.6134,0.0505,0.0729,0.1346,JxP
200202,PIURA,AYABACA,FRIAS,379.0,188.0,15.0,3.0,2.0,0.0,158.0,7.0,122.0,58.0,0.0,2.0,705.0,1.0,10.0,633.0,29.0,2.0,37.0,14.0,1.0,15.0,19.0,1.0,16.0,1.0,18.0,6.0,6.0,1.0,24.0,28.0,31.0,0.0,34.0,6.0,2.0,1.0,2575,325,190,14.7184,7.301,0.5825,0.1165,0.0777,0.0,6.1359,0.2718,4.7379,2.2524,0.0,0.0777,27.3786,0.0388,0.3883,24.5825,1.1262,0.0777,1.4369,0.5437,0.0388,0.5825,0.7379,0.0388,0.6214,0.0388,0.699,0.233,0.233,0.0388,0.932,1.0874,1.2039,0.0,1.3204,0.233,0.0777,0.0388,JxP
200203,PIURA,AYABACA,JILILI,633.0,294.0,38.0,1.0,3.0,0.0,272.0,5.0,144.0,92.0,0.0,2.0,1444.0,4.0,6.0,1232.0,108.0,1.0,71.0,23.0,4.0,35.0,28.0,0.0,32.0,7.0,41.0,21.0,4.0,5.0,29.0,45.0,36.0,4.0,93.0,10.0,3.0,2.0,4772,549,326,13.2649,6.1609,0.7963,0.021,0.0629,0.0,5.6999,0.1048,3.0176,1.9279,0.0,0.0419,30.2598,0.0838,0.1257,25.8173,2.2632,0.021,1.4878,0.482,0.0838,0.7334,0.5868,0.0,0.6706,0.1467,0.8592,0.4401,0.0838,0.1048,0.6077,0.943,0.7544,0.0838,1.9489,0.2096,0.0629,0.0419,JxP
200204,PIURA,AYABACA,LAGUNAS,555.0,481.0,35.0,6.0,5.0,0.0,622.0,10.0,210.0,200.0,0.0,2.0,3489.0,9.0,13.0,1973.0,169.0,11.0,155.0,34.0,4.0,60.0,62.0,2.0,40.0,16.0,59.0,19.0,4.0,3.0,102.0,49.0,52.0,8.0,109.0,7.0,3.0,7.0,8585,983,607,6.4648,5.6028,0.4077,0.0699,0.0582,0.0,7.2452,0.1165,2.4461,2.3296,0.0,0.0233,40.6407,0.1048,0.1514,22.9819,1.9685,0.1281,1.8055,0.396,0.0466,0.6989,0.7222,0.0233,0.4659,0.1864,0.6872,0.2213,0.0466,0.0349,1.1881,0.5708,0.6057,0.0932,1.2697,0.0815,0.0349,0.0815,JxP
200205,PIURA,AYABACA,MONTERO,312.0,310.0,17.0,9.0,4.0,0.0,182.0,7.0,163.0,99.0,0.0,6.0,900.0,1.0,8.0,810.0,65.0,5.0,96.0,31.0,3.0,20.0,21.0,0.0,19.0,9.0,32.0,18.0,2.0,1.0,35.0,36.0,33.0,3.0,65.0,9.0,3.0,2.0,3336,432,250,9.3525,9.2926,0.5096,0.2698,0.1199,0.0,5.4556,0.2098,4.8861,2.9676,0.0,0.1799,26.9784,0.03,0.2398,24.2806,1.9484,0.1499,2.8777,0.9293,0.0899,0.5995,0.6295,0.0,0.5695,0.2698,0.9592,0.5396,0.06,0.03,1.0492,1.0791,0.9892,0.0899,1.9484,0.2698,0.0899,0.06,JxP
200206,PIURA,AYABACA,PACAIPAMPA,667.0,349.0,10.0,3.0,4.0,0.0,290.0,11.0,119.0,70.0,0.0,3.0,1573.0,1.0,5.0,924.0,78.0,7.0,75.0,18.0,2.0,20.0,24.0,0.0,19.0,7.0,30.0,20.0,1.0,5.0,26.0,22.0,25.0,3.0,59.0,6.0,4.0,1.0,4481,473,341,14.8851,7.7884,0.2232,0.0669,0.0893,0.0,6.4718,0.2455,2.6557,1.5622,0.0,0.0669,35.1038,0.0223,0.1116,20.6204,1.7407,0.1562,1.6737,0.4017,0.0446,0.4463,0.5356,0.0,0.424,0.1562,0.6695,0.4463,0.0223,0.1116,0.5802,0.491,0.5579,0.0669,1.3167,0.1339,0.0893,0.0223,JxP
200207,PIURA,AYABACA,PAIMAS,128.0,190.0,10.0,4.0,1.0,0.0,364.0,4.0,60.0,89.0,0.0,4.0,693.0,6.0,4.0,598.0,59.0,3.0,73.0,11.0,0.0,21.0,22.0,0.0,10.0,1.0,26.0,7.0,0.0,4.0,13.0,20.0,26.0,4.0,47.0,7.0,6.0,3.0,2518,219,137,5.0834,7.5457,0.3971,0.1589,0.0397,0.0,14.4559,0.1589,2.3828,3.5346,0.0,0.1589,27.5218,0.2383,0.1589,23.749,2.3431,0.1191,2.8991,0.4369,0.0,0.834,0.8737,0.0,0.3971,0.0397,1.0326,0.278,0.0,0.1589,0.5163,0.7943,1.0326,0.1589,1.8666,0.278,0.2383,0.1191,JxP
200208,PIURA,AYABACA,SAPILLICA,193.0,227.0,35.0,0.0,2.0,0.0,274.0,4.0,92.0,72.0,0.0,1.0,1564.0,3.0,2.0,787.0,59.0,6.0,55.0,18.0,1.0,18.0,29.0,1.0,16.0,5.0,20.0,24.0,7.0,2.0,32.0,21.0,37.0,5.0,69.0,6.0,2.0,4.0,3693,459,152,5.2261,6.1468,0.9477,0.0,0.0542,0.0,7.4194,0.1083,2.4912,1.9496,0.0,0.0271,42.3504,0.0812,0.0542,21.3106,1.5976,0.1625,1.4893,0.4874,0.0271,0.4874,0.7853,0.0271,0.4333,0.1354,0.5416,0.6499,0.1895,0.0542,0.8665,0.5686,1.0019,0.1354,1.8684,0.1625,0.0542,0.1083,JxP
200210,PIURA,AYABACA,SUYO,76.0,136.0,8.0,0.0,1.0,0.0,152.0,6.0,57.0,52.0,0.0,3.0,878.0,3.0,4.0,522.0,45.0,4.0,43.0,7.0,1.0,16.0,17.0,2.0,8.0,6.0,21.0,7.0,1.0,2.0,23.0,12.0,29.0,1.0,55.0,3.0,0.0,1.0,2202,333,174,3.4514,6.1762,0.3633,0.0,0.0454,0.0,6.9028,0.2725,2.5886,2.3615,0.0,0.1362,39.8728,0.1362,0.1817,23.7057,2.0436,0.1817,1.9528,0.3179,0.0454,0.7266,0.772,0.0908,0.3633,0.2725,0.9537,0.3179,0.0454,0.0908,1.0445,0.545,1.317,0.0454,2.4977,0.1362,0.0,0.0454,JxP
200212,Piura,Ayabaca,,1151.0,489.0,36.0,9.0,4.0,0.0,404.0,17.0,288.0,244.0,0.0,6.0,1919.0,6.0,18.0,1521.0,121.0,13.0,133.0,22.0,2.0,53.0,29.0,3.0,29.0,13.0,50.0,54.0,4.0,5.0,65.0,62.0,47.0,8.0,92.0,12.0,2.0,13.0,6944,1027,584,16.5755,7.0421,0.5184,0.1296,0.0576,0.0,5.818,0.2448,4.1475,3.5138,0.0,0.0864,27.6354,0.0864,0.2592,21.9038,1.7425,0.1872,1.9153,0.3168,0.0288,0.7632,0.4176,0.0432,0.4176,0.1872,0.72,0.7776,0.0576,0.072,0.9361,0.8929,0.6768,0.1152,1.3249,0.1728,0.0288,0.1872,JxP
200213,Piura,Ayabaca,,190.0,318.0,13.0,7.0,5.0,0.0,363.0,7.0,175.0,98.0,0.0,4.0,1255.0,9.0,8.0,913.0,117.0,4.0,106.0,25.0,3.0,29.0,37.0,1.0,13.0,12.0,27.0,20.0,8.0,3.0,56.0,25.0,48.0,4.0,121.0,9.0,7.0,3.0,4043,482,331,4.6995,7.8654,0.3215,0.1731,0.1237,0.0,8.9785,0.1731,4.3285,2.4239,0.0,0.0989,31.0413,0.2226,0.1979,22.5822,2.8939,0.0989,2.6218,0.6184,0.0742,0.7173,0.9152,0.0247,0.3215,0.2968,0.6678,0.4947,0.1979,0.0742,1.3851,0.6184,1.1872,0.0989,2.9928,0.2226,0.1731,0.0742,JxP
200214,Piura,Ayabaca,,136.0,146.0,17.0,3.0,0.0,0.0,178.0,2.0,81.0,47.0,0.0,1.0,1188.0,1.0,7.0,575.0,37.0,1.0,39.0,11.0,0.0,20.0,9.0,2.0,7.0,6.0,17.0,11.0,3.0,3.0,25.0,19.0,34.0,11.0,45.0,2.0,1.0,4.0,2689,363,192,5.0576,5.4295,0.6322,0.1116,0.0,0.0,6.6196,0.0744,3.0123,1.7479,0.0,0.0372,44.18,0.0372,0.2603,21.3834,1.376,0.0372,1.4504,0.4091,0.0,0.7438,0.3347,0.0744,0.2603,0.2231,0.6322,0.4091,0.1116,0.1116,0.9297,0.7066,1.2644,0.4091,1.6735,0.0744,0.0372,0.1488,JxP
200215,Piura,Ayabaca,,87.0,140.0,17.0,1.0,2.0,0.0,214.0,3.0,74.0,50.0,0.0,2.0,964.0,4.0,2.0,442.0,25.0,2.0,40.0,10.0,3.0,14.0,11.0,2.0,6.0,3.0,14.0,11.0,0.0,3.0,19.0,6.0,18.0,4.0,40.0,3.0,1.0,1.0,2238,300,134,3.8874,6.2556,0.7596,0.0447,0.0894,0.0,9.5621,0.134,3.3065,2.2341,0.0,0.0894,43.0742,0.1787,0.0894,19.7498,1.1171,0.0894,1.7873,0.4468,0.134,0.6256,0.4915,0.0894,0.2681,0.134,0.6256,0.4915,0.0,0.134,0.849,0.2681,0.8043,0.1787,1.7873,0.134,0.0447,0.0447,JxP
200216,Piura,Ayabaca,,319.0,220.0,18.0,2.0,2.0,0.0,409.0,2.0,92.0,65.0,0.0,2.0,975.0,2.0,6.0,612.0,38.0,3.0,45.0,11.0,1.0,17.0,14.0,2.0,15.0,4.0,18.0,15.0,2.0,4.0,22.0,22.0,29.0,7.0,40.0,7.0,6.0,3.0,3051,295,237,10.4556,7.2108,0.59,0.0656,0.0656,0.0,13.4054,0.0656,3.0154,2.1304,0.0,0.0656,31.9567,0.0656,0.1967,20.059,1.2455,0.0983,1.4749,0.3605,0.0328,0.5572,0.4589,0.0656,0.4916,0.1311,0.59,0.4916,0.0656,0.1311,0.7211,0.7211,0.9505,0.2294,1.311,0.2294,0.1967,0.0983,JxP
200217,Piura,Ayabaca,,82.0,126.0,2.0,2.0,1.0,0.0,132.0,4.0,31.0,23.0,0.0,0.0,681.0,0.0,0.0,424.0,21.0,2.0,25.0,9.0,1.0,8.0,3.0,0.0,6.0,1.0,18.0,5.0,3.0,2.0,11.0,4.0,18.0,2.0,34.0,1.0,3.0,0.0,1685,159,88,4.8665,7.4777,0.1187,0.1187,0.0593,0.0,7.8338,0.2374,1.8398,1.365,0.0,0.0,40.4154,0.0,0.0,25.1632,1.2463,0.1187,1.4837,0.5341,0.0593,0.4748,0.178,0.0,0.3561,0.0593,1.0682,0.2967,0.178,0.1187,0.6528,0.2374,1.0682,0.1187,2.0178,0.0593,0.178,0.0,JxP
200301,PIURA,HUANCABAMBA,HUANCABAMBA,91.0,671.0,32.0,12.0,4.0,0.0,810.0,7.0,297.0,313.0,0.0,6.0,1430.0,13.0,20.0,1165.0,338.0,10.0,114.0,32.0,8.0,60.0,165.0,6.0,50.0,17.0,88.0,24.0,3.0,6.0,69.0,146.0,75.0,11.0,377.0,27.0,15.0,5.0,6517,981,646,1.3963,10.2961,0.491,0.1841,0.0614,0.0,12.429,0.1074,4.5573,4.8028,0.0,0.0921,21.9426,0.1995,0.3069,17.8763,5.1864,0.1534,1.7493,0.491,0.1228,0.9207,2.5318,0.0921,0.7672,0.2609,1.3503,0.3683,0.046,0.0921,1.0588,2.2403,1.1508,0.1688,5.7849,0.4143,0.2302,0.0767,JxP
200302,PIURA,HUANCABAMBA,CANCHAQUE,20.0,135.0,4.0,2.0,2.0,0.0,147.0,1.0,73.0,64.0,0.0,3.0,386.0,5.0,3.0,386.0,62.0,4.0,42.0,13.0,1.0,5.0,17.0,2.0,9.0,6.0,14.0,2.0,2.0,1.0,20.0,23.0,13.0,2.0,42.0,2.0,0.0,2.0,1515,186,156,1.3201,8.9109,0.264,0.132,0.132,0.0,9.703,0.066,4.8185,4.2244,0.0,0.198,25.4785,0.33,0.198,25.4785,4.0924,0.264,2.7723,0.8581,0.066,0.33,1.1221,0.132,0.5941,0.396,0.9241,0.132,0.132,0.066,1.3201,1.5182,0.8581,0.132,2.7723,0.132,0.0,0.132,JxP
200303,PIURA,HUANCABAMBA,EL CARMEN DE LA FRONTERA,35.0,158.0,13.0,3.0,6.0,0.0,188.0,8.0,99.0,126.0,0.0,4.0,969.0,5.0,5.0,608.0,126.0,5.0,80.0,27.0,5.0,26.0,22.0,1.0,9.0,11.0,20.0,20.0,3.0,2.0,46.0,22.0,44.0,3.0,92.0,2.0,3.0,1.0,2797,356,237,1.2513,5.6489,0.4648,0.1073,0.2145,0.0,6.7215,0.286,3.5395,4.5048,0.0,0.143,34.6443,0.1788,0.1788,21.7376,4.5048,0.1788,2.8602,0.9653,0.1788,0.9296,0.7866,0.0358,0.3218,0.3933,0.7151,0.7151,0.1073,0.0715,1.6446,0.7866,1.5731,0.1073,3.2892,0.0715,0.1073,0.0358,JxP
200304,PIURA,HUANCABAMBA,HUARMACA,56.0,259.0,17.0,8.0,3.0,0.0,194.0,8.0,143.0,76.0,0.0,4.0,1203.0,1.0,3.0,764.0,115.0,5.0,52.0,24.0,3.0,22.0,38.0,2.0,8.0,10.0,29.0,10.0,4.0,1.0,37.0,29.0,34.0,2.0,89.0,9.0,4.0,1.0,3267,462,266,1.7141,7.9278,0.5204,0.2449,0.0918,0.0,5.9382,0.2449,4.3771,2.3263,0.0,0.1224,36.8228,0.0306,0.0918,23.3854,3.52,0.153,1.5917,0.7346,0.0918,0.6734,1.1631,0.0612,0.2449,0.3061,0.8877,0.3061,0.1224,0.0306,1.1325,0.8877,1.0407,0.0612,2.7242,0.2755,0.1224,0.0306,JxP
200305,PIURA,HUANCABAMBA,LALAQUIZ,31.0,117.0,13.0,2.0,0.0,0.0,185.0,5.0,56.0,89.0,0.0,2.0,700.0,3.0,3.0,349.0,47.0,0.0,28.0,21.0,2.0,9.0,26.0,2.0,7.0,5.0,14.0,6.0,3.0,0.0,32.0,14.0,18.0,3.0,35.0,6.0,2.0,0.0,1835,403,230,1.6894,6.376,0.7084,0.109,0.0,0.0,10.0817,0.2725,3.0518,4.8501,0.0,0.109,38.1471,0.1635,0.1635,19.0191,2.5613,0.0,1.5259,1.1444,0.109,0.4905,1.4169,0.109,0.3815,0.2725,0.7629,0.327,0.1635,0.0,1.7439,0.7629,0.9809,0.1635,1.9074,0.327,0.109,0.0,JxP
200306,PIURA,HUANCABAMBA,SAN MIGUEL DE EL FAIQUE,102.0,238.0,21.0,10.0,5.0,0.0,427.0,5.0,146.0,130.0,0.0,3.0,1614.0,4.0,8.0,948.0,97.0,6.0,68.0,18.0,1.0,26.0,44.0,0.0,21.0,8.0,35.0,17.0,5.0,1.0,56.0,46.0,36.0,4.0,137.0,10.0,2.0,0.0,4299,560,359,2.3726,5.5362,0.4885,0.2326,0.1163,0.0,9.9325,0.1163,3.3961,3.024,0.0,0.0698,37.5436,0.093,0.1861,22.0516,2.2563,0.1396,1.5818,0.4187,0.0233,0.6048,1.0235,0.0,0.4885,0.1861,0.8141,0.3954,0.1163,0.0233,1.3026,1.07,0.8374,0.093,3.1868,0.2326,0.0465,0.0,JxP
200307,PIURA,HUANCABAMBA,SONDOR,41.0,117.0,12.0,2.0,0.0,0.0,449.0,9.0,65.0,85.0,0.0,3.0,837.0,8.0,3.0,561.0,56.0,3.0,68.0,23.0,4.0,23.0,55.0,2.0,9.0,3.0,32.0,13.0,4.0,2.0,38.0,25.0,25.0,2.0,50.0,7.0,2.0,1.0,2639,448,230,1.5536,4.4335,0.4547,0.0758,0.0,0.0,17.014,0.341,2.4631,3.2209,0.0,0.1137,31.7166,0.3031,0.1137,21.2581,2.122,0.1137,2.5767,0.8715,0.1516,0.8715,2.0841,0.0758,0.341,0.1137,1.2126,0.4926,0.1516,0.0758,1.4399,0.9473,0.9473,0.0758,1.8947,0.2653,0.0758,0.0379,JxP
200308,PIURA,HUANCABAMBA,SONDORILLO,26.0,120.0,8.0,2.0,2.0,0.0,148.0,7.0,62.0,166.0,0.0,2.0,1306.0,4.0,7.0,375.0,53.0,1.0,19.0,19.0,2.0,27.0,22.0,0.0,12.0,4.0,20.0,14.0,5.0,2.0,51.0,39.0,35.0,2.0,39.0,2.0,1.0,5.0,2609,446,200,0.9966,4.5995,0.3066,0.0767,0.0767,0.0,5.6727,0.2683,2.3764,6.3626,0.0,0.0767,50.0575,0.1533,0.2683,14.3733,2.0314,0.0383,0.7282,0.7282,0.0767,1.0349,0.8432,0.0,0.4599,0.1533,0.7666,0.5366,0.1916,0.0767,1.9548,1.4948,1.3415,0.0767,1.4948,0.0767,0.0383,0.1916,JxP
200309,Piura,Huancabamba,,60.0,169.0,15.0,5.0,3.0,0.0,266.0,5.0,109.0,255.0,0.0,2.0,1547.0,3.0,3.0,725.0,104.0,6.0,95.0,16.0,12.0,34.0,41.0,1.0,11.0,6.0,29.0,10.0,5.0,3.0,50.0,50.0,42.0,7.0,77.0,8.0,9.0,0.0,3783,573,157,1.586,4.4674,0.3965,0.1322,0.0793,0.0,7.0315,0.1322,2.8813,6.7407,0.0,0.0529,40.8935,0.0793,0.0793,19.1647,2.7491,0.1586,2.5112,0.4229,0.3172,0.8988,1.0838,0.0264,0.2908,0.1586,0.7666,0.2643,0.1322,0.0793,1.3217,1.3217,1.1102,0.185,2.0354,0.2115,0.2379,0.0,JxP
200310,Piura,Huancabamba,,88.0,85.0,4.0,1.0,0.0,0.0,93.0,1.0,74.0,33.0,0.0,0.0,623.0,2.0,0.0,455.0,23.0,1.0,45.0,6.0,0.0,13.0,12.0,0.0,9.0,2.0,12.0,11.0,2.0,0.0,16.0,17.0,8.0,0.0,25.0,2.0,3.0,1.0,1667,210,127,5.2789,5.099,0.24,0.06,0.0,0.0,5.5789,0.06,4.4391,1.9796,0.0,0.0,37.3725,0.12,0.0,27.2945,1.3797,0.06,2.6995,0.3599,0.0,0.7798,0.7199,0.0,0.5399,0.12,0.7199,0.6599,0.12,0.0,0.9598,1.0198,0.4799,0.0,1.4997,0.12,0.18,0.06,JxP
200401,PIURA,MORROPÓN,CHULUCANAS,719.0,974.0,83.0,26.0,9.0,0.0,1774.0,24.0,471.0,307.0,0.0,17.0,3280.0,14.0,35.0,1695.0,291.0,15.0,174.0,107.0,12.0,155.0,159.0,6.0,55.0,33.0,109.0,57.0,25.0,9.0,130.0,136.0,124.0,19.0,363.0,47.0,8.0,19.0,11481,1633,696,6.2625,8.4836,0.7229,0.2265,0.0784,0.0,15.4516,0.209,4.1024,2.674,0.0,0.1481,28.5689,0.1219,0.3049,14.7635,2.5346,0.1307,1.5155,0.932,0.1045,1.3501,1.3849,0.0523,0.4791,0.2874,0.9494,0.4965,0.2178,0.0784,1.1323,1.1846,1.08,0.1655,3.1617,0.4094,0.0697,0.1655,JxP
200402,PIURA,MORROPÓN,BUENOS AIRES,79.0,486.0,36.0,6.0,7.0,0.0,878.0,6.0,230.0,239.0,0.0,10.0,1680.0,6.0,12.0,1091.0,226.0,9.0,118.0,37.0,8.0,57.0,114.0,4.0,30.0,13.0,50.0,78.0,6.0,3.0,93.0,87.0,103.0,9.0,224.0,19.0,14.0,8.0,6076,744,387,1.3002,7.9987,0.5925,0.0987,0.1152,0.0,14.4503,0.0987,3.7854,3.9335,0.0,0.1646,27.6498,0.0987,0.1975,17.9559,3.7196,0.1481,1.9421,0.609,0.1317,0.9381,1.8762,0.0658,0.4937,0.214,0.8229,1.2837,0.0987,0.0494,1.5306,1.4319,1.6952,0.1481,3.6866,0.3127,0.2304,0.1317,JxP
200403,PIURA,MORROPÓN,CHALACO,129.0,162.0,7.0,9.0,3.0,0.0,265.0,1.0,36.0,77.0,0.0,2.0,1126.0,5.0,4.0,419.0,46.0,5.0,53.0,16.0,1.0,24.0,11.0,2.0,11.0,9.0,28.0,22.0,3.0,2.0,39.0,13.0,19.0,5.0,27.0,38.0,1.0,6.0,2626,323,167,4.9124,6.1691,0.2666,0.3427,0.1142,0.0,10.0914,0.0381,1.3709,2.9322,0.0,0.0762,42.8789,0.1904,0.1523,15.9558,1.7517,0.1904,2.0183,0.6093,0.0381,0.9139,0.4189,0.0762,0.4189,0.3427,1.0663,0.8378,0.1142,0.0762,1.4851,0.495,0.7235,0.1904,1.0282,1.4471,0.0381,0.2285,JxP
200406,PIURA,MORROPÓN,SALITRAL,40.0,90.0,4.0,3.0,2.0,0.0,136.0,0.0,37.0,33.0,0.0,0.0,596.0,0.0,1.0,237.0,18.0,1.0,40.0,7.0,0.0,8.0,6.0,0.0,8.0,0.0,14.0,13.0,1.0,1.0,20.0,13.0,5.0,1.0,19.0,12.0,0.0,0.0,1366,205,110,2.9283,6.5886,0.2928,0.2196,0.1464,0.0,9.9561,0.0,2.7086,2.4158,0.0,0.0,43.631,0.0,0.0732,17.3499,1.3177,0.0732,2.9283,0.5124,0.0,0.5857,0.4392,0.0,0.5857,0.0,1.0249,0.9517,0.0732,0.0732,1.4641,0.9517,0.366,0.0732,1.3909,0.8785,0.0,0.0,JxP
200407,PIURA,MORROPÓN,SAN JUAN DE BIGOTE,211.0,674.0,46.0,11.0,12.0,0.0,688.0,17.0,217.0,232.0,0.0,11.0,2807.0,18.0,10.0,748.0,123.0,6.0,94.0,34.0,6.0,67.0,60.0,5.0,37.0,13.0,55.0,97.0,11.0,5.0,112.0,81.0,71.0,19.0,115.0,37.0,7.0,4.0,6761,1319,657,3.1208,9.9689,0.6804,0.1627,0.1775,0.0,10.176,0.2514,3.2096,3.4314,0.0,0.1627,41.5175,0.2662,0.1479,11.0635,1.8193,0.0887,1.3903,0.5029,0.0887,0.991,0.8874,0.074,0.5473,0.1923,0.8135,1.4347,0.1627,0.074,1.6566,1.198,1.0501,0.281,1.7009,0.5473,0.1035,0.0592,JxP
200410,PIURA,MORROPÓN,YAMANGO,179.0,376.0,46.0,12.0,15.0,0.0,1032.0,16.0,172.0,184.0,0.0,7.0,3372.0,24.0,15.0,1185.0,112.0,11.0,201.0,44.0,5.0,81.0,38.0,4.0,43.0,8.0,47.0,101.0,14.0,5.0,165.0,69.0,50.0,12.0,141.0,33.0,13.0,12.0,7844,1393,793,2.282,4.7935,0.5864,0.153,0.1912,0.0,13.1566,0.204,2.1928,2.3457,0.0,0.0892,42.9883,0.306,0.1912,15.1071,1.4278,0.1402,2.5625,0.5609,0.0637,1.0326,0.4844,0.051,0.5482,0.102,0.5992,1.2876,0.1785,0.0637,2.1035,0.8797,0.6374,0.153,1.7976,0.4207,0.1657,0.153,JxP
200412,Piura,Morropón,,59.0,190.0,13.0,4.0,2.0,0.0,561.0,2.0,79.0,66.0,0.0,7.0,1249.0,3.0,3.0,408.0,37.0,2.0,58.0,14.0,0.0,14.0,16.0,0.0,12.0,4.0,17.0,10.0,3.0,2.0,31.0,17.0,23.0,2.0,56.0,28.0,2.0,0.0,2994,370,139,1.9706,6.346,0.4342,0.1336,0.0668,0.0,18.7375,0.0668,2.6386,2.2044,0.0,0.2338,41.7168,0.1002,0.1002,13.6273,1.2358,0.0668,1.9372,0.4676,0.0,0.4676,0.5344,0.0,0.4008,0.1336,0.5678,0.334,0.1002,0.0668,1.0354,0.5678,0.7682,0.0668,1.8704,0.9352,0.0668,0.0,JxP
200501,PIURA,PAITA,PAITA,498.0,1381.0,58.0,24.0,9.0,0.0,904.0,14.0,449.0,254.0,0.0,14.0,4257.0,15.0,37.0,1488.0,284.0,13.0,221.0,55.0,14.0,120.0,121.0,7.0,111.0,15.0,67.0,54.0,9.0,8.0,122.0,128.0,119.0,20.0,262.0,26.0,16.0,9.0,11203,1980,933,4.4452,12.3271,0.5177,0.2142,0.0803,0.0,8.0693,0.125,4.0079,2.2672,0.0,0.125,37.9988,0.1339,0.3303,13.2822,2.535,0.116,1.9727,0.4909,0.125,1.0711,1.0801,0.0625,0.9908,0.1339,0.5981,0.482,0.0803,0.0714,1.089,1.1426,1.0622,0.1785,2.3387,0.2321,0.1428,0.0803,JxP
200502,PIURA,PAITA,AMOTAPE,116.0,224.0,7.0,11.0,1.0,0.0,138.0,9.0,69.0,123.0,0.0,0.0,1081.0,4.0,1.0,419.0,62.0,4.0,58.0,12.0,2.0,16.0,15.0,2.0,13.0,2.0,21.0,8.0,3.0,1.0,18.0,16.0,18.0,2.0,51.0,1.0,2.0,1.0,2531,354,211,4.5832,8.8503,0.2766,0.4346,0.0395,0.0,5.4524,0.3556,2.7262,4.8597,0.0,0.0,42.7104,0.158,0.0395,16.5547,2.4496,0.158,2.2916,0.4741,0.079,0.6322,0.5927,0.079,0.5136,0.079,0.8297,0.3161,0.1185,0.0395,0.7112,0.6322,0.7112,0.079,2.015,0.0395,0.079,0.0395,JxP
200504,PIURA,PAITA,COLAN,108.0,147.0,5.0,1.0,1.0,0.0,183.0,3.0,41.0,31.0,0.0,2.0,887.0,4.0,7.0,254.0,12.0,5.0,32.0,5.0,1.0,17.0,8.0,0.0,9.0,3.0,28.0,3.0,3.0,0.0,19.0,11.0,10.0,5.0,23.0,3.0,1.0,1.0,1873,273,137,5.7662,7.8484,0.267,0.0534,0.0534,0.0,9.7704,0.1602,2.189,1.6551,0.0,0.1068,47.3572,0.2136,0.3737,13.5611,0.6407,0.267,1.7085,0.267,0.0534,0.9076,0.4271,0.0,0.4805,0.1602,1.4949,0.1602,0.1602,0.0,1.0144,0.5873,0.5339,0.267,1.228,0.1602,0.0534,0.0534,JxP
200506,PIURA,PAITA,TAMARINDO,675.0,286.0,37.0,1.0,3.0,0.0,282.0,4.0,91.0,54.0,0.0,3.0,978.0,4.0,11.0,615.0,50.0,6.0,71.0,18.0,1.0,20.0,22.0,2.0,16.0,8.0,35.0,25.0,1.0,1.0,32.0,24.0,25.0,6.0,41.0,3.0,0.0,1.0,3452,416,275,19.5539,8.2851,1.0718,0.029,0.0869,0.0,8.1692,0.1159,2.6362,1.5643,0.0,0.0869,28.3314,0.1159,0.3187,17.8158,1.4484,0.1738,2.0568,0.5214,0.029,0.5794,0.6373,0.0579,0.4635,0.2317,1.0139,0.7242,0.029,0.029,0.927,0.6952,0.7242,0.1738,1.1877,0.0869,0.0,0.029,JxP
200507,PIURA,PAITA,VICHAYAL,165.0,198.0,16.0,1.0,4.0,0.0,170.0,8.0,69.0,72.0,0.0,1.0,1084.0,10.0,5.0,436.0,41.0,2.0,38.0,22.0,2.0,32.0,11.0,2.0,19.0,8.0,14.0,12.0,7.0,0.0,51.0,26.0,22.0,4.0,38.0,7.0,2.0,7.0,2606,542,266,6.3315,7.5979,0.614,0.0384,0.1535,0.0,6.5234,0.307,2.6477,2.7629,0.0,0.0384,41.5963,0.3837,0.1919,16.7306,1.5733,0.0767,1.4582,0.8442,0.0767,1.2279,0.4221,0.0767,0.7291,0.307,0.5372,0.4605,0.2686,0.0,1.957,0.9977,0.8442,0.1535,1.4582,0.2686,0.0767,0.2686,JxP
200508,Piura,Paita,,1309.0,786.0,36.0,11.0,2.0,0.0,526.0,12.0,307.0,176.0,0.0,7.0,1750.0,9.0,15.0,1441.0,138.0,11.0,699.0,30.0,10.0,40.0,55.0,2.0,85.0,18.0,62.0,36.0,7.0,5.0,59.0,59.0,81.0,9.0,148.0,26.0,11.0,13.0,7991,910,715,16.3809,9.8361,0.4505,0.1377,0.025,0.0,6.5824,0.1502,3.8418,2.2025,0.0,0.0876,21.8996,0.1126,0.1877,18.0328,1.7269,0.1377,8.7473,0.3754,0.1251,0.5006,0.6883,0.025,1.0637,0.2253,0.7759,0.4505,0.0876,0.0626,0.7383,0.7383,1.0136,0.1126,1.8521,0.3254,0.1377,0.1627,JxP
200509,Piura,Paita,,392.0,588.0,19.0,4.0,3.0,0.0,336.0,16.0,177.0,114.0,0.0,3.0,2316.0,9.0,10.0,924.0,70.0,11.0,107.0,40.0,2.0,74.0,32.0,4.0,28.0,3.0,37.0,27.0,5.0,5.0,66.0,52.0,49.0,8.0,60.0,8.0,4.0,10.0,5613,962,427,6.9838,10.4757,0.3385,0.0713,0.0534,0.0,5.9861,0.2851,3.1534,2.031,0.0,0.0534,41.2614,0.1603,0.1782,16.4618,1.2471,0.196,1.9063,0.7126,0.0356,1.3184,0.5701,0.0713,0.4988,0.0534,0.6592,0.481,0.0891,0.0891,1.1758,0.9264,0.873,0.1425,1.0689,0.1425,0.0713,0.1782,JxP
200511,Piura,Paita,,102.0,143.0,6.0,2.0,3.0,0.0,112.0,0.0,51.0,45.0,0.0,2.0,709.0,0.0,3.0,274.0,34.0,2.0,37.0,8.0,1.0,10.0,31.0,0.0,16.0,1.0,37.0,10.0,1.0,0.0,9.0,9.0,13.0,3.0,29.0,0.0,3.0,0.0,1706,177,191,5.9789,8.3822,0.3517,0.1172,0.1758,0.0,6.5651,0.0,2.9894,2.6377,0.0,0.1172,41.5592,0.0,0.1758,16.061,1.993,0.1172,2.1688,0.4689,0.0586,0.5862,1.8171,0.0,0.9379,0.0586,2.1688,0.5862,0.0586,0.0,0.5275,0.5275,0.762,0.1758,1.6999,0.0,0.1758,0.0,JxP
200601,PIURA,SULLANA,SULLANA,1113.0,989.0,52.0,19.0,8.0,0.0,598.0,10.0,223.0,238.0,0.0,3.0,2097.0,2.0,15.0,1203.0,225.0,14.0,86.0,17.0,5.0,57.0,60.0,2.0,55.0,13.0,49.0,32.0,5.0,5.0,48.0,74.0,82.0,5.0,151.0,17.0,7.0,5.0,7584,781,435,14.6756,13.0406,0.6857,0.2505,0.1055,0.0,7.885,0.1319,2.9404,3.1382,0.0,0.0396,27.6503,0.0264,0.1978,15.8623,2.9668,0.1846,1.134,0.2242,0.0659,0.7516,0.7911,0.0264,0.7252,0.1714,0.6461,0.4219,0.0659,0.0659,0.6329,0.9757,1.0812,0.0659,1.991,0.2242,0.0923,0.0659,JxP
200602,PIURA,SULLANA,BELLAVISTA,727.0,345.0,23.0,1.0,2.0,0.0,423.0,4.0,145.0,118.0,0.0,5.0,787.0,10.0,7.0,637.0,109.0,5.0,41.0,14.0,2.0,17.0,27.0,0.0,12.0,5.0,26.0,14.0,16.0,2.0,44.0,36.0,37.0,8.0,81.0,6.0,2.0,2.0,3740,337,173,19.4385,9.2246,0.615,0.0267,0.0535,0.0,11.3102,0.107,3.877,3.1551,0.0,0.1337,21.0428,0.2674,0.1872,17.0321,2.9144,0.1337,1.0963,0.3743,0.0535,0.4545,0.7219,0.0,0.3209,0.1337,0.6952,0.3743,0.4278,0.0535,1.1765,0.9626,0.9893,0.2139,2.1658,0.1604,0.0535,0.0535,JxP
200603,PIURA,SULLANA,IGNACIO ESCUDERO,158.0,211.0,11.0,5.0,2.0,0.0,160.0,4.0,93.0,87.0,0.0,1.0,381.0,1.0,5.0,373.0,47.0,2.0,15.0,10.0,1.0,13.0,23.0,0.0,5.0,2.0,11.0,12.0,1.0,2.0,21.0,30.0,25.0,4.0,19.0,2.0,4.0,3.0,1744,193,88,9.0596,12.0986,0.6307,0.2867,0.1147,0.0,9.1743,0.2294,5.3326,4.9885,0.0,0.0573,21.8463,0.0573,0.2867,21.3876,2.695,0.1147,0.8601,0.5734,0.0573,0.7454,1.3188,0.0,0.2867,0.1147,0.6307,0.6881,0.0573,0.1147,1.2041,1.7202,1.4335,0.2294,1.0894,0.1147,0.2294,0.172,JxP
200604,PIURA,SULLANA,LANCONES,189.0,176.0,13.0,4.0,1.0,0.0,147.0,1.0,75.0,76.0,0.0,1.0,586.0,3.0,3.0,502.0,37.0,2.0,28.0,17.0,3.0,11.0,20.0,0.0,9.0,3.0,12.0,6.0,1.0,0.0,6.0,12.0,24.0,1.0,24.0,5.0,2.0,1.0,2001,159,112,9.4453,8.7956,0.6497,0.1999,0.05,0.0,7.3463,0.05,3.7481,3.7981,0.0,0.05,29.2854,0.1499,0.1499,25.0875,1.8491,0.1,1.3993,0.8496,0.1499,0.5497,0.9995,0.0,0.4498,0.1499,0.5997,0.2999,0.05,0.0,0.2999,0.5997,1.1994,0.05,1.1994,0.2499,0.1,0.05,JxP
200605,PIURA,SULLANA,MARCAVELICA,64.0,105.0,7.0,1.0,0.0,0.0,110.0,0.0,75.0,43.0,0.0,1.0,325.0,1.0,3.0,270.0,36.0,3.0,10.0,4.0,1.0,6.0,11.0,0.0,12.0,1.0,16.0,11.0,3.0,0.0,17.0,12.0,15.0,1.0,37.0,1.0,0.0,1.0,1203,150,87,5.32,8.7282,0.5819,0.0831,0.0,0.0,9.1438,0.0,6.2344,3.5744,0.0,0.0831,27.0158,0.0831,0.2494,22.4439,2.9925,0.2494,0.8313,0.3325,0.0831,0.4988,0.9144,0.0,0.9975,0.0831,1.33,0.9144,0.2494,0.0,1.4131,0.9975,1.2469,0.0831,3.0756,0.0831,0.0,0.0831,JxP
200606,PIURA,SULLANA,MIGUEL CHECA,82.0,173.0,11.0,3.0,1.0,0.0,129.0,1.0,45.0,47.0,0.0,0.0,446.0,6.0,5.0,250.0,30.0,4.0,31.0,10.0,0.0,14.0,13.0,2.0,18.0,3.0,13.0,2.0,1.0,0.0,13.0,16.0,8.0,0.0,46.0,1.0,1.0,0.0,1425,123,70,5.7544,12.1404,0.7719,0.2105,0.0702,0.0,9.0526,0.0702,3.1579,3.2982,0.0,0.0,31.2982,0.4211,0.3509,17.5439,2.1053,0.2807,2.1754,0.7018,0.0,0.9825,0.9123,0.1404,1.2632,0.2105,0.9123,0.1404,0.0702,0.0,0.9123,1.1228,0.5614,0.0,3.2281,0.0702,0.0702,0.0,JxP
200607,PIURA,SULLANA,QUERECOTILLO,122.0,119.0,16.0,2.0,0.0,0.0,103.0,2.0,51.0,32.0,0.0,2.0,424.0,1.0,8.0,305.0,44.0,4.0,7.0,9.0,0.0,10.0,11.0,0.0,5.0,1.0,6.0,12.0,2.0,0.0,24.0,20.0,9.0,1.0,24.0,5.0,1.0,0.0,1382,142,68,8.8278,8.6107,1.1577,0.1447,0.0,0.0,7.453,0.1447,3.6903,2.3155,0.0,0.1447,30.6802,0.0724,0.5789,22.0695,3.1838,0.2894,0.5065,0.6512,0.0,0.7236,0.7959,0.0,0.3618,0.0724,0.4342,0.8683,0.1447,0.0,1.7366,1.4472,0.6512,0.0724,1.7366,0.3618,0.0724,0.0,JxP
200608,PIURA,SULLANA,SALITRAL,226.0,348.0,19.0,12.0,5.0,0.0,359.0,12.0,118.0,112.0,0.0,4.0,1162.0,3.0,6.0,628.0,79.0,1.0,131.0,26.0,3.0,27.0,48.0,0.0,15.0,17.0,37.0,9.0,1.0,1.0,33.0,36.0,46.0,5.0,67.0,8.0,4.0,3.0,3611,368,253,6.2587,9.6372,0.5262,0.3323,0.1385,0.0,9.9418,0.3323,3.2678,3.1016,0.0,0.1108,32.1795,0.0831,0.1662,17.3913,2.1878,0.0277,3.6278,0.72,0.0831,0.7477,1.3293,0.0,0.4154,0.4708,1.0246,0.2492,0.0277,0.0277,0.9139,0.997,1.2739,0.1385,1.8554,0.2215,0.1108,0.0831,JxP
200609,Piura,Sullana,,331.0,357.0,25.0,4.0,2.0,0.0,423.0,12.0,183.0,160.0,0.0,8.0,1017.0,2.0,4.0,706.0,129.0,7.0,75.0,25.0,2.0,38.0,31.0,2.0,31.0,10.0,39.0,17.0,2.0,2.0,39.0,53.0,58.0,3.0,157.0,10.0,1.0,1.0,3966,465,269,8.3459,9.0015,0.6304,0.1009,0.0504,0.0,10.6657,0.3026,4.6142,4.0343,0.0,0.2017,25.643,0.0504,0.1009,17.8013,3.2526,0.1765,1.8911,0.6304,0.0504,0.9581,0.7816,0.0504,0.7816,0.2521,0.9834,0.4286,0.0504,0.0504,0.9834,1.3364,1.4624,0.0756,3.9586,0.2521,0.0252,0.0252,JxP
200610,Piura,Sullana,,51.0,76.0,6.0,2.0,0.0,0.0,102.0,1.0,11.0,14.0,0.0,0.0,145.0,0.0,1.0,106.0,25.0,0.0,6.0,0.0,1.0,1.0,7.0,0.0,2.0,1.0,3.0,2.0,1.0,3.0,5.0,4.0,4.0,0.0,28.0,0.0,2.0,0.0,610,56,54,8.3607,12.459,0.9836,0.3279,0.0,0.0,16.7213,0.1639,1.8033,2.2951,0.0,0.0,23.7705,0.0,0.1639,17.377,4.0984,0.0,0.9836,0.0,0.1639,0.1639,1.1475,0.0,0.3279,0.1639,0.4918,0.3279,0.1639,0.4918,0.8197,0.6557,0.6557,0.0,4.5902,0.0,0.3279,0.0,JxP
200701,PIURA,TALARA,PARIÑAS,509.0,2186.0,40.0,32.0,10.0,0.0,1408.0,12.0,595.0,437.0,0.0,13.0,2725.0,13.0,55.0,2732.0,704.0,25.0,210.0,45.0,13.0,110.0,210.0,8.0,146.0,20.0,120.0,40.0,10.0,5.0,87.0,192.0,210.0,8.0,480.0,60.0,19.0,12.0,13501,1128,790,3.7701,16.1914,0.2963,0.237,0.0741,0.0,10.4289,0.0889,4.4071,3.2368,0.0,0.0963,20.1837,0.0963,0.4074,20.2355,5.2144,0.1852,1.5554,0.3333,0.0963,0.8148,1.5554,0.0593,1.0814,0.1481,0.8888,0.2963,0.0741,0.037,0.6444,1.4221,1.5554,0.0593,3.5553,0.4444,0.1407,0.0889,Obras
200702,PIURA,TALARA,EL ALTO,127.0,316.0,13.0,1.0,0.0,0.0,373.0,8.0,174.0,86.0,0.0,6.0,1133.0,6.0,11.0,1000.0,153.0,5.0,52.0,21.0,6.0,36.0,55.0,1.0,24.0,9.0,49.0,14.0,2.0,1.0,34.0,36.0,40.0,2.0,109.0,11.0,4.0,7.0,3925,468,230,3.2357,8.051,0.3312,0.0255,0.0,0.0,9.5032,0.2038,4.4331,2.1911,0.0,0.1529,28.8662,0.1529,0.2803,25.4777,3.8981,0.1274,1.3248,0.535,0.1529,0.9172,1.4013,0.0255,0.6115,0.2293,1.2484,0.3567,0.051,0.0255,0.8662,0.9172,1.0191,0.051,2.7771,0.2803,0.1019,0.1783,JxP
200703,PIURA,TALARA,LA BREA,61.0,187.0,4.0,3.0,1.0,0.0,119.0,0.0,52.0,61.0,0.0,0.0,314.0,0.0,2.0,249.0,35.0,2.0,15.0,7.0,1.0,12.0,9.0,1.0,11.0,2.0,14.0,5.0,0.0,0.0,12.0,9.0,10.0,1.0,19.0,2.0,3.0,0.0,1223,146,75,4.9877,15.2903,0.3271,0.2453,0.0818,0.0,9.7302,0.0,4.2518,4.9877,0.0,0.0,25.6746,0.0,0.1635,20.3598,2.8618,0.1635,1.2265,0.5724,0.0818,0.9812,0.7359,0.0818,0.8994,0.1635,1.1447,0.4088,0.0,0.0,0.9812,0.7359,0.8177,0.0818,1.5536,0.1635,0.2453,0.0,JxP
200704,PIURA,TALARA,LOBITOS,78.0,218.0,7.0,2.0,0.0,0.0,116.0,2.0,67.0,55.0,0.0,0.0,359.0,5.0,6.0,352.0,68.0,2.0,24.0,4.0,1.0,14.0,21.0,1.0,9.0,1.0,24.0,5.0,1.0,3.0,32.0,11.0,22.0,0.0,38.0,1.0,0.0,4.0,1553,183,130,5.0225,14.0373,0.4507,0.1288,0.0,0.0,7.4694,0.1288,4.3142,3.5415,0.0,0.0,23.1165,0.322,0.3863,22.6658,4.3786,0.1288,1.5454,0.2576,0.0644,0.9015,1.3522,0.0644,0.5795,0.0644,1.5454,0.322,0.0644,0.1932,2.0605,0.7083,1.4166,0.0,2.4469,0.0644,0.0,0.2576,JxP
200705,PIURA,TALARA,LOS ORGANOS,147.0,492.0,16.0,4.0,2.0,0.0,288.0,9.0,86.0,101.0,0.0,7.0,1372.0,7.0,11.0,831.0,89.0,4.0,66.0,23.0,2.0,33.0,24.0,4.0,15.0,6.0,42.0,4.0,2.0,1.0,57.0,26.0,30.0,3.0,76.0,6.0,3.0,3.0,3892,456,207,3.777,12.6413,0.4111,0.1028,0.0514,0.0,7.3998,0.2312,2.2097,2.5951,0.0,0.1799,35.2518,0.1799,0.2826,21.3515,2.2867,0.1028,1.6958,0.591,0.0514,0.8479,0.6166,0.1028,0.3854,0.1542,1.0791,0.1028,0.0514,0.0257,1.4645,0.668,0.7708,0.0771,1.9527,0.1542,0.0771,0.0771,JxP
200706,PIURA,TALARA,MANCORA,536.0,298.0,13.0,0.0,3.0,0.0,343.0,6.0,126.0,109.0,0.0,2.0,1321.0,11.0,15.0,769.0,168.0,4.0,72.0,18.0,6.0,42.0,40.0,2.0,35.0,11.0,21.0,20.0,9.0,3.0,33.0,36.0,52.0,4.0,88.0,9.0,1.0,6.0,4232,587,398,12.6654,7.0416,0.3072,0.0,0.0709,0.0,8.1049,0.1418,2.9773,2.5756,0.0,0.0473,31.2146,0.2599,0.3544,18.1711,3.9698,0.0945,1.7013,0.4253,0.1418,0.9924,0.9452,0.0473,0.827,0.2599,0.4962,0.4726,0.2127,0.0709,0.7798,0.8507,1.2287,0.0945,2.0794,0.2127,0.0236,0.1418,JxP
200707,Piura,Talara,,450.0,252.0,27.0,4.0,3.0,0.0,361.0,7.0,77.0,91.0,0.0,1.0,1634.0,5.0,12.0,782.0,68.0,1.0,58.0,23.0,3.0,34.0,22.0,3.0,32.0,6.0,24.0,24.0,2.0,3.0,45.0,29.0,35.0,9.0,34.0,2.0,2.0,2.0,4167,479,263,10.7991,6.0475,0.6479,0.096,0.072,0.0,8.6633,0.168,1.8479,2.1838,0.0,0.024,39.2129,0.12,0.288,18.7665,1.6319,0.024,1.3919,0.552,0.072,0.8159,0.528,0.072,0.7679,0.144,0.576,0.576,0.048,0.072,1.0799,0.6959,0.8399,0.216,0.8159,0.048,0.048,0.048,JxP
200708,Piura,Talara,,480.0,294.0,6.0,4.0,1.0,0.0,330.0,6.0,119.0,139.0,0.0,3.0,711.0,6.0,11.0,629.0,64.0,2.0,54.0,18.0,1.0,35.0,30.0,3.0,9.0,10.0,28.0,6.0,0.0,1.0,27.0,32.0,45.0,7.0,72.0,7.0,1.0,3.0,3194,376,193,15.0282,9.2048,0.1879,0.1252,0.0313,0.0,10.3319,0.1879,3.7257,4.3519,0.0,0.0939,22.2605,0.1879,0.3444,19.6932,2.0038,0.0626,1.6907,0.5636,0.0313,1.0958,0.9393,0.0939,0.2818,0.3131,0.8766,0.1879,0.0,0.0313,0.8453,1.0019,1.4089,0.2192,2.2542,0.2192,0.0313,0.0939,JxP
200709,Piura,Talara,,136.0,239.0,5.0,5.0,0.0,0.0,241.0,6.0,84.0,78.0,0.0,1.0,494.0,2.0,8.0,622.0,68.0,0.0,29.0,13.0,3.0,17.0,22.0,5.0,49.0,3.0,33.0,6.0,1.0,0.0,16.0,24.0,30.0,4.0,44.0,7.0,3.0,3.0,2301,267,123,5.9105,10.3868,0.2173,0.2173,0.0,0.0,10.4737,0.2608,3.6506,3.3898,0.0,0.0435,21.4689,0.0869,0.3477,27.0317,2.9552,0.0,1.2603,0.565,0.1304,0.7388,0.9561,0.2173,2.1295,0.1304,1.4342,0.2608,0.0435,0.0,0.6953,1.043,1.3038,0.1738,1.9122,0.3042,0.1304,0.1304,Obras
200801,PIURA,SECHURA,SECHURA,167.0,540.0,21.0,14.0,11.0,0.0,312.0,17.0,144.0,309.0,0.0,4.0,1590.0,14.0,15.0,1007.0,143.0,14.0,72.0,43.0,4.0,59.0,51.0,2.0,25.0,16.0,41.0,36.0,6.0,7.0,71.0,30.0,42.0,9.0,133.0,8.0,7.0,7.0,4991,1009,513,3.346,10.8195,0.4208,0.2805,0.2204,0.0,6.2513,0.3406,2.8852,6.1911,0.0,0.0801,31.8573,0.2805,0.3005,20.1763,2.8652,0.2805,1.4426,0.8616,0.0801,1.1821,1.0218,0.0401,0.5009,0.3206,0.8215,0.7213,0.1202,0.1403,1.4226,0.6011,0.8415,0.1803,2.6648,0.1603,0.1403,0.1403,JxP
200803,PIURA,SECHURA,BERNAL,64.0,185.0,12.0,3.0,3.0,0.0,296.0,11.0,112.0,61.0,0.0,5.0,1077.0,5.0,7.0,641.0,66.0,1.0,57.0,22.0,3.0,43.0,22.0,0.0,9.0,3.0,11.0,9.0,1.0,3.0,27.0,11.0,21.0,9.0,55.0,2.0,2.0,2.0,2861,326,207,2.237,6.4663,0.4194,0.1049,0.1049,0.0,10.346,0.3845,3.9147,2.1321,0.0,0.1748,37.6442,0.1748,0.2447,22.4048,2.3069,0.035,1.9923,0.769,0.1049,1.503,0.769,0.0,0.3146,0.1049,0.3845,0.3146,0.035,0.1049,0.9437,0.3845,0.734,0.3146,1.9224,0.0699,0.0699,0.0699,JxP
200804,PIURA,SECHURA,CRISTO NOS VALGA,32.0,261.0,3.0,3.0,1.0,0.0,147.0,6.0,74.0,105.0,0.0,1.0,493.0,4.0,4.0,476.0,40.0,3.0,35.0,14.0,1.0,25.0,18.0,1.0,9.0,7.0,14.0,7.0,2.0,1.0,21.0,14.0,7.0,1.0,24.0,2.0,3.0,1.0,1860,288,158,1.7204,14.0323,0.1613,0.1613,0.0538,0.0,7.9032,0.3226,3.9785,5.6452,0.0,0.0538,26.5054,0.2151,0.2151,25.5914,2.1505,0.1613,1.8817,0.7527,0.0538,1.3441,0.9677,0.0538,0.4839,0.3763,0.7527,0.3763,0.1075,0.0538,1.129,0.7527,0.3763,0.0538,1.2903,0.1075,0.1613,0.0538,JxP
200805,PIURA,SECHURA,VICE,43.0,191.0,16.0,2.0,1.0,0.0,239.0,8.0,114.0,296.0,0.0,8.0,1004.0,8.0,4.0,801.0,80.0,19.0,27.0,28.0,6.0,31.0,30.0,1.0,16.0,5.0,24.0,16.0,4.0,6.0,54.0,29.0,24.0,3.0,52.0,7.0,2.0,8.0,3207,548,236,1.3408,5.9557,0.4989,0.0624,0.0312,0.0,7.4524,0.2495,3.5547,9.2298,0.0,0.2495,31.3065,0.2495,0.1247,24.9766,2.4945,0.5925,0.8419,0.8731,0.1871,0.9666,0.9355,0.0312,0.4989,0.1559,0.7484,0.4989,0.1247,0.1871,1.6838,0.9043,0.7484,0.0935,1.6215,0.2183,0.0624,0.2495,JxP
200806,PIURA,SECHURA,RINCONADA LLICUAR,41.0,146.0,11.0,4.0,4.0,0.0,189.0,4.0,57.0,86.0,0.0,3.0,690.0,2.0,5.0,552.0,55.0,4.0,28.0,10.0,1.0,26.0,13.0,0.0,71.0,5.0,22.0,7.0,1.0,1.0,27.0,16.0,16.0,3.0,37.0,5.0,2.0,0.0,2144,410,187,1.9123,6.8097,0.5131,0.1866,0.1866,0.0,8.8153,0.1866,2.6586,4.0112,0.0,0.1399,32.1828,0.0933,0.2332,25.7463,2.5653,0.1866,1.306,0.4664,0.0466,1.2127,0.6063,0.0,3.3116,0.2332,1.0261,0.3265,0.0466,0.0466,1.2593,0.7463,0.7463,0.1399,1.7257,0.2332,0.0933,0.0,JxP
200807,Piura,Sechura,,32.0,83.0,6.0,1.0,1.0,0.0,90.0,7.0,43.0,36.0,0.0,2.0,569.0,1.0,2.0,207.0,39.0,4.0,22.0,10.0,0.0,13.0,9.0,0.0,8.0,3.0,10.0,6.0,1.0,2.0,21.0,10.0,12.0,2.0,36.0,2.0,1.0,5.0,1296,205,109,2.4691,6.4043,0.463,0.0772,0.0772,0.0,6.9444,0.5401,3.3179,2.7778,0.0,0.1543,43.9043,0.0772,0.1543,15.9722,3.0093,0.3086,1.6975,0.7716,0.0,1.0031,0.6944,0.0,0.6173,0.2315,0.7716,0.463,0.0772,0.1543,1.6204,0.7716,0.9259,0.1543,2.7778,0.1543,0.0772,0.3858,JxP
200808,Piura,Sechura,,126.0,167.0,3.0,2.0,1.0,0.0,187.0,3.0,41.0,99.0,0.0,3.0,603.0,3.0,2.0,382.0,41.0,4.0,31.0,14.0,1.0,14.0,7.0,0.0,14.0,8.0,8.0,8.0,2.0,2.0,10.0,12.0,14.0,1.0,16.0,12.0,1.0,0.0,1842,256,107,6.8404,9.0662,0.1629,0.1086,0.0543,0.0,10.152,0.1629,2.2258,5.3746,0.0,0.1629,32.7362,0.1629,0.1086,20.7383,2.2258,0.2172,1.683,0.76,0.0543,0.76,0.38,0.0,0.76,0.4343,0.4343,0.4343,0.1086,0.1086,0.5429,0.6515,0.76,0.0543,0.8686,0.6515,0.0543,0.0,JxP
200810,Piura,Sechura,,59.0,95.0,6.0,2.0,0.0,0.0,107.0,0.0,39.0,47.0,0.0,0.0,445.0,2.0,2.0,260.0,12.0,3.0,20.0,6.0,0.0,13.0,9.0,0.0,7.0,7.0,10.0,3.0,2.0,3.0,13.0,10.0,6.0,2.0,14.0,3.0,0.0,1.0,1208,205,55,4.8841,7.8642,0.4967,0.1656,0.0,0.0,8.8576,0.0,3.2285,3.8907,0.0,0.0,36.8377,0.1656,0.1656,21.5232,0.9934,0.2483,1.6556,0.4967,0.0,1.0762,0.745,0.0,0.5795,0.5795,0.8278,0.2483,0.1656,0.2483,1.0762,0.8278,0.4967,0.1656,1.1589,0.2483,0.0,0.0828,JxP
200811,Piura,Sechura,,110.0,288.0,9.0,4.0,1.0,0.0,149.0,9.0,66.0,156.0,0.0,3.0,1386.0,5.0,4.0,583.0,48.0,5.0,55.0,13.0,4.0,36.0,7.0,2.0,14.0,2.0,26.0,11.0,3.0,0.0,34.0,14.0,14.0,6.0,61.0,8.0,4.0,2.0,3142,523,274,3.501,9.1661,0.2864,0.1273,0.0318,0.0,4.7422,0.2864,2.1006,4.965,0.0,0.0955,44.112,0.1591,0.1273,18.5551,1.5277,0.1591,1.7505,0.4137,0.1273,1.1458,0.2228,0.0637,0.4456,0.0637,0.8275,0.3501,0.0955,0.0,1.0821,0.4456,0.4456,0.191,1.9414,0.2546,0.1273,0.0637,JxP
200812,Piura,Sechura,,438.0,191.0,14.0,2.0,3.0,0.0,307.0,8.0,87.0,160.0,0.0,4.0,1282.0,2.0,3.0,630.0,32.0,3.0,58.0,30.0,2.0,43.0,13.0,2.0,9.0,8.0,20.0,16.0,3.0,3.0,37.0,16.0,15.0,1.0,27.0,10.0,3.0,6.0,3488,600,288,12.5573,5.4759,0.4014,0.0573,0.086,0.0,8.8016,0.2294,2.4943,4.5872,0.0,0.1147,36.7546,0.0573,0.086,18.0619,0.9174,0.086,1.6628,0.8601,0.0573,1.2328,0.3727,0.0573,0.258,0.2294,0.5734,0.4587,0.086,0.086,1.0608,0.4587,0.43,0.0287,0.7741,0.2867,0.086,0.172,JxP
200901,Piura,,,4636.0,20714.0,858.0,284.0,139.0,0.0,11444.0,115.0,9332.0,7634.0,0.0,209.0,16224.0,145.0,645.0,25245.0,8636.0,264.0,1340.0,448.0,223.0,769.0,3189.0,57.0,1238.0,221.0,1291.0,541.0,108.0,105.0,991.0,3615.0,4557.0,80.0,6368.0,382.0,225.0,208.0,132480,10616,5426,3.4994,15.6356,0.6476,0.2144,0.1049,0.0,8.6383,0.0868,7.0441,5.7624,0.0,0.1578,12.2464,0.1095,0.4869,19.0557,6.5187,0.1993,1.0115,0.3382,0.1683,0.5805,2.4072,0.043,0.9345,0.1668,0.9745,0.4084,0.0815,0.0793,0.748,2.7287,3.4398,0.0604,4.8068,0.2883,0.1698,0.157,Obras
200902,Piura,,,536.0,384.0,19.0,4.0,2.0,0.0,311.0,2.0,136.0,112.0,0.0,3.0,578.0,4.0,11.0,524.0,96.0,0.0,71.0,15.0,0.0,18.0,29.0,1.0,30.0,1.0,37.0,15.0,4.0,0.0,33.0,30.0,35.0,3.0,80.0,7.0,1.0,1.0,3133,344,142,17.1082,12.2566,0.6064,0.1277,0.0638,0.0,9.9266,0.0638,4.3409,3.5748,0.0,0.0958,18.4488,0.1277,0.3511,16.7252,3.0642,0.0,2.2662,0.4788,0.0,0.5745,0.9256,0.0319,0.9575,0.0319,1.181,0.4788,0.1277,0.0,1.0533,0.9575,1.1171,0.0958,2.5535,0.2234,0.0319,0.0319,JxP
200903,Piura,,,311.0,435.0,14.0,6.0,4.0,0.0,253.0,0.0,119.0,112.0,0.0,2.0,442.0,3.0,6.0,537.0,125.0,2.0,40.0,6.0,4.0,20.0,29.0,0.0,33.0,7.0,13.0,10.0,2.0,1.0,27.0,25.0,49.0,3.0,77.0,8.0,3.0,3.0,2731,304,171,11.3878,15.9282,0.5126,0.2197,0.1465,0.0,9.264,0.0,4.3574,4.1011,0.0,0.0732,16.1845,0.1098,0.2197,19.6631,4.5771,0.0732,1.4647,0.2197,0.1465,0.7323,1.0619,0.0,1.2083,0.2563,0.476,0.3662,0.0732,0.0366,0.9886,0.9154,1.7942,0.1098,2.8195,0.2929,0.1098,0.1098,Obras
200904,Piura,,,999.0,795.0,61.0,15.0,11.0,0.0,754.0,9.0,494.0,353.0,0.0,13.0,1958.0,11.0,21.0,1459.0,219.0,10.0,144.0,50.0,9.0,75.0,77.0,1.0,55.0,10.0,79.0,44.0,8.0,5.0,76.0,139.0,101.0,7.0,172.0,24.0,18.0,9.0,8285,1042,504,12.0579,9.5957,0.7363,0.1811,0.1328,0.0,9.1008,0.1086,5.9626,4.2607,0.0,0.1569,23.6331,0.1328,0.2535,17.6101,2.6433,0.1207,1.7381,0.6035,0.1086,0.9053,0.9294,0.0121,0.6639,0.1207,0.9535,0.5311,0.0966,0.0604,0.9173,1.6777,1.2191,0.0845,2.076,0.2897,0.2173,0.1086,JxP
200905,Piura,,,1265.0,3057.0,122.0,17.0,13.0,0.0,2303.0,29.0,1899.0,924.0,0.0,19.0,5128.0,20.0,90.0,5465.0,981.0,37.0,478.0,112.0,32.0,163.0,453.0,7.0,235.0,50.0,282.0,118.0,9.0,28.0,182.0,526.0,349.0,21.0,939.0,58.0,40.0,25.0,25476,2405,1198,4.9655,11.9995,0.4789,0.0667,0.051,0.0,9.0399,0.1138,7.4541,3.6269,0.0,0.0746,20.1287,0.0785,0.3533,21.4516,3.8507,0.1452,1.8763,0.4396,0.1256,0.6398,1.7781,0.0275,0.9224,0.1963,1.1069,0.4632,0.0353,0.1099,0.7144,2.0647,1.3699,0.0824,3.6858,0.2277,0.157,0.0981,Obras
201001,Piura,,,155.0,1149.0,61.0,21.0,11.0,0.0,1060.0,31.0,532.0,474.0,0.0,12.0,3377.0,10.0,44.0,2105.0,412.0,20.0,219.0,77.0,30.0,154.0,141.0,3.0,65.0,34.0,116.0,75.0,19.0,9.0,166.0,232.0,143.0,29.0,356.0,77.0,15.0,20.0,11454,2849,1162,1.3532,10.0314,0.5326,0.1833,0.096,0.0,9.2544,0.2706,4.6447,4.1383,0.0,0.1048,29.4831,0.0873,0.3841,18.3779,3.597,0.1746,1.912,0.6723,0.2619,1.3445,1.231,0.0262,0.5675,0.2968,1.0127,0.6548,0.1659,0.0786,1.4493,2.0255,1.2485,0.2532,3.1081,0.6723,0.131,0.1746,JxP
201002,Piura,,,2.0,45.0,2.0,5.0,0.0,0.0,44.0,0.0,14.0,31.0,0.0,1.0,131.0,2.0,2.0,93.0,18.0,0.0,12.0,5.0,1.0,8.0,5.0,1.0,2.0,2.0,1.0,2.0,1.0,0.0,3.0,9.0,11.0,4.0,7.0,3.0,2.0,1.0,470,108,68,0.4255,9.5745,0.4255,1.0638,0.0,0.0,9.3617,0.0,2.9787,6.5957,0.0,0.2128,27.8723,0.4255,0.4255,19.7872,3.8298,0.0,2.5532,1.0638,0.2128,1.7021,1.0638,0.2128,0.4255,0.4255,0.2128,0.4255,0.2128,0.0,0.6383,1.9149,2.3404,0.8511,1.4894,0.6383,0.4255,0.2128,JxP
201003,Piura,,,9.0,60.0,4.0,6.0,1.0,0.0,30.0,7.0,4.0,11.0,0.0,0.0,121.0,1.0,3.0,51.0,12.0,2.0,70.0,1.0,0.0,8.0,6.0,0.0,3.0,1.0,6.0,1.0,0.0,1.0,6.0,29.0,11.0,3.0,5.0,2.0,1.0,1.0,477,192,44,1.8868,12.5786,0.8386,1.2579,0.2096,0.0,6.2893,1.4675,0.8386,2.3061,0.0,0.0,25.3669,0.2096,0.6289,10.6918,2.5157,0.4193,14.6751,0.2096,0.0,1.6771,1.2579,0.0,0.6289,0.2096,1.2579,0.2096,0.0,0.2096,1.2579,6.0797,2.3061,0.6289,1.0482,0.4193,0.2096,0.2096,JxP
201004,Piura,,,25.0,143.0,14.0,6.0,4.0,0.0,166.0,11.0,84.0,55.0,0.0,2.0,971.0,7.0,6.0,348.0,70.0,2.0,69.0,19.0,2.0,24.0,20.0,0.0,8.0,2.0,37.0,13.0,6.0,1.0,37.0,21.0,26.0,9.0,34.0,10.0,3.0,3.0,2258,527,229,1.1072,6.333,0.62,0.2657,0.1771,0.0,7.3516,0.4872,3.7201,2.4358,0.0,0.0886,43.0027,0.31,0.2657,15.4119,3.1001,0.0886,3.0558,0.8415,0.0886,1.0629,0.8857,0.0,0.3543,0.0886,1.6386,0.5757,0.2657,0.0443,1.6386,0.93,1.1515,0.3986,1.5058,0.4429,0.1329,0.1329,JxP
201005,Piura,,,15.0,63.0,5.0,2.0,0.0,0.0,43.0,1.0,16.0,48.0,0.0,0.0,130.0,0.0,0.0,70.0,11.0,0.0,6.0,7.0,2.0,4.0,2.0,0.0,3.0,1.0,2.0,2.0,2.0,0.0,7.0,12.0,4.0,6.0,12.0,2.0,1.0,2.0,481,145,55,3.1185,13.0977,1.0395,0.4158,0.0,0.0,8.9397,0.2079,3.3264,9.9792,0.0,0.0,27.027,0.0,0.0,14.553,2.2869,0.0,1.2474,1.4553,0.4158,0.8316,0.4158,0.0,0.6237,0.2079,0.4158,0.4158,0.4158,0.0,1.4553,2.4948,0.8316,1.2474,2.4948,0.4158,0.2079,0.4158,JxP
201006,Piura,,,16.0,125.0,13.0,1.0,0.0,0.0,65.0,5.0,39.0,40.0,0.0,1.0,247.0,1.0,1.0,208.0,25.0,2.0,27.0,6.0,0.0,20.0,4.0,1.0,6.0,4.0,15.0,2.0,5.0,0.0,11.0,19.0,18.0,4.0,24.0,10.0,0.0,2.0,967,444,134,1.6546,12.9266,1.3444,0.1034,0.0,0.0,6.7218,0.5171,4.0331,4.1365,0.0,0.1034,25.5429,0.1034,0.1034,21.5098,2.5853,0.2068,2.7921,0.6205,0.0,2.0683,0.4137,0.1034,0.6205,0.4137,1.5512,0.2068,0.5171,0.0,1.1375,1.9648,1.8614,0.4137,2.4819,1.0341,0.0,0.2068,JxP
201007,Piura,,,5.0,26.0,0.0,0.0,1.0,0.0,15.0,1.0,11.0,21.0,0.0,0.0,67.0,0.0,0.0,59.0,19.0,1.0,4.0,2.0,1.0,4.0,4.0,0.0,0.0,0.0,3.0,1.0,0.0,0.0,4.0,4.0,2.0,1.0,3.0,0.0,0.0,0.0,259,79,28,1.9305,10.0386,0.0,0.0,0.3861,0.0,5.7915,0.3861,4.2471,8.1081,0.0,0.0,25.8687,0.0,0.0,22.7799,7.3359,0.3861,1.5444,0.7722,0.3861,1.5444,1.5444,0.0,0.0,0.0,1.1583,0.3861,0.0,0.0,1.5444,1.5444,0.7722,0.3861,1.1583,0.0,0.0,0.0,JxP
201101,Piura,,,344.0,633.0,41.0,7.0,5.0,0.0,904.0,16.0,379.0,219.0,0.0,6.0,2971.0,3.0,10.0,2289.0,249.0,7.0,171.0,37.0,3.0,56.0,85.0,3.0,26.0,14.0,67.0,26.0,8.0,2.0,84.0,62.0,70.0,8.0,251.0,24.0,5.0,3.0,9088,877,522,3.7852,6.9652,0.4511,0.077,0.055,0.0,9.9472,0.1761,4.1703,2.4098,0.0,0.066,32.6915,0.033,0.11,25.1871,2.7399,0.077,1.8816,0.4071,0.033,0.6162,0.9353,0.033,0.2861,0.154,0.7372,0.2861,0.088,0.022,0.9243,0.6822,0.7702,0.088,2.7619,0.2641,0.055,0.033,JxP
201102,Piura,,,85.0,74.0,5.0,1.0,0.0,0.0,77.0,7.0,33.0,20.0,0.0,0.0,521.0,2.0,2.0,327.0,16.0,5.0,20.0,5.0,1.0,8.0,7.0,0.0,5.0,4.0,10.0,11.0,3.0,1.0,10.0,10.0,10.0,0.0,7.0,4.0,0.0,1.0,1292,154,95,6.5789,5.7276,0.387,0.0774,0.0,0.0,5.9598,0.5418,2.5542,1.548,0.0,0.0,40.3251,0.1548,0.1548,25.3096,1.2384,0.387,1.548,0.387,0.0774,0.6192,0.5418,0.0,0.387,0.3096,0.774,0.8514,0.2322,0.0774,0.774,0.774,0.774,0.0,0.5418,0.3096,0.0,0.0774,JxP
201103,Piura,,,65.0,124.0,15.0,2.0,0.0,0.0,286.0,4.0,106.0,66.0,0.0,1.0,1182.0,3.0,4.0,676.0,43.0,6.0,62.0,9.0,2.0,35.0,13.0,1.0,12.0,2.0,15.0,10.0,2.0,4.0,33.0,19.0,22.0,5.0,47.0,15.0,1.0,1.0,2893,354,268,2.2468,4.2862,0.5185,0.0691,0.0,0.0,9.8859,0.1383,3.664,2.2814,0.0,0.0346,40.8572,0.1037,0.1383,23.3667,1.4863,0.2074,2.1431,0.3111,0.0691,1.2098,0.4494,0.0346,0.4148,0.0691,0.5185,0.3457,0.0691,0.1383,1.1407,0.6568,0.7605,0.1728,1.6246,0.5185,0.0346,0.0346,JxP
201104,Piura,,,84.0,286.0,8.0,8.0,4.0,0.0,349.0,9.0,145.0,94.0,0.0,2.0,840.0,1.0,4.0,618.0,125.0,3.0,56.0,7.0,1.0,56.0,33.0,1.0,21.0,1.0,37.0,22.0,1.0,0.0,27.0,29.0,33.0,6.0,100.0,10.0,3.0,3.0,3027,279,182,2.775,9.4483,0.2643,0.2643,0.1321,0.0,11.5296,0.2973,4.7902,3.1054,0.0,0.0661,27.7502,0.033,0.1321,20.4163,4.1295,0.0991,1.85,0.2313,0.033,1.85,1.0902,0.033,0.6938,0.033,1.2223,0.7268,0.033,0.0,0.892,0.958,1.0902,0.1982,3.3036,0.3304,0.0991,0.0991,JxP
201105,Piura,,,15.0,65.0,3.0,2.0,0.0,0.0,40.0,1.0,41.0,32.0,0.0,1.0,461.0,2.0,2.0,136.0,10.0,0.0,17.0,2.0,0.0,6.0,9.0,0.0,3.0,4.0,5.0,3.0,1.0,1.0,18.0,10.0,17.0,1.0,19.0,1.0,0.0,1.0,929,123,77,1.6146,6.9968,0.3229,0.2153,0.0,0.0,4.3057,0.1076,4.4133,3.4446,0.0,0.1076,49.6233,0.2153,0.2153,14.6394,1.0764,0.0,1.8299,0.2153,0.0,0.6459,0.9688,0.0,0.3229,0.4306,0.5382,0.3229,0.1076,0.1076,1.9376,1.0764,1.8299,0.1076,2.0452,0.1076,0.0,0.1076,JxP
201201,Piura,,,810.0,2275.0,177.0,59.0,18.0,0.0,2993.0,42.0,800.0,666.0,0.0,18.0,8702.0,29.0,65.0,3537.0,606.0,33.0,711.0,266.0,20.0,247.0,269.0,8.0,84.0,46.0,250.0,92.0,43.0,16.0,333.0,219.0,198.0,41.0,716.0,253.0,24.0,28.0,24694,4104,1829,3.2801,9.2128,0.7168,0.2389,0.0729,0.0,12.1204,0.1701,3.2397,2.697,0.0,0.0729,35.2393,0.1174,0.2632,14.3233,2.454,0.1336,2.8792,1.0772,0.081,1.0002,1.0893,0.0324,0.3402,0.1863,1.0124,0.3726,0.1741,0.0648,1.3485,0.8869,0.8018,0.166,2.8995,1.0245,0.0972,0.1134,JxP
201202,Piura,,,183.0,495.0,36.0,11.0,7.0,0.0,441.0,10.0,176.0,145.0,0.0,9.0,2414.0,6.0,5.0,674.0,95.0,11.0,99.0,48.0,4.0,80.0,38.0,2.0,33.0,10.0,58.0,25.0,9.0,6.0,119.0,28.0,51.0,10.0,89.0,45.0,6.0,7.0,5485,960,409,3.3364,9.0246,0.6563,0.2005,0.1276,0.0,8.0401,0.1823,3.2088,2.6436,0.0,0.1641,44.0109,0.1094,0.0912,12.2881,1.732,0.2005,1.8049,0.8751,0.0729,1.4585,0.6928,0.0365,0.6016,0.1823,1.0574,0.4558,0.1641,0.1094,2.1696,0.5105,0.9298,0.1823,1.6226,0.8204,0.1094,0.1276,JxP
201203,Piura,,,36.0,169.0,11.0,8.0,1.0,0.0,289.0,5.0,49.0,86.0,0.0,0.0,575.0,2.0,9.0,300.0,31.0,2.0,39.0,28.0,2.0,39.0,18.0,0.0,19.0,2.0,21.0,16.0,3.0,1.0,21.0,16.0,20.0,3.0,40.0,9.0,2.0,2.0,1874,279,105,1.921,9.0181,0.587,0.4269,0.0534,0.0,15.4216,0.2668,2.6147,4.5891,0.0,0.0,30.683,0.1067,0.4803,16.0085,1.6542,0.1067,2.0811,1.4941,0.1067,2.0811,0.9605,0.0,1.0139,0.1067,1.1206,0.8538,0.1601,0.0534,1.1206,0.8538,1.0672,0.1601,2.1345,0.4803,0.1067,0.1067,JxP
201204,Piura,,,3.0,22.0,3.0,2.0,0.0,0.0,47.0,2.0,5.0,18.0,0.0,2.0,156.0,1.0,0.0,57.0,8.0,4.0,8.0,5.0,0.0,6.0,1.0,1.0,4.0,0.0,2.0,0.0,1.0,0.0,9.0,5.0,5.0,2.0,5.0,3.0,0.0,0.0,387,76,42,0.7752,5.6848,0.7752,0.5168,0.0,0.0,12.1447,0.5168,1.292,4.6512,0.0,0.5168,40.3101,0.2584,0.0,14.7287,2.0672,1.0336,2.0672,1.292,0.0,1.5504,0.2584,0.2584,1.0336,0.0,0.5168,0.0,0.2584,0.0,2.3256,1.292,1.292,0.5168,1.292,0.7752,0.0,0.0,JxP
201205,Piura,,,58.0,159.0,9.0,1.0,1.0,0.0,204.0,4.0,43.0,42.0,0.0,1.0,589.0,2.0,2.0,275.0,25.0,1.0,89.0,8.0,1.0,13.0,7.0,2.0,5.0,6.0,19.0,3.0,1.0,1.0,13.0,17.0,11.0,4.0,38.0,13.0,3.0,0.0,1670,237,153,3.4731,9.521,0.5389,0.0599,0.0599,0.0,12.2156,0.2395,2.5749,2.515,0.0,0.0599,35.2695,0.1198,0.1198,16.4671,1.497,0.0599,5.3293,0.479,0.0599,0.7784,0.4192,0.1198,0.2994,0.3593,1.1377,0.1796,0.0599,0.0599,0.7784,1.018,0.6587,0.2395,2.2754,0.7784,0.1796,0.0,JxP
201301,Piura,,,621.0,652.0,29.0,10.0,14.0,0.0,616.0,20.0,223.0,166.0,0.0,5.0,2685.0,12.0,21.0,1085.0,124.0,16.0,157.0,48.0,9.0,117.0,37.0,5.0,34.0,17.0,90.0,47.0,6.0,10.0,81.0,99.0,47.0,18.0,92.0,27.0,12.0,5.0,7257,1584,685,8.5573,8.9844,0.3996,0.1378,0.1929,0.0,8.4884,0.2756,3.0729,2.2874,0.0,0.0689,36.9988,0.1654,0.2894,14.9511,1.7087,0.2205,2.1634,0.6614,0.124,1.6122,0.5099,0.0689,0.4685,0.2343,1.2402,0.6477,0.0827,0.1378,1.1162,1.3642,0.6477,0.248,1.2677,0.3721,0.1654,0.0689,JxP
201302,Piura,,,127.0,236.0,5.0,1.0,3.0,0.0,158.0,7.0,73.0,62.0,0.0,1.0,552.0,5.0,0.0,404.0,41.0,7.0,40.0,20.0,0.0,26.0,9.0,1.0,13.0,6.0,24.0,6.0,4.0,1.0,21.0,30.0,13.0,4.0,42.0,8.0,0.0,2.0,1952,378,202,6.5061,12.0902,0.2561,0.0512,0.1537,0.0,8.0943,0.3586,3.7398,3.1762,0.0,0.0512,28.2787,0.2561,0.0,20.6967,2.1004,0.3586,2.0492,1.0246,0.0,1.332,0.4611,0.0512,0.666,0.3074,1.2295,0.3074,0.2049,0.0512,1.0758,1.5369,0.666,0.2049,2.1516,0.4098,0.0,0.1025,JxP
201303,Piura,,,112.0,175.0,5.0,0.0,1.0,0.0,135.0,7.0,58.0,40.0,0.0,3.0,497.0,9.0,8.0,336.0,28.0,3.0,26.0,10.0,0.0,16.0,9.0,0.0,11.0,3.0,8.0,3.0,1.0,3.0,12.0,21.0,11.0,5.0,42.0,3.0,0.0,4.0,1605,242,77,6.9782,10.9034,0.3115,0.0,0.0623,0.0,8.4112,0.4361,3.6137,2.4922,0.0,0.1869,30.9657,0.5607,0.4984,20.9346,1.7445,0.1869,1.6199,0.6231,0.0,0.9969,0.5607,0.0,0.6854,0.1869,0.4984,0.1869,0.0623,0.1869,0.7477,1.3084,0.6854,0.3115,2.6168,0.1869,0.0,0.2492,JxP
201304,Piura,,,103.0,129.0,10.0,2.0,4.0,0.0,107.0,4.0,78.0,49.0,0.0,1.0,809.0,1.0,3.0,350.0,20.0,2.0,25.0,14.0,2.0,22.0,13.0,0.0,14.0,7.0,11.0,8.0,4.0,0.0,17.0,13.0,8.0,9.0,37.0,12.0,0.0,0.0,1888,268,148,5.4555,6.8326,0.5297,0.1059,0.2119,0.0,5.6674,0.2119,4.1314,2.5953,0.0,0.053,42.8496,0.053,0.1589,18.5381,1.0593,0.1059,1.3242,0.7415,0.1059,1.1653,0.6886,0.0,0.7415,0.3708,0.5826,0.4237,0.2119,0.0,0.9004,0.6886,0.4237,0.4767,1.9597,0.6356,0.0,0.0,JxP
210101,PUNO,PUNO,PUNO,455.0,1975.0,1127.0,391.0,213.0,0.0,276.0,47.0,427.0,6937.0,0.0,63.0,8008.0,53.0,127.0,4452.0,2324.0,62.0,259.0,119.0,118.0,225.0,999.0,10.0,281.0,80.0,478.0,96.0,32.0,23.0,583.0,1961.0,2654.0,36.0,1028.0,375.0,144.0,176.0,36614,8665,3373,1.2427,5.3941,3.0781,1.0679,0.5817,0.0,0.7538,0.1284,1.1662,18.9463,0.0,0.1721,21.8714,0.1448,0.3469,12.1593,6.3473,0.1693,0.7074,0.325,0.3223,0.6145,2.7285,0.0273,0.7675,0.2185,1.3055,0.2622,0.0874,0.0628,1.5923,5.3559,7.2486,0.0983,2.8077,1.0242,0.3933,0.4807,JxP
210102,PUNO,PUNO,ACORA,21.0,170.0,82.0,61.0,35.0,0.0,17.0,5.0,23.0,333.0,0.0,2.0,589.0,9.0,10.0,350.0,114.0,1.0,18.0,7.0,10.0,16.0,51.0,1.0,19.0,7.0,24.0,8.0,6.0,1.0,73.0,113.0,107.0,4.0,49.0,14.0,8.0,17.0,2375,651,242,0.8842,7.1579,3.4526,2.5684,1.4737,0.0,0.7158,0.2105,0.9684,14.0211,0.0,0.0842,24.8,0.3789,0.4211,14.7368,4.8,0.0421,0.7579,0.2947,0.4211,0.6737,2.1474,0.0421,0.8,0.2947,1.0105,0.3368,0.2526,0.0421,3.0737,4.7579,4.5053,0.1684,2.0632,0.5895,0.3368,0.7158,JxP
210103,PUNO,PUNO,AMANTANI,6.0,45.0,73.0,9.0,28.0,0.0,11.0,2.0,16.0,280.0,0.0,3.0,497.0,2.0,1.0,189.0,31.0,3.0,5.0,7.0,4.0,10.0,25.0,1.0,19.0,3.0,23.0,5.0,2.0,0.0,21.0,48.0,62.0,2.0,27.0,9.0,4.0,3.0,1476,406,170,0.4065,3.0488,4.9458,0.6098,1.897,0.0,0.7453,0.1355,1.084,18.9702,0.0,0.2033,33.6721,0.1355,0.0678,12.8049,2.1003,0.2033,0.3388,0.4743,0.271,0.6775,1.6938,0.0678,1.2873,0.2033,1.5583,0.3388,0.1355,0.0,1.4228,3.252,4.2005,0.1355,1.8293,0.6098,0.271,0.2033,JxP
210104,PUNO,PUNO,ATUNCOLLA,124.0,180.0,194.0,22.0,64.0,0.0,24.0,13.0,43.0,1485.0,0.0,7.0,2872.0,19.0,15.0,987.0,122.0,11.0,41.0,29.0,13.0,53.0,58.0,0.0,48.0,9.0,86.0,22.0,4.0,4.0,144.0,158.0,225.0,11.0,120.0,30.0,13.0,14.0,7264,2119,768,1.707,2.478,2.6707,0.3029,0.8811,0.0,0.3304,0.179,0.592,20.4433,0.0,0.0964,39.5374,0.2616,0.2065,13.5876,1.6795,0.1514,0.5644,0.3992,0.179,0.7296,0.7985,0.0,0.6608,0.1239,1.1839,0.3029,0.0551,0.0551,1.9824,2.1751,3.0975,0.1514,1.652,0.413,0.179,0.1927,JxP
210105,PUNO,PUNO,CAPACHICA,59.0,312.0,195.0,36.0,38.0,0.0,58.0,17.0,96.0,2136.0,0.0,8.0,3663.0,10.0,31.0,1438.0,383.0,13.0,68.0,45.0,23.0,70.0,167.0,13.0,72.0,27.0,126.0,26.0,12.0,11.0,206.0,325.0,385.0,16.0,238.0,58.0,39.0,87.0,10507,3062,1011,0.5615,2.9694,1.8559,0.3426,0.3617,0.0,0.552,0.1618,0.9137,20.3293,0.0,0.0761,34.8625,0.0952,0.295,13.6861,3.6452,0.1237,0.6472,0.4283,0.2189,0.6662,1.5894,0.1237,0.6853,0.257,1.1992,0.2475,0.1142,0.1047,1.9606,3.0932,3.6642,0.1523,2.2652,0.552,0.3712,0.828,JxP
210106,PUNO,PUNO,CHUCUITO,14.0,52.0,73.0,7.0,12.0,0.0,16.0,7.0,13.0,421.0,0.0,0.0,496.0,0.0,3.0,269.0,77.0,2.0,13.0,15.0,3.0,18.0,31.0,0.0,9.0,2.0,27.0,2.0,2.0,0.0,34.0,59.0,63.0,6.0,39.0,6.0,11.0,2.0,1804,541,219,0.7761,2.8825,4.0466,0.388,0.6652,0.0,0.8869,0.388,0.7206,23.337,0.0,0.0,27.4945,0.0,0.1663,14.9113,4.2683,0.1109,0.7206,0.8315,0.1663,0.9978,1.7184,0.0,0.4989,0.1109,1.4967,0.1109,0.1109,0.0,1.8847,3.2705,3.4922,0.3326,2.1619,0.3326,0.6098,0.1109,JxP
210201,PUNO,AZÁNGARO,AZÁNGARO,49.0,275.0,226.0,94.0,84.0,0.0,45.0,12.0,38.0,1270.0,0.0,10.0,1166.0,23.0,32.0,523.0,185.0,22.0,44.0,26.0,20.0,27.0,57.0,0.0,33.0,13.0,71.0,14.0,21.0,5.0,122.0,224.0,568.0,11.0,71.0,38.0,13.0,23.0,5455,2230,836,0.8983,5.0412,4.143,1.7232,1.5399,0.0,0.8249,0.22,0.6966,23.2814,0.0,0.1833,21.3749,0.4216,0.5866,9.5875,3.3914,0.4033,0.8066,0.4766,0.3666,0.495,1.0449,0.0,0.6049,0.2383,1.3016,0.2566,0.385,0.0917,2.2365,4.1063,10.4125,0.2016,1.3016,0.6966,0.2383,0.4216,FP
210202,PUNO,AZÁNGARO,ACHAYA,11.0,44.0,61.0,6.0,15.0,0.0,8.0,4.0,9.0,352.0,0.0,1.0,697.0,1.0,4.0,197.0,32.0,3.0,10.0,12.0,8.0,13.0,18.0,0.0,7.0,4.0,18.0,8.0,0.0,1.0,49.0,36.0,147.0,7.0,17.0,8.0,1.0,8.0,1817,667,165,0.6054,2.4216,3.3572,0.3302,0.8255,0.0,0.4403,0.2201,0.4953,19.3726,0.0,0.055,38.3599,0.055,0.2201,10.842,1.7611,0.1651,0.5504,0.6604,0.4403,0.7155,0.9906,0.0,0.3853,0.2201,0.9906,0.4403,0.0,0.055,2.6968,1.9813,8.0903,0.3853,0.9356,0.4403,0.055,0.4403,JxP
210203,PUNO,AZÁNGARO,ARAPA,5.0,23.0,24.0,32.0,13.0,0.0,6.0,1.0,8.0,170.0,0.0,1.0,546.0,4.0,6.0,148.0,20.0,1.0,8.0,5.0,5.0,12.0,6.0,1.0,11.0,3.0,12.0,6.0,2.0,1.0,33.0,41.0,93.0,5.0,10.0,19.0,3.0,2.0,1286,414,144,0.3888,1.7885,1.8663,2.4883,1.0109,0.0,0.4666,0.0778,0.6221,13.2193,0.0,0.0778,42.4572,0.311,0.4666,11.5086,1.5552,0.0778,0.6221,0.3888,0.3888,0.9331,0.4666,0.0778,0.8554,0.2333,0.9331,0.4666,0.1555,0.0778,2.5661,3.1882,7.2317,0.3888,0.7776,1.4774,0.2333,0.1555,JxP
210204,PUNO,AZÁNGARO,ASILLO,5.0,12.0,25.0,0.0,4.0,0.0,22.0,1.0,2.0,86.0,0.0,1.0,62.0,1.0,2.0,25.0,22.0,0.0,2.0,4.0,2.0,7.0,4.0,0.0,3.0,2.0,2.0,1.0,2.0,0.0,10.0,18.0,56.0,1.0,6.0,1.0,2.0,2.0,395,154,31,1.2658,3.038,6.3291,0.0,1.0127,0.0,5.5696,0.2532,0.5063,21.7722,0.0,0.2532,15.6962,0.2532,0.5063,6.3291,5.5696,0.0,0.5063,1.0127,0.5063,1.7722,1.0127,0.0,0.7595,0.5063,0.5063,0.2532,0.5063,0.0,2.5316,4.557,14.1772,0.2532,1.519,0.2532,0.5063,0.5063,FP
210205,PUNO,AZÁNGARO,CAMINACA,12.0,38.0,20.0,5.0,27.0,0.0,4.0,1.0,4.0,365.0,0.0,1.0,575.0,3.0,3.0,114.0,12.0,1.0,4.0,7.0,1.0,6.0,3.0,0.0,0.0,2.0,17.0,1.0,1.0,0.0,25.0,43.0,154.0,0.0,4.0,13.0,7.0,3.0,1476,602,182,0.813,2.5745,1.355,0.3388,1.8293,0.0,0.271,0.0678,0.271,24.729,0.0,0.0678,38.9566,0.2033,0.2033,7.7236,0.813,0.0678,0.271,0.4743,0.0678,0.4065,0.2033,0.0,0.0,0.1355,1.1518,0.0678,0.0678,0.0,1.6938,2.9133,10.4336,0.0,0.271,0.8808,0.4743,0.2033,JxP
210206,PUNO,AZÁNGARO,CHUPA,7.0,32.0,47.0,4.0,15.0,0.0,5.0,4.0,5.0,316.0,0.0,0.0,272.0,0.0,2.0,97.0,11.0,0.0,14.0,3.0,5.0,8.0,4.0,1.0,2.0,0.0,14.0,9.0,1.0,0.0,24.0,51.0,135.0,2.0,14.0,5.0,5.0,2.0,1116,334,76,0.6272,2.8674,4.2115,0.3584,1.3441,0.0,0.448,0.3584,0.448,28.3154,0.0,0.0,24.3728,0.0,0.1792,8.6918,0.9857,0.0,1.2545,0.2688,0.448,0.7168,0.3584,0.0896,0.1792,0.0,1.2545,0.8065,0.0896,0.0,2.1505,4.5699,12.0968,0.1792,1.2545,0.448,0.448,0.1792,FP
210301,PUNO,CARABAYA,MACUSANI,61.0,403.0,166.0,193.0,53.0,0.0,37.0,15.0,51.0,1837.0,0.0,8.0,660.0,22.0,32.0,632.0,449.0,16.0,60.0,39.0,29.0,55.0,136.0,4.0,74.0,22.0,40.0,24.0,35.0,7.0,117.0,356.0,448.0,12.0,139.0,69.0,17.0,58.0,6376,2330,1106,0.9567,6.3206,2.6035,3.027,0.8312,0.0,0.5803,0.2353,0.7999,28.8112,0.0,0.1255,10.3513,0.345,0.5019,9.9122,7.042,0.2509,0.941,0.6117,0.4548,0.8626,2.133,0.0627,1.1606,0.345,0.6274,0.3764,0.5489,0.1098,1.835,5.5834,7.0263,0.1882,2.1801,1.0822,0.2666,0.9097,FP
210303,PUNO,CARABAYA,AYAPATA,41.0,53.0,63.0,6.0,12.0,0.0,12.0,4.0,12.0,648.0,0.0,13.0,928.0,7.0,3.0,218.0,43.0,6.0,50.0,14.0,4.0,43.0,14.0,1.0,19.0,6.0,33.0,13.0,3.0,1.0,86.0,128.0,109.0,8.0,24.0,14.0,14.0,11.0,2664,1029,384,1.539,1.9895,2.3649,0.2252,0.4505,0.0,0.4505,0.1502,0.4505,24.3243,0.0,0.488,34.8348,0.2628,0.1126,8.1832,1.6141,0.2252,1.8769,0.5255,0.1502,1.6141,0.5255,0.0375,0.7132,0.2252,1.2387,0.488,0.1126,0.0375,3.2282,4.8048,4.0916,0.3003,0.9009,0.5255,0.5255,0.4129,JxP
210304,PUNO,CARABAYA,COASA,28.0,43.0,65.0,10.0,8.0,0.0,11.0,5.0,28.0,1426.0,0.0,2.0,1071.0,3.0,20.0,311.0,63.0,7.0,56.0,17.0,9.0,37.0,21.0,3.0,129.0,14.0,36.0,10.0,9.0,1.0,119.0,157.0,116.0,9.0,47.0,24.0,3.0,22.0,3940,1332,449,0.7107,1.0914,1.6497,0.2538,0.203,0.0,0.2792,0.1269,0.7107,36.1929,0.0,0.0508,27.1827,0.0761,0.5076,7.8934,1.599,0.1777,1.4213,0.4315,0.2284,0.9391,0.533,0.0761,3.2741,0.3553,0.9137,0.2538,0.2284,0.0254,3.0203,3.9848,2.9442,0.2284,1.1929,0.6091,0.0761,0.5584,FP
210305,PUNO,CARABAYA,CORANI,13.0,81.0,61.0,19.0,6.0,0.0,5.0,4.0,7.0,799.0,0.0,1.0,449.0,4.0,9.0,179.0,55.0,5.0,15.0,14.0,8.0,14.0,21.0,1.0,20.0,8.0,22.0,1.0,82.0,4.0,37.0,112.0,110.0,0.0,28.0,19.0,12.0,8.0,2233,678,279,0.5822,3.6274,2.7318,0.8509,0.2687,0.0,0.2239,0.1791,0.3135,35.7815,0.0,0.0448,20.1075,0.1791,0.403,8.0161,2.4631,0.2239,0.6717,0.627,0.3583,0.627,0.9404,0.0448,0.8957,0.3583,0.9852,0.0448,3.6722,0.1791,1.657,5.0157,4.9261,0.0,1.2539,0.8509,0.5374,0.3583,FP
210306,PUNO,CARABAYA,CRUCERO,31.0,57.0,50.0,30.0,8.0,0.0,11.0,9.0,19.0,796.0,0.0,6.0,1295.0,6.0,7.0,382.0,40.0,12.0,33.0,19.0,4.0,24.0,11.0,1.0,22.0,3.0,25.0,6.0,3.0,2.0,101.0,52.0,77.0,5.0,30.0,17.0,15.0,62.0,3271,1154,436,0.9477,1.7426,1.5286,0.9172,0.2446,0.0,0.3363,0.2751,0.5809,24.3351,0.0,0.1834,39.5903,0.1834,0.214,11.6784,1.2229,0.3669,1.0089,0.5809,0.1223,0.7337,0.3363,0.0306,0.6726,0.0917,0.7643,0.1834,0.0917,0.0611,3.0877,1.5897,2.354,0.1529,0.9172,0.5197,0.4586,1.8954,JxP
210307,PUNO,CARABAYA,ITUATA,18.0,58.0,44.0,42.0,16.0,0.0,21.0,7.0,8.0,653.0,0.0,1.0,185.0,1.0,9.0,213.0,75.0,2.0,17.0,12.0,7.0,17.0,16.0,0.0,10.0,10.0,18.0,6.0,4.0,1.0,32.0,106.0,114.0,3.0,18.0,23.0,11.0,11.0,1789,743,250,1.0061,3.242,2.4595,2.3477,0.8944,0.0,1.1738,0.3913,0.4472,36.5008,0.0,0.0559,10.341,0.0559,0.5031,11.9061,4.1923,0.1118,0.9503,0.6708,0.3913,0.9503,0.8944,0.0,0.559,0.559,1.0061,0.3354,0.2236,0.0559,1.7887,5.9251,6.3723,0.1677,1.0061,1.2856,0.6149,0.6149,FP
210311,Puno,Carabaya,,23.0,48.0,80.0,10.0,1.0,0.0,9.0,2.0,6.0,498.0,0.0,0.0,275.0,2.0,6.0,130.0,41.0,1.0,6.0,5.0,1.0,15.0,13.0,0.0,13.0,3.0,20.0,2.0,3.0,4.0,17.0,60.0,137.0,1.0,23.0,14.0,3.0,13.0,1485,494,351,1.5488,3.2323,5.3872,0.6734,0.0673,0.0,0.6061,0.1347,0.404,33.5354,0.0,0.0,18.5185,0.1347,0.404,8.7542,2.7609,0.0673,0.404,0.3367,0.0673,1.0101,0.8754,0.0,0.8754,0.202,1.3468,0.1347,0.202,0.2694,1.1448,4.0404,9.2256,0.0673,1.5488,0.9428,0.202,0.8754,FP
210313,Puno,Carabaya,,31.0,452.0,120.0,104.0,61.0,0.0,21.0,12.0,46.0,1966.0,0.0,5.0,948.0,12.0,4.0,394.0,107.0,9.0,73.0,19.0,7.0,71.0,28.0,1.0,25.0,12.0,46.0,8.0,14.0,9.0,91.0,193.0,319.0,8.0,44.0,74.0,23.0,36.0,5393,2082,964,0.5748,8.3812,2.2251,1.9284,1.1311,0.0,0.3894,0.2225,0.853,36.4547,0.0,0.0927,17.5783,0.2225,0.0742,7.3058,1.9841,0.1669,1.3536,0.3523,0.1298,1.3165,0.5192,0.0185,0.4636,0.2225,0.853,0.1483,0.2596,0.1669,1.6874,3.5787,5.9151,0.1483,0.8159,1.3721,0.4265,0.6675,FP
210314,Puno,Carabaya,,25.0,63.0,89.0,24.0,22.0,0.0,63.0,8.0,16.0,866.0,0.0,1.0,506.0,4.0,4.0,197.0,44.0,8.0,14.0,27.0,4.0,17.0,8.0,0.0,28.0,9.0,31.0,8.0,15.0,3.0,71.0,99.0,95.0,7.0,19.0,34.0,2.0,9.0,2440,1107,371,1.0246,2.582,3.6475,0.9836,0.9016,0.0,2.582,0.3279,0.6557,35.4918,0.0,0.041,20.7377,0.1639,0.1639,8.0738,1.8033,0.3279,0.5738,1.1066,0.1639,0.6967,0.3279,0.0,1.1475,0.3689,1.2705,0.3279,0.6148,0.123,2.9098,4.0574,3.8934,0.2869,0.7787,1.3934,0.082,0.3689,FP
210315,Puno,Carabaya,,76.0,107.0,55.0,4.0,10.0,0.0,15.0,13.0,34.0,1434.0,0.0,7.0,2622.0,7.0,3.0,633.0,87.0,12.0,48.0,18.0,23.0,36.0,38.0,3.0,30.0,10.0,66.0,4.0,5.0,5.0,132.0,118.0,167.0,10.0,57.0,35.0,17.0,12.0,5953,1977,702,1.2767,1.7974,0.9239,0.0672,0.168,0.0,0.252,0.2184,0.5711,24.0887,0.0,0.1176,44.045,0.1176,0.0504,10.6333,1.4614,0.2016,0.8063,0.3024,0.3864,0.6047,0.6383,0.0504,0.5039,0.168,1.1087,0.0672,0.084,0.084,2.2174,1.9822,2.8053,0.168,0.9575,0.5879,0.2856,0.2016,JxP
210316,Puno,Carabaya,,10.0,40.0,19.0,12.0,14.0,0.0,2.0,2.0,6.0,156.0,0.0,0.0,195.0,1.0,3.0,62.0,21.0,1.0,9.0,15.0,2.0,11.0,11.0,0.0,8.0,4.0,4.0,4.0,0.0,0.0,21.0,27.0,24.0,5.0,5.0,10.0,3.0,1.0,708,336,182,1.4124,5.6497,2.6836,1.6949,1.9774,0.0,0.2825,0.2825,0.8475,22.0339,0.0,0.0,27.5424,0.1412,0.4237,8.7571,2.9661,0.1412,1.2712,2.1186,0.2825,1.5537,1.5537,0.0,1.1299,0.565,0.565,0.565,0.0,0.0,2.9661,3.8136,3.3898,0.7062,0.7062,1.4124,0.4237,0.1412,JxP
210401,PUNO,CHUCUITO,JULI,84.0,574.0,244.0,185.0,109.0,0.0,138.0,16.0,126.0,4118.0,0.0,22.0,1807.0,22.0,60.0,1666.0,522.0,26.0,120.0,73.0,48.0,73.0,247.0,5.0,144.0,44.0,229.0,84.0,24.0,11.0,272.0,983.0,792.0,7.0,288.0,258.0,42.0,55.0,13518,3854,1487,0.6214,4.2462,1.805,1.3685,0.8063,0.0,1.0209,0.1184,0.9321,30.4631,0.0,0.1627,13.3674,0.1627,0.4439,12.3243,3.8615,0.1923,0.8877,0.54,0.3551,0.54,1.8272,0.037,1.0652,0.3255,1.694,0.6214,0.1775,0.0814,2.0121,7.2718,5.8589,0.0518,2.1305,1.9086,0.3107,0.4069,FP
210402,PUNO,CHUCUITO,DESAGUADERO,24.0,81.0,128.0,8.0,11.0,0.0,19.0,11.0,26.0,878.0,0.0,1.0,2171.0,7.0,5.0,455.0,49.0,5.0,40.0,78.0,2.0,48.0,30.0,1.0,27.0,8.0,45.0,10.0,8.0,2.0,176.0,129.0,102.0,21.0,39.0,36.0,15.0,4.0,4700,1503,480,0.5106,1.7234,2.7234,0.1702,0.234,0.0,0.4043,0.234,0.5532,18.6809,0.0,0.0213,46.1915,0.1489,0.1064,9.6809,1.0426,0.1064,0.8511,1.6596,0.0426,1.0213,0.6383,0.0213,0.5745,0.1702,0.9574,0.2128,0.1702,0.0426,3.7447,2.7447,2.1702,0.4468,0.8298,0.766,0.3191,0.0851,JxP
210403,PUNO,CHUCUITO,HUACULLANI,46.0,93.0,46.0,25.0,18.0,0.0,13.0,11.0,25.0,778.0,0.0,4.0,791.0,6.0,5.0,544.0,64.0,5.0,55.0,31.0,4.0,34.0,22.0,2.0,27.0,7.0,37.0,12.0,6.0,6.0,106.0,116.0,77.0,7.0,33.0,28.0,6.0,9.0,3099,1160,319,1.4843,3.001,1.4843,0.8067,0.5808,0.0,0.4195,0.355,0.8067,25.1049,0.0,0.1291,25.5244,0.1936,0.1613,17.554,2.0652,0.1613,1.7748,1.0003,0.1291,1.0971,0.7099,0.0645,0.8712,0.2259,1.1939,0.3872,0.1936,0.1936,3.4205,3.7431,2.4847,0.2259,1.0649,0.9035,0.1936,0.2904,JxP
210404,PUNO,CHUCUITO,KELLUYO,33.0,50.0,50.0,16.0,15.0,0.0,6.0,4.0,11.0,660.0,0.0,4.0,500.0,3.0,8.0,284.0,49.0,4.0,42.0,22.0,7.0,24.0,8.0,1.0,18.0,3.0,14.0,12.0,5.0,4.0,76.0,81.0,66.0,8.0,23.0,40.0,3.0,4.0,2158,903,239,1.5292,2.317,2.317,0.7414,0.6951,0.0,0.278,0.1854,0.5097,30.5839,0.0,0.1854,23.1696,0.139,0.3707,13.1603,2.2706,0.1854,1.9462,1.0195,0.3244,1.1121,0.3707,0.0463,0.8341,0.139,0.6487,0.5561,0.2317,0.1854,3.5218,3.7535,3.0584,0.3707,1.0658,1.8536,0.139,0.1854,FP
210405,PUNO,CHUCUITO,PISACOMA,33.0,53.0,64.0,13.0,16.0,0.0,12.0,8.0,16.0,795.0,0.0,1.0,688.0,4.0,4.0,306.0,36.0,7.0,22.0,18.0,2.0,17.0,15.0,1.0,16.0,7.0,28.0,23.0,3.0,3.0,87.0,91.0,116.0,4.0,31.0,43.0,5.0,10.0,2598,913,304,1.2702,2.04,2.4634,0.5004,0.6159,0.0,0.4619,0.3079,0.6159,30.6005,0.0,0.0385,26.4819,0.154,0.154,11.7783,1.3857,0.2694,0.8468,0.6928,0.077,0.6543,0.5774,0.0385,0.6159,0.2694,1.0778,0.8853,0.1155,0.1155,3.3487,3.5027,4.465,0.154,1.1932,1.6551,0.1925,0.3849,FP
210501,PUNO,EL COLLAO,ILAVE,115.0,729.0,392.0,184.0,81.0,0.0,78.0,15.0,200.0,2564.0,0.0,23.0,2257.0,25.0,69.0,1557.0,885.0,23.0,100.0,43.0,38.0,87.0,326.0,9.0,125.0,23.0,181.0,24.0,22.0,12.0,207.0,734.0,832.0,12.0,391.0,132.0,53.0,43.0,12591,2819,1038,0.9134,5.7898,3.1133,1.4614,0.6433,0.0,0.6195,0.1191,1.5884,20.3638,0.0,0.1827,17.9255,0.1986,0.548,12.366,7.0288,0.1827,0.7942,0.3415,0.3018,0.691,2.5892,0.0715,0.9928,0.1827,1.4375,0.1906,0.1747,0.0953,1.644,5.8296,6.6079,0.0953,3.1054,1.0484,0.4209,0.3415,FP
210502,PUNO,EL COLLAO,CAPAZO,13.0,34.0,53.0,13.0,6.0,0.0,4.0,1.0,11.0,234.0,0.0,1.0,597.0,1.0,1.0,149.0,44.0,1.0,9.0,7.0,0.0,4.0,11.0,0.0,11.0,2.0,13.0,2.0,1.0,0.0,34.0,40.0,21.0,2.0,23.0,17.0,3.0,2.0,1365,335,77,0.9524,2.4908,3.8828,0.9524,0.4396,0.0,0.293,0.0733,0.8059,17.1429,0.0,0.0733,43.7363,0.0733,0.0733,10.9158,3.2234,0.0733,0.6593,0.5128,0.0,0.293,0.8059,0.0,0.8059,0.1465,0.9524,0.1465,0.0733,0.0,2.4908,2.9304,1.5385,0.1465,1.685,1.2454,0.2198,0.1465,JxP
210503,PUNO,EL COLLAO,PILCUYO,10.0,51.0,26.0,11.0,2.0,0.0,9.0,6.0,27.0,197.0,0.0,0.0,628.0,1.0,4.0,239.0,51.0,1.0,3.0,9.0,16.0,14.0,23.0,0.0,12.0,3.0,24.0,2.0,1.0,0.0,28.0,40.0,53.0,2.0,21.0,8.0,4.0,5.0,1531,328,107,0.6532,3.3312,1.6982,0.7185,0.1306,0.0,0.5879,0.3919,1.7636,12.8674,0.0,0.0,41.0189,0.0653,0.2613,15.6107,3.3312,0.0653,0.196,0.5879,1.0451,0.9144,1.5023,0.0,0.7838,0.196,1.5676,0.1306,0.0653,0.0,1.8289,2.6127,3.4618,0.1306,1.3717,0.5225,0.2613,0.3266,JxP
210504,PUNO,EL COLLAO,SANTA ROSA,22.0,63.0,56.0,9.0,6.0,0.0,6.0,1.0,26.0,406.0,0.0,1.0,566.0,3.0,4.0,379.0,74.0,6.0,14.0,12.0,5.0,23.0,26.0,1.0,20.0,8.0,43.0,2.0,0.0,1.0,37.0,48.0,75.0,2.0,48.0,8.0,11.0,7.0,2019,417,181,1.0896,3.1204,2.7737,0.4458,0.2972,0.0,0.2972,0.0495,1.2878,20.109,0.0,0.0495,28.0337,0.1486,0.1981,18.7717,3.6652,0.2972,0.6934,0.5944,0.2476,1.1392,1.2878,0.0495,0.9906,0.3962,2.1298,0.0991,0.0,0.0495,1.8326,2.3774,3.7147,0.0991,2.3774,0.3962,0.5448,0.3467,JxP
210505,PUNO,EL COLLAO,CONDURIRI,157.0,669.0,201.0,67.0,43.0,0.0,77.0,34.0,305.0,5459.0,0.0,23.0,6511.0,18.0,60.0,3690.0,582.0,23.0,154.0,84.0,42.0,190.0,282.0,9.0,155.0,53.0,302.0,32.0,51.0,10.0,388.0,602.0,618.0,32.0,523.0,126.0,137.0,46.0,21755,5024,1649,0.7217,3.0752,0.9239,0.308,0.1977,0.0,0.3539,0.1563,1.402,25.0931,0.0,0.1057,29.9288,0.0827,0.2758,16.9616,2.6752,0.1057,0.7079,0.3861,0.1931,0.8734,1.2963,0.0414,0.7125,0.2436,1.3882,0.1471,0.2344,0.046,1.7835,2.7672,2.8407,0.1471,2.404,0.5792,0.6297,0.2114,JxP
210506,Puno,El Collao,,31.0,179.0,74.0,6.0,1827.0,0.0,35.0,14.0,78.0,1807.0,0.0,8.0,3502.0,14.0,21.0,1305.0,191.0,8.0,81.0,16.0,18.0,55.0,79.0,0.0,47.0,15.0,199.0,15.0,6.0,3.0,134.0,160.0,151.0,4.0,180.0,20.0,36.0,7.0,10326,2065,791,0.3002,1.7335,0.7166,0.0581,17.6932,0.0,0.339,0.1356,0.7554,17.4995,0.0,0.0775,33.9144,0.1356,0.2034,12.638,1.8497,0.0775,0.7844,0.1549,0.1743,0.5326,0.7651,0.0,0.4552,0.1453,1.9272,0.1453,0.0581,0.0291,1.2977,1.5495,1.4623,0.0387,1.7432,0.1937,0.3486,0.0678,JxP
210507,Puno,El Collao,,7.0,49.0,41.0,19.0,8.0,0.0,2.0,5.0,9.0,313.0,0.0,2.0,690.0,1.0,3.0,276.0,35.0,4.0,11.0,4.0,2.0,14.0,10.0,0.0,12.0,2.0,21.0,5.0,1.0,1.0,31.0,31.0,33.0,0.0,24.0,8.0,4.0,1.0,1679,340,136,0.4169,2.9184,2.4419,1.1316,0.4765,0.0,0.1191,0.2978,0.536,18.642,0.0,0.1191,41.0959,0.0596,0.1787,16.4384,2.0846,0.2382,0.6552,0.2382,0.1191,0.8338,0.5956,0.0,0.7147,0.1191,1.2507,0.2978,0.0596,0.0596,1.8463,1.8463,1.9655,0.0,1.4294,0.4765,0.2382,0.0596,JxP
210508,Puno,El Collao,,75.0,135.0,100.0,17.0,19.0,0.0,19.0,12.0,81.0,1885.0,0.0,6.0,3105.0,6.0,12.0,950.0,139.0,18.0,45.0,18.0,16.0,45.0,57.0,1.0,45.0,28.0,129.0,14.0,25.0,6.0,176.0,162.0,239.0,8.0,132.0,37.0,32.0,12.0,7806,2208,659,0.9608,1.7294,1.2811,0.2178,0.2434,0.0,0.2434,0.1537,1.0377,24.1481,0.0,0.0769,39.7771,0.0769,0.1537,12.1701,1.7807,0.2306,0.5765,0.2306,0.205,0.5765,0.7302,0.0128,0.5765,0.3587,1.6526,0.1793,0.3203,0.0769,2.2547,2.0753,3.0617,0.1025,1.691,0.474,0.4099,0.1537,JxP
210509,Puno,El Collao,,34.0,67.0,39.0,9.0,9.0,0.0,14.0,3.0,34.0,1036.0,0.0,2.0,2499.0,5.0,4.0,461.0,54.0,1.0,36.0,10.0,6.0,35.0,30.0,1.0,25.0,6.0,44.0,7.0,6.0,2.0,92.0,52.0,50.0,8.0,42.0,10.0,21.0,6.0,4760,1254,300,0.7143,1.4076,0.8193,0.1891,0.1891,0.0,0.2941,0.063,0.7143,21.7647,0.0,0.042,52.5,0.105,0.084,9.6849,1.1345,0.021,0.7563,0.2101,0.1261,0.7353,0.6303,0.021,0.5252,0.1261,0.9244,0.1471,0.1261,0.042,1.9328,1.0924,1.0504,0.1681,0.8824,0.2101,0.4412,0.1261,JxP
210601,PUNO,HUANCANÉ,HUANCANÉ,259.0,3134.0,811.0,560.0,228.0,0.0,442.0,73.0,519.0,9747.0,0.0,94.0,2158.0,103.0,360.0,3917.0,4480.0,93.0,349.0,158.0,205.0,196.0,1454.0,27.0,537.0,129.0,360.0,113.0,116.0,28.0,644.0,3853.0,4498.0,39.0,1279.0,673.0,141.0,311.0,42088,6517,3409,0.6154,7.4463,1.9269,1.3305,0.5417,0.0,1.0502,0.1734,1.2331,23.1586,0.0,0.2233,5.1274,0.2447,0.8554,9.3067,10.6444,0.221,0.8292,0.3754,0.4871,0.4657,3.4547,0.0642,1.2759,0.3065,0.8554,0.2685,0.2756,0.0665,1.5301,9.1546,10.6871,0.0927,3.0389,1.599,0.335,0.7389,FP
210602,PUNO,HUANCANÉ,COJATA,3.0,25.0,12.0,6.0,6.0,0.0,4.0,1.0,4.0,240.0,0.0,0.0,94.0,1.0,1.0,64.0,16.0,1.0,13.0,3.0,3.0,7.0,2.0,0.0,20.0,3.0,8.0,4.0,0.0,1.0,12.0,64.0,87.0,0.0,4.0,37.0,1.0,3.0,750,200,39,0.4,3.3333,1.6,0.8,0.8,0.0,0.5333,0.1333,0.5333,32.0,0.0,0.0,12.5333,0.1333,0.1333,8.5333,2.1333,0.1333,1.7333,0.4,0.4,0.9333,0.2667,0.0,2.6667,0.4,1.0667,0.5333,0.0,0.1333,1.6,8.5333,11.6,0.0,0.5333,4.9333,0.1333,0.4,FP
210604,PUNO,HUANCANÉ,INCHUPALLA,19.0,98.0,77.0,45.0,12.0,0.0,18.0,5.0,34.0,411.0,0.0,0.0,288.0,2.0,8.0,323.0,101.0,1.0,19.0,17.0,7.0,8.0,43.0,0.0,26.0,4.0,18.0,5.0,14.0,2.0,51.0,140.0,237.0,1.0,48.0,14.0,8.0,20.0,2124,470,274,0.8945,4.6139,3.6252,2.1186,0.565,0.0,0.8475,0.2354,1.6008,19.3503,0.0,0.0,13.5593,0.0942,0.3766,15.2072,4.7552,0.0471,0.8945,0.8004,0.3296,0.3766,2.0245,0.0,1.2241,0.1883,0.8475,0.2354,0.6591,0.0942,2.4011,6.5913,11.1582,0.0471,2.2599,0.6591,0.3766,0.9416,FP
210606,PUNO,HUANCANÉ,ROSASPATA,103.0,191.0,69.0,37.0,15.0,0.0,25.0,23.0,29.0,1117.0,0.0,5.0,650.0,6.0,34.0,462.0,68.0,4.0,56.0,35.0,6.0,30.0,33.0,0.0,37.0,12.0,55.0,12.0,10.0,6.0,98.0,138.0,448.0,3.0,58.0,81.0,11.0,22.0,3989,1324,568,2.5821,4.7882,1.7298,0.9276,0.376,0.0,0.6267,0.5766,0.727,28.002,0.0,0.1253,16.2948,0.1504,0.8523,11.5819,1.7047,0.1003,1.4039,0.8774,0.1504,0.7521,0.8273,0.0,0.9276,0.3008,1.3788,0.3008,0.2507,0.1504,2.4568,3.4595,11.2309,0.0752,1.454,2.0306,0.2758,0.5515,FP
210607,PUNO,HUANCANÉ,TARACO,10.0,60.0,11.0,3.0,1.0,0.0,3.0,2.0,2.0,137.0,0.0,0.0,321.0,0.0,1.0,56.0,4.0,2.0,5.0,8.0,2.0,16.0,2.0,1.0,7.0,1.0,9.0,9.0,6.0,2.0,31.0,43.0,38.0,4.0,2.0,42.0,1.0,1.0,843,282,74,1.1862,7.1174,1.3049,0.3559,0.1186,0.0,0.3559,0.2372,0.2372,16.2515,0.0,0.0,38.0783,0.0,0.1186,6.6429,0.4745,0.2372,0.5931,0.949,0.2372,1.898,0.2372,0.1186,0.8304,0.1186,1.0676,1.0676,0.7117,0.2372,3.6773,5.1008,4.5077,0.4745,0.2372,4.9822,0.1186,0.1186,JxP
210608,PUNO,HUANCANÉ,VILQUE CHICO,34.0,33.0,15.0,11.0,3.0,0.0,10.0,5.0,6.0,307.0,0.0,0.0,425.0,0.0,2.0,139.0,33.0,2.0,29.0,14.0,0.0,10.0,8.0,1.0,14.0,3.0,14.0,6.0,5.0,1.0,47.0,58.0,51.0,3.0,17.0,10.0,5.0,0.0,1321,378,113,2.5738,2.4981,1.1355,0.8327,0.2271,0.0,0.757,0.3785,0.4542,23.24,0.0,0.0,32.1726,0.0,0.1514,10.5223,2.4981,0.1514,2.1953,1.0598,0.0,0.757,0.6056,0.0757,1.0598,0.2271,1.0598,0.4542,0.3785,0.0757,3.5579,4.3906,3.8607,0.2271,1.2869,0.757,0.3785,0.0,JxP
210609,Puno,Huancané,,17.0,22.0,37.0,2.0,11.0,0.0,13.0,10.0,9.0,353.0,0.0,1.0,452.0,4.0,11.0,52.0,43.0,3.0,33.0,103.0,1.0,21.0,2.0,0.0,20.0,3.0,15.0,5.0,1.0,1.0,42.0,23.0,88.0,6.0,3.0,10.0,2.0,2.0,1421,642,165,1.1963,1.5482,2.6038,0.1407,0.7741,0.0,0.9148,0.7037,0.6334,24.8417,0.0,0.0704,31.8086,0.2815,0.7741,3.6594,3.026,0.2111,2.3223,7.2484,0.0704,1.4778,0.1407,0.0,1.4075,0.2111,1.0556,0.3519,0.0704,0.0704,2.9557,1.6186,6.1928,0.4222,0.2111,0.7037,0.1407,0.1407,JxP
210610,Puno,Huancané,,21.0,177.0,44.0,16.0,5.0,0.0,42.0,5.0,20.0,517.0,0.0,1.0,181.0,3.0,16.0,209.0,157.0,7.0,45.0,85.0,4.0,15.0,47.0,1.0,42.0,6.0,19.0,5.0,12.0,2.0,56.0,196.0,189.0,1.0,35.0,115.0,4.0,10.0,2310,500,259,0.9091,7.6623,1.9048,0.6926,0.2165,0.0,1.8182,0.2165,0.8658,22.381,0.0,0.0433,7.8355,0.1299,0.6926,9.0476,6.7965,0.303,1.9481,3.6797,0.1732,0.6494,2.0346,0.0433,1.8182,0.2597,0.8225,0.2165,0.5195,0.0866,2.4242,8.4848,8.1818,0.0433,1.5152,4.9784,0.1732,0.4329,FP
210611,Puno,Huancané,,110.0,1110.0,403.0,226.0,161.0,0.0,136.0,25.0,245.0,3849.0,0.0,28.0,1344.0,32.0,156.0,1805.0,1489.0,30.0,134.0,64.0,78.0,86.0,541.0,8.0,297.0,51.0,116.0,39.0,43.0,10.0,253.0,1581.0,1335.0,18.0,490.0,258.0,71.0,94.0,16716,2749,1222,0.6581,6.6403,2.4109,1.352,0.9631,0.0,0.8136,0.1496,1.4657,23.0258,0.0,0.1675,8.0402,0.1914,0.9332,10.798,8.9076,0.1795,0.8016,0.3829,0.4666,0.5145,3.2364,0.0479,1.7767,0.3051,0.6939,0.2333,0.2572,0.0598,1.5135,9.458,7.9864,0.1077,2.9313,1.5434,0.4247,0.5623,FP
210612,Puno,Huancané,,4.0,17.0,18.0,8.0,5.0,0.0,9.0,3.0,5.0,207.0,0.0,1.0,386.0,1.0,8.0,74.0,8.0,1.0,2.0,6.0,0.0,13.0,3.0,0.0,13.0,2.0,10.0,1.0,1.0,1.0,31.0,27.0,62.0,5.0,4.0,9.0,0.0,1.0,946,325,60,0.4228,1.797,1.9027,0.8457,0.5285,0.0,0.9514,0.3171,0.5285,21.8816,0.0,0.1057,40.8034,0.1057,0.8457,7.8224,0.8457,0.1057,0.2114,0.6342,0.0,1.3742,0.3171,0.0,1.3742,0.2114,1.0571,0.1057,0.1057,0.1057,3.277,2.8541,6.5539,0.5285,0.4228,0.9514,0.0,0.1057,JxP
210616,Puno,Huancané,,5.0,55.0,32.0,21.0,8.0,0.0,5.0,3.0,21.0,295.0,0.0,4.0,74.0,2.0,13.0,125.0,68.0,2.0,5.0,13.0,3.0,7.0,24.0,1.0,154.0,3.0,2.0,5.0,6.0,1.0,18.0,78.0,58.0,1.0,25.0,9.0,1.0,3.0,1150,319,72,0.4348,4.7826,2.7826,1.8261,0.6957,0.0,0.4348,0.2609,1.8261,25.6522,0.0,0.3478,6.4348,0.1739,1.1304,10.8696,5.913,0.1739,0.4348,1.1304,0.2609,0.6087,2.087,0.087,13.3913,0.2609,0.1739,0.4348,0.5217,0.087,1.5652,6.7826,5.0435,0.087,2.1739,0.7826,0.087,0.2609,FP
210619,Puno,Huancané,,43.0,181.0,123.0,18.0,6.0,0.0,19.0,8.0,27.0,1020.0,0.0,2.0,570.0,12.0,6.0,310.0,57.0,3.0,63.0,20.0,8.0,24.0,29.0,1.0,31.0,7.0,63.0,10.0,5.0,5.0,48.0,156.0,176.0,10.0,39.0,16.0,15.0,10.0,3141,994,317,1.369,5.7625,3.916,0.5731,0.191,0.0,0.6049,0.2547,0.8596,32.4737,0.0,0.0637,18.1471,0.382,0.191,9.8695,1.8147,0.0955,2.0057,0.6367,0.2547,0.7641,0.9233,0.0318,0.9869,0.2229,2.0057,0.3184,0.1592,0.1592,1.5282,4.9666,5.6033,0.3184,1.2416,0.5094,0.4776,0.3184,FP
210620,Puno,Huancané,,8.0,52.0,16.0,15.0,12.0,0.0,8.0,11.0,8.0,358.0,0.0,0.0,148.0,1.0,8.0,156.0,40.0,4.0,17.0,7.0,0.0,13.0,12.0,2.0,72.0,2.0,4.0,4.0,45.0,3.0,20.0,98.0,91.0,5.0,19.0,85.0,3.0,4.0,1351,287,80,0.5922,3.849,1.1843,1.1103,0.8882,0.0,0.5922,0.8142,0.5922,26.4989,0.0,0.0,10.9548,0.074,0.5922,11.547,2.9608,0.2961,1.2583,0.5181,0.0,0.9623,0.8882,0.148,5.3294,0.148,0.2961,0.2961,3.3309,0.2221,1.4804,7.2539,6.7358,0.3701,1.4064,6.2916,0.2221,0.2961,FP
210621,Puno,Huancané,,174.0,1198.0,590.0,240.0,131.0,0.0,195.0,38.0,230.0,5742.0,0.0,36.0,1979.0,53.0,179.0,2231.0,1596.0,33.0,267.0,102.0,124.0,153.0,569.0,9.0,480.0,66.0,197.0,48.0,48.0,25.0,451.0,1989.0,1496.0,32.0,643.0,425.0,92.0,154.0,22015,4395,1822,0.7904,5.4417,2.68,1.0902,0.595,0.0,0.8858,0.1726,1.0447,26.0822,0.0,0.1635,8.9893,0.2407,0.8131,10.134,7.2496,0.1499,1.2128,0.4633,0.5633,0.695,2.5846,0.0409,2.1803,0.2998,0.8948,0.218,0.218,0.1136,2.0486,9.0347,6.7954,0.1454,2.9207,1.9305,0.4179,0.6995,FP
210701,PUNO,LAMPA,LAMPA,55.0,347.0,121.0,225.0,40.0,0.0,42.0,23.0,65.0,1510.0,0.0,4.0,1807.0,8.0,29.0,877.0,302.0,9.0,51.0,38.0,17.0,89.0,112.0,1.0,84.0,22.0,91.0,23.0,35.0,10.0,175.0,422.0,751.0,17.0,168.0,121.0,44.0,43.0,7778,2157,733,0.7071,4.4613,1.5557,2.8928,0.5143,0.0,0.54,0.2957,0.8357,19.4137,0.0,0.0514,23.2322,0.1029,0.3728,11.2754,3.8827,0.1157,0.6557,0.4886,0.2186,1.1443,1.44,0.0129,1.08,0.2828,1.17,0.2957,0.45,0.1286,2.2499,5.4256,9.6554,0.2186,2.1599,1.5557,0.5657,0.5528,JxP
210702,PUNO,LAMPA,CABANILLA,25.0,154.0,29.0,35.0,13.0,0.0,16.0,4.0,19.0,697.0,0.0,5.0,945.0,2.0,2.0,308.0,36.0,1.0,8.0,16.0,2.0,21.0,20.0,1.0,29.0,13.0,25.0,3.0,0.0,0.0,53.0,91.0,152.0,4.0,27.0,17.0,15.0,3.0,2791,761,285,0.8957,5.5177,1.0391,1.254,0.4658,0.0,0.5733,0.1433,0.6808,24.9731,0.0,0.1791,33.8588,0.0717,0.0717,11.0355,1.2899,0.0358,0.2866,0.5733,0.0717,0.7524,0.7166,0.0358,1.0391,0.4658,0.8957,0.1075,0.0,0.0,1.899,3.2605,5.4461,0.1433,0.9674,0.6091,0.5374,0.1075,JxP
210703,PUNO,LAMPA,CALAPUJA,22.0,118.0,74.0,12.0,7.0,0.0,23.0,9.0,12.0,696.0,0.0,4.0,1458.0,9.0,11.0,435.0,51.0,5.0,31.0,37.0,32.0,36.0,66.0,2.0,33.0,21.0,41.0,14.0,4.0,4.0,109.0,94.0,143.0,11.0,44.0,34.0,8.0,21.0,3731,1399,498,0.5897,3.1627,1.9834,0.3216,0.1876,0.0,0.6165,0.2412,0.3216,18.6545,0.0,0.1072,39.078,0.2412,0.2948,11.6591,1.3669,0.134,0.8309,0.9917,0.8577,0.9649,1.769,0.0536,0.8845,0.5629,1.0989,0.3752,0.1072,0.1072,2.9215,2.5194,3.8328,0.2948,1.1793,0.9113,0.2144,0.5629,JxP
210704,PUNO,LAMPA,NICASIO,28.0,151.0,66.0,6.0,14.0,0.0,11.0,10.0,15.0,595.0,0.0,6.0,1756.0,2.0,5.0,257.0,36.0,8.0,39.0,19.0,3.0,40.0,17.0,2.0,14.0,10.0,50.0,11.0,4.0,0.0,117.0,78.0,114.0,1.0,12.0,18.0,10.0,10.0,3535,1099,281,0.7921,4.2716,1.867,0.1697,0.396,0.0,0.3112,0.2829,0.4243,16.8317,0.0,0.1697,49.6747,0.0566,0.1414,7.2702,1.0184,0.2263,1.1033,0.5375,0.0849,1.1315,0.4809,0.0566,0.396,0.2829,1.4144,0.3112,0.1132,0.0,3.3098,2.2065,3.2249,0.0283,0.3395,0.5092,0.2829,0.2829,JxP
210705,PUNO,LAMPA,OCUVIRI,11.0,12.0,52.0,4.0,2.0,0.0,1.0,1.0,4.0,307.0,0.0,1.0,246.0,1.0,1.0,74.0,13.0,1.0,2.0,5.0,2.0,10.0,3.0,1.0,8.0,4.0,5.0,5.0,0.0,1.0,17.0,28.0,78.0,2.0,11.0,23.0,2.0,2.0,940,378,102,1.1702,1.2766,5.5319,0.4255,0.2128,0.0,0.1064,0.1064,0.4255,32.6596,0.0,0.1064,26.1702,0.1064,0.1064,7.8723,1.383,0.1064,0.2128,0.5319,0.2128,1.0638,0.3191,0.1064,0.8511,0.4255,0.5319,0.5319,0.0,0.1064,1.8085,2.9787,8.2979,0.2128,1.1702,2.4468,0.2128,0.2128,FP
210706,PUNO,LAMPA,PALCA,28.0,83.0,56.0,44.0,22.0,0.0,8.0,11.0,14.0,754.0,0.0,3.0,2184.0,6.0,12.0,472.0,66.0,12.0,42.0,30.0,6.0,57.0,9.0,4.0,20.0,11.0,31.0,11.0,9.0,4.0,157.0,94.0,86.0,11.0,40.0,33.0,18.0,9.0,4457,1668,501,0.6282,1.8622,1.2565,0.9872,0.4936,0.0,0.1795,0.2468,0.3141,16.9172,0.0,0.0673,49.0016,0.1346,0.2692,10.5901,1.4808,0.2692,0.9423,0.6731,0.1346,1.2789,0.2019,0.0897,0.4487,0.2468,0.6955,0.2468,0.2019,0.0897,3.5225,2.109,1.9295,0.2468,0.8975,0.7404,0.4039,0.2019,JxP
210801,PUNO,MELGAR,AYAVIRI,103.0,724.0,242.0,130.0,156.0,0.0,108.0,34.0,242.0,2906.0,0.0,89.0,2278.0,34.0,229.0,1751.0,385.0,27.0,125.0,110.0,35.0,169.0,197.0,9.0,209.0,57.0,149.0,56.0,24.0,16.0,323.0,853.0,706.0,26.0,267.0,100.0,62.0,107.0,13038,3985,1473,0.79,5.553,1.8561,0.9971,1.1965,0.0,0.8283,0.2608,1.8561,22.2887,0.0,0.6826,17.472,0.2608,1.7564,13.43,2.9529,0.2071,0.9587,0.8437,0.2684,1.2962,1.511,0.069,1.603,0.4372,1.1428,0.4295,0.1841,0.1227,2.4774,6.5424,5.4149,0.1994,2.0479,0.767,0.4755,0.8207,FP
210802,PUNO,MELGAR,ANTAUTA,29.0,146.0,39.0,12.0,8.0,0.0,18.0,8.0,69.0,1019.0,0.0,10.0,1681.0,6.0,34.0,647.0,98.0,10.0,68.0,30.0,9.0,42.0,43.0,3.0,27.0,10.0,101.0,8.0,4.0,6.0,88.0,223.0,307.0,9.0,84.0,25.0,27.0,22.0,4970,1434,392,0.5835,2.9376,0.7847,0.2414,0.161,0.0,0.3622,0.161,1.3883,20.503,0.0,0.2012,33.8229,0.1207,0.6841,13.0181,1.9718,0.2012,1.3682,0.6036,0.1811,0.8451,0.8652,0.0604,0.5433,0.2012,2.0322,0.161,0.0805,0.1207,1.7706,4.4869,6.1771,0.1811,1.6901,0.503,0.5433,0.4427,JxP
210803,PUNO,MELGAR,CUPI,44.0,112.0,96.0,23.0,44.0,0.0,31.0,8.0,27.0,773.0,0.0,24.0,1654.0,11.0,30.0,535.0,63.0,12.0,42.0,35.0,11.0,50.0,23.0,2.0,42.0,9.0,52.0,12.0,9.0,4.0,111.0,133.0,93.0,11.0,77.0,25.0,6.0,25.0,4259,1448,457,1.0331,2.6297,2.2541,0.54,1.0331,0.0,0.7279,0.1878,0.634,18.1498,0.0,0.5635,38.8354,0.2583,0.7044,12.5616,1.4792,0.2818,0.9861,0.8218,0.2583,1.174,0.54,0.047,0.9861,0.2113,1.2209,0.2818,0.2113,0.0939,2.6062,3.1228,2.1836,0.2583,1.8079,0.587,0.1409,0.587,JxP
210804,PUNO,MELGAR,LLALLI,12.0,46.0,53.0,7.0,39.0,0.0,9.0,4.0,13.0,229.0,0.0,4.0,644.0,1.0,7.0,205.0,8.0,2.0,24.0,11.0,4.0,11.0,11.0,2.0,37.0,4.0,16.0,9.0,3.0,4.0,32.0,45.0,56.0,1.0,12.0,10.0,11.0,5.0,1591,500,138,0.7542,2.8913,3.3312,0.44,2.4513,0.0,0.5657,0.2514,0.8171,14.3935,0.0,0.2514,40.4777,0.0629,0.44,12.885,0.5028,0.1257,1.5085,0.6914,0.2514,0.6914,0.6914,0.1257,2.3256,0.2514,1.0057,0.5657,0.1886,0.2514,2.0113,2.8284,3.5198,0.0629,0.7542,0.6285,0.6914,0.3143,JxP
210805,PUNO,MELGAR,MACARI,119.0,481.0,133.0,29.0,56.0,0.0,35.0,23.0,89.0,1078.0,0.0,8.0,2313.0,12.0,41.0,1078.0,136.0,11.0,70.0,37.0,17.0,93.0,57.0,3.0,64.0,12.0,84.0,25.0,17.0,14.0,221.0,279.0,223.0,12.0,101.0,37.0,37.0,124.0,7169,1950,604,1.6599,6.7094,1.8552,0.4045,0.7811,0.0,0.4882,0.3208,1.2415,15.037,0.0,0.1116,32.2639,0.1674,0.5719,15.037,1.8971,0.1534,0.9764,0.5161,0.2371,1.2973,0.7951,0.0418,0.8927,0.1674,1.1717,0.3487,0.2371,0.1953,3.0827,3.8918,3.1106,0.1674,1.4088,0.5161,0.5161,1.7297,JxP
210806,PUNO,MELGAR,NUÑOA,17.0,85.0,20.0,5.0,23.0,0.0,9.0,3.0,22.0,402.0,0.0,6.0,663.0,2.0,7.0,273.0,50.0,2.0,13.0,6.0,6.0,31.0,17.0,2.0,50.0,5.0,18.0,9.0,1.0,2.0,70.0,88.0,106.0,2.0,40.0,6.0,9.0,12.0,2082,550,182,0.8165,4.0826,0.9606,0.2402,1.1047,0.0,0.4323,0.1441,1.0567,19.3084,0.0,0.2882,31.8444,0.0961,0.3362,13.1124,2.4015,0.0961,0.6244,0.2882,0.2882,1.489,0.8165,0.0961,2.4015,0.2402,0.8646,0.4323,0.048,0.0961,3.3622,4.2267,5.0913,0.0961,1.9212,0.2882,0.4323,0.5764,JxP
210901,PUNO,MOHO,MOHO,42.0,125.0,121.0,229.0,66.0,0.0,30.0,9.0,24.0,1230.0,0.0,7.0,804.0,5.0,14.0,379.0,170.0,6.0,93.0,28.0,13.0,46.0,49.0,0.0,39.0,14.0,27.0,12.0,11.0,4.0,93.0,263.0,257.0,5.0,80.0,121.0,14.0,103.0,4533,1205,440,0.9265,2.7576,2.6693,5.0518,1.456,0.0,0.6618,0.1985,0.5295,27.1343,0.0,0.1544,17.7366,0.1103,0.3088,8.3609,3.7503,0.1324,2.0516,0.6177,0.2868,1.0148,1.081,0.0,0.8604,0.3088,0.5956,0.2647,0.2427,0.0882,2.0516,5.8019,5.6695,0.1103,1.7648,2.6693,0.3088,2.2722,FP
210902,PUNO,MOHO,CONIMA,26.0,44.0,39.0,8.0,10.0,0.0,3.0,1.0,7.0,581.0,0.0,3.0,450.0,1.0,8.0,143.0,47.0,7.0,20.0,6.0,4.0,8.0,7.0,1.0,8.0,4.0,29.0,2.0,8.0,1.0,45.0,54.0,143.0,4.0,23.0,19.0,5.0,12.0,1781,575,166,1.4599,2.4705,2.1898,0.4492,0.5615,0.0,0.1684,0.0561,0.393,32.6221,0.0,0.1684,25.2667,0.0561,0.4492,8.0292,2.639,0.393,1.123,0.3369,0.2246,0.4492,0.393,0.0561,0.4492,0.2246,1.6283,0.1123,0.4492,0.0561,2.5267,3.032,8.0292,0.2246,1.2914,1.0668,0.2807,0.6738,FP
210903,PUNO,MOHO,HUAYRAPATA,7.0,26.0,61.0,94.0,6.0,0.0,9.0,1.0,10.0,365.0,0.0,0.0,189.0,2.0,2.0,85.0,91.0,1.0,5.0,14.0,3.0,13.0,7.0,1.0,8.0,0.0,5.0,4.0,2.0,0.0,19.0,61.0,51.0,1.0,26.0,16.0,3.0,3.0,1191,272,59,0.5877,2.183,5.1217,7.8925,0.5038,0.0,0.7557,0.084,0.8396,30.6465,0.0,0.0,15.869,0.1679,0.1679,7.1369,7.6406,0.084,0.4198,1.1755,0.2519,1.0915,0.5877,0.084,0.6717,0.0,0.4198,0.3359,0.1679,0.0,1.5953,5.1217,4.2821,0.084,2.183,1.3434,0.2519,0.2519,FP
210904,PUNO,MOHO,TILALI,6.0,15.0,11.0,13.0,2.0,0.0,3.0,1.0,4.0,191.0,0.0,0.0,79.0,1.0,4.0,62.0,22.0,1.0,6.0,7.0,0.0,7.0,3.0,0.0,4.0,0.0,7.0,2.0,0.0,0.0,10.0,37.0,11.0,1.0,7.0,14.0,0.0,19.0,550,125,47,1.0909,2.7273,2.0,2.3636,0.3636,0.0,0.5455,0.1818,0.7273,34.7273,0.0,0.0,14.3636,0.1818,0.7273,11.2727,4.0,0.1818,1.0909,1.2727,0.0,1.2727,0.5455,0.0,0.7273,0.0,1.2727,0.3636,0.0,0.0,1.8182,6.7273,2.0,0.1818,1.2727,2.5455,0.0,3.4545,FP
210905,Puno,Moho,,16.0,47.0,96.0,91.0,16.0,0.0,13.0,3.0,15.0,756.0,0.0,2.0,293.0,2.0,2.0,138.0,24.0,2.0,32.0,7.0,1.0,10.0,12.0,0.0,13.0,2.0,12.0,3.0,3.0,0.0,78.0,95.0,74.0,2.0,28.0,39.0,2.0,14.0,1943,521,146,0.8235,2.4189,4.9408,4.6835,0.8235,0.0,0.6691,0.1544,0.772,38.9089,0.0,0.1029,15.0798,0.1029,0.1029,7.1024,1.2352,0.1029,1.6469,0.3603,0.0515,0.5147,0.6176,0.0,0.6691,0.1029,0.6176,0.1544,0.1544,0.0,4.0144,4.8893,3.8085,0.1029,1.4411,2.0072,0.1029,0.7205,FP
210906,Puno,Moho,,4.0,20.0,19.0,1.0,0.0,0.0,5.0,0.0,5.0,142.0,0.0,0.0,168.0,0.0,0.0,73.0,81.0,0.0,5.0,2.0,0.0,8.0,1.0,0.0,9.0,1.0,4.0,2.0,0.0,0.0,14.0,28.0,48.0,0.0,10.0,2.0,2.0,6.0,660,136,99,0.6061,3.0303,2.8788,0.1515,0.0,0.0,0.7576,0.0,0.7576,21.5152,0.0,0.0,25.4545,0.0,0.0,11.0606,12.2727,0.0,0.7576,0.303,0.0,1.2121,0.1515,0.0,1.3636,0.1515,0.6061,0.303,0.0,0.0,2.1212,4.2424,7.2727,0.0,1.5152,0.303,0.303,0.9091,JxP
210907,Puno,Moho,,39.0,59.0,18.0,12.0,6.0,0.0,5.0,4.0,18.0,624.0,0.0,1.0,496.0,1.0,5.0,185.0,54.0,3.0,11.0,9.0,5.0,17.0,23.0,1.0,15.0,8.0,24.0,5.0,1.0,0.0,42.0,67.0,133.0,3.0,33.0,8.0,9.0,8.0,1952,485,124,1.998,3.0225,0.9221,0.6148,0.3074,0.0,0.2561,0.2049,0.9221,31.9672,0.0,0.0512,25.4098,0.0512,0.2561,9.4775,2.7664,0.1537,0.5635,0.4611,0.2561,0.8709,1.1783,0.0512,0.7684,0.4098,1.2295,0.2561,0.0512,0.0,2.1516,3.4324,6.8135,0.1537,1.6906,0.4098,0.4611,0.4098,FP
210908,Puno,Moho,,22.0,33.0,37.0,40.0,24.0,0.0,15.0,5.0,12.0,530.0,0.0,5.0,521.0,3.0,3.0,103.0,29.0,4.0,17.0,3.0,63.0,13.0,15.0,0.0,11.0,4.0,25.0,5.0,10.0,3.0,60.0,66.0,110.0,7.0,17.0,27.0,4.0,31.0,1877,657,217,1.1721,1.7581,1.9712,2.1311,1.2786,0.0,0.7991,0.2664,0.6393,28.2365,0.0,0.2664,27.7571,0.1598,0.1598,5.4875,1.545,0.2131,0.9057,0.1598,3.3564,0.6926,0.7991,0.0,0.586,0.2131,1.3319,0.2664,0.5328,0.1598,3.1966,3.5162,5.8604,0.3729,0.9057,1.4385,0.2131,1.6516,FP
210909,Puno,Moho,,12.0,33.0,62.0,17.0,14.0,0.0,4.0,8.0,18.0,451.0,0.0,4.0,983.0,7.0,10.0,162.0,37.0,3.0,39.0,11.0,3.0,23.0,16.0,2.0,10.0,2.0,24.0,2.0,4.0,1.0,46.0,71.0,61.0,6.0,21.0,8.0,5.0,4.0,2184,534,156,0.5495,1.511,2.8388,0.7784,0.641,0.0,0.1832,0.3663,0.8242,20.6502,0.0,0.1832,45.0092,0.3205,0.4579,7.4176,1.6941,0.1374,1.7857,0.5037,0.1374,1.0531,0.7326,0.0916,0.4579,0.0916,1.0989,0.0916,0.1832,0.0458,2.1062,3.2509,2.793,0.2747,0.9615,0.3663,0.2289,0.1832,JxP
210910,Puno,Moho,,24.0,139.0,41.0,7.0,27.0,0.0,10.0,4.0,15.0,717.0,0.0,4.0,1549.0,8.0,4.0,292.0,50.0,6.0,43.0,11.0,5.0,36.0,18.0,1.0,23.0,11.0,28.0,6.0,3.0,4.0,96.0,39.0,67.0,10.0,34.0,16.0,8.0,15.0,3371,1108,287,0.712,4.1234,1.2163,0.2077,0.8009,0.0,0.2966,0.1187,0.445,21.2697,0.0,0.1187,45.9508,0.2373,0.1187,8.6621,1.4832,0.178,1.2756,0.3263,0.1483,1.0679,0.534,0.0297,0.6823,0.3263,0.8306,0.178,0.089,0.1187,2.8478,1.1569,1.9875,0.2966,1.0086,0.4746,0.2373,0.445,JxP
211001,PUNO,SAN ANTONIO DE PUTINA,PUTINA,39.0,144.0,111.0,175.0,24.0,0.0,21.0,15.0,37.0,1528.0,0.0,8.0,1899.0,11.0,23.0,593.0,128.0,9.0,72.0,40.0,39.0,73.0,42.0,22.0,45.0,24.0,102.0,12.0,12.0,3.0,204.0,177.0,321.0,15.0,95.0,80.0,17.0,34.0,6194,2625,1042,0.6296,2.3248,1.7921,2.8253,0.3875,0.0,0.339,0.2422,0.5974,24.669,0.0,0.1292,30.6587,0.1776,0.3713,9.5738,2.0665,0.1453,1.1624,0.6458,0.6296,1.1786,0.6781,0.3552,0.7265,0.3875,1.6468,0.1937,0.1937,0.0484,3.2935,2.8576,5.1824,0.2422,1.5337,1.2916,0.2745,0.5489,JxP
211002,PUNO,SAN ANTONIO DE PUTINA,ANANEA,6.0,30.0,9.0,3.0,29.0,0.0,11.0,3.0,18.0,317.0,0.0,1.0,241.0,1.0,9.0,105.0,12.0,2.0,14.0,10.0,5.0,14.0,5.0,0.0,8.0,5.0,6.0,1.0,2.0,1.0,38.0,41.0,124.0,3.0,11.0,11.0,1.0,4.0,1101,404,214,0.545,2.7248,0.8174,0.2725,2.634,0.0,0.9991,0.2725,1.6349,28.792,0.0,0.0908,21.8892,0.0908,0.8174,9.5368,1.0899,0.1817,1.2716,0.9083,0.4541,1.2716,0.4541,0.0,0.7266,0.4541,0.545,0.0908,0.1817,0.0908,3.4514,3.7239,11.2625,0.2725,0.9991,0.9991,0.0908,0.3633,FP
211003,PUNO,SAN ANTONIO DE PUTINA,PEDRO VILCA APAZA,7.0,16.0,18.0,25.0,4.0,0.0,1.0,2.0,3.0,239.0,0.0,0.0,662.0,2.0,0.0,137.0,28.0,1.0,12.0,11.0,1.0,21.0,5.0,0.0,7.0,8.0,14.0,3.0,2.0,1.0,41.0,38.0,38.0,3.0,12.0,18.0,1.0,0.0,1381,391,197,0.5069,1.1586,1.3034,1.8103,0.2896,0.0,0.0724,0.1448,0.2172,17.3063,0.0,0.0,47.9363,0.1448,0.0,9.9203,2.0275,0.0724,0.8689,0.7965,0.0724,1.5206,0.3621,0.0,0.5069,0.5793,1.0138,0.2172,0.1448,0.0724,2.9689,2.7516,2.7516,0.2172,0.8689,1.3034,0.0724,0.0,JxP
211004,PUNO,SAN ANTONIO DE PUTINA,QUILCAPUNCU,19.0,60.0,38.0,31.0,23.0,0.0,9.0,3.0,19.0,595.0,0.0,2.0,2197.0,0.0,5.0,299.0,35.0,10.0,15.0,21.0,5.0,60.0,13.0,3.0,25.0,7.0,40.0,12.0,3.0,2.0,140.0,47.0,87.0,15.0,23.0,20.0,3.0,5.0,3891,1477,553,0.4883,1.542,0.9766,0.7967,0.5911,0.0,0.2313,0.0771,0.4883,15.2917,0.0,0.0514,56.4636,0.0,0.1285,7.6844,0.8995,0.257,0.3855,0.5397,0.1285,1.542,0.3341,0.0771,0.6425,0.1799,1.028,0.3084,0.0771,0.0514,3.598,1.2079,2.2359,0.3855,0.5911,0.514,0.0771,0.1285,JxP
211005,PUNO,SAN ANTONIO DE PUTINA,SINA,22.0,113.0,54.0,1.0,6.0,0.0,14.0,6.0,16.0,740.0,0.0,5.0,1164.0,3.0,5.0,317.0,49.0,5.0,43.0,16.0,5.0,50.0,15.0,4.0,23.0,11.0,45.0,9.0,2.0,1.0,133.0,83.0,106.0,7.0,26.0,48.0,10.0,10.0,3167,1243,343,0.6947,3.568,1.7051,0.0316,0.1895,0.0,0.4421,0.1895,0.5052,23.366,0.0,0.1579,36.754,0.0947,0.1579,10.0095,1.5472,0.1579,1.3578,0.5052,0.1579,1.5788,0.4736,0.1263,0.7262,0.3473,1.4209,0.2842,0.0632,0.0316,4.1996,2.6208,3.347,0.221,0.821,1.5156,0.3158,0.3158,JxP
220101,SAN MARTÍN,MOYOBAMBA,MOYOBAMBA,338.0,6890.0,321.0,511.0,164.0,0.0,2282.0,43.0,2795.0,5599.0,0.0,122.0,3514.0,132.0,391.0,7393.0,10157.0,85.0,373.0,231.0,296.0,365.0,6409.0,35.0,762.0,163.0,435.0,291.0,19.0,34.0,531.0,5547.0,7803.0,33.0,3339.0,333.0,128.0,398.0,68262,5072,2660,0.4952,10.0935,0.4702,0.7486,0.2403,0.0,3.343,0.063,4.0945,8.2022,0.0,0.1787,5.1478,0.1934,0.5728,10.8303,14.8794,0.1245,0.5464,0.3384,0.4336,0.5347,9.3888,0.0513,1.1163,0.2388,0.6373,0.4263,0.0278,0.0498,0.7779,8.126,11.431,0.0483,4.8914,0.4878,0.1875,0.583,PBG
220102,SAN MARTÍN,MOYOBAMBA,CALZADA,13.0,403.0,27.0,14.0,6.0,0.0,148.0,4.0,189.0,214.0,0.0,7.0,412.0,10.0,24.0,512.0,327.0,7.0,40.0,15.0,11.0,44.0,190.0,0.0,46.0,10.0,30.0,17.0,2.0,4.0,61.0,285.0,189.0,4.0,122.0,25.0,12.0,9.0,3433,298,143,0.3787,11.739,0.7865,0.4078,0.1748,0.0,4.3111,0.1165,5.5054,6.2336,0.0,0.2039,12.0012,0.2913,0.6991,14.9141,9.5252,0.2039,1.1652,0.4369,0.3204,1.2817,5.5345,0.0,1.3399,0.2913,0.8739,0.4952,0.0583,0.1165,1.7769,8.3018,5.5054,0.1165,3.5537,0.7282,0.3495,0.2622,Obras
220104,SAN MARTÍN,MOYOBAMBA,JEPELACIO,18.0,116.0,5.0,5.0,0.0,0.0,91.0,1.0,96.0,105.0,0.0,1.0,436.0,2.0,4.0,354.0,111.0,3.0,50.0,7.0,7.0,14.0,68.0,2.0,11.0,1.0,18.0,5.0,1.0,1.0,34.0,86.0,64.0,1.0,82.0,20.0,7.0,1.0,1828,173,93,0.9847,6.3457,0.2735,0.2735,0.0,0.0,4.9781,0.0547,5.2516,5.744,0.0,0.0547,23.8512,0.1094,0.2188,19.3654,6.0722,0.1641,2.7352,0.3829,0.3829,0.7659,3.7199,0.1094,0.6018,0.0547,0.9847,0.2735,0.0547,0.0547,1.86,4.7046,3.5011,0.0547,4.4858,1.0941,0.3829,0.0547,JxP
220107,San Martín,Moyobamba,,14.0,202.0,14.0,11.0,7.0,0.0,71.0,2.0,111.0,165.0,0.0,4.0,269.0,1.0,19.0,265.0,172.0,5.0,19.0,9.0,2.0,16.0,127.0,0.0,56.0,4.0,12.0,6.0,1.0,0.0,49.0,143.0,87.0,0.0,68.0,7.0,6.0,5.0,1949,186,88,0.7183,10.3643,0.7183,0.5644,0.3592,0.0,3.6429,0.1026,5.6952,8.4659,0.0,0.2052,13.8019,0.0513,0.9749,13.5967,8.825,0.2565,0.9749,0.4618,0.1026,0.8209,6.5162,0.0,2.8733,0.2052,0.6157,0.3079,0.0513,0.0,2.5141,7.3371,4.4638,0.0,3.489,0.3592,0.3079,0.2565,JxP
220108,San Martín,Moyobamba,,8.0,78.0,8.0,1.0,2.0,0.0,34.0,1.0,42.0,55.0,0.0,0.0,303.0,0.0,3.0,225.0,36.0,2.0,10.0,7.0,2.0,16.0,26.0,0.0,5.0,3.0,8.0,14.0,0.0,0.0,42.0,28.0,22.0,1.0,27.0,4.0,1.0,1.0,1015,122,59,0.7882,7.6847,0.7882,0.0985,0.197,0.0,3.3498,0.0985,4.1379,5.4187,0.0,0.0,29.8522,0.0,0.2956,22.1675,3.5468,0.197,0.9852,0.6897,0.197,1.5764,2.5616,0.0,0.4926,0.2956,0.7882,1.3793,0.0,0.0,4.1379,2.7586,2.1675,0.0985,2.6601,0.3941,0.0985,0.0985,JxP
220109,San Martín,Moyobamba,,78.0,1339.0,81.0,74.0,69.0,0.0,562.0,5.0,721.0,996.0,0.0,18.0,1403.0,28.0,69.0,1908.0,1670.0,13.0,154.0,46.0,40.0,103.0,1059.0,4.0,168.0,29.0,88.0,56.0,3.0,8.0,174.0,1135.0,1031.0,5.0,682.0,63.0,38.0,44.0,13964,1140,481,0.5586,9.5889,0.5801,0.5299,0.4941,0.0,4.0246,0.0358,5.1633,7.1326,0.0,0.1289,10.0473,0.2005,0.4941,13.6637,11.9593,0.0931,1.1028,0.3294,0.2865,0.7376,7.5838,0.0286,1.2031,0.2077,0.6302,0.401,0.0215,0.0573,1.2461,8.128,7.3833,0.0358,4.884,0.4512,0.2721,0.3151,Obras
220110,San Martín,Moyobamba,,12.0,176.0,20.0,24.0,13.0,0.0,93.0,2.0,152.0,228.0,0.0,2.0,371.0,10.0,11.0,405.0,161.0,4.0,40.0,15.0,6.0,26.0,128.0,0.0,14.0,4.0,13.0,10.0,1.0,2.0,34.0,198.0,93.0,2.0,74.0,25.0,8.0,6.0,2383,303,120,0.5036,7.3856,0.8393,1.0071,0.5455,0.0,3.9026,0.0839,6.3785,9.5678,0.0,0.0839,15.5686,0.4196,0.4616,16.9954,6.7562,0.1679,1.6786,0.6295,0.2518,1.0911,5.3714,0.0,0.5875,0.1679,0.5455,0.4196,0.042,0.0839,1.4268,8.3089,3.9026,0.0839,3.1053,1.0491,0.3357,0.2518,Obras
220111,San Martín,Moyobamba,,132.0,2329.0,95.0,47.0,51.0,0.0,908.0,22.0,1281.0,1390.0,0.0,31.0,2316.0,31.0,103.0,3402.0,2095.0,34.0,243.0,73.0,63.0,155.0,1158.0,7.0,275.0,38.0,190.0,128.0,10.0,9.0,221.0,1628.0,743.0,18.0,929.0,78.0,48.0,61.0,20342,1764,886,0.6489,11.4492,0.467,0.231,0.2507,0.0,4.4637,0.1082,6.2973,6.8332,0.0,0.1524,11.3853,0.1524,0.5063,16.724,10.2989,0.1671,1.1946,0.3589,0.3097,0.762,5.6927,0.0344,1.3519,0.1868,0.934,0.6292,0.0492,0.0442,1.0864,8.0031,3.6525,0.0885,4.5669,0.3834,0.236,0.2999,Obras
220112,San Martín,Moyobamba,,111.0,1797.0,115.0,31.0,33.0,0.0,945.0,19.0,1525.0,1104.0,0.0,17.0,3358.0,25.0,109.0,3824.0,1940.0,31.0,265.0,74.0,49.0,193.0,870.0,4.0,259.0,32.0,200.0,125.0,12.0,9.0,312.0,1574.0,462.0,18.0,1120.0,56.0,47.0,28.0,20693,1888,911,0.5364,8.6841,0.5557,0.1498,0.1595,0.0,4.5668,0.0918,7.3696,5.3351,0.0,0.0822,16.2277,0.1208,0.5267,18.4797,9.3752,0.1498,1.2806,0.3576,0.2368,0.9327,4.2043,0.0193,1.2516,0.1546,0.9665,0.6041,0.058,0.0435,1.5078,7.6064,2.2326,0.087,5.4125,0.2706,0.2271,0.1353,Obras
220113,San Martín,Moyobamba,,340.0,5912.0,442.0,234.0,117.0,0.0,3339.0,54.0,3419.0,3995.0,0.0,92.0,8480.0,75.0,431.0,10171.0,7151.0,75.0,688.0,241.0,205.0,520.0,3668.0,28.0,708.0,135.0,579.0,311.0,28.0,45.0,785.0,4456.0,2589.0,50.0,3513.0,212.0,169.0,160.0,63417,5452,2780,0.5361,9.3224,0.697,0.369,0.1845,0.0,5.2651,0.0852,5.3913,6.2996,0.0,0.1451,13.3718,0.1183,0.6796,16.0383,11.2762,0.1183,1.0849,0.38,0.3233,0.82,5.7839,0.0442,1.1164,0.2129,0.913,0.4904,0.0442,0.071,1.2378,7.0265,4.0825,0.0788,5.5395,0.3343,0.2665,0.2523,Obras
220114,San Martín,Moyobamba,,53.0,458.0,32.0,10.0,34.0,0.0,381.0,13.0,337.0,290.0,0.0,5.0,1807.0,9.0,28.0,1011.0,276.0,8.0,137.0,24.0,8.0,63.0,159.0,3.0,111.0,16.0,99.0,24.0,3.0,2.0,105.0,245.0,156.0,6.0,208.0,17.0,13.0,15.0,6166,704,267,0.8596,7.4278,0.519,0.1622,0.5514,0.0,6.179,0.2108,5.4655,4.7032,0.0,0.0811,29.3059,0.146,0.4541,16.3964,4.4762,0.1297,2.2219,0.3892,0.1297,1.0217,2.5787,0.0487,1.8002,0.2595,1.6056,0.3892,0.0487,0.0324,1.7029,3.9734,2.53,0.0973,3.3733,0.2757,0.2108,0.2433,JxP
220201,SAN MARTÍN,BELLAVISTA,BELLAVISTA,11.0,233.0,13.0,10.0,4.0,0.0,93.0,2.0,69.0,75.0,0.0,0.0,491.0,0.0,3.0,228.0,117.0,1.0,75.0,5.0,2.0,26.0,51.0,1.0,13.0,7.0,6.0,12.0,1.0,3.0,43.0,51.0,19.0,2.0,45.0,4.0,3.0,2.0,1721,215,115,0.6392,13.5386,0.7554,0.5811,0.2324,0.0,5.4038,0.1162,4.0093,4.3579,0.0,0.0,28.5299,0.0,0.1743,13.2481,6.7984,0.0581,4.3579,0.2905,0.1162,1.5107,2.9634,0.0581,0.7554,0.4067,0.3486,0.6973,0.0581,0.1743,2.4985,2.9634,1.104,0.1162,2.6148,0.2324,0.1743,0.1162,JxP
220205,SAN MARTÍN,BELLAVISTA,SAN PABLO,8.0,125.0,7.0,5.0,2.0,0.0,34.0,1.0,33.0,67.0,0.0,1.0,78.0,1.0,3.0,89.0,38.0,0.0,14.0,1.0,3.0,6.0,32.0,0.0,21.0,1.0,4.0,5.0,1.0,1.0,7.0,57.0,26.0,0.0,17.0,3.0,1.0,2.0,694,94,30,1.1527,18.0115,1.0086,0.7205,0.2882,0.0,4.8991,0.1441,4.755,9.6542,0.0,0.1441,11.2392,0.1441,0.4323,12.8242,5.4755,0.0,2.0173,0.1441,0.4323,0.8646,4.611,0.0,3.0259,0.1441,0.5764,0.7205,0.1441,0.1441,1.0086,8.2133,3.7464,0.0,2.4496,0.4323,0.1441,0.2882,AN
220206,SAN MARTÍN,BELLAVISTA,SAN RAFAEL,4.0,50.0,5.0,3.0,1.0,0.0,10.0,0.0,34.0,21.0,0.0,0.0,53.0,0.0,2.0,59.0,21.0,1.0,12.0,0.0,0.0,5.0,18.0,0.0,6.0,3.0,1.0,1.0,1.0,1.0,8.0,42.0,8.0,1.0,12.0,2.0,0.0,1.0,386,52,5,1.0363,12.9534,1.2953,0.7772,0.2591,0.0,2.5907,0.0,8.8083,5.4404,0.0,0.0,13.7306,0.0,0.5181,15.285,5.4404,0.2591,3.1088,0.0,0.0,1.2953,4.6632,0.0,1.5544,0.7772,0.2591,0.2591,0.2591,0.2591,2.0725,10.8808,2.0725,0.2591,3.1088,0.5181,0.0,0.2591,Obras
220207,San Martín,Bellavista,,2.0,54.0,12.0,0.0,1.0,0.0,16.0,0.0,22.0,30.0,0.0,0.0,57.0,2.0,0.0,51.0,24.0,0.0,0.0,0.0,2.0,4.0,10.0,0.0,7.0,1.0,1.0,3.0,0.0,1.0,8.0,34.0,7.0,0.0,9.0,1.0,1.0,1.0,361,30,15,0.554,14.9584,3.3241,0.0,0.277,0.0,4.4321,0.0,6.0942,8.3102,0.0,0.0,15.7895,0.554,0.0,14.1274,6.6482,0.0,0.0,0.0,0.554,1.108,2.7701,0.0,1.9391,0.277,0.277,0.831,0.0,0.277,2.2161,9.4183,1.9391,0.0,2.4931,0.277,0.277,0.277,JxP
220210,San Martín,Bellavista,,7.0,69.0,8.0,3.0,0.0,0.0,23.0,1.0,12.0,28.0,0.0,2.0,64.0,0.0,0.0,47.0,16.0,0.0,6.0,2.0,2.0,6.0,13.0,0.0,3.0,1.0,5.0,2.0,1.0,0.0,8.0,41.0,13.0,2.0,5.0,0.0,0.0,1.0,391,41,18,1.7903,17.6471,2.046,0.7673,0.0,0.0,5.8824,0.2558,3.0691,7.1611,0.0,0.5115,16.3683,0.0,0.0,12.0205,4.0921,0.0,1.5345,0.5115,0.5115,1.5345,3.3248,0.0,0.7673,0.2558,1.2788,0.5115,0.2558,0.0,2.046,10.4859,3.3248,0.5115,1.2788,0.0,0.0,0.2558,AN
220211,San Martín,Bellavista,,5.0,70.0,0.0,1.0,0.0,0.0,16.0,0.0,8.0,30.0,0.0,0.0,119.0,0.0,0.0,45.0,19.0,0.0,6.0,3.0,0.0,2.0,8.0,0.0,3.0,1.0,2.0,5.0,0.0,0.0,10.0,30.0,4.0,0.0,5.0,2.0,1.0,0.0,395,36,10,1.2658,17.7215,0.0,0.2532,0.0,0.0,4.0506,0.0,2.0253,7.5949,0.0,0.0,30.1266,0.0,0.0,11.3924,4.8101,0.0,1.519,0.7595,0.0,0.5063,2.0253,0.0,0.7595,0.2532,0.5063,1.2658,0.0,0.0,2.5316,7.5949,1.0127,0.0,1.2658,0.5063,0.2532,0.0,JxP
220212,San Martín,Bellavista,,9.0,89.0,32.0,1.0,2.0,0.0,20.0,4.0,51.0,41.0,0.0,0.0,82.0,0.0,2.0,106.0,30.0,0.0,4.0,3.0,2.0,8.0,16.0,0.0,9.0,1.0,5.0,4.0,0.0,0.0,10.0,62.0,5.0,0.0,7.0,2.0,3.0,2.0,612,60,25,1.4706,14.5425,5.2288,0.1634,0.3268,0.0,3.268,0.6536,8.3333,6.6993,0.0,0.0,13.3987,0.0,0.3268,17.3203,4.902,0.0,0.6536,0.4902,0.3268,1.3072,2.6144,0.0,1.4706,0.1634,0.817,0.6536,0.0,0.0,1.634,10.1307,0.817,0.0,1.1438,0.3268,0.4902,0.3268,Obras
220213,San Martín,Bellavista,,8.0,78.0,11.0,0.0,1.0,0.0,16.0,1.0,20.0,51.0,0.0,0.0,109.0,0.0,1.0,95.0,29.0,0.0,19.0,2.0,1.0,8.0,17.0,0.0,10.0,2.0,1.0,1.0,2.0,2.0,15.0,13.0,8.0,0.0,8.0,1.0,1.0,2.0,533,75,26,1.5009,14.6341,2.0638,0.0,0.1876,0.0,3.0019,0.1876,3.7523,9.5685,0.0,0.0,20.4503,0.0,0.1876,17.8236,5.4409,0.0,3.5647,0.3752,0.1876,1.5009,3.1895,0.0,1.8762,0.3752,0.1876,0.1876,0.3752,0.3752,2.8143,2.439,1.5009,0.0,1.5009,0.1876,0.1876,0.3752,JxP
220301,SAN MARTÍN,EL DORADO,SAN JOSÉ DE SISA,8.0,167.0,5.0,7.0,14.0,0.0,99.0,2.0,92.0,106.0,0.0,2.0,361.0,5.0,12.0,306.0,149.0,2.0,33.0,6.0,10.0,18.0,110.0,2.0,20.0,4.0,14.0,9.0,2.0,0.0,20.0,71.0,51.0,1.0,68.0,9.0,3.0,5.0,1793,151,129,0.4462,9.314,0.2789,0.3904,0.7808,0.0,5.5215,0.1115,5.1311,5.9119,0.0,0.1115,20.1339,0.2789,0.6693,17.0664,8.3101,0.1115,1.8405,0.3346,0.5577,1.0039,6.135,0.1115,1.1154,0.2231,0.7808,0.502,0.1115,0.0,1.1154,3.9598,2.8444,0.0558,3.7925,0.502,0.1673,0.2789,JxP
220302,SAN MARTÍN,EL DORADO,AGUA BLANCA,13.0,308.0,25.0,5.0,5.0,0.0,97.0,6.0,88.0,142.0,0.0,1.0,513.0,3.0,9.0,415.0,179.0,1.0,33.0,4.0,2.0,24.0,93.0,0.0,36.0,5.0,20.0,10.0,1.0,2.0,48.0,125.0,107.0,1.0,110.0,10.0,7.0,2.0,2450,208,76,0.5306,12.5714,1.0204,0.2041,0.2041,0.0,3.9592,0.2449,3.5918,5.7959,0.0,0.0408,20.9388,0.1224,0.3673,16.9388,7.3061,0.0408,1.3469,0.1633,0.0816,0.9796,3.7959,0.0,1.4694,0.2041,0.8163,0.4082,0.0408,0.0816,1.9592,5.102,4.3673,0.0408,4.4898,0.4082,0.2857,0.0816,JxP
220303,SAN MARTÍN,EL DORADO,SAN MARTÍN,36.0,602.0,11.0,11.0,10.0,0.0,183.0,5.0,163.0,203.0,0.0,4.0,690.0,1.0,19.0,697.0,353.0,1.0,54.0,12.0,11.0,31.0,281.0,3.0,69.0,30.0,45.0,32.0,2.0,0.0,101.0,179.0,145.0,0.0,167.0,5.0,4.0,5.0,4165,370,129,0.8643,14.4538,0.2641,0.2641,0.2401,0.0,4.3938,0.12,3.9136,4.8739,0.0,0.096,16.5666,0.024,0.4562,16.7347,8.4754,0.024,1.2965,0.2881,0.2641,0.7443,6.7467,0.072,1.6567,0.7203,1.0804,0.7683,0.048,0.0,2.425,4.2977,3.4814,0.0,4.0096,0.12,0.096,0.12,Obras
220401,SAN MARTÍN,HUALLAGA,SAPOSOA,52.0,133.0,7.0,0.0,2.0,0.0,94.0,3.0,36.0,71.0,0.0,0.0,277.0,2.0,2.0,185.0,62.0,1.0,20.0,11.0,1.0,24.0,38.0,2.0,13.0,5.0,9.0,4.0,0.0,1.0,48.0,31.0,23.0,1.0,33.0,1.0,2.0,2.0,1196,180,66,4.3478,11.1204,0.5853,0.0,0.1672,0.0,7.8595,0.2508,3.01,5.9365,0.0,0.0,23.1605,0.1672,0.1672,15.4682,5.1839,0.0836,1.6722,0.9197,0.0836,2.0067,3.1773,0.1672,1.087,0.4181,0.7525,0.3344,0.0,0.0836,4.0134,2.592,1.9231,0.0836,2.7592,0.0836,0.1672,0.1672,JxP
220402,SAN MARTÍN,HUALLAGA,ALTO SAPOSOA,15.0,46.0,7.0,2.0,2.0,0.0,32.0,2.0,19.0,31.0,0.0,0.0,146.0,0.0,6.0,126.0,10.0,2.0,16.0,5.0,0.0,6.0,9.0,0.0,3.0,3.0,7.0,5.0,1.0,0.0,18.0,22.0,11.0,0.0,5.0,1.0,1.0,0.0,559,72,24,2.6834,8.229,1.2522,0.3578,0.3578,0.0,5.7245,0.3578,3.3989,5.5456,0.0,0.0,26.1181,0.0,1.0733,22.5403,1.7889,0.3578,2.8623,0.8945,0.0,1.0733,1.61,0.0,0.5367,0.5367,1.2522,0.8945,0.1789,0.0,3.22,3.9356,1.9678,0.0,0.8945,0.1789,0.1789,0.0,JxP
220403,SAN MARTÍN,HUALLAGA,EL ESLABÓN,2.0,34.0,4.0,1.0,5.0,0.0,13.0,0.0,9.0,29.0,0.0,1.0,33.0,0.0,3.0,27.0,15.0,0.0,1.0,1.0,0.0,1.0,17.0,0.0,3.0,1.0,3.0,1.0,1.0,0.0,6.0,17.0,6.0,0.0,4.0,0.0,1.0,0.0,239,18,6,0.8368,14.2259,1.6736,0.4184,2.0921,0.0,5.4393,0.0,3.7657,12.1339,0.0,0.4184,13.8075,0.0,1.2552,11.2971,6.2762,0.0,0.4184,0.4184,0.0,0.4184,7.113,0.0,1.2552,0.4184,1.2552,0.4184,0.4184,0.0,2.5105,7.113,2.5105,0.0,1.6736,0.0,0.4184,0.0,AN
220404,SAN MARTÍN,HUALLAGA,PISCOYACU,29.0,49.0,10.0,1.0,3.0,0.0,30.0,0.0,23.0,22.0,0.0,0.0,121.0,1.0,2.0,95.0,46.0,0.0,2.0,4.0,1.0,1.0,20.0,0.0,8.0,0.0,0.0,4.0,0.0,0.0,12.0,34.0,15.0,0.0,10.0,0.0,0.0,2.0,545,37,11,5.3211,8.9908,1.8349,0.1835,0.5505,0.0,5.5046,0.0,4.2202,4.0367,0.0,0.0,22.2018,0.1835,0.367,17.4312,8.4404,0.0,0.367,0.7339,0.1835,0.1835,3.6697,0.0,1.4679,0.0,0.0,0.7339,0.0,0.0,2.2018,6.2385,2.7523,0.0,1.8349,0.0,0.0,0.367,JxP
220405,SAN MARTÍN,HUALLAGA,SACANCHE,19.0,78.0,4.0,1.0,0.0,0.0,27.0,0.0,30.0,11.0,0.0,4.0,126.0,0.0,4.0,145.0,31.0,1.0,8.0,3.0,1.0,8.0,18.0,0.0,12.0,1.0,6.0,1.0,0.0,0.0,13.0,16.0,8.0,2.0,18.0,0.0,0.0,1.0,597,50,18,3.1826,13.0653,0.67,0.1675,0.0,0.0,4.5226,0.0,5.0251,1.8425,0.0,0.67,21.1055,0.0,0.67,24.2881,5.1926,0.1675,1.34,0.5025,0.1675,1.34,3.0151,0.0,2.0101,0.1675,1.005,0.1675,0.0,0.0,2.1776,2.6801,1.34,0.335,3.0151,0.0,0.0,0.1675,Obras
220406,SAN MARTÍN,HUALLAGA,TINGO DE SAPOSOA,9.0,53.0,6.0,0.0,3.0,0.0,29.0,1.0,37.0,26.0,0.0,1.0,313.0,2.0,0.0,130.0,28.0,0.0,6.0,2.0,0.0,13.0,25.0,1.0,12.0,2.0,4.0,6.0,0.0,1.0,25.0,12.0,3.0,0.0,14.0,1.0,0.0,2.0,767,94,37,1.1734,6.91,0.7823,0.0,0.3911,0.0,3.781,0.1304,4.824,3.3898,0.0,0.1304,40.8083,0.2608,0.0,16.9492,3.6506,0.0,0.7823,0.2608,0.0,1.6949,3.2595,0.1304,1.5645,0.2608,0.5215,0.7823,0.0,0.1304,3.2595,1.5645,0.3911,0.0,1.8253,0.1304,0.0,0.2608,JxP
230101,TACNA,TACNA,TACNA,340.0,2769.0,1036.0,533.0,58.0,0.0,338.0,558.0,607.0,13378.0,0.0,87.0,2541.0,173.0,237.0,2178.0,3377.0,39.0,103.0,156.0,400.0,328.0,1741.0,25.0,509.0,90.0,397.0,78.0,21.0,42.0,2646.0,8390.0,3261.0,65.0,1297.0,973.0,182.0,294.0,49247,9008,4572,0.6904,5.6227,2.1037,1.0823,0.1178,0.0,0.6863,1.1331,1.2326,27.1651,0.0,0.1767,5.1597,0.3513,0.4812,4.4226,6.8573,0.0792,0.2091,0.3168,0.8122,0.666,3.5352,0.0508,1.0336,0.1828,0.8061,0.1584,0.0426,0.0853,5.3729,17.0366,6.6217,0.132,2.6337,1.9758,0.3696,0.597,FP
230102,TACNA,TACNA,ALTO DE LA ALIANZA,75.0,534.0,327.0,151.0,13.0,0.0,86.0,57.0,147.0,3354.0,0.0,20.0,1136.0,23.0,33.0,628.0,521.0,11.0,17.0,52.0,73.0,76.0,291.0,7.0,121.0,24.0,162.0,21.0,8.0,5.0,566.0,2051.0,815.0,11.0,188.0,116.0,46.0,18.0,11784,2270,906,0.6365,4.5316,2.7749,1.2814,0.1103,0.0,0.7298,0.4837,1.2475,28.4623,0.0,0.1697,9.6402,0.1952,0.28,5.3293,4.4212,0.0933,0.1443,0.4413,0.6195,0.6449,2.4695,0.0594,1.0268,0.2037,1.3747,0.1782,0.0679,0.0424,4.8031,17.405,6.9162,0.0933,1.5954,0.9844,0.3904,0.1527,FP
230103,TACNA,TACNA,CALANA,14.0,258.0,85.0,57.0,4.0,0.0,27.0,77.0,34.0,1526.0,0.0,7.0,244.0,17.0,16.0,237.0,264.0,4.0,5.0,10.0,26.0,24.0,123.0,2.0,34.0,7.0,27.0,11.0,1.0,6.0,195.0,794.0,221.0,5.0,108.0,42.0,9.0,7.0,4528,805,433,0.3092,5.6979,1.8772,1.2588,0.0883,0.0,0.5963,1.7005,0.7509,33.7014,0.0,0.1546,5.3887,0.3754,0.3534,5.2341,5.8304,0.0883,0.1104,0.2208,0.5742,0.53,2.7164,0.0442,0.7509,0.1546,0.5963,0.2429,0.0221,0.1325,4.3065,17.5353,4.8807,0.1104,2.3852,0.9276,0.1988,0.1546,FP
230104,TACNA,TACNA,CIUDAD NUEVA,55.0,130.0,53.0,51.0,2.0,0.0,17.0,19.0,18.0,1640.0,0.0,3.0,423.0,3.0,11.0,222.0,134.0,2.0,8.0,10.0,36.0,41.0,59.0,1.0,23.0,12.0,14.0,6.0,14.0,3.0,153.0,355.0,142.0,5.0,58.0,102.0,13.0,15.0,3853,896,306,1.4275,3.374,1.3756,1.3236,0.0519,0.0,0.4412,0.4931,0.4672,42.5642,0.0,0.0779,10.9785,0.0779,0.2855,5.7617,3.4778,0.0519,0.2076,0.2595,0.9343,1.0641,1.5313,0.026,0.5969,0.3114,0.3634,0.1557,0.3634,0.0779,3.9709,9.2136,3.6854,0.1298,1.5053,2.6473,0.3374,0.3893,FP
230105,TACNA,TACNA,INCLAN,61.0,206.0,190.0,39.0,1.0,0.0,16.0,58.0,59.0,1492.0,0.0,26.0,529.0,3.0,3.0,219.0,246.0,8.0,7.0,19.0,39.0,33.0,82.0,1.0,40.0,10.0,39.0,6.0,2.0,6.0,270.0,641.0,230.0,5.0,99.0,36.0,18.0,14.0,4753,1048,416,1.2834,4.3341,3.9975,0.8205,0.021,0.0,0.3366,1.2203,1.2413,31.3907,0.0,0.547,11.1298,0.0631,0.0631,4.6076,5.1757,0.1683,0.1473,0.3997,0.8205,0.6943,1.7252,0.021,0.8416,0.2104,0.8205,0.1262,0.0421,0.1262,5.6806,13.4862,4.839,0.1052,2.0829,0.7574,0.3787,0.2946,FP
230106,TACNA,TACNA,PACHIA,60.0,129.0,114.0,27.0,2.0,0.0,18.0,37.0,16.0,976.0,0.0,2.0,160.0,4.0,4.0,124.0,119.0,1.0,4.0,4.0,5.0,12.0,59.0,1.0,27.0,2.0,11.0,1.0,2.0,1.0,167.0,374.0,121.0,2.0,22.0,37.0,5.0,8.0,2658,561,247,2.2573,4.8533,4.2889,1.0158,0.0752,0.0,0.6772,1.392,0.602,36.7193,0.0,0.0752,6.0196,0.1505,0.1505,4.6652,4.4771,0.0376,0.1505,0.1505,0.1881,0.4515,2.2197,0.0376,1.0158,0.0752,0.4138,0.0376,0.0752,0.0376,6.2829,14.0707,4.5523,0.0752,0.8277,1.392,0.1881,0.301,FP
230201,TACNA,CANDARAVE,CANDARAVE,25.0,364.0,82.0,85.0,7.0,0.0,19.0,3.0,38.0,2130.0,0.0,3.0,231.0,112.0,12.0,273.0,317.0,5.0,10.0,19.0,30.0,17.0,127.0,1.0,28.0,14.0,41.0,11.0,1.0,5.0,126.0,926.0,384.0,2.0,118.0,55.0,15.0,21.0,5657,1087,442,0.4419,6.4345,1.4495,1.5026,0.1237,0.0,0.3359,0.053,0.6717,37.6525,0.0,0.053,4.0834,1.9798,0.2121,4.8259,5.6037,0.0884,0.1768,0.3359,0.5303,0.3005,2.245,0.0177,0.495,0.2475,0.7248,0.1944,0.0177,0.0884,2.2273,16.3691,6.7881,0.0354,2.0859,0.9722,0.2652,0.3712,FP
230202,TACNA,CANDARAVE,CAIRANI,12.0,100.0,80.0,19.0,1.0,0.0,4.0,3.0,17.0,643.0,0.0,2.0,211.0,5.0,1.0,85.0,68.0,0.0,1.0,5.0,17.0,31.0,21.0,2.0,7.0,2.0,6.0,2.0,1.0,0.0,40.0,196.0,72.0,5.0,17.0,55.0,4.0,4.0,1739,425,90,0.6901,5.7504,4.6003,1.0926,0.0575,0.0,0.23,0.1725,0.9776,36.9753,0.0,0.115,12.1334,0.2875,0.0575,4.8879,3.9103,0.0,0.0575,0.2875,0.9776,1.7826,1.2076,0.115,0.4025,0.115,0.345,0.115,0.0575,0.0,2.3002,11.2708,4.1403,0.2875,0.9776,3.1627,0.23,0.23,FP
230203,TACNA,CANDARAVE,CAMILACA,15.0,126.0,33.0,18.0,1.0,0.0,16.0,6.0,25.0,1540.0,0.0,3.0,130.0,13.0,8.0,296.0,123.0,3.0,7.0,6.0,3.0,9.0,43.0,0.0,17.0,5.0,32.0,3.0,1.0,3.0,53.0,259.0,178.0,0.0,47.0,17.0,11.0,9.0,3059,614,192,0.4904,4.119,1.0788,0.5884,0.0327,0.0,0.523,0.1961,0.8173,50.3432,0.0,0.0981,4.2498,0.425,0.2615,9.6764,4.0209,0.0981,0.2288,0.1961,0.0981,0.2942,1.4057,0.0,0.5557,0.1635,1.0461,0.0981,0.0327,0.0981,1.7326,8.4668,5.8189,0.0,1.5364,0.5557,0.3596,0.2942,FP
230301,TACNA,JORGE BASADRE,LOCUMBA,52.0,408.0,113.0,57.0,12.0,0.0,52.0,19.0,68.0,4637.0,0.0,10.0,475.0,11.0,43.0,420.0,463.0,8.0,15.0,65.0,40.0,33.0,320.0,2.0,68.0,9.0,77.0,9.0,1.0,10.0,209.0,1087.0,548.0,1.0,185.0,163.0,28.0,34.0,9752,2002,676,0.5332,4.1838,1.1587,0.5845,0.1231,0.0,0.5332,0.1948,0.6973,47.5492,0.0,0.1025,4.8708,0.1128,0.4409,4.3068,4.7477,0.082,0.1538,0.6665,0.4102,0.3384,3.2814,0.0205,0.6973,0.0923,0.7896,0.0923,0.0103,0.1025,2.1432,11.1464,5.6194,0.0103,1.897,1.6715,0.2871,0.3486,FP
230302,TACNA,JORGE BASADRE,ILABAYA,17.0,58.0,34.0,6.0,1.0,0.0,17.0,0.0,8.0,412.0,0.0,3.0,790.0,4.0,1.0,174.0,50.0,2.0,10.0,6.0,10.0,24.0,19.0,1.0,19.0,3.0,17.0,3.0,1.0,1.0,58.0,92.0,80.0,2.0,30.0,30.0,6.0,1.0,1990,428,208,0.8543,2.9146,1.7085,0.3015,0.0503,0.0,0.8543,0.0,0.402,20.7035,0.0,0.1508,39.6985,0.201,0.0503,8.7437,2.5126,0.1005,0.5025,0.3015,0.5025,1.206,0.9548,0.0503,0.9548,0.1508,0.8543,0.1508,0.0503,0.0503,2.9146,4.6231,4.0201,0.1005,1.5075,1.5075,0.3015,0.0503,JxP
230303,TACNA,JORGE BASADRE,ITE,16.0,158.0,74.0,9.0,1.0,0.0,8.0,51.0,23.0,1758.0,0.0,4.0,257.0,4.0,4.0,145.0,84.0,0.0,4.0,9.0,2.0,11.0,38.0,3.0,9.0,7.0,25.0,4.0,0.0,2.0,72.0,359.0,109.0,1.0,29.0,58.0,12.0,15.0,3365,736,219,0.4755,4.6954,2.1991,0.2675,0.0297,0.0,0.2377,1.5156,0.6835,52.2437,0.0,0.1189,7.6374,0.1189,0.1189,4.3091,2.4963,0.0,0.1189,0.2675,0.0594,0.3269,1.1293,0.0892,0.2675,0.208,0.7429,0.1189,0.0,0.0594,2.1397,10.6686,3.2392,0.0297,0.8618,1.7236,0.3566,0.4458,FP
230304,Tacna,Jorge Basadre,,62.0,200.0,91.0,25.0,2.0,0.0,24.0,7.0,86.0,4364.0,0.0,6.0,621.0,14.0,19.0,454.0,306.0,10.0,35.0,41.0,20.0,44.0,136.0,2.0,85.0,8.0,86.0,12.0,7.0,5.0,121.0,902.0,395.0,5.0,150.0,90.0,42.0,19.0,8496,1719,567,0.7298,2.354,1.0711,0.2943,0.0235,0.0,0.2825,0.0824,1.0122,51.3653,0.0,0.0706,7.3093,0.1648,0.2236,5.3437,3.6017,0.1177,0.412,0.4826,0.2354,0.5179,1.6008,0.0235,1.0005,0.0942,1.0122,0.1412,0.0824,0.0589,1.4242,10.6168,4.6492,0.0589,1.7655,1.0593,0.4944,0.2236,FP
240101,TUMBES,TUMBES,TUMBES,889.0,16541.0,1604.0,2898.0,733.0,0.0,1550.0,235.0,3417.0,54856.0,0.0,384.0,4981.0,740.0,1629.0,18767.0,41232.0,195.0,922.0,705.0,1425.0,536.0,12349.0,125.0,1266.0,453.0,1856.0,983.0,172.0,255.0,2127.0,34092.0,41388.0,171.0,10368.0,1854.0,508.0,2037.0,264243,28121,14347,0.3364,6.2598,0.607,1.0967,0.2774,0.0,0.5866,0.0889,1.2931,20.7597,0.0,0.1453,1.885,0.28,0.6165,7.1022,15.6038,0.0738,0.3489,0.2668,0.5393,0.2028,4.6733,0.0473,0.4791,0.1714,0.7024,0.372,0.0651,0.0965,0.8049,12.9018,15.6629,0.0647,3.9237,0.7016,0.1922,0.7709,FP
240102,TUMBES,TUMBES,CORRALES,121.0,2655.0,266.0,835.0,212.0,0.0,237.0,38.0,412.0,8626.0,0.0,66.0,363.0,162.0,212.0,2057.0,9004.0,24.0,56.0,78.0,261.0,72.0,2787.0,24.0,138.0,72.0,165.0,123.0,28.0,29.0,235.0,5167.0,11595.0,23.0,1582.0,302.0,54.0,670.0,48751,3690,2510,0.2482,5.446,0.5456,1.7128,0.4349,0.0,0.4861,0.0779,0.8451,17.694,0.0,0.1354,0.7446,0.3323,0.4349,4.2194,18.4694,0.0492,0.1149,0.16,0.5354,0.1477,5.7168,0.0492,0.2831,0.1477,0.3385,0.2523,0.0574,0.0595,0.482,10.5988,23.7841,0.0472,3.2451,0.6195,0.1108,1.3743,RP
240103,TUMBES,TUMBES,LA CRUZ,7.0,178.0,15.0,32.0,20.0,0.0,10.0,1.0,13.0,493.0,0.0,5.0,20.0,26.0,7.0,89.0,609.0,2.0,2.0,3.0,10.0,2.0,248.0,2.0,5.0,7.0,12.0,4.0,0.0,4.0,10.0,257.0,2008.0,0.0,86.0,17.0,4.0,108.0,4316,242,92,0.1622,4.1242,0.3475,0.7414,0.4634,0.0,0.2317,0.0232,0.3012,11.4226,0.0,0.1158,0.4634,0.6024,0.1622,2.0621,14.1103,0.0463,0.0463,0.0695,0.2317,0.0463,5.7461,0.0463,0.1158,0.1622,0.278,0.0927,0.0,0.0927,0.2317,5.9546,46.5246,0.0,1.9926,0.3939,0.0927,2.5023,RP
240104,TUMBES,TUMBES,PAMPAS DE HOSPITAL,104.0,1847.0,193.0,409.0,112.0,0.0,119.0,22.0,341.0,6338.0,0.0,43.0,477.0,79.0,140.0,2437.0,4469.0,21.0,89.0,134.0,134.0,70.0,1403.0,20.0,133.0,47.0,156.0,132.0,84.0,13.0,200.0,3622.0,4903.0,13.0,1096.0,222.0,32.0,185.0,29839,3019,1482,0.3485,6.1899,0.6468,1.3707,0.3753,0.0,0.3988,0.0737,1.1428,21.2407,0.0,0.1441,1.5986,0.2648,0.4692,8.1672,14.977,0.0704,0.2983,0.4491,0.4491,0.2346,4.7019,0.067,0.4457,0.1575,0.5228,0.4424,0.2815,0.0436,0.6703,12.1385,16.4315,0.0436,3.673,0.744,0.1072,0.62,FP
240105,TUMBES,TUMBES,SAN JACINTO,115.0,2171.0,167.0,717.0,125.0,0.0,130.0,26.0,325.0,6576.0,0.0,40.0,305.0,110.0,191.0,1675.0,7016.0,31.0,41.0,47.0,223.0,47.0,2263.0,13.0,70.0,68.0,165.0,88.0,21.0,18.0,201.0,3937.0,9720.0,31.0,1239.0,231.0,33.0,578.0,38754,3016,1786,0.2967,5.602,0.4309,1.8501,0.3225,0.0,0.3354,0.0671,0.8386,16.9686,0.0,0.1032,0.787,0.2838,0.4929,4.3221,18.1039,0.08,0.1058,0.1213,0.5754,0.1213,5.8394,0.0335,0.1806,0.1755,0.4258,0.2271,0.0542,0.0464,0.5187,10.159,25.0813,0.08,3.1971,0.5961,0.0852,1.4915,RP
240106,TUMBES,TUMBES,SAN JUAN DE LA VIRGEN,670.0,9607.0,1068.0,932.0,467.0,0.0,975.0,188.0,2763.0,37147.0,0.0,204.0,10147.0,393.0,942.0,19504.0,20927.0,125.0,1202.0,702.0,878.0,649.0,6544.0,85.0,1071.0,314.0,1838.0,595.0,100.0,144.0,1880.0,19840.0,15228.0,103.0,7906.0,1498.0,535.0,735.0,167906,21274,9850,0.399,5.7217,0.6361,0.5551,0.2781,0.0,0.5807,0.112,1.6456,22.1237,0.0,0.1215,6.0433,0.2341,0.561,11.616,12.4635,0.0744,0.7159,0.4181,0.5229,0.3865,3.8974,0.0506,0.6379,0.187,1.0947,0.3544,0.0596,0.0858,1.1197,11.8161,9.0694,0.0613,4.7086,0.8922,0.3186,0.4377,FP
240107,Tumbes,Tumbes,,118.0,1327.0,172.0,148.0,87.0,0.0,120.0,18.0,407.0,5440.0,0.0,41.0,1084.0,58.0,128.0,2576.0,3342.0,13.0,143.0,62.0,142.0,76.0,1016.0,10.0,186.0,64.0,286.0,99.0,19.0,16.0,352.0,3069.0,1943.0,15.0,1059.0,175.0,76.0,87.0,23974,3133,1200,0.4922,5.5352,0.7174,0.6173,0.3629,0.0,0.5005,0.0751,1.6977,22.6912,0.0,0.171,4.5216,0.2419,0.5339,10.745,13.9401,0.0542,0.5965,0.2586,0.5923,0.317,4.2379,0.0417,0.7758,0.267,1.193,0.4129,0.0793,0.0667,1.4683,12.8014,8.1046,0.0626,4.4173,0.73,0.317,0.3629,FP
250101,UCAYALI,CORONEL PORTILLO,CALLERIA,604.0,3868.0,703.0,747.0,187.0,0.0,765.0,142.0,1344.0,23442.0,0.0,196.0,4519.0,172.0,386.0,6257.0,4921.0,91.0,648.0,341.0,425.0,570.0,2628.0,55.0,1275.0,288.0,1203.0,566.0,83.0,84.0,2414.0,10439.0,6190.0,86.0,2272.0,1868.0,175.0,266.0,80220,16057,5036,0.7529,4.8217,0.8763,0.9312,0.2331,0.0,0.9536,0.177,1.6754,29.2221,0.0,0.2443,5.6333,0.2144,0.4812,7.7998,6.1344,0.1134,0.8078,0.4251,0.5298,0.7105,3.276,0.0686,1.5894,0.359,1.4996,0.7056,0.1035,0.1047,3.0092,13.013,7.7163,0.1072,2.8322,2.3286,0.2182,0.3316,FP
250102,UCAYALI,CORONEL PORTILLO,CAMPOVERDE,304.0,1959.0,416.0,353.0,150.0,0.0,390.0,73.0,773.0,14263.0,0.0,110.0,3565.0,93.0,210.0,3741.0,2378.0,42.0,525.0,200.0,234.0,357.0,1226.0,40.0,762.0,159.0,603.0,347.0,36.0,52.0,1600.0,5418.0,2642.0,53.0,1224.0,934.0,107.0,132.0,45471,10472,3162,0.6686,4.3082,0.9149,0.7763,0.3299,0.0,0.8577,0.1605,1.7,31.3672,0.0,0.2419,7.8402,0.2045,0.4618,8.2272,5.2297,0.0924,1.1546,0.4398,0.5146,0.7851,2.6962,0.088,1.6758,0.3497,1.3261,0.7631,0.0792,0.1144,3.5187,11.9153,5.8103,0.1166,2.6918,2.0541,0.2353,0.2903,FP
250103,UCAYALI,CORONEL PORTILLO,IPARIA,27.0,62.0,95.0,34.0,2.0,0.0,16.0,9.0,22.0,1007.0,0.0,39.0,1225.0,3.0,17.0,149.0,23.0,6.0,31.0,26.0,10.0,20.0,19.0,0.0,45.0,6.0,35.0,24.0,2.0,6.0,134.0,134.0,245.0,4.0,7.0,75.0,7.0,1.0,3567,1393,322,0.7569,1.7382,2.6633,0.9532,0.0561,0.0,0.4486,0.2523,0.6168,28.231,0.0,1.0934,34.3426,0.0841,0.4766,4.1772,0.6448,0.1682,0.8691,0.7289,0.2803,0.5607,0.5327,0.0,1.2616,0.1682,0.9812,0.6728,0.0561,0.1682,3.7567,3.7567,6.8685,0.1121,0.1962,2.1026,0.1962,0.028,JxP
250104,UCAYALI,CORONEL PORTILLO,MASISEA,67.0,231.0,94.0,39.0,17.0,0.0,73.0,27.0,101.0,2464.0,0.0,10.0,1478.0,14.0,31.0,819.0,173.0,10.0,120.0,47.0,27.0,114.0,96.0,8.0,139.0,27.0,101.0,51.0,8.0,10.0,431.0,697.0,256.0,18.0,143.0,82.0,17.0,16.0,8056,2588,704,0.8317,2.8674,1.1668,0.4841,0.211,0.0,0.9062,0.3352,1.2537,30.5859,0.0,0.1241,18.3466,0.1738,0.3848,10.1663,2.1475,0.1241,1.4896,0.5834,0.3352,1.4151,1.1917,0.0993,1.7254,0.3352,1.2537,0.6331,0.0993,0.1241,5.35,8.6519,3.1778,0.2234,1.7751,1.0179,0.211,0.1986,FP
250105,UCAYALI,CORONEL PORTILLO,YARINACOCHA,19.0,28.0,23.0,13.0,5.0,0.0,9.0,5.0,17.0,437.0,0.0,5.0,1414.0,4.0,4.0,54.0,14.0,2.0,9.0,14.0,13.0,36.0,10.0,1.0,124.0,7.0,31.0,14.0,6.0,0.0,158.0,63.0,104.0,21.0,7.0,29.0,2.0,3.0,2705,1218,213,0.7024,1.0351,0.8503,0.4806,0.1848,0.0,0.3327,0.1848,0.6285,16.1553,0.0,0.1848,52.2736,0.1479,0.1479,1.9963,0.5176,0.0739,0.3327,0.5176,0.4806,1.3309,0.3697,0.037,4.5841,0.2588,1.146,0.5176,0.2218,0.0,5.841,2.329,3.8447,0.7763,0.2588,1.0721,0.0739,0.1109,JxP
250106,UCAYALI,CORONEL PORTILLO,NUEVA REQUENA,54.0,92.0,76.0,8.0,10.0,0.0,88.0,6.0,32.0,669.0,0.0,0.0,739.0,6.0,10.0,290.0,42.0,11.0,42.0,18.0,26.0,33.0,18.0,9.0,23.0,3.0,51.0,25.0,6.0,2.0,169.0,184.0,131.0,10.0,34.0,72.0,12.0,3.0,3004,965,309,1.7976,3.0626,2.53,0.2663,0.3329,0.0,2.9294,0.1997,1.0652,22.2703,0.0,0.0,24.6005,0.1997,0.3329,9.6538,1.3981,0.3662,1.3981,0.5992,0.8655,1.0985,0.5992,0.2996,0.7656,0.0999,1.6977,0.8322,0.1997,0.0666,5.6258,6.1252,4.3609,0.3329,1.1318,2.3968,0.3995,0.0999,JxP
250107,UCAYALI,CORONEL PORTILLO,MANANTAY,250.0,1030.0,475.0,160.0,79.0,0.0,249.0,72.0,559.0,12754.0,0.0,68.0,2571.0,74.0,164.0,2764.0,1437.0,43.0,360.0,203.0,101.0,297.0,745.0,37.0,1116.0,102.0,490.0,363.0,31.0,18.0,1253.0,4603.0,1256.0,51.0,936.0,771.0,95.0,80.0,35657,9578,3216,0.7011,2.8886,1.3321,0.4487,0.2216,0.0,0.6983,0.2019,1.5677,35.7686,0.0,0.1907,7.2104,0.2075,0.4599,7.7516,4.0301,0.1206,1.0096,0.5693,0.2833,0.8329,2.0894,0.1038,3.1298,0.2861,1.3742,1.018,0.0869,0.0505,3.514,12.9091,3.5225,0.143,2.625,2.1623,0.2664,0.2244,FP
250201,UCAYALI,ATALAYA,RAYMONDI,60.0,473.0,168.0,24.0,15.0,0.0,75.0,22.0,119.0,1952.0,0.0,9.0,3329.0,21.0,25.0,1309.0,290.0,10.0,96.0,45.0,23.0,147.0,139.0,4.0,164.0,25.0,152.0,48.0,16.0,5.0,396.0,486.0,483.0,12.0,219.0,90.0,22.0,26.0,10499,3051,849,0.5715,4.5052,1.6002,0.2286,0.1429,0.0,0.7144,0.2095,1.1334,18.5922,0.0,0.0857,31.7078,0.2,0.2381,12.4679,2.7622,0.0952,0.9144,0.4286,0.2191,1.4001,1.3239,0.0381,1.5621,0.2381,1.4478,0.4572,0.1524,0.0476,3.7718,4.629,4.6004,0.1143,2.0859,0.8572,0.2095,0.2476,JxP
250202,UCAYALI,ATALAYA,SEPAHUA,34.0,184.0,54.0,11.0,10.0,0.0,22.0,21.0,66.0,1401.0,0.0,9.0,1980.0,8.0,5.0,841.0,101.0,5.0,62.0,26.0,45.0,70.0,33.0,3.0,56.0,9.0,83.0,18.0,9.0,4.0,180.0,224.0,173.0,8.0,91.0,27.0,18.0,4.0,5895,1669,526,0.5768,3.1213,0.916,0.1866,0.1696,0.0,0.3732,0.3562,1.1196,23.7659,0.0,0.1527,33.5878,0.1357,0.0848,14.2663,1.7133,0.0848,1.0517,0.4411,0.7634,1.1874,0.5598,0.0509,0.95,0.1527,1.408,0.3053,0.1527,0.0679,3.0534,3.7998,2.9347,0.1357,1.5437,0.458,0.3053,0.0679,JxP
250203,UCAYALI,ATALAYA,TAHUANIA,41.0,124.0,24.0,11.0,6.0,0.0,30.0,12.0,34.0,1099.0,0.0,7.0,1814.0,6.0,11.0,472.0,93.0,11.0,49.0,23.0,10.0,60.0,36.0,4.0,53.0,11.0,68.0,16.0,5.0,3.0,124.0,221.0,416.0,10.0,63.0,35.0,11.0,11.0,5024,1386,380,0.8161,2.4682,0.4777,0.2189,0.1194,0.0,0.5971,0.2389,0.6768,21.875,0.0,0.1393,36.1067,0.1194,0.2189,9.3949,1.8511,0.2189,0.9753,0.4578,0.199,1.1943,0.7166,0.0796,1.0549,0.2189,1.3535,0.3185,0.0995,0.0597,2.4682,4.3989,8.2803,0.199,1.254,0.6967,0.2189,0.2189,JxP
250204,UCAYALI,ATALAYA,YURUA,46.0,115.0,72.0,19.0,5.0,0.0,29.0,16.0,48.0,1052.0,0.0,10.0,1015.0,11.0,5.0,532.0,102.0,4.0,60.0,28.0,7.0,53.0,33.0,1.0,48.0,17.0,60.0,30.0,3.0,3.0,177.0,240.0,141.0,11.0,76.0,47.0,30.0,11.0,4157,1240,573,1.1066,2.7664,1.732,0.4571,0.1203,0.0,0.6976,0.3849,1.1547,25.3067,0.0,0.2406,24.4166,0.2646,0.1203,12.7977,2.4537,0.0962,1.4433,0.6736,0.1684,1.275,0.7938,0.0241,1.1547,0.4089,1.4433,0.7217,0.0722,0.0722,4.2579,5.7734,3.3919,0.2646,1.8282,1.1306,0.7217,0.2646,FP
250205,Ucayali,Atalaya,,23.0,84.0,26.0,2.0,1.0,0.0,11.0,15.0,27.0,390.0,0.0,2.0,975.0,1.0,4.0,527.0,63.0,3.0,56.0,12.0,6.0,31.0,14.0,7.0,48.0,15.0,32.0,13.0,10.0,1.0,96.0,83.0,85.0,6.0,45.0,18.0,10.0,3.0,2745,687,251,0.8379,3.0601,0.9472,0.0729,0.0364,0.0,0.4007,0.5464,0.9836,14.2077,0.0,0.0729,35.5191,0.0364,0.1457,19.1985,2.2951,0.1093,2.0401,0.4372,0.2186,1.1293,0.51,0.255,1.7486,0.5464,1.1658,0.4736,0.3643,0.0364,3.4973,3.0237,3.0965,0.2186,1.6393,0.6557,0.3643,0.1093,JxP
250206,Ucayali,Atalaya,,14.0,93.0,17.0,4.0,0.0,0.0,21.0,8.0,20.0,255.0,0.0,0.0,827.0,2.0,0.0,246.0,24.0,4.0,33.0,11.0,3.0,17.0,18.0,1.0,27.0,4.0,16.0,9.0,1.0,0.0,77.0,38.0,87.0,2.0,30.0,17.0,2.0,1.0,1929,399,274,0.7258,4.8212,0.8813,0.2074,0.0,0.0,1.0886,0.4147,1.0368,13.2193,0.0,0.0,42.872,0.1037,0.0,12.7527,1.2442,0.2074,1.7107,0.5702,0.1555,0.8813,0.9331,0.0518,1.3997,0.2074,0.8294,0.4666,0.0518,0.0,3.9917,1.9699,4.5101,0.1037,1.5552,0.8813,0.1037,0.0518,JxP
250207,Ucayali,Atalaya,,14.0,40.0,17.0,5.0,2.0,0.0,11.0,7.0,26.0,195.0,0.0,0.0,985.0,9.0,1.0,194.0,21.0,5.0,21.0,9.0,0.0,26.0,12.0,1.0,27.0,5.0,18.0,24.0,2.0,0.0,76.0,43.0,46.0,0.0,20.0,17.0,4.0,2.0,1885,559,147,0.7427,2.122,0.9019,0.2653,0.1061,0.0,0.5836,0.3714,1.3793,10.3448,0.0,0.0,52.2546,0.4775,0.0531,10.2918,1.1141,0.2653,1.1141,0.4775,0.0,1.3793,0.6366,0.0531,1.4324,0.2653,0.9549,1.2732,0.1061,0.0,4.0318,2.2812,2.4403,0.0,1.061,0.9019,0.2122,0.1061,JxP
250301,UCAYALI,PADRE ABAD,PADRE ABAD,116.0,495.0,81.0,85.0,8.0,0.0,43.0,41.0,98.0,3520.0,0.0,23.0,1521.0,20.0,15.0,634.0,205.0,10.0,457.0,75.0,13.0,129.0,82.0,2.0,73.0,31.0,100.0,195.0,16.0,3.0,298.0,422.0,423.0,36.0,115.0,189.0,15.0,27.0,9616,4654,1390,1.2063,5.1477,0.8423,0.8839,0.0832,0.0,0.4472,0.4264,1.0191,36.6057,0.0,0.2392,15.8174,0.208,0.156,6.5932,2.1319,0.104,4.7525,0.78,0.1352,1.3415,0.8527,0.0208,0.7592,0.3224,1.0399,2.0279,0.1664,0.0312,3.099,4.3885,4.3989,0.3744,1.1959,1.9655,0.156,0.2808,FP
250302,UCAYALI,PADRE ABAD,IRAZOLA,18.0,41.0,20.0,7.0,4.0,0.0,8.0,3.0,13.0,545.0,0.0,4.0,559.0,2.0,2.0,38.0,22.0,5.0,35.0,22.0,2.0,30.0,9.0,1.0,12.0,8.0,11.0,151.0,6.0,1.0,109.0,62.0,113.0,9.0,1.0,189.0,2.0,4.0,2068,1251,269,0.8704,1.9826,0.9671,0.3385,0.1934,0.0,0.3868,0.1451,0.6286,26.354,0.0,0.1934,27.0309,0.0967,0.0967,1.8375,1.0638,0.2418,1.6925,1.0638,0.0967,1.4507,0.4352,0.0484,0.5803,0.3868,0.5319,7.3017,0.2901,0.0484,5.2708,2.9981,5.4642,0.4352,0.0484,9.1393,0.0967,0.1934,JxP
250303,UCAYALI,PADRE ABAD,CURIMANA,4.0,1.0,12.0,4.0,0.0,0.0,0.0,0.0,2.0,145.0,0.0,0.0,17.0,1.0,0.0,4.0,3.0,0.0,0.0,4.0,0.0,0.0,1.0,0.0,0.0,0.0,6.0,4.0,0.0,0.0,39.0,15.0,19.0,1.0,0.0,14.0,0.0,0.0,296,143,37,1.3514,0.3378,4.0541,1.3514,0.0,0.0,0.0,0.0,0.6757,48.9865,0.0,0.0,5.7432,0.3378,0.0,1.3514,1.0135,0.0,0.0,1.3514,0.0,0.0,0.3378,0.0,0.0,0.0,2.027,1.3514,0.0,0.0,13.1757,5.0676,6.4189,0.3378,0.0,4.7297,0.0,0.0,FP
250304,UCAYALI,PADRE ABAD,NESHUYA,13.0,80.0,35.0,4.0,4.0,0.0,8.0,6.0,20.0,918.0,0.0,4.0,325.0,6.0,3.0,196.0,20.0,8.0,37.0,21.0,3.0,21.0,9.0,1.0,7.0,9.0,25.0,10.0,2.0,1.0,69.0,45.0,67.0,6.0,10.0,11.0,4.0,1.0,2009,1048,319,0.6471,3.9821,1.7422,0.1991,0.1991,0.0,0.3982,0.2987,0.9955,45.6944,0.0,0.1991,16.1772,0.2987,0.1493,9.7561,0.9955,0.3982,1.8417,1.0453,0.1493,1.0453,0.448,0.0498,0.3484,0.448,1.2444,0.4978,0.0996,0.0498,3.4345,2.2399,3.335,0.2987,0.4978,0.5475,0.1991,0.0498,FP
250401,UCAYALI,PURÚS,PURÚS,0.0,15.0,31.0,15.0,0.0,0.0,3.0,2.0,1.0,486.0,0.0,0.0,180.0,2.0,0.0,16.0,6.0,0.0,19.0,7.0,0.0,2.0,3.0,0.0,3.0,0.0,3.0,4.0,1.0,0.0,12.0,12.0,17.0,1.0,2.0,46.0,1.0,0.0,890,365,71,0.0,1.6854,3.4831,1.6854,0.0,0.0,0.3371,0.2247,0.1124,54.6067,0.0,0.0,20.2247,0.2247,0.0,1.7978,0.6742,0.0,2.1348,0.7865,0.0,0.2247,0.3371,0.0,0.3371,0.0,0.3371,0.4494,0.1124,0.0,1.3483,1.3483,1.9101,0.1124,0.2247,5.1685,0.1124,0.0,FP
910101,,,,0.0,0.0,0.0,0.0,0.0,0.0,0.0,0.0,0.0,1.0,0.0,0.0,0.0,0.0,0.0,0.0,0.0,0.0,0.0,0.0,0.0,0.0,0.0,0.0,0.0,0.0,0.0,0.0,0.0,0.0,0.0,4.0,4.0,0.0,0.0,0.0,0.0,0.0,9,1,0,0.0,0.0,0.0,0.0,0.0,0.0,0.0,0.0,0.0,11.1111,0.0,0.0,0.0,0.0,0.0,0.0,0.0,0.0,0.0,0.0,0.0,0.0,0.0,0.0,0.0,0.0,0.0,0.0,0.0,0.0,0.0,44.4444,44.4444,0.0,0.0,0.0,0.0,0.0,PxT
910302,,,,0.0,1.0,0.0,0.0,0.0,0.0,0.0,0.0,1.0,0.0,0.0,0.0,0.0,0.0,0.0,2.0,3.0,0.0,0.0,0.0,0.0,1.0,0.0,0.0,4.0,0.0,0.0,0.0,0.0,0.0,0.0,0.0,3.0,0.0,0.0,0.0,0.0,0.0,15,1,1,0.0,6.6667,0.0,0.0,0.0,0.0,0.0,0.0,6.6667,0.0,0.0,0.0,0.0,0.0,0.0,13.3333,20.0,0.0,0.0,0.0,0.0,6.6667,0.0,0.0,26.6667,0.0,0.0,0.0,0.0,0.0,0.0,0.0,20.0,0.0,0.0,0.0,0.0,0.0,PP1
910401,,,,0.0,0.0,0.0,0.0,0.0,0.0,0.0,0.0,0.0,0.0,0.0,0.0,0.0,0.0,0.0,0.0,2.0,0.0,0.0,0.0,0.0,0.0,1.0,0.0,0.0,0.0,0.0,0.0,0.0,0.0,0.0,0.0,0.0,0.0,0.0,0.0,0.0,0.0,3,0,0,0.0,0.0,0.0,0.0,0.0,0.0,0.0,0.0,0.0,0.0,0.0,0.0,0.0,0.0,0.0,0.0,66.6667,0.0,0.0,0.0,0.0,0.0,33.3333,0.0,0.0,0.0,0.0,0.0,0.0,0.0,0.0,0.0,0.0,0.0,0.0,0.0,0.0,0.0,PBG
910502,,,,0.0,0.0,0.0,0.0,0.0,0.0,0.0,0.0,0.0,1.0,0.0,0.0,0.0,0.0,0.0,2.0,3.0,0.0,0.0,0.0,0.0,0.0,0.0,0.0,0.0,0.0,0.0,0.0,0.0,0.0,0.0,1.0,2.0,0.0,0.0,0.0,0.0,0.0,9,2,0,0.0,0.0,0.0,0.0,0.0,0.0,0.0,0.0,0.0,11.1111,0.0,0.0,0.0,0.0,0.0,22.2222,33.3333,0.0,0.0,0.0,0.0,0.0,0.0,0.0,0.0,0.0,0.0,0.0,0.0,0.0,0.0,11.1111,22.2222,0.0,0.0,0.0,0.0,0.0,PBG
910603,,,,0.0,1.0,0.0,0.0,0.0,0.0,0.0,0.0,0.0,1.0,0.0,1.0,0.0,0.0,1.0,2.0,1.0,0.0,0.0,0.0,0.0,0.0,0.0,0.0,0.0,0.0,0.0,0.0,0.0,0.0,0.0,2.0,17.0,0.0,0.0,0.0,0.0,1.0,27,3,0,0.0,3.7037,0.0,0.0,0.0,0.0,0.0,0.0,0.0,3.7037,0.0,3.7037,0.0,0.0,3.7037,7.4074,3.7037,0.0,0.0,0.0,0.0,0.0,0.0,0.0,0.0,0.0,0.0,0.0,0.0,0.0,0.0,7.4074,62.963,0.0,0.0,0.0,0.0,3.7037,RP
920101,,,,1.0,12.0,0.0,2.0,1.0,0.0,0.0,2.0,0.0,66.0,0.0,0.0,5.0,1.0,0.0,19.0,9.0,0.0,0.0,2.0,2.0,0.0,5.0,1.0,0.0,1.0,1.0,0.0,0.0,0.0,0.0,38.0,95.0,0.0,1.0,2.0,2.0,1.0,269,103,14,0.3717,4.461,0.0,0.7435,0.3717,0.0,0.0,0.7435,0.0,24.5353,0.0,0.0,1.8587,0.3717,0.0,7.0632,3.3457,0.0,0.0,0.7435,0.7435,0.0,1.8587,0.3717,0.0,0.3717,0.3717,0.0,0.0,0.0,0.0,14.1264,35.316,0.0,0.3717,0.7435,0.7435,0.3717,RP
920202,,,,266.0,1320.0,151.0,355.0,33.0,0.0,108.0,50.0,370.0,5686.0,0.0,59.0,1010.0,102.0,133.0,2679.0,1786.0,33.0,275.0,158.0,70.0,218.0,623.0,33.0,60.0,68.0,209.0,91.0,38.0,29.0,174.0,3476.0,3611.0,38.0,321.0,183.0,497.0,92.0,24405,12721,3003,1.0899,5.4087,0.6187,1.4546,0.1352,0.0,0.4425,0.2049,1.5161,23.2985,0.0,0.2418,4.1385,0.4179,0.545,10.9773,7.3182,0.1352,1.1268,0.6474,0.2868,0.8933,2.5528,0.1352,0.2459,0.2786,0.8564,0.3729,0.1557,0.1188,0.713,14.243,14.7961,0.1557,1.3153,0.7498,2.0365,0.377,FP
920203,,,,33.0,201.0,25.0,58.0,4.0,0.0,26.0,8.0,47.0,907.0,0.0,13.0,195.0,20.0,19.0,381.0,209.0,5.0,42.0,23.0,8.0,51.0,80.0,5.0,16.0,27.0,22.0,19.0,5.0,3.0,51.0,687.0,435.0,2.0,46.0,32.0,113.0,16.0,3834,2029,715,0.8607,5.2426,0.6521,1.5128,0.1043,0.0,0.6781,0.2087,1.2259,23.6568,0.0,0.3391,5.0861,0.5216,0.4956,9.9374,5.4512,0.1304,1.0955,0.5999,0.2087,1.3302,2.0866,0.1304,0.4173,0.7042,0.5738,0.4956,0.1304,0.0782,1.3302,17.9186,11.3459,0.0522,1.1998,0.8346,2.9473,0.4173,FP
920204,,,,0.0,4.0,1.0,1.0,0.0,0.0,0.0,0.0,0.0,11.0,0.0,0.0,0.0,0.0,0.0,4.0,1.0,0.0,0.0,0.0,0.0,0.0,1.0,0.0,0.0,0.0,0.0,0.0,1.0,0.0,0.0,1.0,10.0,0.0,0.0,0.0,0.0,0.0,35,4,1,0.0,11.4286,2.8571,2.8571,0.0,0.0,0.0,0.0,0.0,31.4286,0.0,0.0,0.0,0.0,0.0,11.4286,2.8571,0.0,0.0,0.0,0.0,0.0,2.8571,0.0,0.0,0.0,0.0,0.0,2.8571,0.0,0.0,2.8571,28.5714,0.0,0.0,0.0,0.0,0.0,FP
920205,,,,42.0,168.0,33.0,112.0,6.0,0.0,18.0,7.0,39.0,740.0,0.0,19.0,151.0,12.0,16.0,291.0,295.0,3.0,14.0,26.0,5.0,46.0,83.0,5.0,9.0,25.0,33.0,24.0,21.0,1.0,27.0,455.0,438.0,5.0,23.0,24.0,45.0,12.0,3273,1841,404,1.2832,5.1329,1.0082,3.4219,0.1833,0.0,0.55,0.2139,1.1916,22.6092,0.0,0.5805,4.6135,0.3666,0.4888,8.8909,9.0131,0.0917,0.4277,0.7944,0.1528,1.4054,2.5359,0.1528,0.275,0.7638,1.0082,0.7333,0.6416,0.0306,0.8249,13.9016,13.3822,0.1528,0.7027,0.7333,1.3749,0.3666,FP
920206,,,,12.0,52.0,14.0,46.0,7.0,0.0,4.0,4.0,18.0,274.0,0.0,5.0,44.0,5.0,5.0,118.0,47.0,2.0,9.0,22.0,1.0,11.0,26.0,1.0,4.0,5.0,20.0,4.0,1.0,4.0,23.0,207.0,165.0,5.0,11.0,4.0,120.0,6.0,1306,747,360,0.9188,3.9816,1.072,3.5222,0.536,0.0,0.3063,0.3063,1.3783,20.9801,0.0,0.3828,3.3691,0.3828,0.3828,9.0352,3.5988,0.1531,0.6891,1.6845,0.0766,0.8423,1.9908,0.0766,0.3063,0.3828,1.5314,0.3063,0.0766,0.3063,1.7611,15.8499,12.634,0.3828,0.8423,0.3063,9.1884,0.4594,FP
920207,,,,15.0,81.0,13.0,15.0,4.0,0.0,10.0,0.0,19.0,198.0,0.0,5.0,50.0,9.0,8.0,101.0,75.0,6.0,14.0,4.0,5.0,10.0,30.0,1.0,8.0,1.0,15.0,8.0,2.0,1.0,31.0,127.0,256.0,0.0,9.0,7.0,12.0,3.0,1153,396,267,1.301,7.0252,1.1275,1.301,0.3469,0.0,0.8673,0.0,1.6479,17.1726,0.0,0.4337,4.3365,0.7806,0.6938,8.7598,6.5048,0.5204,1.2142,0.3469,0.4337,0.8673,2.6019,0.0867,0.6938,0.0867,1.301,0.6938,0.1735,0.0867,2.6886,11.0147,22.2029,0.0,0.7806,0.6071,1.0408,0.2602,RP
920208,,,,3.0,6.0,1.0,1.0,0.0,0.0,1.0,0.0,2.0,17.0,0.0,0.0,1.0,0.0,0.0,11.0,0.0,0.0,0.0,0.0,0.0,1.0,0.0,0.0,0.0,0.0,0.0,0.0,0.0,0.0,0.0,2.0,23.0,0.0,0.0,1.0,0.0,2.0,72,10,8,4.1667,8.3333,1.3889,1.3889,0.0,0.0,1.3889,0.0,2.7778,23.6111,0.0,0.0,1.3889,0.0,0.0,15.2778,0.0,0.0,0.0,0.0,0.0,1.3889,0.0,0.0,0.0,0.0,0.0,0.0,0.0,0.0,0.0,2.7778,31.9444,0.0,0.0,1.3889,0.0,2.7778,RP
920210,,,,0.0,8.0,0.0,1.0,0.0,0.0,0.0,0.0,0.0,8.0,0.0,0.0,1.0,0.0,0.0,5.0,3.0,1.0,0.0,0.0,0.0,0.0,3.0,0.0,0.0,0.0,0.0,0.0,0.0,0.0,0.0,3.0,13.0,0.0,0.0,0.0,2.0,1.0,49,13,1,0.0,16.3265,0.0,2.0408,0.0,0.0,0.0,0.0,0.0,16.3265,0.0,0.0,2.0408,0.0,0.0,10.2041,6.1224,2.0408,0.0,0.0,0.0,0.0,6.1224,0.0,0.0,0.0,0.0,0.0,0.0,0.0,0.0,6.1224,26.5306,0.0,0.0,0.0,4.0816,2.0408,RP
920219,,,,1.0,11.0,0.0,3.0,0.0,0.0,0.0,2.0,0.0,16.0,0.0,0.0,4.0,0.0,0.0,9.0,4.0,0.0,0.0,1.0,0.0,2.0,3.0,0.0,0.0,0.0,0.0,1.0,2.0,0.0,0.0,6.0,5.0,0.0,0.0,0.0,0.0,1.0,71,10,5,1.4085,15.493,0.0,4.2254,0.0,0.0,0.0,2.8169,0.0,22.5352,0.0,0.0,5.6338,0.0,0.0,12.6761,5.6338,0.0,0.0,1.4085,0.0,2.8169,4.2254,0.0,0.0,0.0,0.0,1.4085,2.8169,0.0,0.0,8.4507,7.0423,0.0,0.0,0.0,0.0,1.4085,FP
920224,,,,1.0,1.0,0.0,0.0,0.0,0.0,1.0,0.0,1.0,13.0,0.0,0.0,2.0,1.0,0.0,7.0,0.0,0.0,0.0,0.0,0.0,0.0,3.0,0.0,0.0,0.0,0.0,0.0,1.0,0.0,1.0,4.0,2.0,0.0,0.0,0.0,1.0,0.0,39,22,6,2.5641,2.5641,0.0,0.0,0.0,0.0,2.5641,0.0,2.5641,33.3333,0.0,0.0,5.1282,2.5641,0.0,17.9487,0.0,0.0,0.0,0.0,0.0,0.0,7.6923,0.0,0.0,0.0,0.0,0.0,2.5641,0.0,2.5641,10.2564,5.1282,0.0,0.0,0.0,2.5641,0.0,FP
920226,,,,0.0,1.0,1.0,1.0,0.0,0.0,0.0,0.0,1.0,24.0,0.0,0.0,0.0,1.0,0.0,9.0,10.0,0.0,0.0,0.0,0.0,1.0,1.0,0.0,0.0,0.0,1.0,0.0,0.0,0.0,0.0,13.0,19.0,0.0,1.0,1.0,0.0,0.0,85,11,8,0.0,1.1765,1.1765,1.1765,0.0,0.0,0.0,0.0,1.1765,28.2353,0.0,0.0,0.0,1.1765,0.0,10.5882,11.7647,0.0,0.0,0.0,0.0,1.1765,1.1765,0.0,0.0,0.0,1.1765,0.0,0.0,0.0,0.0,15.2941,22.3529,0.0,1.1765,1.1765,0.0,0.0,FP
920401,,,,13.0,178.0,7.0,5.0,2.0,0.0,20.0,1.0,24.0,144.0,0.0,4.0,135.0,3.0,10.0,176.0,379.0,0.0,7.0,10.0,14.0,12.0,117.0,2.0,6.0,4.0,11.0,9.0,2.0,2.0,8.0,78.0,229.0,1.0,170.0,11.0,2.0,4.0,1800,367,84,0.7222,9.8889,0.3889,0.2778,0.1111,0.0,1.1111,0.0556,1.3333,8.0,0.0,0.2222,7.5,0.1667,0.5556,9.7778,21.0556,0.0,0.3889,0.5556,0.7778,0.6667,6.5,0.1111,0.3333,0.2222,0.6111,0.5,0.1111,0.1111,0.4444,4.3333,12.7222,0.0556,9.4444,0.6111,0.1111,0.2222,PBG
920403,,,,17.0,62.0,4.0,12.0,0.0,0.0,23.0,1.0,20.0,184.0,0.0,0.0,52.0,4.0,5.0,98.0,91.0,1.0,6.0,6.0,7.0,7.0,37.0,1.0,2.0,10.0,5.0,6.0,2.0,2.0,7.0,59.0,195.0,1.0,15.0,11.0,3.0,2.0,958,659,91,1.7745,6.4718,0.4175,1.2526,0.0,0.0,2.4008,0.1044,2.0877,19.2067,0.0,0.0,5.428,0.4175,0.5219,10.2296,9.499,0.1044,0.6263,0.6263,0.7307,0.7307,3.8622,0.1044,0.2088,1.0438,0.5219,0.6263,0.2088,0.2088,0.7307,6.1587,20.3549,0.1044,1.5658,1.1482,0.3132,0.2088,RP
920405,,,,24.0,70.0,7.0,15.0,2.0,0.0,12.0,1.0,12.0,244.0,0.0,6.0,28.0,8.0,2.0,76.0,81.0,1.0,3.0,7.0,5.0,7.0,28.0,3.0,4.0,5.0,11.0,1.0,2.0,1.0,4.0,94.0,510.0,2.0,21.0,11.0,4.0,2.0,1314,295,127,1.8265,5.3272,0.5327,1.1416,0.1522,0.0,0.9132,0.0761,0.9132,18.5693,0.0,0.4566,2.1309,0.6088,0.1522,5.7839,6.1644,0.0761,0.2283,0.5327,0.3805,0.5327,2.1309,0.2283,0.3044,0.3805,0.8371,0.0761,0.1522,0.0761,0.3044,7.1537,38.8128,0.1522,1.5982,0.8371,0.3044,0.1522,RP
920502,,,,3.0,10.0,1.0,1.0,0.0,0.0,0.0,0.0,0.0,6.0,0.0,0.0,1.0,2.0,1.0,12.0,21.0,0.0,0.0,1.0,0.0,1.0,10.0,0.0,0.0,0.0,0.0,1.0,0.0,0.0,0.0,9.0,45.0,0.0,1.0,1.0,0.0,2.0,129,25,3,2.3256,7.7519,0.7752,0.7752,0.0,0.0,0.0,0.0,0.0,4.6512,0.0,0.0,0.7752,1.5504,0.7752,9.3023,16.2791,0.0,0.0,0.7752,0.0,0.7752,7.7519,0.0,0.0,0.0,0.0,0.7752,0.0,0.0,0.0,6.9767,34.8837,0.0,0.7752,0.7752,0.0,1.5504,RP
920503,,,,3.0,16.0,2.0,0.0,0.0,0.0,1.0,0.0,1.0,18.0,0.0,0.0,3.0,1.0,3.0,10.0,24.0,0.0,0.0,0.0,1.0,1.0,14.0,0.0,0.0,2.0,1.0,0.0,0.0,0.0,0.0,9.0,56.0,0.0,3.0,3.0,0.0,2.0,174,20,6,1.7241,9.1954,1.1494,0.0,0.0,0.0,0.5747,0.0,0.5747,10.3448,0.0,0.0,1.7241,0.5747,1.7241,5.7471,13.7931,0.0,0.0,0.0,0.5747,0.5747,8.046,0.0,0.0,1.1494,0.5747,0.0,0.0,0.0,0.0,5.1724,32.1839,0.0,1.7241,1.7241,0.0,1.1494,RP
920504,,,,3.0,16.0,2.0,3.0,0.0,0.0,2.0,0.0,0.0,31.0,0.0,0.0,6.0,1.0,1.0,17.0,20.0,0.0,0.0,0.0,0.0,0.0,5.0,0.0,0.0,1.0,1.0,0.0,0.0,0.0,0.0,25.0,66.0,1.0,4.0,3.0,0.0,2.0,210,38,6,1.4286,7.619,0.9524,1.4286,0.0,0.0,0.9524,0.0,0.0,14.7619,0.0,0.0,2.8571,0.4762,0.4762,8.0952,9.5238,0.0,0.0,0.0,0.0,0.0,2.381,0.0,0.0,0.4762,0.4762,0.0,0.0,0.0,0.0,11.9048,31.4286,0.4762,1.9048,1.4286,0.0,0.9524,RP
920505,,,,4.0,26.0,18.0,17.0,2.0,0.0,5.0,0.0,10.0,165.0,0.0,0.0,4.0,2.0,5.0,31.0,8.0,0.0,1.0,3.0,2.0,5.0,11.0,0.0,4.0,2.0,8.0,2.0,1.0,1.0,3.0,39.0,111.0,0.0,1.0,5.0,2.0,3.0,501,146,56,0.7984,5.1896,3.5928,3.3932,0.3992,0.0,0.998,0.0,1.996,32.9341,0.0,0.0,0.7984,0.3992,0.998,6.1876,1.5968,0.0,0.1996,0.5988,0.3992,0.998,2.1956,0.0,0.7984,0.3992,1.5968,0.3992,0.1996,0.1996,0.5988,7.7844,22.1557,0.0,0.1996,0.998,0.3992,0.5988,FP
920506,,,,1.0,16.0,0.0,2.0,0.0,0.0,0.0,0.0,2.0,13.0,0.0,0.0,4.0,2.0,0.0,5.0,23.0,0.0,1.0,0.0,0.0,1.0,2.0,0.0,0.0,0.0,0.0,0.0,0.0,1.0,1.0,10.0,21.0,0.0,0.0,4.0,0.0,0.0,109,33,3,0.9174,14.6789,0.0,1.8349,0.0,0.0,0.0,0.0,1.8349,11.9266,0.0,0.0,3.6697,1.8349,0.0,4.5872,21.1009,0.0,0.9174,0.0,0.0,0.9174,1.8349,0.0,0.0,0.0,0.0,0.0,0.0,0.9174,0.9174,9.1743,19.2661,0.0,0.0,3.6697,0.0,0.0,PBG
920508,,,,5.0,5.0,3.0,2.0,1.0,0.0,0.0,0.0,0.0,27.0,0.0,0.0,4.0,0.0,0.0,9.0,9.0,1.0,0.0,0.0,1.0,0.0,0.0,0.0,0.0,0.0,0.0,0.0,0.0,0.0,1.0,12.0,9.0,0.0,2.0,1.0,0.0,1.0,93,34,2,5.3763,5.3763,3.2258,2.1505,1.0753,0.0,0.0,0.0,0.0,29.0323,0.0,0.0,4.3011,0.0,0.0,9.6774,9.6774,1.0753,0.0,0.0,1.0753,0.0,0.0,0.0,0.0,0.0,0.0,0.0,0.0,0.0,1.0753,12.9032,9.6774,0.0,2.1505,1.0753,0.0,1.0753,FP
920509,,,,7.0,83.0,1.0,1.0,1.0,0.0,6.0,0.0,12.0,59.0,0.0,3.0,11.0,1.0,4.0,46.0,101.0,0.0,0.0,4.0,1.0,3.0,49.0,0.0,1.0,4.0,2.0,3.0,0.0,1.0,1.0,36.0,188.0,0.0,2.0,1.0,1.0,6.0,639,133,31,1.0955,12.989,0.1565,0.1565,0.1565,0.0,0.939,0.0,1.8779,9.2332,0.0,0.4695,1.7214,0.1565,0.626,7.1987,15.8059,0.0,0.0,0.626,0.1565,0.4695,7.6682,0.0,0.1565,0.626,0.313,0.4695,0.0,0.1565,0.1565,5.6338,29.421,0.0,0.313,0.1565,0.1565,0.939,RP
920510,,,,31.0,224.0,9.0,14.0,6.0,0.0,27.0,5.0,54.0,414.0,0.0,6.0,164.0,9.0,9.0,460.0,293.0,2.0,31.0,5.0,3.0,19.0,94.0,3.0,6.0,9.0,24.0,3.0,0.0,3.0,9.0,277.0,631.0,2.0,33.0,16.0,12.0,9.0,2916,709,258,1.0631,7.6818,0.3086,0.4801,0.2058,0.0,0.9259,0.1715,1.8519,14.1975,0.0,0.2058,5.6241,0.3086,0.3086,15.775,10.048,0.0686,1.0631,0.1715,0.1029,0.6516,3.2236,0.1029,0.2058,0.3086,0.823,0.1029,0.0,0.1029,0.3086,9.4993,21.6392,0.0686,1.1317,0.5487,0.4115,0.3086,RP
920511,,,,0.0,9.0,0.0,0.0,0.0,0.0,1.0,0.0,1.0,7.0,0.0,0.0,0.0,0.0,0.0,0.0,8.0,0.0,0.0,0.0,0.0,0.0,0.0,0.0,0.0,0.0,0.0,0.0,0.0,0.0,0.0,5.0,22.0,0.0,0.0,0.0,0.0,0.0,53,14,3,0.0,16.9811,0.0,0.0,0.0,0.0,1.8868,0.0,1.8868,13.2075,0.0,0.0,0.0,0.0,0.0,0.0,15.0943,0.0,0.0,0.0,0.0,0.0,0.0,0.0,0.0,0.0,0.0,0.0,0.0,0.0,0.0,9.434,41.5094,0.0,0.0,0.0,0.0,0.0,RP
920532,,,,0.0,8.0,0.0,1.0,0.0,0.0,0.0,1.0,1.0,14.0,0.0,0.0,3.0,0.0,0.0,7.0,1.0,0.0,0.0,0.0,0.0,0.0,2.0,0.0,1.0,0.0,0.0,1.0,0.0,0.0,0.0,12.0,26.0,0.0,0.0,0.0,0.0,0.0,78,22,4,0.0,10.2564,0.0,1.2821,0.0,0.0,0.0,1.2821,1.2821,17.9487,0.0,0.0,3.8462,0.0,0.0,8.9744,1.2821,0.0,0.0,0.0,0.0,0.0,2.5641,0.0,1.2821,0.0,0.0,1.2821,0.0,0.0,0.0,15.3846,33.3333,0.0,0.0,0.0,0.0,0.0,RP
920536,,,,0.0,3.0,0.0,2.0,0.0,0.0,0.0,0.0,0.0,3.0,0.0,0.0,1.0,1.0,0.0,1.0,0.0,0.0,1.0,1.0,0.0,0.0,0.0,0.0,0.0,0.0,0.0,0.0,0.0,0.0,0.0,2.0,5.0,0.0,0.0,0.0,0.0,1.0,21,2,2,0.0,14.2857,0.0,9.5238,0.0,0.0,0.0,0.0,0.0,14.2857,0.0,0.0,4.7619,4.7619,0.0,4.7619,0.0,0.0,4.7619,4.7619,0.0,0.0,0.0,0.0,0.0,0.0,0.0,0.0,0.0,0.0,0.0,9.5238,23.8095,0.0,0.0,0.0,0.0,4.7619,RP
920601,,,,8.0,315.0,5.0,24.0,3.0,0.0,11.0,0.0,34.0,334.0,0.0,3.0,31.0,9.0,11.0,163.0,483.0,1.0,9.0,5.0,2.0,3.0,160.0,2.0,3.0,2.0,15.0,3.0,0.0,2.0,2.0,216.0,1516.0,2.0,32.0,14.0,3.0,36.0,3462,526,79,0.2311,9.0988,0.1444,0.6932,0.0867,0.0,0.3177,0.0,0.9821,9.6476,0.0,0.0867,0.8954,0.26,0.3177,4.7083,13.9515,0.0289,0.26,0.1444,0.0578,0.0867,4.6216,0.0578,0.0867,0.0578,0.4333,0.0867,0.0,0.0578,0.0578,6.2392,43.7897,0.0578,0.9243,0.4044,0.0867,1.0399,RP
920602,,,,1.0,25.0,1.0,2.0,0.0,0.0,2.0,0.0,2.0,29.0,0.0,0.0,0.0,0.0,1.0,12.0,30.0,0.0,1.0,0.0,1.0,1.0,29.0,0.0,0.0,0.0,1.0,0.0,0.0,0.0,1.0,15.0,128.0,0.0,1.0,1.0,0.0,3.0,287,29,6,0.3484,8.7108,0.3484,0.6969,0.0,0.0,0.6969,0.0,0.6969,10.1045,0.0,0.0,0.0,0.0,0.3484,4.1812,10.453,0.0,0.3484,0.0,0.3484,0.3484,10.1045,0.0,0.0,0.0,0.3484,0.0,0.0,0.0,0.3484,5.2265,44.5993,0.0,0.3484,0.3484,0.0,1.0453,RP
920603,,,,6.0,158.0,4.0,12.0,4.0,0.0,9.0,1.0,15.0,276.0,0.0,6.0,25.0,4.0,13.0,92.0,402.0,0.0,3.0,2.0,4.0,3.0,126.0,0.0,6.0,1.0,2.0,4.0,0.0,0.0,3.0,129.0,1214.0,0.0,22.0,7.0,0.0,20.0,2573,250,38,0.2332,6.1407,0.1555,0.4664,0.1555,0.0,0.3498,0.0389,0.583,10.7268,0.0,0.2332,0.9716,0.1555,0.5052,3.5756,15.6238,0.0,0.1166,0.0777,0.1555,0.1166,4.897,0.0,0.2332,0.0389,0.0777,0.1555,0.0,0.0,0.1166,5.0136,47.1823,0.0,0.855,0.2721,0.0,0.7773,RP
920604,,,,2.0,64.0,1.0,4.0,1.0,0.0,0.0,0.0,0.0,59.0,0.0,3.0,3.0,1.0,4.0,29.0,185.0,0.0,0.0,0.0,2.0,1.0,51.0,0.0,1.0,1.0,1.0,0.0,0.0,0.0,1.0,50.0,438.0,0.0,3.0,1.0,0.0,10.0,916,61,10,0.2183,6.9869,0.1092,0.4367,0.1092,0.0,0.0,0.0,0.0,6.441,0.0,0.3275,0.3275,0.1092,0.4367,3.1659,20.1965,0.0,0.0,0.0,0.2183,0.1092,5.5677,0.0,0.1092,0.1092,0.1092,0.0,0.0,0.0,0.1092,5.4585,47.8166,0.0,0.3275,0.1092,0.0,1.0917,RP
920605,,,,0.0,16.0,0.0,0.0,0.0,0.0,0.0,0.0,2.0,12.0,0.0,1.0,0.0,2.0,0.0,5.0,42.0,0.0,0.0,1.0,0.0,0.0,16.0,0.0,0.0,0.0,1.0,0.0,1.0,0.0,0.0,11.0,87.0,0.0,6.0,0.0,0.0,2.0,205,3,7,0.0,7.8049,0.0,0.0,0.0,0.0,0.0,0.0,0.9756,5.8537,0.0,0.4878,0.0,0.9756,0.0,2.439,20.4878,0.0,0.0,0.4878,0.0,0.0,7.8049,0.0,0.0,0.0,0.4878,0.0,0.4878,0.0,0.0,5.3659,42.439,0.0,2.9268,0.0,0.0,0.9756,RP
920608,,,,0.0,25.0,0.0,1.0,0.0,0.0,0.0,0.0,0.0,18.0,0.0,0.0,3.0,1.0,1.0,10.0,39.0,0.0,0.0,0.0,0.0,0.0,13.0,1.0,0.0,0.0,0.0,0.0,0.0,0.0,0.0,20.0,136.0,0.0,2.0,0.0,0.0,1.0,271,27,1,0.0,9.2251,0.0,0.369,0.0,0.0,0.0,0.0,0.0,6.6421,0.0,0.0,1.107,0.369,0.369,3.69,14.3911,0.0,0.0,0.0,0.0,0.0,4.797,0.369,0.0,0.0,0.0,0.0,0.0,0.0,0.0,7.3801,50.1845,0.0,0.738,0.0,0.0,0.369,RP
920701,,,,0.0,3.0,0.0,0.0,0.0,0.0,1.0,0.0,1.0,9.0,0.0,0.0,1.0,1.0,0.0,0.0,1.0,0.0,0.0,0.0,0.0,1.0,5.0,0.0,0.0,0.0,0.0,0.0,0.0,0.0,0.0,6.0,17.0,0.0,0.0,0.0,0.0,0.0,46,8,2,0.0,6.5217,0.0,0.0,0.0,0.0,2.1739,0.0,2.1739,19.5652,0.0,0.0,2.1739,2.1739,0.0,0.0,2.1739,0.0,0.0,0.0,0.0,2.1739,10.8696,0.0,0.0,0.0,0.0,0.0,0.0,0.0,0.0,13.0435,36.9565,0.0,0.0,0.0,0.0,0.0,RP
920702,,,,8.0,62.0,1.0,3.0,1.0,0.0,1.0,1.0,1.0,153.0,0.0,1.0,18.0,2.0,6.0,58.0,117.0,0.0,0.0,3.0,3.0,6.0,32.0,0.0,2.0,2.0,7.0,1.0,1.0,0.0,1.0,56.0,338.0,0.0,4.0,3.0,2.0,4.0,898,133,40,0.8909,6.9042,0.1114,0.3341,0.1114,0.0,0.1114,0.1114,0.1114,17.0379,0.0,0.1114,2.0045,0.2227,0.6682,6.4588,13.029,0.0,0.0,0.3341,0.3341,0.6682,3.5635,0.0,0.2227,0.2227,0.7795,0.1114,0.1114,0.0,0.1114,6.2361,37.6392,0.0,0.4454,0.3341,0.2227,0.4454,RP
920703,,,,1.0,8.0,0.0,1.0,1.0,0.0,0.0,0.0,3.0,30.0,0.0,0.0,5.0,1.0,0.0,8.0,11.0,0.0,0.0,0.0,0.0,0.0,11.0,0.0,0.0,0.0,3.0,0.0,0.0,0.0,0.0,15.0,69.0,0.0,0.0,0.0,0.0,0.0,167,22,12,0.5988,4.7904,0.0,0.5988,0.5988,0.0,0.0,0.0,1.7964,17.9641,0.0,0.0,2.994,0.5988,0.0,4.7904,6.5868,0.0,0.0,0.0,0.0,0.0,6.5868,0.0,0.0,0.0,1.7964,0.0,0.0,0.0,0.0,8.982,41.3174,0.0,0.0,0.0,0.0,0.0,RP
920705,,,,3.0,3.0,4.0,1.0,0.0,0.0,1.0,1.0,4.0,166.0,0.0,0.0,14.0,2.0,1.0,12.0,4.0,0.0,2.0,7.0,1.0,4.0,8.0,2.0,2.0,2.0,5.0,0.0,1.0,0.0,2.0,32.0,16.0,1.0,4.0,2.0,4.0,2.0,313,234,30,0.9585,0.9585,1.278,0.3195,0.0,0.0,0.3195,0.3195,1.278,53.0351,0.0,0.0,4.4728,0.639,0.3195,3.8339,1.278,0.0,0.639,2.2364,0.3195,1.278,2.5559,0.639,0.639,0.639,1.5974,0.0,0.3195,0.0,0.639,10.2236,5.1118,0.3195,1.278,0.639,1.278,0.639,FP
920706,,,,3.0,14.0,0.0,4.0,1.0,0.0,0.0,1.0,0.0,56.0,0.0,2.0,0.0,2.0,0.0,16.0,26.0,0.0,1.0,1.0,1.0,2.0,6.0,0.0,0.0,1.0,3.0,0.0,1.0,0.0,0.0,19.0,139.0,0.0,3.0,1.0,2.0,2.0,307,29,15,0.9772,4.5603,0.0,1.3029,0.3257,0.0,0.0,0.3257,0.0,18.241,0.0,0.6515,0.0,0.6515,0.0,5.2117,8.4691,0.0,0.3257,0.3257,0.3257,0.6515,1.9544,0.0,0.0,0.3257,0.9772,0.0,0.3257,0.0,0.0,6.1889,45.2769,0.0,0.9772,0.3257,0.6515,0.6515,RP
920709,,,,0.0,0.0,0.0,0.0,0.0,0.0,0.0,0.0,1.0,3.0,0.0,0.0,0.0,1.0,0.0,0.0,1.0,0.0,0.0,0.0,0.0,0.0,0.0,0.0,0.0,0.0,0.0,0.0,0.0,0.0,0.0,4.0,13.0,0.0,0.0,0.0,0.0,0.0,23,2,1,0.0,0.0,0.0,0.0,0.0,0.0,0.0,0.0,4.3478,13.0435,0.0,0.0,0.0,4.3478,0.0,0.0,4.3478,0.0,0.0,0.0,0.0,0.0,0.0,0.0,0.0,0.0,0.0,0.0,0.0,0.0,0.0,17.3913,56.5217,0.0,0.0,0.0,0.0,0.0,RP
920717,,,,0.0,0.0,0.0,0.0,0.0,0.0,0.0,0.0,0.0,0.0,0.0,0.0,0.0,0.0,0.0,0.0,1.0,0.0,0.0,0.0,0.0,0.0,0.0,0.0,0.0,0.0,0.0,0.0,0.0,0.0,0.0,2.0,3.0,0.0,0.0,0.0,0.0,0.0,6,0,0,0.0,0.0,0.0,0.0,0.0,0.0,0.0,0.0,0.0,0.0,0.0,0.0,0.0,0.0,0.0,0.0,16.6667,0.0,0.0,0.0,0.0,0.0,0.0,0.0,0.0,0.0,0.0,0.0,0.0,0.0,0.0,33.3333,50.0,0.0,0.0,0.0,0.0,0.0,RP
920737,,,,0.0,0.0,0.0,1.0,0.0,0.0,0.0,0.0,0.0,3.0,0.0,0.0,0.0,0.0,0.0,1.0,0.0,0.0,0.0,0.0,0.0,0.0,1.0,0.0,0.0,0.0,0.0,0.0,0.0,0.0,0.0,0.0,6.0,0.0,1.0,0.0,0.0,0.0,13,4,0,0.0,0.0,0.0,7.6923,0.0,0.0,0.0,0.0,0.0,23.0769,0.0,0.0,0.0,0.0,0.0,7.6923,0.0,0.0,0.0,0.0,0.0,0.0,7.6923,0.0,0.0,0.0,0.0,0.0,0.0,0.0,0.0,0.0,46.1538,0.0,7.6923,0.0,0.0,0.0,RP
920803,,,,7.0,85.0,5.0,10.0,1.0,0.0,4.0,2.0,5.0,170.0,0.0,0.0,18.0,4.0,7.0,60.0,123.0,5.0,2.0,3.0,4.0,6.0,38.0,0.0,6.0,7.0,3.0,3.0,0.0,0.0,2.0,58.0,541.0,0.0,7.0,8.0,4.0,8.0,1206,154,33,0.5804,7.0481,0.4146,0.8292,0.0829,0.0,0.3317,0.1658,0.4146,14.0962,0.0,0.0,1.4925,0.3317,0.5804,4.9751,10.199,0.4146,0.1658,0.2488,0.3317,0.4975,3.1509,0.0,0.4975,0.5804,0.2488,0.2488,0.0,0.0,0.1658,4.8093,44.859,0.0,0.5804,0.6633,0.3317,0.6633,RP
920901,,,,0.0,3.0,0.0,0.0,0.0,0.0,0.0,0.0,0.0,0.0,0.0,0.0,0.0,0.0,0.0,1.0,0.0,0.0,0.0,0.0,0.0,1.0,3.0,0.0,0.0,0.0,0.0,0.0,0.0,1.0,0.0,1.0,0.0,0.0,0.0,1.0,0.0,0.0,11,4,0,0.0,27.2727,0.0,0.0,0.0,0.0,0.0,0.0,0.0,0.0,0.0,0.0,0.0,0.0,0.0,9.0909,0.0,0.0,0.0,0.0,0.0,9.0909,27.2727,0.0,0.0,0.0,0.0,0.0,0.0,9.0909,0.0,9.0909,0.0,0.0,0.0,9.0909,0.0,0.0,AN
921001,,,,20.0,93.0,14.0,14.0,2.0,0.0,40.0,0.0,57.0,375.0,0.0,4.0,144.0,3.0,12.0,324.0,118.0,1.0,16.0,7.0,6.0,10.0,69.0,4.0,8.0,9.0,17.0,9.0,2.0,1.0,9.0,334.0,222.0,1.0,58.0,21.0,50.0,10.0,2084,728,295,0.9597,4.4626,0.6718,0.6718,0.096,0.0,1.9194,0.0,2.7351,17.9942,0.0,0.1919,6.9098,0.144,0.5758,15.547,5.6622,0.048,0.7678,0.3359,0.2879,0.4798,3.3109,0.1919,0.3839,0.4319,0.8157,0.4319,0.096,0.048,0.4319,16.0269,10.6526,0.048,2.7831,1.0077,2.3992,0.4798,FP
921002,,,,23.0,117.0,15.0,35.0,5.0,0.0,104.0,2.0,104.0,240.0,0.0,3.0,333.0,8.0,20.0,567.0,142.0,2.0,22.0,18.0,29.0,16.0,63.0,6.0,8.0,6.0,29.0,12.0,1.0,5.0,27.0,245.0,136.0,19.0,42.0,13.0,11.0,7.0,2435,866,256,0.9446,4.8049,0.616,1.4374,0.2053,0.0,4.271,0.0821,4.271,9.8563,0.0,0.1232,13.6756,0.3285,0.8214,23.2854,5.8316,0.0821,0.9035,0.7392,1.191,0.6571,2.5873,0.2464,0.3285,0.2464,1.191,0.4928,0.0411,0.2053,1.1088,10.0616,5.5852,0.7803,1.7248,0.5339,0.4517,0.2875,Obras
921003,,,,2.0,23.0,1.0,3.0,1.0,0.0,2.0,1.0,10.0,59.0,0.0,1.0,11.0,1.0,0.0,38.0,32.0,0.0,2.0,0.0,0.0,1.0,16.0,0.0,2.0,3.0,2.0,0.0,0.0,0.0,1.0,62.0,67.0,0.0,4.0,4.0,3.0,3.0,355,77,32,0.5634,6.4789,0.2817,0.8451,0.2817,0.0,0.5634,0.2817,2.8169,16.6197,0.0,0.2817,3.0986,0.2817,0.0,10.7042,9.0141,0.0,0.5634,0.0,0.0,0.2817,4.507,0.0,0.5634,0.8451,0.5634,0.0,0.0,0.0,0.2817,17.4648,18.8732,0.0,1.1268,1.1268,0.8451,0.8451,RP
921005,,,,32.0,219.0,29.0,44.0,5.0,0.0,58.0,5.0,116.0,1099.0,0.0,6.0,205.0,16.0,15.0,582.0,221.0,5.0,22.0,30.0,19.0,25.0,117.0,2.0,9.0,32.0,51.0,18.0,4.0,4.0,27.0,709.0,401.0,8.0,58.0,31.0,110.0,13.0,4347,2226,857,0.7361,5.038,0.6671,1.0122,0.115,0.0,1.3343,0.115,2.6685,25.2818,0.0,0.138,4.7159,0.3681,0.3451,13.3885,5.084,0.115,0.5061,0.6901,0.4371,0.5751,2.6915,0.046,0.207,0.7361,1.1732,0.4141,0.092,0.092,0.6211,16.3101,9.2248,0.184,1.3343,0.7131,2.5305,0.2991,FP
921006,,,,167.0,1405.0,164.0,325.0,43.0,0.0,162.0,61.0,438.0,7308.0,0.0,58.0,1067.0,84.0,145.0,4063.0,2126.0,26.0,180.0,171.0,90.0,120.0,778.0,35.0,114.0,100.0,230.0,83.0,43.0,39.0,210.0,4387.0,3901.0,32.0,410.0,183.0,925.0,89.0,29762,11278,9361,0.5611,4.7208,0.551,1.092,0.1445,0.0,0.5443,0.205,1.4717,24.5548,0.0,0.1949,3.5851,0.2822,0.4872,13.6516,7.1433,0.0874,0.6048,0.5746,0.3024,0.4032,2.6141,0.1176,0.383,0.336,0.7728,0.2789,0.1445,0.131,0.7056,14.7403,13.1073,0.1075,1.3776,0.6149,3.108,0.299,FP
921007,,,,5.0,45.0,7.0,2.0,5.0,0.0,10.0,0.0,15.0,157.0,0.0,1.0,26.0,2.0,4.0,98.0,80.0,0.0,1.0,5.0,4.0,2.0,31.0,0.0,1.0,2.0,7.0,3.0,0.0,0.0,4.0,103.0,157.0,0.0,9.0,12.0,13.0,1.0,812,238,116,0.6158,5.5419,0.8621,0.2463,0.6158,0.0,1.2315,0.0,1.8473,19.335,0.0,0.1232,3.202,0.2463,0.4926,12.069,9.8522,0.0,0.1232,0.6158,0.4926,0.2463,3.8177,0.0,0.1232,0.2463,0.8621,0.3695,0.0,0.0,0.4926,12.6847,19.335,0.0,1.1084,1.4778,1.601,0.1232,FP
921026,,,,2.0,16.0,0.0,4.0,0.0,0.0,4.0,1.0,7.0,47.0,0.0,1.0,20.0,1.0,0.0,46.0,18.0,0.0,6.0,1.0,1.0,2.0,7.0,0.0,1.0,1.0,2.0,3.0,0.0,0.0,1.0,34.0,28.0,0.0,5.0,3.0,7.0,1.0,270,140,32,0.7407,5.9259,0.0,1.4815,0.0,0.0,1.4815,0.3704,2.5926,17.4074,0.0,0.3704,7.4074,0.3704,0.0,17.037,6.6667,0.0,2.2222,0.3704,0.3704,0.7407,2.5926,0.0,0.3704,0.3704,0.7407,1.1111,0.0,0.0,0.3704,12.5926,10.3704,0.0,1.8519,1.1111,2.5926,0.3704,FP
921101,,,,7.0,36.0,2.0,2.0,1.0,0.0,1.0,2.0,10.0,136.0,0.0,1.0,24.0,1.0,0.0,44.0,34.0,0.0,0.0,0.0,3.0,0.0,26.0,1.0,2.0,0.0,5.0,2.0,0.0,0.0,2.0,49.0,245.0,1.0,11.0,1.0,4.0,2.0,655,247,93,1.0687,5.4962,0.3053,0.3053,0.1527,0.0,0.1527,0.3053,1.5267,20.7634,0.0,0.1527,3.6641,0.1527,0.0,6.7176,5.1908,0.0,0.0,0.0,0.458,0.0,3.9695,0.1527,0.3053,0.0,0.7634,0.3053,0.0,0.0,0.3053,7.4809,37.4046,0.1527,1.6794,0.1527,0.6107,0.3053,RP
921102,,,,3.0,6.0,0.0,0.0,0.0,0.0,0.0,0.0,0.0,41.0,0.0,1.0,13.0,0.0,2.0,13.0,14.0,0.0,0.0,2.0,0.0,2.0,8.0,1.0,0.0,1.0,0.0,3.0,0.0,0.0,0.0,14.0,24.0,0.0,2.0,0.0,1.0,0.0,151,215,34,1.9868,3.9735,0.0,0.0,0.0,0.0,0.0,0.0,0.0,27.1523,0.0,0.6623,8.6093,0.0,1.3245,8.6093,9.2715,0.0,0.0,1.3245,0.0,1.3245,5.298,0.6623,0.0,0.6623,0.0,1.9868,0.0,0.0,0.0,9.2715,15.894,0.0,1.3245,0.0,0.6623,0.0,FP
921104,,,,3.0,7.0,2.0,3.0,0.0,0.0,0.0,0.0,3.0,43.0,0.0,1.0,5.0,0.0,1.0,13.0,9.0,0.0,0.0,1.0,2.0,0.0,1.0,0.0,3.0,0.0,3.0,0.0,0.0,0.0,0.0,14.0,10.0,0.0,2.0,0.0,3.0,0.0,129,111,37,2.3256,5.4264,1.5504,2.3256,0.0,0.0,0.0,0.0,2.3256,33.3333,0.0,0.7752,3.876,0.0,0.7752,10.0775,6.9767,0.0,0.0,0.7752,1.5504,0.0,0.7752,0.0,2.3256,0.0,2.3256,0.0,0.0,0.0,0.0,10.8527,7.7519,0.0,1.5504,0.0,2.3256,0.0,FP
921105,,,,2.0,35.0,4.0,9.0,1.0,0.0,2.0,1.0,10.0,131.0,0.0,2.0,45.0,0.0,5.0,50.0,58.0,0.0,2.0,1.0,2.0,8.0,27.0,1.0,1.0,3.0,4.0,1.0,1.0,0.0,0.0,40.0,190.0,0.0,2.0,1.0,1.0,5.0,645,282,96,0.3101,5.4264,0.6202,1.3953,0.155,0.0,0.3101,0.155,1.5504,20.3101,0.0,0.3101,6.9767,0.0,0.7752,7.7519,8.9922,0.0,0.3101,0.155,0.3101,1.2403,4.186,0.155,0.155,0.4651,0.6202,0.155,0.155,0.0,0.0,6.2016,29.4574,0.0,0.3101,0.155,0.155,0.7752,RP
921110,,,,1.0,12.0,3.0,1.0,1.0,0.0,0.0,0.0,6.0,50.0,0.0,1.0,29.0,0.0,0.0,17.0,14.0,0.0,0.0,1.0,1.0,2.0,0.0,0.0,1.0,3.0,5.0,1.0,1.0,1.0,0.0,40.0,40.0,0.0,1.0,2.0,4.0,0.0,238,173,65,0.4202,5.042,1.2605,0.4202,0.4202,0.0,0.0,0.0,2.521,21.0084,0.0,0.4202,12.1849,0.0,0.0,7.1429,5.8824,0.0,0.0,0.4202,0.4202,0.8403,0.0,0.0,0.4202,1.2605,2.1008,0.4202,0.4202,0.4202,0.0,16.8067,16.8067,0.0,0.4202,0.8403,1.6807,0.0,FP
921201,,,,0.0,3.0,0.0,0.0,0.0,0.0,2.0,0.0,0.0,3.0,0.0,0.0,1.0,0.0,0.0,3.0,3.0,0.0,0.0,0.0,0.0,0.0,9.0,0.0,0.0,1.0,0.0,0.0,0.0,0.0,0.0,8.0,23.0,0.0,0.0,1.0,0.0,0.0,57,15,3,0.0,5.2632,0.0,0.0,0.0,0.0,3.5088,0.0,0.0,5.2632,0.0,0.0,1.7544,0.0,0.0,5.2632,5.2632,0.0,0.0,0.0,0.0,0.0,15.7895,0.0,0.0,1.7544,0.0,0.0,0.0,0.0,0.0,14.0351,40.3509,0.0,0.0,1.7544,0.0,0.0,RP
921303,,,,3.0,121.0,1.0,11.0,3.0,0.0,7.0,1.0,10.0,193.0,0.0,1.0,15.0,2.0,6.0,90.0,184.0,0.0,5.0,0.0,4.0,3.0,56.0,1.0,1.0,1.0,2.0,0.0,0.0,0.0,1.0,130.0,530.0,0.0,7.0,12.0,2.0,10.0,1413,202,27,0.2123,8.5633,0.0708,0.7785,0.2123,0.0,0.4954,0.0708,0.7077,13.6589,0.0,0.0708,1.0616,0.1415,0.4246,6.3694,13.0219,0.0,0.3539,0.0,0.2831,0.2123,3.9632,0.0708,0.0708,0.0708,0.1415,0.0,0.0,0.0,0.0708,9.2003,37.5088,0.0,0.4954,0.8493,0.1415,0.7077,RP
921304,,,,4.0,104.0,0.0,13.0,0.0,0.0,8.0,0.0,13.0,165.0,0.0,1.0,13.0,3.0,9.0,75.0,181.0,1.0,1.0,0.0,7.0,3.0,52.0,1.0,1.0,1.0,1.0,0.0,1.0,2.0,5.0,90.0,558.0,0.0,14.0,17.0,1.0,12.0,1357,184,21,0.2948,7.664,0.0,0.958,0.0,0.0,0.5895,0.0,0.958,12.1592,0.0,0.0737,0.958,0.2211,0.6632,5.5269,13.3382,0.0737,0.0737,0.0,0.5158,0.2211,3.832,0.0737,0.0737,0.0737,0.0737,0.0,0.0737,0.1474,0.3685,6.6323,41.1201,0.0,1.0317,1.2528,0.0737,0.8843,RP
921308,,,,4.0,87.0,0.0,10.0,4.0,0.0,1.0,0.0,13.0,131.0,0.0,1.0,19.0,5.0,5.0,89.0,136.0,0.0,5.0,3.0,2.0,4.0,33.0,0.0,2.0,1.0,1.0,3.0,1.0,0.0,5.0,115.0,423.0,0.0,11.0,4.0,5.0,6.0,1129,148,21,0.3543,7.7059,0.0,0.8857,0.3543,0.0,0.0886,0.0,1.1515,11.6032,0.0,0.0886,1.6829,0.4429,0.4429,7.8831,12.0461,0.0,0.4429,0.2657,0.1771,0.3543,2.9229,0.0,0.1771,0.0886,0.0886,0.2657,0.0886,0.0,0.4429,10.186,37.4668,0.0,0.9743,0.3543,0.4429,0.5314,RP
921313,,,,2.0,85.0,2.0,21.0,3.0,0.0,8.0,0.0,7.0,236.0,0.0,3.0,13.0,2.0,7.0,82.0,141.0,1.0,5.0,3.0,2.0,1.0,71.0,3.0,0.0,0.0,1.0,5.0,0.0,0.0,0.0,89.0,989.0,1.0,13.0,4.0,4.0,10.0,1814,225,40,0.1103,4.6858,0.1103,1.1577,0.1654,0.0,0.441,0.0,0.3859,13.0099,0.0,0.1654,0.7166,0.1103,0.3859,4.5204,7.7729,0.0551,0.2756,0.1654,0.1103,0.0551,3.914,0.1654,0.0,0.0,0.0551,0.2756,0.0,0.0,0.0,4.9063,54.5204,0.0551,0.7166,0.2205,0.2205,0.5513,RP
921315,,,,21.0,310.0,7.0,65.0,5.0,0.0,31.0,3.0,57.0,984.0,0.0,3.0,110.0,10.0,21.0,417.0,466.0,0.0,26.0,9.0,12.0,16.0,149.0,2.0,6.0,15.0,17.0,5.0,1.0,0.0,13.0,455.0,2797.0,4.0,39.0,26.0,16.0,57.0,6175,801,170,0.3401,5.0202,0.1134,1.0526,0.081,0.0,0.502,0.0486,0.9231,15.9352,0.0,0.0486,1.7814,0.1619,0.3401,6.753,7.5466,0.0,0.4211,0.1457,0.1943,0.2591,2.413,0.0324,0.0972,0.2429,0.2753,0.081,0.0162,0.0,0.2105,7.3684,45.2955,0.0648,0.6316,0.4211,0.2591,0.9231,RP
921317,,,,19.0,344.0,26.0,101.0,7.0,0.0,16.0,2.0,36.0,1247.0,0.0,6.0,48.0,33.0,22.0,330.0,723.0,3.0,17.0,11.0,28.0,13.0,247.0,6.0,7.0,11.0,16.0,7.0,3.0,3.0,20.0,475.0,5902.0,1.0,50.0,31.0,15.0,99.0,9925,936,207,0.1914,3.466,0.262,1.0176,0.0705,0.0,0.1612,0.0202,0.3627,12.5642,0.0,0.0605,0.4836,0.3325,0.2217,3.3249,7.2846,0.0302,0.1713,0.1108,0.2821,0.131,2.4887,0.0605,0.0705,0.1108,0.1612,0.0705,0.0302,0.0302,0.2015,4.7859,59.466,0.0101,0.5038,0.3123,0.1511,0.9975,RP
921318,,,,0.0,6.0,0.0,0.0,0.0,0.0,0.0,0.0,1.0,26.0,0.0,0.0,0.0,0.0,0.0,7.0,14.0,0.0,0.0,0.0,1.0,1.0,5.0,0.0,0.0,0.0,0.0,1.0,0.0,0.0,0.0,19.0,49.0,0.0,0.0,0.0,0.0,4.0,134,29,8,0.0,4.4776,0.0,0.0,0.0,0.0,0.0,0.0,0.7463,19.403,0.0,0.0,0.0,0.0,0.0,5.2239,10.4478,0.0,0.0,0.0,0.7463,0.7463,3.7313,0.0,0.0,0.0,0.0,0.7463,0.0,0.0,0.0,14.1791,36.5672,0.0,0.0,0.0,0.0,2.9851,RP
921319,,,,19.0,425.0,21.0,100.0,9.0,0.0,39.0,3.0,55.0,1170.0,0.0,2.0,160.0,34.0,32.0,574.0,587.0,4.0,25.0,10.0,25.0,14.0,144.0,8.0,2.0,9.0,18.0,4.0,4.0,1.0,13.0,580.0,2372.0,3.0,48.0,26.0,22.0,42.0,6604,1181,270,0.2877,6.4355,0.318,1.5142,0.1363,0.0,0.5906,0.0454,0.8328,17.7165,0.0,0.0303,2.4228,0.5148,0.4846,8.6917,8.8886,0.0606,0.3786,0.1514,0.3786,0.212,2.1805,0.1211,0.0303,0.1363,0.2726,0.0606,0.0606,0.0151,0.1969,8.7826,35.9176,0.0454,0.7268,0.3937,0.3331,0.636,RP
921320,,,,1.0,42.0,3.0,8.0,1.0,0.0,1.0,1.0,4.0,174.0,0.0,0.0,4.0,2.0,4.0,45.0,91.0,0.0,2.0,0.0,4.0,2.0,32.0,0.0,0.0,0.0,1.0,1.0,0.0,0.0,0.0,63.0,741.0,0.0,8.0,6.0,0.0,13.0,1254,73,34,0.0797,3.3493,0.2392,0.638,0.0797,0.0,0.0797,0.0797,0.319,13.8756,0.0,0.0,0.319,0.1595,0.319,3.5885,7.2568,0.0,0.1595,0.0,0.319,0.1595,2.5518,0.0,0.0,0.0,0.0797,0.0797,0.0,0.0,0.0,5.0239,59.0909,0.0,0.638,0.4785,0.0,1.0367,RP
921322,,,,3.0,18.0,0.0,8.0,1.0,0.0,0.0,0.0,2.0,10.0,0.0,0.0,3.0,0.0,1.0,15.0,32.0,0.0,0.0,0.0,0.0,1.0,9.0,0.0,0.0,1.0,0.0,0.0,0.0,0.0,0.0,16.0,122.0,0.0,0.0,1.0,2.0,4.0,249,33,12,1.2048,7.2289,0.0,3.2129,0.4016,0.0,0.0,0.0,0.8032,4.0161,0.0,0.0,1.2048,0.0,0.4016,6.0241,12.8514,0.0,0.0,0.0,0.0,0.4016,3.6145,0.0,0.0,0.4016,0.0,0.0,0.0,0.0,0.0,6.4257,48.996,0.0,0.0,0.4016,0.8032,1.6064,RP
921323,,,,1.0,7.0,0.0,2.0,0.0,0.0,0.0,0.0,0.0,37.0,0.0,1.0,1.0,0.0,1.0,16.0,35.0,0.0,0.0,0.0,1.0,0.0,9.0,0.0,0.0,0.0,1.0,1.0,0.0,0.0,0.0,12.0,100.0,0.0,12.0,3.0,1.0,0.0,241,42,7,0.4149,2.9046,0.0,0.8299,0.0,0.0,0.0,0.0,0.0,15.3527,0.0,0.4149,0.4149,0.0,0.4149,6.639,14.5228,0.0,0.0,0.0,0.4149,0.0,3.7344,0.0,0.0,0.0,0.4149,0.4149,0.0,0.0,0.0,4.9793,41.4938,0.0,4.9793,1.2448,0.4149,0.0,RP
921324,,,,0.0,16.0,0.0,3.0,0.0,0.0,2.0,2.0,4.0,45.0,0.0,0.0,1.0,0.0,0.0,17.0,45.0,1.0,0.0,2.0,0.0,8.0,20.0,0.0,2.0,0.0,0.0,0.0,0.0,0.0,0.0,28.0,233.0,1.0,1.0,1.0,2.0,2.0,436,54,7,0.0,3.6697,0.0,0.6881,0.0,0.0,0.4587,0.4587,0.9174,10.3211,0.0,0.0,0.2294,0.0,0.0,3.8991,10.3211,0.2294,0.0,0.4587,0.0,1.8349,4.5872,0.0,0.4587,0.0,0.0,0.0,0.0,0.0,0.0,6.422,53.4404,0.2294,0.2294,0.2294,0.4587,0.4587,RP
921325,,,,18.0,252.0,7.0,18.0,8.0,0.0,9.0,0.0,17.0,420.0,0.0,0.0,73.0,3.0,19.0,270.0,342.0,1.0,13.0,8.0,13.0,8.0,72.0,3.0,7.0,3.0,6.0,2.0,2.0,2.0,4.0,243.0,1193.0,1.0,28.0,12.0,5.0,18.0,3100,549,81,0.5806,8.129,0.2258,0.5806,0.2581,0.0,0.2903,0.0,0.5484,13.5484,0.0,0.0,2.3548,0.0968,0.6129,8.7097,11.0323,0.0323,0.4194,0.2581,0.4194,0.2581,2.3226,0.0968,0.2258,0.0968,0.1935,0.0645,0.0645,0.0645,0.129,7.8387,38.4839,0.0323,0.9032,0.3871,0.1613,0.5806,RP
921328,,,,2.0,46.0,2.0,5.0,2.0,0.0,1.0,1.0,7.0,95.0,0.0,0.0,10.0,4.0,4.0,56.0,106.0,0.0,1.0,0.0,3.0,0.0,39.0,0.0,0.0,0.0,2.0,0.0,1.0,0.0,0.0,71.0,356.0,1.0,16.0,5.0,2.0,12.0,850,90,24,0.2353,5.4118,0.2353,0.5882,0.2353,0.0,0.1176,0.1176,0.8235,11.1765,0.0,0.0,1.1765,0.4706,0.4706,6.5882,12.4706,0.0,0.1176,0.0,0.3529,0.0,4.5882,0.0,0.0,0.0,0.2353,0.0,0.1176,0.0,0.0,8.3529,41.8824,0.1176,1.8824,0.5882,0.2353,1.4118,RP
921331,,,,19.0,481.0,16.0,76.0,8.0,0.0,36.0,5.0,56.0,978.0,0.0,6.0,85.0,14.0,30.0,480.0,695.0,3.0,16.0,6.0,20.0,18.0,234.0,1.0,8.0,6.0,19.0,8.0,8.0,2.0,12.0,523.0,2899.0,3.0,53.0,31.0,14.0,54.0,6923,1075,255,0.2744,6.9479,0.2311,1.0978,0.1156,0.0,0.52,0.0722,0.8089,14.1268,0.0,0.0867,1.2278,0.2022,0.4333,6.9334,10.039,0.0433,0.2311,0.0867,0.2889,0.26,3.38,0.0144,0.1156,0.0867,0.2744,0.1156,0.1156,0.0289,0.1733,7.5545,41.8749,0.0433,0.7656,0.4478,0.2022,0.78,RP
921335,,,,22.0,446.0,11.0,167.0,14.0,0.0,50.0,4.0,90.0,1881.0,0.0,14.0,121.0,14.0,52.0,614.0,642.0,4.0,32.0,16.0,40.0,21.0,216.0,4.0,18.0,8.0,20.0,8.0,15.0,38.0,19.0,837.0,3126.0,3.0,63.0,38.0,22.0,71.0,8761,1624,457,0.2511,5.0907,0.1256,1.9062,0.1598,0.0,0.5707,0.0457,1.0273,21.4702,0.0,0.1598,1.3811,0.1598,0.5935,7.0083,7.3279,0.0457,0.3653,0.1826,0.4566,0.2397,2.4655,0.0457,0.2055,0.0913,0.2283,0.0913,0.1712,0.4337,0.2169,9.5537,35.6809,0.0342,0.7191,0.4337,0.2511,0.8104,RP
921350,,,,0.0,50.0,3.0,10.0,1.0,0.0,1.0,0.0,12.0,101.0,0.0,3.0,9.0,1.0,9.0,66.0,77.0,0.0,0.0,2.0,2.0,2.0,30.0,0.0,0.0,1.0,2.0,1.0,1.0,2.0,1.0,71.0,486.0,0.0,7.0,3.0,0.0,7.0,961,66,20,0.0,5.2029,0.3122,1.0406,0.1041,0.0,0.1041,0.0,1.2487,10.5099,0.0,0.3122,0.9365,0.1041,0.9365,6.8678,8.0125,0.0,0.0,0.2081,0.2081,0.2081,3.1217,0.0,0.0,0.1041,0.2081,0.1041,0.1041,0.2081,0.1041,7.3881,50.5723,0.0,0.7284,0.3122,0.0,0.7284,RP
921372,,,,2.0,31.0,0.0,9.0,1.0,0.0,2.0,0.0,1.0,29.0,0.0,0.0,1.0,1.0,5.0,21.0,56.0,0.0,0.0,3.0,0.0,1.0,25.0,0.0,3.0,3.0,1.0,0.0,0.0,0.0,0.0,39.0,249.0,0.0,6.0,2.0,0.0,8.0,499,44,27,0.4008,6.2124,0.0,1.8036,0.2004,0.0,0.4008,0.0,0.2004,5.8116,0.0,0.0,0.2004,0.2004,1.002,4.2084,11.2224,0.0,0.0,0.6012,0.0,0.2004,5.01,0.0,0.6012,0.6012,0.2004,0.0,0.0,0.0,0.0,7.8156,49.8998,0.0,1.2024,0.4008,0.0,1.6032,RP
921373,,,,6.0,76.0,5.0,17.0,3.0,0.0,3.0,0.0,8.0,228.0,0.0,1.0,19.0,7.0,3.0,77.0,145.0,0.0,2.0,3.0,1.0,4.0,41.0,1.0,5.0,1.0,4.0,0.0,0.0,1.0,3.0,114.0,748.0,0.0,13.0,9.0,16.0,8.0,1572,203,35,0.3817,4.8346,0.3181,1.0814,0.1908,0.0,0.1908,0.0,0.5089,14.5038,0.0,0.0636,1.2087,0.4453,0.1908,4.8982,9.2239,0.0,0.1272,0.1908,0.0636,0.2545,2.6081,0.0636,0.3181,0.0636,0.2545,0.0,0.0,0.0636,0.1908,7.2519,47.5827,0.0,0.827,0.5725,1.0178,0.5089,RP
921374,,,,6.0,113.0,4.0,20.0,2.0,0.0,12.0,0.0,21.0,281.0,0.0,1.0,46.0,6.0,8.0,163.0,179.0,0.0,7.0,21.0,6.0,10.0,67.0,1.0,0.0,5.0,14.0,2.0,3.0,0.0,7.0,176.0,571.0,1.0,24.0,14.0,9.0,15.0,1815,242,104,0.3306,6.2259,0.2204,1.1019,0.1102,0.0,0.6612,0.0,1.157,15.4821,0.0,0.0551,2.5344,0.3306,0.4408,8.9807,9.8623,0.0,0.3857,1.157,0.3306,0.551,3.6915,0.0551,0.0,0.2755,0.7713,0.1102,0.1653,0.0,0.3857,9.697,31.4601,0.0551,1.3223,0.7713,0.4959,0.8264,RP
921381,,,,9.0,117.0,1.0,8.0,2.0,0.0,16.0,2.0,18.0,325.0,0.0,2.0,46.0,5.0,8.0,238.0,162.0,0.0,13.0,5.0,7.0,5.0,58.0,0.0,6.0,2.0,18.0,1.0,0.0,1.0,8.0,200.0,908.0,0.0,16.0,6.0,5.0,20.0,2238,347,81,0.4021,5.2279,0.0447,0.3575,0.0894,0.0,0.7149,0.0894,0.8043,14.5219,0.0,0.0894,2.0554,0.2234,0.3575,10.6345,7.2386,0.0,0.5809,0.2234,0.3128,0.2234,2.5916,0.0,0.2681,0.0894,0.8043,0.0447,0.0,0.0447,0.3575,8.9366,40.5719,0.0,0.7149,0.2681,0.2234,0.8937,RP
921385,,,,22.0,218.0,8.0,36.0,10.0,0.0,24.0,1.0,35.0,611.0,0.0,10.0,43.0,3.0,15.0,229.0,242.0,4.0,13.0,6.0,4.0,11.0,79.0,1.0,4.0,3.0,10.0,2.0,1.0,0.0,6.0,385.0,1057.0,1.0,26.0,21.0,13.0,20.0,3174,687,131,0.6931,6.8683,0.252,1.1342,0.3151,0.0,0.7561,0.0315,1.1027,19.2502,0.0,0.3151,1.3548,0.0945,0.4726,7.2149,7.6244,0.126,0.4096,0.189,0.126,0.3466,2.489,0.0315,0.126,0.0945,0.3151,0.063,0.0315,0.0,0.189,12.1298,33.3018,0.0315,0.8192,0.6616,0.4096,0.6301,RP
921501,,,,2.0,13.0,0.0,1.0,0.0,0.0,0.0,0.0,1.0,24.0,0.0,0.0,2.0,0.0,2.0,14.0,14.0,0.0,0.0,0.0,0.0,1.0,3.0,0.0,0.0,0.0,0.0,0.0,0.0,0.0,0.0,3.0,112.0,0.0,2.0,1.0,0.0,2.0,197,14,5,1.0152,6.599,0.0,0.5076,0.0,0.0,0.0,0.0,0.5076,12.1827,0.0,0.0,1.0152,0.0,1.0152,7.1066,7.1066,0.0,0.0,0.0,0.0,0.5076,1.5228,0.0,0.0,0.0,0.0,0.0,0.0,0.0,0.0,1.5228,56.8528,0.0,1.0152,0.5076,0.0,1.0152,RP
921701,,,,0.0,2.0,0.0,0.0,0.0,0.0,0.0,1.0,0.0,18.0,0.0,0.0,1.0,0.0,0.0,0.0,5.0,0.0,0.0,0.0,0.0,0.0,0.0,0.0,0.0,0.0,1.0,1.0,0.0,0.0,0.0,1.0,29.0,0.0,0.0,0.0,0.0,0.0,59,0,4,0.0,3.3898,0.0,0.0,0.0,0.0,0.0,1.6949,0.0,30.5085,0.0,0.0,1.6949,0.0,0.0,0.0,8.4746,0.0,0.0,0.0,0.0,0.0,0.0,0.0,0.0,0.0,1.6949,1.6949,0.0,0.0,0.0,1.6949,49.1525,0.0,0.0,0.0,0.0,0.0,RP
921901,,,,1.0,13.0,0.0,2.0,0.0,0.0,1.0,0.0,1.0,20.0,0.0,1.0,3.0,0.0,3.0,18.0,29.0,0.0,0.0,0.0,0.0,3.0,2.0,0.0,0.0,0.0,1.0,1.0,0.0,0.0,0.0,12.0,106.0,0.0,1.0,0.0,1.0,0.0,219,13,11,0.4566,5.9361,0.0,0.9132,0.0,0.0,0.4566,0.0,0.4566,9.1324,0.0,0.4566,1.3699,0.0,1.3699,8.2192,13.242,0.0,0.0,0.0,0.0,1.3699,0.9132,0.0,0.0,0.0,0.4566,0.4566,0.0,0.0,0.0,5.4795,48.4018,0.0,0.4566,0.0,0.4566,0.0,RP
921902,,,,6.0,95.0,3.0,9.0,3.0,0.0,12.0,0.0,8.0,112.0,0.0,1.0,10.0,1.0,6.0,82.0,119.0,0.0,1.0,3.0,2.0,2.0,48.0,0.0,0.0,3.0,4.0,3.0,0.0,1.0,3.0,49.0,461.0,0.0,9.0,7.0,0.0,6.0,1069,75,47,0.5613,8.8868,0.2806,0.8419,0.2806,0.0,1.1225,0.0,0.7484,10.4771,0.0,0.0935,0.9355,0.0935,0.5613,7.6707,11.1319,0.0,0.0935,0.2806,0.1871,0.1871,4.4902,0.0,0.0,0.2806,0.3742,0.2806,0.0,0.0935,0.2806,4.5837,43.1244,0.0,0.8419,0.6548,0.0,0.5613,RP
921903,,,,0.0,13.0,0.0,2.0,0.0,0.0,0.0,0.0,0.0,40.0,0.0,0.0,3.0,0.0,3.0,16.0,25.0,0.0,1.0,2.0,0.0,0.0,3.0,0.0,2.0,1.0,1.0,0.0,0.0,0.0,1.0,14.0,106.0,0.0,3.0,3.0,0.0,1.0,240,10,3,0.0,5.4167,0.0,0.8333,0.0,0.0,0.0,0.0,0.0,16.6667,0.0,0.0,1.25,0.0,1.25,6.6667,10.4167,0.0,0.4167,0.8333,0.0,0.0,1.25,0.0,0.8333,0.4167,0.4167,0.0,0.0,0.0,0.4167,5.8333,44.1667,0.0,1.25,1.25,0.0,0.4167,RP
922001,,,,0.0,4.0,0.0,0.0,0.0,0.0,0.0,0.0,1.0,10.0,0.0,0.0,3.0,1.0,0.0,2.0,9.0,0.0,0.0,0.0,0.0,0.0,0.0,0.0,0.0,1.0,0.0,0.0,0.0,0.0,0.0,3.0,22.0,0.0,0.0,0.0,0.0,0.0,56,15,0,0.0,7.1429,0.0,0.0,0.0,0.0,0.0,0.0,1.7857,17.8571,0.0,0.0,5.3571,1.7857,0.0,3.5714,16.0714,0.0,0.0,0.0,0.0,0.0,0.0,0.0,0.0,1.7857,0.0,0.0,0.0,0.0,0.0,5.3571,39.2857,0.0,0.0,0.0,0.0,0.0,RP
922101,,,,6.0,63.0,2.0,5.0,0.0,0.0,2.0,1.0,7.0,200.0,0.0,1.0,10.0,6.0,2.0,84.0,98.0,0.0,0.0,2.0,0.0,5.0,38.0,1.0,1.0,5.0,9.0,3.0,1.0,0.0,2.0,67.0,465.0,0.0,12.0,8.0,2.0,3.0,1111,264,69,0.5401,5.6706,0.18,0.45,0.0,0.0,0.18,0.09,0.6301,18.0018,0.0,0.09,0.9001,0.5401,0.18,7.5608,8.8209,0.0,0.0,0.18,0.0,0.45,3.4203,0.09,0.09,0.45,0.8101,0.27,0.09,0.0,0.18,6.0306,41.8542,0.0,1.0801,0.7201,0.18,0.27,RP
922102,,,,0.0,3.0,0.0,2.0,0.0,0.0,0.0,0.0,1.0,7.0,0.0,0.0,1.0,0.0,0.0,6.0,1.0,0.0,0.0,0.0,0.0,0.0,1.0,0.0,0.0,0.0,0.0,0.0,0.0,0.0,0.0,4.0,11.0,0.0,1.0,0.0,0.0,0.0,38,16,4,0.0,7.8947,0.0,5.2632,0.0,0.0,0.0,0.0,2.6316,18.4211,0.0,0.0,2.6316,0.0,0.0,15.7895,2.6316,0.0,0.0,0.0,0.0,0.0,2.6316,0.0,0.0,0.0,0.0,0.0,0.0,0.0,0.0,10.5263,28.9474,0.0,2.6316,0.0,0.0,0.0,RP
922103,,,,0.0,0.0,0.0,0.0,0.0,0.0,0.0,0.0,0.0,1.0,0.0,0.0,0.0,0.0,0.0,0.0,3.0,0.0,0.0,0.0,0.0,0.0,0.0,0.0,0.0,0.0,0.0,0.0,0.0,1.0,0.0,2.0,3.0,0.0,0.0,0.0,0.0,0.0,10,5,0,0.0,0.0,0.0,0.0,0.0,0.0,0.0,0.0,0.0,10.0,0.0,0.0,0.0,0.0,0.0,0.0,30.0,0.0,0.0,0.0,0.0,0.0,0.0,0.0,0.0,0.0,0.0,0.0,0.0,10.0,0.0,20.0,30.0,0.0,0.0,0.0,0.0,0.0,PBG
922108,,,,0.0,1.0,0.0,0.0,0.0,0.0,0.0,0.0,0.0,6.0,0.0,0.0,0.0,0.0,0.0,1.0,1.0,0.0,0.0,0.0,0.0,2.0,3.0,0.0,0.0,0.0,0.0,0.0,0.0,0.0,0.0,1.0,10.0,0.0,0.0,0.0,0.0,0.0,25,3,0,0.0,4.0,0.0,0.0,0.0,0.0,0.0,0.0,0.0,24.0,0.0,0.0,0.0,0.0,0.0,4.0,4.0,0.0,0.0,0.0,0.0,8.0,12.0,0.0,0.0,0.0,0.0,0.0,0.0,0.0,0.0,4.0,40.0,0.0,0.0,0.0,0.0,0.0,RP
922201,,,,7.0,22.0,3.0,2.0,2.0,0.0,2.0,1.0,11.0,90.0,0.0,1.0,7.0,1.0,2.0,46.0,19.0,0.0,1.0,2.0,0.0,1.0,18.0,0.0,0.0,1.0,6.0,2.0,0.0,1.0,0.0,40.0,282.0,1.0,3.0,5.0,1.0,4.0,584,154,42,1.1986,3.7671,0.5137,0.3425,0.3425,0.0,0.3425,0.1712,1.8836,15.411,0.0,0.1712,1.1986,0.1712,0.3425,7.8767,3.2534,0.0,0.1712,0.3425,0.0,0.1712,3.0822,0.0,0.0,0.1712,1.0274,0.3425,0.0,0.1712,0.0,6.8493,48.2877,0.1712,0.5137,0.8562,0.1712,0.6849,RP
922303,,,,2.0,14.0,2.0,0.0,0.0,0.0,0.0,0.0,0.0,32.0,0.0,0.0,1.0,0.0,0.0,7.0,36.0,0.0,0.0,0.0,1.0,0.0,12.0,0.0,0.0,0.0,1.0,0.0,0.0,0.0,2.0,10.0,113.0,0.0,2.0,2.0,1.0,0.0,238,27,4,0.8403,5.8824,0.8403,0.0,0.0,0.0,0.0,0.0,0.0,13.4454,0.0,0.0,0.4202,0.0,0.0,2.9412,15.1261,0.0,0.0,0.0,0.4202,0.0,5.042,0.0,0.0,0.0,0.4202,0.0,0.0,0.0,0.8403,4.2017,47.479,0.0,0.8403,0.8403,0.4202,0.0,RP
922401,,,,4.0,13.0,3.0,1.0,1.0,0.0,6.0,1.0,10.0,92.0,0.0,0.0,3.0,1.0,4.0,48.0,46.0,0.0,4.0,0.0,5.0,3.0,38.0,3.0,0.0,1.0,0.0,0.0,1.0,1.0,1.0,26.0,146.0,0.0,7.0,2.0,2.0,6.0,479,61,17,0.8351,2.714,0.6263,0.2088,0.2088,0.0,1.2526,0.2088,2.0877,19.2067,0.0,0.0,0.6263,0.2088,0.8351,10.0209,9.6033,0.0,0.8351,0.0,1.0438,0.6263,7.9332,0.6263,0.0,0.2088,0.0,0.0,0.2088,0.2088,0.2088,5.428,30.4802,0.0,1.4614,0.4175,0.4175,1.2526,RP
922403,,,,4.0,3.0,0.0,0.0,0.0,0.0,5.0,1.0,1.0,29.0,0.0,0.0,0.0,1.0,0.0,13.0,10.0,0.0,0.0,0.0,0.0,2.0,8.0,0.0,0.0,0.0,1.0,0.0,1.0,0.0,0.0,7.0,28.0,0.0,1.0,1.0,0.0,2.0,118,14,5,3.3898,2.5424,0.0,0.0,0.0,0.0,4.2373,0.8475,0.8475,24.5763,0.0,0.0,0.0,0.8475,0.0,11.0169,8.4746,0.0,0.0,0.0,0.0,1.6949,6.7797,0.0,0.0,0.0,0.8475,0.0,0.8475,0.0,0.0,5.9322,23.7288,0.0,0.8475,0.8475,0.0,1.6949,FP
922601,,,,0.0,0.0,0.0,0.0,0.0,0.0,0.0,0.0,0.0,1.0,0.0,0.0,0.0,0.0,0.0,0.0,6.0,0.0,0.0,0.0,0.0,0.0,0.0,0.0,0.0,0.0,1.0,0.0,0.0,0.0,0.0,1.0,1.0,0.0,0.0,0.0,0.0,1.0,11,0,0,0.0,0.0,0.0,0.0,0.0,0.0,0.0,0.0,0.0,9.0909,0.0,0.0,0.0,0.0,0.0,0.0,54.5455,0.0,0.0,0.0,0.0,0.0,0.0,0.0,0.0,0.0,9.0909,0.0,0.0,0.0,0.0,9.0909,9.0909,0.0,0.0,0.0,0.0,9.0909,PBG
922701,,,,8.0,49.0,2.0,10.0,0.0,0.0,3.0,1.0,11.0,172.0,0.0,1.0,23.0,5.0,5.0,52.0,80.0,0.0,4.0,6.0,7.0,5.0,34.0,0.0,4.0,3.0,21.0,0.0,1.0,0.0,3.0,107.0,188.0,1.0,14.0,15.0,3.0,4.0,842,184,46,0.9501,5.8195,0.2375,1.1876,0.0,0.0,0.3563,0.1188,1.3064,20.4276,0.0,0.1188,2.7316,0.5938,0.5938,6.1758,9.5012,0.0,0.4751,0.7126,0.8314,0.5938,4.038,0.0,0.4751,0.3563,2.4941,0.0,0.1188,0.0,0.3563,12.7078,22.3278,0.1188,1.6627,1.7815,0.3563,0.4751,RP
923001,,,,2.0,4.0,1.0,1.0,2.0,0.0,1.0,0.0,3.0,54.0,0.0,0.0,11.0,0.0,0.0,31.0,5.0,0.0,0.0,1.0,0.0,3.0,9.0,0.0,0.0,1.0,1.0,0.0,0.0,0.0,1.0,42.0,25.0,0.0,5.0,1.0,9.0,0.0,213,60,11,0.939,1.8779,0.4695,0.4695,0.939,0.0,0.4695,0.0,1.4085,25.3521,0.0,0.0,5.1643,0.0,0.0,14.554,2.3474,0.0,0.0,0.4695,0.0,1.4085,4.2254,0.0,0.0,0.4695,0.4695,0.0,0.0,0.0,0.4695,19.7183,11.7371,0.0,2.3474,0.4695,4.2254,0.0,FP
930101,,,,1.0,12.0,0.0,0.0,1.0,0.0,0.0,0.0,2.0,7.0,0.0,1.0,4.0,0.0,2.0,7.0,35.0,0.0,0.0,0.0,0.0,0.0,11.0,0.0,0.0,0.0,0.0,0.0,0.0,0.0,0.0,4.0,19.0,0.0,4.0,0.0,1.0,0.0,111,10,2,0.9009,10.8108,0.0,0.0,0.9009,0.0,0.0,0.0,1.8018,6.3063,0.0,0.9009,3.6036,0.0,1.8018,6.3063,31.5315,0.0,0.0,0.0,0.0,0.0,9.9099,0.0,0.0,0.0,0.0,0.0,0.0,0.0,0.0,3.6036,17.1171,0.0,3.6036,0.0,0.9009,0.0,PBG
930201,,,,0.0,4.0,0.0,1.0,0.0,0.0,0.0,0.0,0.0,4.0,0.0,0.0,1.0,0.0,0.0,1.0,4.0,0.0,0.0,0.0,0.0,0.0,1.0,0.0,0.0,0.0,0.0,0.0,0.0,0.0,0.0,0.0,1.0,0.0,0.0,0.0,0.0,0.0,17,0,1,0.0,23.5294,0.0,5.8824,0.0,0.0,0.0,0.0,0.0,23.5294,0.0,0.0,5.8824,0.0,0.0,5.8824,23.5294,0.0,0.0,0.0,0.0,0.0,5.8824,0.0,0.0,0.0,0.0,0.0,0.0,0.0,0.0,0.0,5.8824,0.0,0.0,0.0,0.0,0.0,AN
930206,,,,0.0,2.0,0.0,0.0,0.0,0.0,0.0,0.0,0.0,5.0,0.0,0.0,0.0,1.0,1.0,1.0,8.0,0.0,0.0,0.0,0.0,0.0,3.0,0.0,0.0,0.0,0.0,0.0,0.0,0.0,0.0,1.0,19.0,0.0,1.0,0.0,0.0,0.0,42,0,0,0.0,4.7619,0.0,0.0,0.0,0.0,0.0,0.0,0.0,11.9048,0.0,0.0,0.0,2.381,2.381,2.381,19.0476,0.0,0.0,0.0,0.0,0.0,7.1429,0.0,0.0,0.0,0.0,0.0,0.0,0.0,0.0,2.381,45.2381,0.0,2.381,0.0,0.0,0.0,RP
930226,,,,1.0,2.0,0.0,0.0,0.0,0.0,1.0,0.0,1.0,9.0,0.0,1.0,1.0,0.0,1.0,2.0,7.0,0.0,1.0,1.0,0.0,0.0,1.0,0.0,0.0,0.0,0.0,0.0,0.0,0.0,1.0,3.0,19.0,0.0,0.0,0.0,0.0,0.0,52,14,5,1.9231,3.8462,0.0,0.0,0.0,0.0,1.9231,0.0,1.9231,17.3077,0.0,1.9231,1.9231,0.0,1.9231,3.8462,13.4615,0.0,1.9231,1.9231,0.0,0.0,1.9231,0.0,0.0,0.0,0.0,0.0,0.0,0.0,1.9231,5.7692,36.5385,0.0,0.0,0.0,0.0,0.0,RP
930232,,,,1.0,3.0,0.0,0.0,0.0,0.0,0.0,0.0,0.0,5.0,0.0,0.0,1.0,0.0,0.0,1.0,6.0,0.0,0.0,0.0,1.0,0.0,2.0,0.0,0.0,0.0,0.0,0.0,0.0,0.0,0.0,1.0,9.0,0.0,0.0,0.0,0.0,0.0,30,11,2,3.3333,10.0,0.0,0.0,0.0,0.0,0.0,0.0,0.0,16.6667,0.0,0.0,3.3333,0.0,0.0,3.3333,20.0,0.0,0.0,0.0,3.3333,0.0,6.6667,0.0,0.0,0.0,0.0,0.0,0.0,0.0,0.0,3.3333,30.0,0.0,0.0,0.0,0.0,0.0,RP
930402,,,,0.0,1.0,0.0,0.0,0.0,0.0,0.0,0.0,0.0,0.0,0.0,0.0,0.0,0.0,0.0,1.0,1.0,0.0,0.0,0.0,0.0,0.0,0.0,0.0,0.0,0.0,0.0,0.0,0.0,0.0,0.0,2.0,4.0,0.0,0.0,0.0,0.0,1.0,10,1,0,0.0,10.0,0.0,0.0,0.0,0.0,0.0,0.0,0.0,0.0,0.0,0.0,0.0,0.0,0.0,10.0,10.0,0.0,0.0,0.0,0.0,0.0,0.0,0.0,0.0,0.0,0.0,0.0,0.0,0.0,0.0,20.0,40.0,0.0,0.0,0.0,0.0,10.0,RP
930703,,,,6.0,51.0,1.0,10.0,2.0,0.0,1.0,0.0,9.0,570.0,0.0,1.0,10.0,3.0,5.0,41.0,85.0,2.0,3.0,0.0,6.0,3.0,38.0,0.0,0.0,0.0,2.0,3.0,0.0,0.0,2.0,77.0,687.0,1.0,19.0,10.0,6.0,10.0,1664,248,74,0.3606,3.0649,0.0601,0.601,0.1202,0.0,0.0601,0.0,0.5409,34.2548,0.0,0.0601,0.601,0.1803,0.3005,2.4639,5.1082,0.1202,0.1803,0.0,0.3606,0.1803,2.2837,0.0,0.0,0.0,0.1202,0.1803,0.0,0.0,0.1202,4.6274,41.2861,0.0601,1.1418,0.601,0.3606,0.601,RP
930704,,,,0.0,0.0,0.0,0.0,1.0,0.0,0.0,0.0,0.0,16.0,0.0,0.0,1.0,0.0,0.0,0.0,1.0,0.0,0.0,0.0,0.0,0.0,1.0,0.0,0.0,0.0,0.0,0.0,0.0,0.0,0.0,2.0,11.0,0.0,0.0,0.0,0.0,0.0,33,9,5,0.0,0.0,0.0,0.0,3.0303,0.0,0.0,0.0,0.0,48.4848,0.0,0.0,3.0303,0.0,0.0,0.0,3.0303,0.0,0.0,0.0,0.0,0.0,3.0303,0.0,0.0,0.0,0.0,0.0,0.0,0.0,0.0,6.0606,33.3333,0.0,0.0,0.0,0.0,0.0,FP
930705,,,,1.0,2.0,0.0,0.0,0.0,0.0,0.0,0.0,0.0,31.0,0.0,1.0,0.0,0.0,0.0,0.0,4.0,0.0,0.0,0.0,0.0,0.0,0.0,0.0,0.0,1.0,1.0,0.0,0.0,0.0,0.0,4.0,29.0,0.0,0.0,0.0,0.0,0.0,74,8,1,1.3514,2.7027,0.0,0.0,0.0,0.0,0.0,0.0,0.0,41.8919,0.0,1.3514,0.0,0.0,0.0,0.0,5.4054,0.0,0.0,0.0,0.0,0.0,0.0,0.0,0.0,1.3514,1.3514,0.0,0.0,0.0,0.0,5.4054,39.1892,0.0,0.0,0.0,0.0,0.0,FP
930709,,,,0.0,3.0,0.0,1.0,2.0,0.0,0.0,0.0,0.0,74.0,0.0,1.0,1.0,0.0,0.0,7.0,6.0,0.0,0.0,0.0,0.0,0.0,7.0,0.0,1.0,0.0,0.0,1.0,0.0,0.0,0.0,12.0,64.0,0.0,1.0,0.0,0.0,0.0,181,26,4,0.0,1.6575,0.0,0.5525,1.105,0.0,0.0,0.0,0.0,40.884,0.0,0.5525,0.5525,0.0,0.0,3.8674,3.3149,0.0,0.0,0.0,0.0,0.0,3.8674,0.0,0.5525,0.0,0.0,0.5525,0.0,0.0,0.0,6.6298,35.3591,0.0,0.5525,0.0,0.0,0.0,FP
930713,,,,1.0,46.0,2.0,15.0,1.0,0.0,3.0,1.0,5.0,502.0,0.0,0.0,12.0,4.0,0.0,54.0,34.0,0.0,14.0,2.0,2.0,0.0,33.0,0.0,0.0,0.0,3.0,2.0,0.0,1.0,2.0,80.0,506.0,1.0,15.0,1.0,4.0,19.0,1365,251,48,0.0733,3.37,0.1465,1.0989,0.0733,0.0,0.2198,0.0733,0.3663,36.7766,0.0,0.0,0.8791,0.293,0.0,3.956,2.4908,0.0,1.0256,0.1465,0.1465,0.0,2.4176,0.0,0.0,0.0,0.2198,0.1465,0.0,0.0733,0.1465,5.8608,37.0696,0.0733,1.0989,0.0733,0.293,1.3919,RP
930720,,,,2.0,23.0,1.0,7.0,1.0,0.0,2.0,0.0,3.0,254.0,0.0,0.0,2.0,2.0,0.0,22.0,24.0,0.0,0.0,0.0,1.0,0.0,10.0,0.0,0.0,1.0,0.0,0.0,0.0,1.0,0.0,28.0,242.0,0.0,4.0,4.0,1.0,10.0,645,81,14,0.3101,3.5659,0.155,1.0853,0.155,0.0,0.3101,0.0,0.4651,39.3798,0.0,0.0,0.3101,0.3101,0.0,3.4109,3.7209,0.0,0.0,0.0,0.155,0.0,1.5504,0.0,0.0,0.155,0.0,0.0,0.0,0.155,0.0,4.3411,37.5194,0.0,0.6202,0.6202,0.155,1.5504,FP
930721,,,,4.0,29.0,2.0,10.0,1.0,0.0,1.0,0.0,4.0,521.0,0.0,1.0,4.0,3.0,3.0,20.0,38.0,0.0,2.0,0.0,2.0,0.0,24.0,1.0,0.0,0.0,1.0,2.0,0.0,2.0,0.0,82.0,547.0,0.0,12.0,3.0,4.0,9.0,1332,297,53,0.3003,2.1772,0.1502,0.7508,0.0751,0.0,0.0751,0.0,0.3003,39.1141,0.0,0.0751,0.3003,0.2252,0.2252,1.5015,2.8529,0.0,0.1502,0.0,0.1502,0.0,1.8018,0.0751,0.0,0.0,0.0751,0.1502,0.0,0.1502,0.0,6.1562,41.0661,0.0,0.9009,0.2252,0.3003,0.6757,RP
930726,,,,2.0,19.0,0.0,20.0,1.0,0.0,1.0,0.0,9.0,333.0,0.0,1.0,0.0,0.0,1.0,27.0,25.0,1.0,1.0,1.0,1.0,3.0,22.0,0.0,1.0,0.0,4.0,0.0,0.0,0.0,1.0,48.0,233.0,0.0,10.0,1.0,0.0,16.0,782,161,23,0.2558,2.4297,0.0,2.5575,0.1279,0.0,0.1279,0.0,1.1509,42.5831,0.0,0.1279,0.0,0.0,0.1279,3.4527,3.1969,0.1279,0.1279,0.1279,0.1279,0.3836,2.8133,0.0,0.1279,0.0,0.5115,0.0,0.0,0.0,0.1279,6.1381,29.7954,0.0,1.2788,0.1279,0.0,2.046,FP
930727,,,,1.0,18.0,0.0,4.0,2.0,0.0,3.0,0.0,2.0,274.0,0.0,0.0,5.0,0.0,4.0,23.0,29.0,0.0,0.0,0.0,1.0,1.0,11.0,0.0,0.0,1.0,0.0,0.0,0.0,1.0,2.0,39.0,263.0,0.0,2.0,1.0,2.0,8.0,697,80,217,0.1435,2.5825,0.0,0.5739,0.2869,0.0,0.4304,0.0,0.2869,39.3113,0.0,0.0,0.7174,0.0,0.5739,3.2999,4.1607,0.0,0.0,0.0,0.1435,0.1435,1.5782,0.0,0.0,0.1435,0.0,0.0,0.0,0.1435,0.2869,5.5954,37.7331,0.0,0.2869,0.1435,0.2869,1.1478,FP
930731,,,,0.0,23.0,0.0,1.0,0.0,0.0,0.0,0.0,3.0,164.0,0.0,0.0,1.0,0.0,0.0,18.0,9.0,2.0,2.0,0.0,2.0,0.0,6.0,0.0,1.0,0.0,0.0,0.0,1.0,0.0,0.0,23.0,173.0,0.0,4.0,4.0,4.0,4.0,445,129,18,0.0,5.1685,0.0,0.2247,0.0,0.0,0.0,0.0,0.6742,36.8539,0.0,0.0,0.2247,0.0,0.0,4.0449,2.0225,0.4494,0.4494,0.0,0.4494,0.0,1.3483,0.0,0.2247,0.0,0.0,0.0,0.2247,0.0,0.0,5.1685,38.8764,0.0,0.8989,0.8989,0.8989,0.8989,RP
930736,,,,1.0,4.0,0.0,4.0,0.0,0.0,1.0,0.0,0.0,152.0,0.0,1.0,0.0,2.0,0.0,12.0,12.0,1.0,0.0,2.0,0.0,0.0,14.0,0.0,0.0,0.0,1.0,0.0,1.0,0.0,0.0,22.0,144.0,0.0,3.0,2.0,0.0,4.0,383,99,19,0.2611,1.0444,0.0,1.0444,0.0,0.0,0.2611,0.0,0.0,39.6867,0.0,0.2611,0.0,0.5222,0.0,3.1332,3.1332,0.2611,0.0,0.5222,0.0,0.0,3.6554,0.0,0.0,0.0,0.2611,0.0,0.2611,0.0,0.0,5.7441,37.5979,0.0,0.7833,0.5222,0.0,1.0444,FP
931001,,,,2.0,4.0,0.0,0.0,0.0,0.0,1.0,0.0,0.0,4.0,0.0,0.0,0.0,1.0,0.0,2.0,5.0,0.0,0.0,0.0,0.0,0.0,2.0,0.0,0.0,0.0,0.0,0.0,0.0,0.0,0.0,1.0,9.0,0.0,0.0,1.0,0.0,1.0,33,1,0,6.0606,12.1212,0.0,0.0,0.0,0.0,3.0303,0.0,0.0,12.1212,0.0,0.0,0.0,3.0303,0.0,6.0606,15.1515,0.0,0.0,0.0,0.0,0.0,6.0606,0.0,0.0,0.0,0.0,0.0,0.0,0.0,0.0,3.0303,27.2727,0.0,0.0,3.0303,0.0,3.0303,RP
931101,,,,0.0,0.0,0.0,0.0,0.0,0.0,0.0,0.0,1.0,0.0,0.0,0.0,0.0,0.0,0.0,2.0,3.0,0.0,0.0,0.0,0.0,0.0,0.0,0.0,0.0,0.0,0.0,0.0,0.0,0.0,0.0,2.0,1.0,0.0,1.0,0.0,0.0,0.0,10,0,0,0.0,0.0,0.0,0.0,0.0,0.0,0.0,0.0,10.0,0.0,0.0,0.0,0.0,0.0,0.0,20.0,30.0,0.0,0.0,0.0,0.0,0.0,0.0,0.0,0.0,0.0,0.0,0.0,0.0,0.0,0.0,20.0,10.0,0.0,10.0,0.0,0.0,0.0,PBG
931501,,,,0.0,6.0,0.0,0.0,0.0,0.0,0.0,0.0,1.0,1.0,0.0,0.0,0.0,0.0,0.0,0.0,4.0,0.0,0.0,0.0,0.0,1.0,3.0,0.0,0.0,0.0,0.0,0.0,0.0,0.0,0.0,1.0,8.0,0.0,0.0,0.0,0.0,0.0,25,4,1,0.0,24.0,0.0,0.0,0.0,0.0,0.0,0.0,4.0,4.0,0.0,0.0,0.0,0.0,0.0,0.0,16.0,0.0,0.0,0.0,0.0,4.0,12.0,0.0,0.0,0.0,0.0,0.0,0.0,0.0,0.0,4.0,32.0,0.0,0.0,0.0,0.0,0.0,RP
931503,,,,0.0,0.0,0.0,0.0,0.0,0.0,0.0,0.0,0.0,0.0,0.0,0.0,0.0,0.0,0.0,0.0,2.0,0.0,0.0,0.0,0.0,1.0,2.0,0.0,0.0,0.0,0.0,0.0,0.0,0.0,0.0,1.0,4.0,0.0,0.0,0.0,0.0,0.0,10,0,1,0.0,0.0,0.0,0.0,0.0,0.0,0.0,0.0,0.0,0.0,0.0,0.0,0.0,0.0,0.0,0.0,20.0,0.0,0.0,0.0,0.0,10.0,20.0,0.0,0.0,0.0,0.0,0.0,0.0,0.0,0.0,10.0,40.0,0.0,0.0,0.0,0.0,0.0,RP
932002,,,,0.0,1.0,0.0,0.0,0.0,0.0,0.0,0.0,0.0,0.0,0.0,0.0,0.0,0.0,0.0,0.0,1.0,0.0,0.0,0.0,1.0,0.0,0.0,0.0,0.0,0.0,0.0,0.0,0.0,0.0,0.0,0.0,2.0,0.0,0.0,0.0,0.0,0.0,5,0,0,0.0,20.0,0.0,0.0,0.0,0.0,0.0,0.0,0.0,0.0,0.0,0.0,0.0,0.0,0.0,0.0,20.0,0.0,0.0,0.0,20.0,0.0,0.0,0.0,0.0,0.0,0.0,0.0,0.0,0.0,0.0,0.0,40.0,0.0,0.0,0.0,0.0,0.0,RP
932501,,,,0.0,3.0,0.0,0.0,0.0,0.0,0.0,0.0,0.0,2.0,0.0,0.0,0.0,0.0,1.0,1.0,9.0,0.0,0.0,0.0,0.0,0.0,2.0,0.0,0.0,0.0,0.0,0.0,0.0,0.0,0.0,1.0,15.0,0.0,0.0,0.0,0.0,0.0,34,1,0,0.0,8.8235,0.0,0.0,0.0,0.0,0.0,0.0,0.0,5.8824,0.0,0.0,0.0,0.0,2.9412,2.9412,26.4706,0.0,0.0,0.0,0.0,0.0,5.8824,0.0,0.0,0.0,0.0,0.0,0.0,0.0,0.0,2.9412,44.1176,0.0,0.0,0.0,0.0,0.0,RP
933001,,,,0.0,0.0,0.0,0.0,0.0,0.0,0.0,0.0,0.0,0.0,0.0,0.0,0.0,0.0,0.0,0.0,4.0,0.0,0.0,0.0,0.0,0.0,0.0,0.0,0.0,0.0,0.0,0.0,0.0,0.0,0.0,0.0,3.0,0.0,0.0,0.0,0.0,0.0,7,0,1,0.0,0.0,0.0,0.0,0.0,0.0,0.0,0.0,0.0,0.0,0.0,0.0,0.0,0.0,0.0,0.0,57.1429,0.0,0.0,0.0,0.0,0.0,0.0,0.0,0.0,0.0,0.0,0.0,0.0,0.0,0.0,0.0,42.8571,0.0,0.0,0.0,0.0,0.0,PBG
933201,,,,0.0,1.0,0.0,0.0,0.0,0.0,0.0,0.0,1.0,2.0,0.0,0.0,0.0,0.0,0.0,0.0,3.0,0.0,0.0,0.0,0.0,0.0,0.0,0.0,0.0,0.0,0.0,0.0,0.0,0.0,0.0,0.0,4.0,0.0,0.0,0.0,0.0,0.0,11,2,0,0.0,9.0909,0.0,0.0,0.0,0.0,0.0,0.0,9.0909,18.1818,0.0,0.0,0.0,0.0,0.0,0.0,27.2727,0.0,0.0,0.0,0.0,0.0,0.0,0.0,0.0,0.0,0.0,0.0,0.0,0.0,0.0,0.0,36.3636,0.0,0.0,0.0,0.0,0.0,RP
940201,,,,12.0,144.0,1.0,5.0,2.0,0.0,4.0,0.0,8.0,43.0,0.0,1.0,11.0,3.0,6.0,52.0,236.0,0.0,3.0,1.0,2.0,6.0,66.0,1.0,0.0,1.0,2.0,1.0,0.0,0.0,2.0,43.0,200.0,0.0,9.0,1.0,2.0,5.0,873,83,15,1.3746,16.4948,0.1145,0.5727,0.2291,0.0,0.4582,0.0,0.9164,4.9255,0.0,0.1145,1.26,0.3436,0.6873,5.9565,27.0332,0.0,0.3436,0.1145,0.2291,0.6873,7.5601,0.1145,0.0,0.1145,0.2291,0.1145,0.0,0.0,0.2291,4.9255,22.9095,0.0,1.0309,0.1145,0.2291,0.5727,PBG
940203,,,,1.0,21.0,0.0,1.0,0.0,0.0,0.0,0.0,3.0,17.0,0.0,0.0,7.0,1.0,3.0,10.0,53.0,0.0,0.0,0.0,0.0,0.0,14.0,0.0,0.0,0.0,2.0,0.0,0.0,0.0,0.0,21.0,72.0,0.0,2.0,1.0,0.0,0.0,229,23,5,0.4367,9.1703,0.0,0.4367,0.0,0.0,0.0,0.0,1.31,7.4236,0.0,0.0,3.0568,0.4367,1.31,4.3668,23.1441,0.0,0.0,0.0,0.0,0.0,6.1135,0.0,0.0,0.0,0.8734,0.0,0.0,0.0,0.0,9.1703,31.441,0.0,0.8734,0.4367,0.0,0.0,RP
940205,,,,2.0,82.0,1.0,1.0,1.0,0.0,1.0,3.0,2.0,34.0,0.0,0.0,6.0,1.0,6.0,30.0,168.0,0.0,0.0,1.0,0.0,0.0,36.0,0.0,0.0,0.0,0.0,2.0,0.0,1.0,0.0,33.0,197.0,0.0,10.0,4.0,0.0,6.0,628,52,27,0.3185,13.0573,0.1592,0.1592,0.1592,0.0,0.1592,0.4777,0.3185,5.414,0.0,0.0,0.9554,0.1592,0.9554,4.7771,26.7516,0.0,0.0,0.1592,0.0,0.0,5.7325,0.0,0.0,0.0,0.0,0.3185,0.0,0.1592,0.0,5.2548,31.3694,0.0,1.5924,0.6369,0.0,0.9554,RP
940206,,,,11.0,46.0,0.0,4.0,1.0,0.0,3.0,0.0,2.0,18.0,0.0,2.0,11.0,2.0,3.0,24.0,83.0,0.0,1.0,0.0,0.0,2.0,35.0,0.0,0.0,0.0,2.0,0.0,1.0,1.0,0.0,31.0,137.0,0.0,9.0,4.0,1.0,3.0,437,73,7,2.5172,10.5263,0.0,0.9153,0.2288,0.0,0.6865,0.0,0.4577,4.119,0.0,0.4577,2.5172,0.4577,0.6865,5.492,18.9931,0.0,0.2288,0.0,0.0,0.4577,8.0092,0.0,0.0,0.0,0.4577,0.0,0.2288,0.2288,0.0,7.0938,31.3501,0.0,2.0595,0.9153,0.2288,0.6865,RP
940213,,,,6.0,92.0,1.0,4.0,0.0,0.0,3.0,0.0,5.0,29.0,0.0,0.0,11.0,1.0,4.0,31.0,132.0,1.0,0.0,0.0,0.0,0.0,60.0,0.0,2.0,0.0,1.0,1.0,0.0,0.0,0.0,22.0,192.0,1.0,12.0,3.0,1.0,2.0,617,51,9,0.9724,14.9109,0.1621,0.6483,0.0,0.0,0.4862,0.0,0.8104,4.7002,0.0,0.0,1.7828,0.1621,0.6483,5.0243,21.3938,0.1621,0.0,0.0,0.0,0.0,9.7245,0.0,0.3241,0.0,0.1621,0.1621,0.0,0.0,0.0,3.5656,31.1183,0.1621,1.9449,0.4862,0.1621,0.3241,RP
940245,,,,6.0,129.0,2.0,8.0,0.0,0.0,2.0,0.0,13.0,56.0,0.0,2.0,10.0,0.0,6.0,60.0,285.0,0.0,4.0,1.0,2.0,4.0,78.0,0.0,0.0,2.0,3.0,0.0,0.0,2.0,0.0,71.0,352.0,2.0,12.0,5.0,2.0,6.0,1125,106,19,0.5333,11.4667,0.1778,0.7111,0.0,0.0,0.1778,0.0,1.1556,4.9778,0.0,0.1778,0.8889,0.0,0.5333,5.3333,25.3333,0.0,0.3556,0.0889,0.1778,0.3556,6.9333,0.0,0.0,0.1778,0.2667,0.0,0.0,0.1778,0.0,6.3111,31.2889,0.1778,1.0667,0.4444,0.1778,0.5333,RP
940302,,,,1.0,39.0,1.0,1.0,6.0,0.0,1.0,0.0,3.0,16.0,0.0,1.0,2.0,3.0,1.0,22.0,73.0,0.0,0.0,0.0,2.0,0.0,30.0,0.0,0.0,0.0,0.0,1.0,0.0,0.0,0.0,34.0,96.0,0.0,4.0,0.0,0.0,4.0,341,42,5,0.2933,11.437,0.2933,0.2933,1.7595,0.0,0.2933,0.0,0.8798,4.6921,0.0,0.2933,0.5865,0.8798,0.2933,6.4516,21.4076,0.0,0.0,0.0,0.5865,0.0,8.7977,0.0,0.0,0.0,0.0,0.2933,0.0,0.0,0.0,9.9707,28.1525,0.0,1.173,0.0,0.0,1.173,RP
940401,,,,1.0,39.0,0.0,1.0,1.0,0.0,1.0,2.0,5.0,19.0,0.0,0.0,3.0,2.0,1.0,17.0,28.0,0.0,0.0,1.0,1.0,0.0,12.0,0.0,2.0,2.0,0.0,1.0,0.0,0.0,0.0,18.0,71.0,0.0,6.0,2.0,0.0,1.0,237,41,4,0.4219,16.4557,0.0,0.4219,0.4219,0.0,0.4219,0.8439,2.1097,8.0169,0.0,0.0,1.2658,0.8439,0.4219,7.173,11.8143,0.0,0.0,0.4219,0.4219,0.0,5.0633,0.0,0.8439,0.8439,0.0,0.4219,0.0,0.0,0.0,7.5949,29.9578,0.0,2.5316,0.8439,0.0,0.4219,RP
940402,,,,15.0,136.0,3.0,6.0,0.0,0.0,4.0,1.0,19.0,104.0,0.0,0.0,22.0,4.0,8.0,95.0,177.0,1.0,2.0,5.0,3.0,6.0,74.0,2.0,7.0,0.0,5.0,1.0,0.0,0.0,5.0,99.0,219.0,1.0,12.0,2.0,3.0,6.0,1047,228,59,1.4327,12.9895,0.2865,0.5731,0.0,0.0,0.382,0.0955,1.8147,9.9331,0.0,0.0,2.1012,0.382,0.7641,9.0735,16.9054,0.0955,0.191,0.4776,0.2865,0.5731,7.0678,0.191,0.6686,0.0,0.4776,0.0955,0.0,0.0,0.4776,9.4556,20.9169,0.0955,1.1461,0.191,0.2865,0.5731,RP
940403,,,,2.0,16.0,1.0,1.0,0.0,0.0,1.0,0.0,0.0,18.0,0.0,0.0,0.0,1.0,1.0,9.0,45.0,0.0,0.0,0.0,0.0,0.0,10.0,0.0,0.0,0.0,0.0,0.0,0.0,0.0,0.0,7.0,34.0,0.0,4.0,2.0,0.0,2.0,154,9,5,1.2987,10.3896,0.6494,0.6494,0.0,0.0,0.6494,0.0,0.0,11.6883,0.0,0.0,0.0,0.6494,0.6494,5.8442,29.2208,0.0,0.0,0.0,0.0,0.0,6.4935,0.0,0.0,0.0,0.0,0.0,0.0,0.0,0.0,4.5455,22.0779,0.0,2.5974,1.2987,0.0,1.2987,PBG
940404,,,,2.0,11.0,1.0,2.0,0.0,0.0,0.0,0.0,0.0,9.0,0.0,0.0,0.0,0.0,1.0,3.0,15.0,0.0,0.0,0.0,0.0,0.0,7.0,0.0,0.0,1.0,0.0,0.0,0.0,0.0,0.0,5.0,26.0,0.0,0.0,0.0,1.0,1.0,85,3,1,2.3529,12.9412,1.1765,2.3529,0.0,0.0,0.0,0.0,0.0,10.5882,0.0,0.0,0.0,0.0,1.1765,3.5294,17.6471,0.0,0.0,0.0,0.0,0.0,8.2353,0.0,0.0,1.1765,0.0,0.0,0.0,0.0,0.0,5.8824,30.5882,0.0,0.0,0.0,1.1765,1.1765,RP
940601,,,,0.0,10.0,0.0,2.0,0.0,0.0,0.0,1.0,2.0,4.0,0.0,0.0,1.0,0.0,1.0,8.0,24.0,0.0,1.0,0.0,0.0,1.0,6.0,1.0,0.0,0.0,0.0,0.0,0.0,0.0,0.0,6.0,33.0,0.0,1.0,2.0,1.0,2.0,107,11,0,0.0,9.3458,0.0,1.8692,0.0,0.0,0.0,0.9346,1.8692,3.7383,0.0,0.0,0.9346,0.0,0.9346,7.4766,22.4299,0.0,0.9346,0.0,0.0,0.9346,5.6075,0.9346,0.0,0.0,0.0,0.0,0.0,0.0,0.0,5.6075,30.8411,0.0,0.9346,1.8692,0.9346,1.8692,RP
940801,,,,4.0,21.0,0.0,3.0,0.0,0.0,2.0,0.0,1.0,17.0,0.0,1.0,3.0,0.0,2.0,16.0,17.0,0.0,0.0,0.0,0.0,0.0,12.0,1.0,0.0,0.0,0.0,0.0,0.0,0.0,0.0,13.0,52.0,0.0,4.0,5.0,0.0,3.0,177,14,4,2.2599,11.8644,0.0,1.6949,0.0,0.0,1.1299,0.0,0.565,9.6045,0.0,0.565,1.6949,0.0,1.1299,9.0395,9.6045,0.0,0.0,0.0,0.0,0.0,6.7797,0.565,0.0,0.0,0.0,0.0,0.0,0.0,0.0,7.3446,29.3785,0.0,2.2599,2.8249,0.0,1.6949,RP
940902,,,,80.0,1500.0,81.0,261.0,27.0,0.0,107.0,23.0,234.0,2924.0,0.0,20.0,335.0,64.0,144.0,1836.0,2679.0,13.0,60.0,67.0,65.0,72.0,866.0,12.0,56.0,52.0,65.0,49.0,14.0,22.0,63.0,3105.0,3961.0,6.0,293.0,129.0,457.0,131.0,19873,3619,993,0.4026,7.5479,0.4076,1.3133,0.1359,0.0,0.5384,0.1157,1.1775,14.7134,0.0,0.1006,1.6857,0.322,0.7246,9.2387,13.4806,0.0654,0.3019,0.3371,0.3271,0.3623,4.3577,0.0604,0.2818,0.2617,0.3271,0.2466,0.0704,0.1107,0.317,15.6242,19.9316,0.0302,1.4744,0.6491,2.2996,0.6592,RP
940903,,,,17.0,293.0,15.0,27.0,11.0,0.0,19.0,1.0,44.0,547.0,0.0,9.0,82.0,9.0,21.0,405.0,427.0,3.0,18.0,13.0,9.0,19.0,181.0,2.0,6.0,4.0,27.0,5.0,7.0,1.0,9.0,493.0,598.0,2.0,76.0,15.0,16.0,13.0,3444,619,177,0.4936,8.5075,0.4355,0.784,0.3194,0.0,0.5517,0.029,1.2776,15.8827,0.0,0.2613,2.381,0.2613,0.6098,11.7596,12.3984,0.0871,0.5226,0.3775,0.2613,0.5517,5.2555,0.0581,0.1742,0.1161,0.784,0.1452,0.2033,0.029,0.2613,14.3148,17.3635,0.0581,2.2067,0.4355,0.4646,0.3775,RP
940905,,,,2.0,66.0,3.0,6.0,0.0,0.0,4.0,0.0,12.0,130.0,0.0,3.0,28.0,1.0,7.0,116.0,134.0,1.0,2.0,2.0,1.0,2.0,33.0,1.0,1.0,2.0,4.0,1.0,0.0,0.0,6.0,121.0,174.0,1.0,18.0,5.0,3.0,5.0,895,175,42,0.2235,7.3743,0.3352,0.6704,0.0,0.0,0.4469,0.0,1.3408,14.5251,0.0,0.3352,3.1285,0.1117,0.7821,12.9609,14.9721,0.1117,0.2235,0.2235,0.1117,0.2235,3.6872,0.1117,0.1117,0.2235,0.4469,0.1117,0.0,0.0,0.6704,13.5196,19.4413,0.1117,2.0112,0.5587,0.3352,0.5587,RP
940909,,,,2.0,18.0,1.0,4.0,1.0,0.0,1.0,1.0,6.0,39.0,0.0,0.0,3.0,2.0,0.0,39.0,33.0,0.0,0.0,0.0,0.0,2.0,8.0,0.0,0.0,1.0,2.0,2.0,0.0,0.0,1.0,18.0,63.0,0.0,3.0,2.0,1.0,1.0,254,53,8,0.7874,7.0866,0.3937,1.5748,0.3937,0.0,0.3937,0.3937,2.3622,15.3543,0.0,0.0,1.1811,0.7874,0.0,15.3543,12.9921,0.0,0.0,0.0,0.0,0.7874,3.1496,0.0,0.0,0.3937,0.7874,0.7874,0.0,0.0,0.3937,7.0866,24.8031,0.0,1.1811,0.7874,0.3937,0.3937,RP
940910,,,,194.0,2716.0,139.0,430.0,48.0,0.0,144.0,29.0,450.0,5654.0,0.0,67.0,795.0,71.0,181.0,3687.0,4214.0,18.0,166.0,108.0,127.0,131.0,1535.0,24.0,76.0,81.0,151.0,69.0,32.0,28.0,112.0,5710.0,7350.0,17.0,514.0,216.0,304.0,200.0,35788,6712,2731,0.5421,7.5891,0.3884,1.2015,0.1341,0.0,0.4024,0.081,1.2574,15.7986,0.0,0.1872,2.2214,0.1984,0.5058,10.3023,11.7749,0.0503,0.4638,0.3018,0.3549,0.366,4.2891,0.0671,0.2124,0.2263,0.4219,0.1928,0.0894,0.0782,0.313,15.9551,20.5376,0.0475,1.4362,0.6036,0.8494,0.5588,RP
940911,,,,1.0,35.0,0.0,3.0,1.0,0.0,1.0,0.0,4.0,50.0,0.0,0.0,4.0,0.0,0.0,26.0,42.0,0.0,5.0,0.0,0.0,1.0,24.0,0.0,2.0,2.0,0.0,0.0,0.0,0.0,2.0,45.0,105.0,0.0,7.0,5.0,2.0,2.0,369,47,11,0.271,9.4851,0.0,0.813,0.271,0.0,0.271,0.0,1.084,13.5501,0.0,0.0,1.084,0.0,0.0,7.0461,11.3821,0.0,1.355,0.0,0.0,0.271,6.5041,0.0,0.542,0.542,0.0,0.0,0.0,0.0,0.542,12.1951,28.4553,0.0,1.897,1.355,0.542,0.542,RP
940913,,,,5.0,78.0,4.0,14.0,1.0,0.0,4.0,2.0,13.0,141.0,0.0,3.0,24.0,3.0,4.0,97.0,108.0,1.0,2.0,1.0,1.0,0.0,38.0,0.0,3.0,1.0,2.0,1.0,0.0,1.0,0.0,161.0,256.0,2.0,17.0,4.0,6.0,10.0,1008,143,46,0.496,7.7381,0.3968,1.3889,0.0992,0.0,0.3968,0.1984,1.2897,13.9881,0.0,0.2976,2.381,0.2976,0.3968,9.623,10.7143,0.0992,0.1984,0.0992,0.0992,0.0,3.7698,0.0,0.2976,0.0992,0.1984,0.0992,0.0,0.0992,0.0,15.9722,25.3968,0.1984,1.6865,0.3968,0.5952,0.9921,RP
940915,,,,7.0,26.0,0.0,1.0,1.0,0.0,2.0,0.0,3.0,56.0,0.0,0.0,8.0,1.0,2.0,36.0,69.0,1.0,0.0,1.0,4.0,0.0,22.0,0.0,2.0,0.0,1.0,0.0,0.0,1.0,0.0,53.0,81.0,1.0,6.0,2.0,4.0,1.0,392,69,9,1.7857,6.6327,0.0,0.2551,0.2551,0.0,0.5102,0.0,0.7653,14.2857,0.0,0.0,2.0408,0.2551,0.5102,9.1837,17.602,0.2551,0.0,0.2551,1.0204,0.0,5.6122,0.0,0.5102,0.0,0.2551,0.0,0.0,0.2551,0.0,13.5204,20.6633,0.2551,1.5306,0.5102,1.0204,0.2551,RP
940917,,,,3.0,87.0,6.0,23.0,6.0,0.0,6.0,1.0,17.0,189.0,0.0,1.0,31.0,7.0,12.0,106.0,141.0,1.0,3.0,4.0,5.0,2.0,51.0,1.0,4.0,6.0,7.0,4.0,2.0,1.0,7.0,147.0,268.0,8.0,14.0,6.0,8.0,5.0,1190,179,180,0.2521,7.3109,0.5042,1.9328,0.5042,0.0,0.5042,0.084,1.4286,15.8824,0.0,0.084,2.605,0.5882,1.0084,8.9076,11.8487,0.084,0.2521,0.3361,0.4202,0.1681,4.2857,0.084,0.3361,0.5042,0.5882,0.3361,0.1681,0.084,0.5882,12.3529,22.521,0.6723,1.1765,0.5042,0.6723,0.4202,RP
940918,,,,7.0,146.0,8.0,29.0,5.0,0.0,12.0,1.0,32.0,270.0,0.0,3.0,39.0,4.0,9.0,189.0,272.0,2.0,9.0,7.0,6.0,11.0,67.0,1.0,10.0,6.0,29.0,4.0,6.0,0.0,4.0,274.0,400.0,1.0,31.0,12.0,28.0,8.0,1942,389,140,0.3605,7.518,0.4119,1.4933,0.2575,0.0,0.6179,0.0515,1.6478,13.9032,0.0,0.1545,2.0082,0.206,0.4634,9.7322,14.0062,0.103,0.4634,0.3605,0.309,0.5664,3.4501,0.0515,0.5149,0.309,1.4933,0.206,0.309,0.0,0.206,14.1092,20.5973,0.0515,1.5963,0.6179,1.4418,0.4119,RP
940920,,,,19.0,137.0,7.0,14.0,4.0,0.0,7.0,0.0,41.0,310.0,0.0,2.0,29.0,3.0,14.0,176.0,325.0,0.0,3.0,7.0,13.0,4.0,125.0,0.0,2.0,6.0,13.0,4.0,2.0,0.0,7.0,233.0,649.0,2.0,34.0,26.0,8.0,12.0,2238,392,130,0.849,6.1215,0.3128,0.6256,0.1787,0.0,0.3128,0.0,1.832,13.8517,0.0,0.0894,1.2958,0.134,0.6256,7.8642,14.5219,0.0,0.134,0.3128,0.5809,0.1787,5.5853,0.0,0.0894,0.2681,0.5809,0.1787,0.0894,0.0,0.3128,10.4111,28.9991,0.0894,1.5192,1.1618,0.3575,0.5362,RP
940922,,,,7.0,70.0,9.0,8.0,1.0,0.0,6.0,0.0,16.0,203.0,0.0,4.0,23.0,3.0,8.0,126.0,124.0,1.0,15.0,4.0,8.0,4.0,32.0,0.0,3.0,4.0,4.0,3.0,2.0,0.0,5.0,167.0,175.0,1.0,30.0,8.0,3.0,7.0,1084,205,66,0.6458,6.4576,0.8303,0.738,0.0923,0.0,0.5535,0.0,1.476,18.7269,0.0,0.369,2.1218,0.2768,0.738,11.6236,11.4391,0.0923,1.3838,0.369,0.738,0.369,2.952,0.0,0.2768,0.369,0.369,0.2768,0.1845,0.0,0.4613,15.4059,16.1439,0.0923,2.7675,0.738,0.2768,0.6458,FP
940931,,,,1.0,44.0,0.0,1.0,0.0,0.0,0.0,0.0,7.0,67.0,0.0,0.0,9.0,3.0,1.0,24.0,65.0,1.0,5.0,1.0,4.0,1.0,29.0,0.0,1.0,1.0,14.0,0.0,0.0,0.0,3.0,80.0,76.0,0.0,17.0,2.0,4.0,3.0,464,79,22,0.2155,9.4828,0.0,0.2155,0.0,0.0,0.0,0.0,1.5086,14.4397,0.0,0.0,1.9397,0.6466,0.2155,5.1724,14.0086,0.2155,1.0776,0.2155,0.8621,0.2155,6.25,0.0,0.2155,0.2155,3.0172,0.0,0.0,0.0,0.6466,17.2414,16.3793,0.0,3.6638,0.431,0.8621,0.6466,PxT
940935,,,,7.0,41.0,1.0,4.0,1.0,0.0,3.0,0.0,9.0,139.0,0.0,2.0,10.0,3.0,2.0,80.0,95.0,0.0,4.0,2.0,4.0,3.0,31.0,0.0,1.0,4.0,4.0,1.0,2.0,1.0,4.0,122.0,106.0,0.0,15.0,3.0,3.0,6.0,713,154,28,0.9818,5.7504,0.1403,0.561,0.1403,0.0,0.4208,0.0,1.2623,19.4951,0.0,0.2805,1.4025,0.4208,0.2805,11.2202,13.324,0.0,0.561,0.2805,0.561,0.4208,4.3478,0.0,0.1403,0.561,0.561,0.1403,0.2805,0.1403,0.561,17.1108,14.8668,0.0,2.1038,0.4208,0.4208,0.8415,FP
941001,,,,0.0,16.0,0.0,2.0,0.0,0.0,0.0,0.0,0.0,6.0,0.0,0.0,0.0,0.0,3.0,10.0,32.0,0.0,0.0,0.0,0.0,0.0,4.0,0.0,0.0,0.0,0.0,0.0,0.0,0.0,0.0,5.0,25.0,0.0,0.0,0.0,0.0,1.0,104,11,1,0.0,15.3846,0.0,1.9231,0.0,0.0,0.0,0.0,0.0,5.7692,0.0,0.0,0.0,0.0,2.8846,9.6154,30.7692,0.0,0.0,0.0,0.0,0.0,3.8462,0.0,0.0,0.0,0.0,0.0,0.0,0.0,0.0,4.8077,24.0385,0.0,0.0,0.0,0.0,0.9615,PBG
941101,,,,3.0,23.0,1.0,0.0,1.0,0.0,2.0,0.0,2.0,8.0,0.0,0.0,1.0,0.0,1.0,9.0,40.0,0.0,0.0,0.0,0.0,0.0,12.0,0.0,0.0,0.0,0.0,0.0,0.0,0.0,0.0,8.0,38.0,0.0,5.0,0.0,0.0,0.0,154,24,4,1.9481,14.9351,0.6494,0.0,0.6494,0.0,1.2987,0.0,1.2987,5.1948,0.0,0.0,0.6494,0.0,0.6494,5.8442,25.974,0.0,0.0,0.0,0.0,0.0,7.7922,0.0,0.0,0.0,0.0,0.0,0.0,0.0,0.0,5.1948,24.6753,0.0,3.2468,0.0,0.0,0.0,PBG
941103,,,,0.0,18.0,0.0,1.0,0.0,0.0,0.0,0.0,3.0,6.0,0.0,1.0,0.0,1.0,2.0,5.0,15.0,0.0,1.0,0.0,0.0,0.0,10.0,0.0,0.0,0.0,0.0,0.0,0.0,0.0,0.0,5.0,24.0,0.0,0.0,0.0,0.0,0.0,92,17,1,0.0,19.5652,0.0,1.087,0.0,0.0,0.0,0.0,3.2609,6.5217,0.0,1.087,0.0,1.087,2.1739,5.4348,16.3043,0.0,1.087,0.0,0.0,0.0,10.8696,0.0,0.0,0.0,0.0,0.0,0.0,0.0,0.0,5.4348,26.087,0.0,0.0,0.0,0.0,0.0,RP
941105,,,,2.0,28.0,0.0,1.0,0.0,0.0,0.0,0.0,2.0,20.0,0.0,0.0,6.0,3.0,2.0,20.0,70.0,0.0,2.0,0.0,1.0,1.0,26.0,0.0,0.0,0.0,0.0,0.0,0.0,0.0,0.0,19.0,48.0,0.0,5.0,0.0,0.0,4.0,260,25,3,0.7692,10.7692,0.0,0.3846,0.0,0.0,0.0,0.0,0.7692,7.6923,0.0,0.0,2.3077,1.1538,0.7692,7.6923,26.9231,0.0,0.7692,0.0,0.3846,0.3846,10.0,0.0,0.0,0.0,0.0,0.0,0.0,0.0,0.0,7.3077,18.4615,0.0,1.9231,0.0,0.0,1.5385,PBG
941106,,,,1.0,18.0,0.0,0.0,1.0,0.0,1.0,0.0,0.0,12.0,0.0,1.0,2.0,0.0,1.0,11.0,36.0,0.0,0.0,0.0,1.0,1.0,19.0,0.0,0.0,0.0,1.0,0.0,0.0,0.0,0.0,3.0,30.0,0.0,1.0,0.0,1.0,2.0,143,3,8,0.6993,12.5874,0.0,0.0,0.6993,0.0,0.6993,0.0,0.0,8.3916,0.0,0.6993,1.3986,0.0,0.6993,7.6923,25.1748,0.0,0.0,0.0,0.6993,0.6993,13.2867,0.0,0.0,0.0,0.6993,0.0,0.0,0.0,0.0,2.0979,20.979,0.0,0.6993,0.0,0.6993,1.3986,PBG
941107,,,,0.0,9.0,0.0,0.0,0.0,0.0,0.0,0.0,0.0,16.0,0.0,0.0,1.0,0.0,1.0,13.0,20.0,0.0,0.0,0.0,1.0,0.0,5.0,0.0,0.0,0.0,0.0,0.0,0.0,1.0,0.0,13.0,29.0,0.0,1.0,0.0,1.0,1.0,112,17,9,0.0,8.0357,0.0,0.0,0.0,0.0,0.0,0.0,0.0,14.2857,0.0,0.0,0.8929,0.0,0.8929,11.6071,17.8571,0.0,0.0,0.0,0.8929,0.0,4.4643,0.0,0.0,0.0,0.0,0.0,0.0,0.8929,0.0,11.6071,25.8929,0.0,0.8929,0.0,0.8929,0.8929,RP
941108,,,,38.0,428.0,4.0,25.0,4.0,0.0,15.0,3.0,30.0,340.0,0.0,1.0,60.0,12.0,25.0,322.0,657.0,2.0,19.0,9.0,11.0,15.0,204.0,2.0,5.0,6.0,13.0,6.0,3.0,1.0,8.0,319.0,788.0,6.0,40.0,16.0,27.0,26.0,3490,662,113,1.0888,12.2636,0.1146,0.7163,0.1146,0.0,0.4298,0.086,0.8596,9.7421,0.0,0.0287,1.7192,0.3438,0.7163,9.2264,18.8252,0.0573,0.5444,0.2579,0.3152,0.4298,5.8453,0.0573,0.1433,0.1719,0.3725,0.1719,0.086,0.0287,0.2292,9.1404,22.5788,0.1719,1.1461,0.4585,0.7736,0.745,RP
941110,,,,2.0,33.0,0.0,1.0,1.0,0.0,1.0,0.0,2.0,20.0,0.0,0.0,3.0,1.0,2.0,13.0,40.0,0.0,3.0,0.0,1.0,1.0,15.0,0.0,0.0,0.0,1.0,0.0,0.0,0.0,1.0,9.0,53.0,0.0,7.0,0.0,0.0,0.0,210,17,4,0.9524,15.7143,0.0,0.4762,0.4762,0.0,0.4762,0.0,0.9524,9.5238,0.0,0.0,1.4286,0.4762,0.9524,6.1905,19.0476,0.0,1.4286,0.0,0.4762,0.4762,7.1429,0.0,0.0,0.0,0.4762,0.0,0.0,0.0,0.4762,4.2857,25.2381,0.0,3.3333,0.0,0.0,0.0,RP
941204,,,,8.0,140.0,5.0,6.0,1.0,0.0,6.0,1.0,14.0,118.0,0.0,0.0,19.0,6.0,4.0,91.0,334.0,0.0,6.0,3.0,1.0,5.0,90.0,1.0,1.0,0.0,3.0,1.0,1.0,0.0,0.0,106.0,502.0,3.0,15.0,4.0,2.0,4.0,1501,155,46,0.533,9.3271,0.3331,0.3997,0.0666,0.0,0.3997,0.0666,0.9327,7.8614,0.0,0.0,1.2658,0.3997,0.2665,6.0626,22.2518,0.0,0.3997,0.1999,0.0666,0.3331,5.996,0.0666,0.0666,0.0,0.1999,0.0666,0.0666,0.0,0.0,7.062,33.4444,0.1999,0.9993,0.2665,0.1332,0.2665,RP
941301,,,,0.0,2.0,0.0,3.0,0.0,0.0,1.0,0.0,1.0,6.0,0.0,0.0,3.0,0.0,0.0,6.0,3.0,0.0,0.0,0.0,0.0,0.0,2.0,0.0,0.0,0.0,0.0,0.0,0.0,0.0,1.0,3.0,4.0,0.0,1.0,0.0,0.0,0.0,36,8,3,0.0,5.5556,0.0,8.3333,0.0,0.0,2.7778,0.0,2.7778,16.6667,0.0,0.0,8.3333,0.0,0.0,16.6667,8.3333,0.0,0.0,0.0,0.0,0.0,5.5556,0.0,0.0,0.0,0.0,0.0,0.0,0.0,2.7778,8.3333,11.1111,0.0,2.7778,0.0,0.0,0.0,FP
941401,,,,8.0,88.0,0.0,4.0,4.0,0.0,5.0,1.0,8.0,66.0,0.0,1.0,13.0,2.0,5.0,30.0,230.0,0.0,1.0,2.0,0.0,0.0,82.0,0.0,1.0,0.0,2.0,2.0,0.0,2.0,0.0,42.0,275.0,1.0,8.0,3.0,1.0,5.0,892,50,17,0.8969,9.8655,0.0,0.4484,0.4484,0.0,0.5605,0.1121,0.8969,7.3991,0.0,0.1121,1.4574,0.2242,0.5605,3.3632,25.7848,0.0,0.1121,0.2242,0.0,0.0,9.1928,0.0,0.1121,0.0,0.2242,0.2242,0.0,0.2242,0.0,4.7085,30.8296,0.1121,0.8969,0.3363,0.1121,0.5605,RP
941501,,,,0.0,1.0,0.0,0.0,0.0,0.0,0.0,0.0,1.0,16.0,0.0,0.0,1.0,1.0,1.0,10.0,20.0,0.0,1.0,1.0,0.0,1.0,10.0,0.0,0.0,0.0,0.0,0.0,0.0,0.0,0.0,0.0,35.0,0.0,2.0,0.0,0.0,0.0,101,6,2,0.0,0.9901,0.0,0.0,0.0,0.0,0.0,0.0,0.9901,15.8416,0.0,0.0,0.9901,0.9901,0.9901,9.901,19.802,0.0,0.9901,0.9901,0.0,0.9901,9.901,0.0,0.0,0.0,0.0,0.0,0.0,0.0,0.0,0.0,34.6535,0.0,1.9802,0.0,0.0,0.0,RP
941701,,,,12.0,144.0,8.0,9.0,2.0,0.0,7.0,5.0,26.0,179.0,0.0,2.0,40.0,7.0,6.0,214.0,139.0,2.0,14.0,4.0,4.0,7.0,55.0,1.0,2.0,0.0,5.0,6.0,11.0,0.0,2.0,203.0,226.0,4.0,12.0,15.0,9.0,6.0,1388,331,48,0.8646,10.3746,0.5764,0.6484,0.1441,0.0,0.5043,0.3602,1.8732,12.8963,0.0,0.1441,2.8818,0.5043,0.4323,15.4179,10.0144,0.1441,1.0086,0.2882,0.2882,0.5043,3.9625,0.072,0.1441,0.0,0.3602,0.4323,0.7925,0.0,0.1441,14.6254,16.2824,0.2882,0.8646,1.0807,0.6484,0.4323,RP
941703,,,,23.0,445.0,11.0,30.0,11.0,0.0,33.0,4.0,94.0,678.0,0.0,4.0,191.0,11.0,23.0,880.0,384.0,3.0,42.0,19.0,9.0,46.0,164.0,3.0,6.0,14.0,30.0,4.0,1.0,6.0,13.0,611.0,601.0,1.0,68.0,34.0,25.0,39.0,4561,965,236,0.5043,9.7566,0.2412,0.6578,0.2412,0.0,0.7235,0.0877,2.061,14.8652,0.0,0.0877,4.1877,0.2412,0.5043,19.294,8.4192,0.0658,0.9209,0.4166,0.1973,1.0086,3.5957,0.0658,0.1316,0.307,0.6578,0.0877,0.0219,0.1316,0.285,13.3962,13.1769,0.0219,1.4909,0.7455,0.5481,0.8551,Obras
941704,,,,8.0,173.0,6.0,14.0,1.0,0.0,11.0,4.0,32.0,371.0,0.0,7.0,64.0,3.0,15.0,405.0,234.0,2.0,22.0,10.0,7.0,9.0,86.0,4.0,9.0,9.0,9.0,6.0,3.0,3.0,9.0,295.0,375.0,4.0,32.0,21.0,14.0,17.0,2294,449,190,0.3487,7.5414,0.2616,0.6103,0.0436,0.0,0.4795,0.1744,1.3949,16.1726,0.0,0.3051,2.7899,0.1308,0.6539,17.6548,10.2005,0.0872,0.959,0.4359,0.3051,0.3923,3.7489,0.1744,0.3923,0.3923,0.3923,0.2616,0.1308,0.1308,0.3923,12.8596,16.347,0.1744,1.3949,0.9154,0.6103,0.7411,Obras
941706,,,,133.0,1847.0,47.0,151.0,29.0,0.0,122.0,21.0,392.0,3143.0,0.0,41.0,535.0,78.0,113.0,3930.0,2121.0,15.0,205.0,80.0,90.0,118.0,863.0,25.0,43.0,80.0,126.0,46.0,15.0,17.0,64.0,3087.0,3693.0,17.0,363.0,123.0,126.0,136.0,22035,4452,1588,0.6036,8.3821,0.2133,0.6853,0.1316,0.0,0.5537,0.0953,1.779,14.2637,0.0,0.1861,2.428,0.354,0.5128,17.8353,9.6256,0.0681,0.9303,0.3631,0.4084,0.5355,3.9165,0.1135,0.1951,0.3631,0.5718,0.2088,0.0681,0.0771,0.2904,14.0095,16.7597,0.0771,1.6474,0.5582,0.5718,0.6172,Obras
941707,,,,3.0,34.0,0.0,2.0,3.0,0.0,5.0,0.0,12.0,93.0,0.0,2.0,23.0,2.0,3.0,80.0,29.0,0.0,1.0,2.0,3.0,6.0,24.0,0.0,1.0,3.0,2.0,1.0,0.0,0.0,1.0,77.0,88.0,0.0,3.0,2.0,4.0,3.0,512,109,21,0.5859,6.6406,0.0,0.3906,0.5859,0.0,0.9766,0.0,2.3438,18.1641,0.0,0.3906,4.4922,0.3906,0.5859,15.625,5.6641,0.0,0.1953,0.3906,0.5859,1.1719,4.6875,0.0,0.1953,0.5859,0.3906,0.1953,0.0,0.0,0.1953,15.0391,17.1875,0.0,0.5859,0.3906,0.7812,0.5859,FP
941709,,,,43.0,714.0,29.0,80.0,16.0,0.0,43.0,12.0,87.0,1108.0,0.0,15.0,257.0,28.0,44.0,1431.0,695.0,1.0,53.0,31.0,33.0,28.0,332.0,45.0,13.0,26.0,66.0,22.0,7.0,10.0,36.0,1035.0,1489.0,7.0,141.0,57.0,90.0,51.0,8175,1568,752,0.526,8.7339,0.3547,0.9786,0.1957,0.0,0.526,0.1468,1.0642,13.5535,0.0,0.1835,3.1437,0.3425,0.5382,17.5046,8.5015,0.0122,0.6483,0.3792,0.4037,0.3425,4.0612,0.5505,0.159,0.318,0.8073,0.2691,0.0856,0.1223,0.4404,12.6606,18.2141,0.0856,1.7248,0.6972,1.1009,0.6239,RP
941710,,,,3.0,21.0,0.0,3.0,0.0,0.0,1.0,1.0,4.0,22.0,0.0,0.0,9.0,0.0,0.0,21.0,16.0,1.0,0.0,1.0,0.0,1.0,16.0,0.0,0.0,0.0,1.0,0.0,0.0,0.0,0.0,15.0,69.0,0.0,3.0,3.0,0.0,1.0,212,25,5,1.4151,9.9057,0.0,1.4151,0.0,0.0,0.4717,0.4717,1.8868,10.3774,0.0,0.0,4.2453,0.0,0.0,9.9057,7.5472,0.4717,0.0,0.4717,0.0,0.4717,7.5472,0.0,0.0,0.0,0.4717,0.0,0.0,0.0,0.0,7.0755,32.5472,0.0,1.4151,1.4151,0.0,0.4717,RP
941711,,,,77.0,648.0,21.0,83.0,9.0,0.0,36.0,10.0,142.0,891.0,0.0,16.0,218.0,9.0,34.0,1087.0,669.0,7.0,52.0,33.0,27.0,29.0,332.0,9.0,19.0,13.0,45.0,14.0,11.0,5.0,36.0,859.0,1078.0,13.0,109.0,49.0,187.0,46.0,6923,1279,409,1.1122,9.3601,0.3033,1.1989,0.13,0.0,0.52,0.1444,2.0511,12.8701,0.0,0.2311,3.1489,0.13,0.4911,15.7013,9.6634,0.1011,0.7511,0.4767,0.39,0.4189,4.7956,0.13,0.2744,0.1878,0.65,0.2022,0.1589,0.0722,0.52,12.4079,15.5713,0.1878,1.5745,0.7078,2.7011,0.6645,Obras
941717,,,,3.0,89.0,1.0,13.0,3.0,0.0,5.0,2.0,26.0,129.0,0.0,1.0,22.0,1.0,7.0,131.0,110.0,1.0,13.0,2.0,2.0,13.0,45.0,1.0,0.0,2.0,19.0,4.0,3.0,0.0,3.0,134.0,98.0,0.0,10.0,6.0,7.0,3.0,909,226,34,0.33,9.791,0.11,1.4301,0.33,0.0,0.5501,0.22,2.8603,14.1914,0.0,0.11,2.4202,0.11,0.7701,14.4114,12.1012,0.11,1.4301,0.22,0.22,1.4301,4.9505,0.11,0.0,0.22,2.0902,0.44,0.33,0.0,0.33,14.7415,10.7811,0.0,1.1001,0.6601,0.7701,0.33,PxT
941748,,,,12.0,49.0,2.0,6.0,1.0,0.0,5.0,4.0,15.0,60.0,0.0,3.0,26.0,2.0,10.0,130.0,46.0,1.0,10.0,1.0,0.0,3.0,31.0,1.0,7.0,2.0,12.0,1.0,0.0,3.0,4.0,100.0,109.0,1.0,9.0,6.0,4.0,9.0,685,184,50,1.7518,7.1533,0.292,0.8759,0.146,0.0,0.7299,0.5839,2.1898,8.7591,0.0,0.438,3.7956,0.292,1.4599,18.9781,6.7153,0.146,1.4599,0.146,0.0,0.438,4.5255,0.146,1.0219,0.292,1.7518,0.146,0.0,0.438,0.5839,14.5985,15.9124,0.146,1.3139,0.8759,0.5839,1.3139,Obras
941755,,,,2.0,24.0,1.0,1.0,0.0,0.0,2.0,0.0,1.0,46.0,0.0,0.0,9.0,0.0,3.0,38.0,44.0,1.0,3.0,2.0,4.0,2.0,25.0,0.0,1.0,0.0,0.0,1.0,0.0,0.0,4.0,40.0,54.0,0.0,3.0,1.0,7.0,1.0,320,95,7,0.625,7.5,0.3125,0.3125,0.0,0.0,0.625,0.0,0.3125,14.375,0.0,0.0,2.8125,0.0,0.9375,11.875,13.75,0.3125,0.9375,0.625,1.25,0.625,7.8125,0.0,0.3125,0.0,0.0,0.3125,0.0,0.0,1.25,12.5,16.875,0.0,0.9375,0.3125,2.1875,0.3125,RP
941801,,,,0.0,13.0,0.0,0.0,0.0,0.0,1.0,0.0,0.0,2.0,0.0,0.0,1.0,0.0,2.0,4.0,24.0,0.0,0.0,0.0,0.0,0.0,8.0,0.0,0.0,0.0,0.0,0.0,0.0,0.0,0.0,4.0,21.0,0.0,2.0,0.0,0.0,3.0,85,6,2,0.0,15.2941,0.0,0.0,0.0,0.0,1.1765,0.0,0.0,2.3529,0.0,0.0,1.1765,0.0,2.3529,4.7059,28.2353,0.0,0.0,0.0,0.0,0.0,9.4118,0.0,0.0,0.0,0.0,0.0,0.0,0.0,0.0,4.7059,24.7059,0.0,2.3529,0.0,0.0,3.5294,PBG
942001,,,,0.0,11.0,0.0,1.0,0.0,0.0,1.0,1.0,0.0,5.0,0.0,1.0,1.0,1.0,0.0,16.0,28.0,0.0,1.0,0.0,0.0,0.0,7.0,0.0,0.0,0.0,0.0,0.0,0.0,0.0,0.0,13.0,55.0,0.0,3.0,0.0,0.0,0.0,145,33,4,0.0,7.5862,0.0,0.6897,0.0,0.0,0.6897,0.6897,0.0,3.4483,0.0,0.6897,0.6897,0.6897,0.0,11.0345,19.3103,0.0,0.6897,0.0,0.0,0.0,4.8276,0.0,0.0,0.0,0.0,0.0,0.0,0.0,0.0,8.9655,37.931,0.0,2.069,0.0,0.0,0.0,RP
942101,,,,0.0,1.0,0.0,0.0,0.0,0.0,0.0,0.0,0.0,1.0,0.0,0.0,0.0,0.0,0.0,2.0,6.0,0.0,1.0,0.0,0.0,0.0,1.0,0.0,0.0,0.0,0.0,0.0,0.0,0.0,0.0,3.0,2.0,0.0,0.0,0.0,0.0,0.0,17,0,0,0.0,5.8824,0.0,0.0,0.0,0.0,0.0,0.0,0.0,5.8824,0.0,0.0,0.0,0.0,0.0,11.7647,35.2941,0.0,5.8824,0.0,0.0,0.0,5.8824,0.0,0.0,0.0,0.0,0.0,0.0,0.0,0.0,17.6471,11.7647,0.0,0.0,0.0,0.0,0.0,PBG
942302,,,,2.0,31.0,0.0,1.0,1.0,0.0,0.0,0.0,2.0,9.0,0.0,0.0,2.0,0.0,2.0,10.0,35.0,0.0,1.0,1.0,0.0,0.0,9.0,0.0,0.0,0.0,0.0,0.0,0.0,0.0,0.0,7.0,28.0,0.0,1.0,0.0,0.0,1.0,143,10,2,1.3986,21.6783,0.0,0.6993,0.6993,0.0,0.0,0.0,1.3986,6.2937,0.0,0.0,1.3986,0.0,1.3986,6.993,24.4755,0.0,0.6993,0.6993,0.0,0.0,6.2937,0.0,0.0,0.0,0.0,0.0,0.0,0.0,0.0,4.8951,19.5804,0.0,0.6993,0.0,0.0,0.6993,PBG
942401,,,,0.0,12.0,0.0,0.0,0.0,0.0,0.0,0.0,1.0,7.0,0.0,0.0,0.0,0.0,1.0,9.0,18.0,0.0,0.0,1.0,0.0,0.0,7.0,0.0,0.0,0.0,0.0,0.0,0.0,0.0,0.0,6.0,33.0,0.0,0.0,1.0,1.0,0.0,97,8,1,0.0,12.3711,0.0,0.0,0.0,0.0,0.0,0.0,1.0309,7.2165,0.0,0.0,0.0,0.0,1.0309,9.2784,18.5567,0.0,0.0,1.0309,0.0,0.0,7.2165,0.0,0.0,0.0,0.0,0.0,0.0,0.0,0.0,6.1856,34.0206,0.0,0.0,1.0309,1.0309,0.0,RP
942502,,,,0.0,21.0,1.0,3.0,0.0,0.0,0.0,0.0,1.0,18.0,0.0,1.0,1.0,1.0,4.0,9.0,71.0,0.0,0.0,0.0,0.0,0.0,17.0,0.0,0.0,0.0,0.0,0.0,0.0,0.0,0.0,10.0,59.0,1.0,0.0,1.0,0.0,2.0,221,14,6,0.0,9.5023,0.4525,1.3575,0.0,0.0,0.0,0.0,0.4525,8.1448,0.0,0.4525,0.4525,0.4525,1.81,4.0724,32.1267,0.0,0.0,0.0,0.0,0.0,7.6923,0.0,0.0,0.0,0.0,0.0,0.0,0.0,0.0,4.5249,26.6968,0.4525,0.0,0.4525,0.0,0.905,PBG
942601,,,,1.0,3.0,1.0,0.0,0.0,0.0,0.0,0.0,0.0,3.0,0.0,0.0,0.0,0.0,0.0,6.0,3.0,0.0,0.0,0.0,0.0,0.0,1.0,0.0,0.0,0.0,0.0,0.0,0.0,0.0,0.0,5.0,5.0,0.0,2.0,1.0,0.0,0.0,31,3,1,3.2258,9.6774,3.2258,0.0,0.0,0.0,0.0,0.0,0.0,9.6774,0.0,0.0,0.0,0.0,0.0,19.3548,9.6774,0.0,0.0,0.0,0.0,0.0,3.2258,0.0,0.0,0.0,0.0,0.0,0.0,0.0,0.0,16.129,16.129,0.0,6.4516,3.2258,0.0,0.0,Obras
942604,,,,0.0,1.0,0.0,0.0,0.0,0.0,0.0,0.0,0.0,3.0,0.0,0.0,1.0,0.0,0.0,1.0,0.0,0.0,0.0,1.0,0.0,0.0,2.0,0.0,0.0,0.0,0.0,0.0,0.0,0.0,0.0,1.0,4.0,0.0,0.0,0.0,0.0,0.0,14,0,1,0.0,7.1429,0.0,0.0,0.0,0.0,0.0,0.0,0.0,21.4286,0.0,0.0,7.1429,0.0,0.0,7.1429,0.0,0.0,0.0,7.1429,0.0,0.0,14.2857,0.0,0.0,0.0,0.0,0.0,0.0,0.0,0.0,7.1429,28.5714,0.0,0.0,0.0,0.0,0.0,RP
942701,,,,18.0,168.0,0.0,10.0,0.0,0.0,3.0,1.0,14.0,62.0,0.0,1.0,26.0,5.0,10.0,97.0,106.0,0.0,5.0,1.0,2.0,7.0,47.0,1.0,2.0,1.0,2.0,1.0,0.0,0.0,1.0,82.0,267.0,0.0,10.0,2.0,1.0,4.0,957,166,17,1.8809,17.5549,0.0,1.0449,0.0,0.0,0.3135,0.1045,1.4629,6.4786,0.0,0.1045,2.7168,0.5225,1.0449,10.1358,11.0763,0.0,0.5225,0.1045,0.209,0.7315,4.9112,0.1045,0.209,0.1045,0.209,0.1045,0.0,0.0,0.1045,8.5684,27.8997,0.0,1.0449,0.209,0.1045,0.418,RP
942703,,,,6.0,18.0,0.0,3.0,0.0,0.0,0.0,1.0,5.0,7.0,0.0,0.0,3.0,0.0,1.0,8.0,33.0,0.0,0.0,0.0,0.0,0.0,8.0,0.0,0.0,0.0,2.0,1.0,0.0,0.0,0.0,10.0,50.0,0.0,1.0,0.0,0.0,1.0,158,19,4,3.7975,11.3924,0.0,1.8987,0.0,0.0,0.0,0.6329,3.1646,4.4304,0.0,0.0,1.8987,0.0,0.6329,5.0633,20.8861,0.0,0.0,0.0,0.0,0.0,5.0633,0.0,0.0,0.0,1.2658,0.6329,0.0,0.0,0.0,6.3291,31.6456,0.0,0.6329,0.0,0.0,0.6329,RP
942802,,,,6.0,99.0,2.0,6.0,0.0,0.0,1.0,2.0,10.0,52.0,0.0,1.0,19.0,2.0,9.0,65.0,134.0,0.0,1.0,2.0,1.0,6.0,62.0,5.0,2.0,1.0,4.0,0.0,1.0,0.0,1.0,50.0,374.0,0.0,9.0,8.0,7.0,22.0,964,74,40,0.6224,10.2697,0.2075,0.6224,0.0,0.0,0.1037,0.2075,1.0373,5.3942,0.0,0.1037,1.971,0.2075,0.9336,6.7427,13.9004,0.0,0.1037,0.2075,0.1037,0.6224,6.4315,0.5187,0.2075,0.1037,0.4149,0.0,0.1037,0.0,0.1037,5.1867,38.7967,0.0,0.9336,0.8299,0.7261,2.2822,RP
942803,,,,4.0,126.0,0.0,13.0,2.0,0.0,7.0,1.0,10.0,141.0,0.0,2.0,22.0,8.0,8.0,107.0,142.0,0.0,9.0,3.0,4.0,3.0,66.0,5.0,2.0,11.0,1.0,1.0,1.0,0.0,0.0,109.0,445.0,0.0,12.0,5.0,6.0,7.0,1283,283,44,0.3118,9.8207,0.0,1.0133,0.1559,0.0,0.5456,0.0779,0.7794,10.9899,0.0,0.1559,1.7147,0.6235,0.6235,8.3398,11.0678,0.0,0.7015,0.2338,0.3118,0.2338,5.1442,0.3897,0.1559,0.8574,0.0779,0.0779,0.0779,0.0,0.0,8.4957,34.6843,0.0,0.9353,0.3897,0.4677,0.5456,RP
942901,,,,4.0,22.0,1.0,5.0,0.0,0.0,3.0,1.0,3.0,8.0,0.0,0.0,1.0,1.0,1.0,17.0,10.0,0.0,0.0,1.0,0.0,3.0,4.0,1.0,1.0,0.0,0.0,0.0,1.0,0.0,0.0,12.0,14.0,0.0,2.0,1.0,1.0,2.0,120,23,7,3.3333,18.3333,0.8333,4.1667,0.0,0.0,2.5,0.8333,2.5,6.6667,0.0,0.0,0.8333,0.8333,0.8333,14.1667,8.3333,0.0,0.0,0.8333,0.0,2.5,3.3333,0.8333,0.8333,0.0,0.0,0.0,0.8333,0.0,0.0,10.0,11.6667,0.0,1.6667,0.8333,0.8333,1.6667,AN
942910,,,,1.0,1.0,1.0,0.0,0.0,0.0,0.0,0.0,0.0,2.0,0.0,0.0,0.0,0.0,0.0,1.0,0.0,0.0,0.0,0.0,0.0,0.0,1.0,0.0,0.0,0.0,0.0,0.0,0.0,0.0,0.0,1.0,6.0,0.0,1.0,1.0,0.0,0.0,16,0,0,6.25,6.25,6.25,0.0,0.0,0.0,0.0,0.0,0.0,12.5,0.0,0.0,0.0,0.0,0.0,6.25,0.0,0.0,0.0,0.0,0.0,0.0,6.25,0.0,0.0,0.0,0.0,0.0,0.0,0.0,0.0,6.25,37.5,0.0,6.25,6.25,0.0,0.0,RP
943601,,,,0.0,4.0,0.0,2.0,0.0,0.0,0.0,0.0,0.0,0.0,0.0,0.0,0.0,0.0,0.0,0.0,1.0,0.0,0.0,0.0,0.0,2.0,0.0,0.0,1.0,0.0,0.0,0.0,0.0,0.0,0.0,0.0,6.0,0.0,0.0,1.0,0.0,0.0,17,0,0,0.0,23.5294,0.0,11.7647,0.0,0.0,0.0,0.0,0.0,0.0,0.0,0.0,0.0,0.0,0.0,0.0,5.8824,0.0,0.0,0.0,0.0,11.7647,0.0,0.0,5.8824,0.0,0.0,0.0,0.0,0.0,0.0,0.0,35.2941,0.0,0.0,5.8824,0.0,0.0,RP
944202,,,,1.0,4.0,1.0,1.0,0.0,0.0,0.0,0.0,0.0,10.0,0.0,0.0,3.0,0.0,2.0,12.0,8.0,0.0,0.0,0.0,1.0,0.0,5.0,0.0,0.0,0.0,0.0,0.0,0.0,0.0,0.0,18.0,5.0,0.0,2.0,0.0,5.0,2.0,80,20,30,1.25,5.0,1.25,1.25,0.0,0.0,0.0,0.0,0.0,12.5,0.0,0.0,3.75,0.0,2.5,15.0,10.0,0.0,0.0,0.0,1.25,0.0,6.25,0.0,0.0,0.0,0.0,0.0,0.0,0.0,0.0,22.5,6.25,0.0,2.5,0.0,6.25,2.5,PxT
950102,,,,0.0,33.0,0.0,1.0,0.0,0.0,2.0,0.0,0.0,14.0,0.0,0.0,0.0,3.0,0.0,12.0,53.0,0.0,1.0,0.0,1.0,1.0,35.0,0.0,0.0,0.0,0.0,0.0,0.0,0.0,0.0,17.0,145.0,0.0,4.0,1.0,0.0,5.0,328,23,2,0.0,10.061,0.0,0.3049,0.0,0.0,0.6098,0.0,0.0,4.2683,0.0,0.0,0.0,0.9146,0.0,3.6585,16.1585,0.0,0.3049,0.0,0.3049,0.3049,10.6707,0.0,0.0,0.0,0.0,0.0,0.0,0.0,0.0,5.1829,44.2073,0.0,1.2195,0.3049,0.0,1.5244,RP
950103,,,,0.0,5.0,0.0,2.0,0.0,0.0,0.0,0.0,0.0,4.0,0.0,0.0,0.0,1.0,0.0,5.0,11.0,0.0,0.0,0.0,0.0,0.0,7.0,0.0,0.0,0.0,0.0,1.0,0.0,0.0,0.0,6.0,15.0,0.0,2.0,1.0,0.0,0.0,60,4,0,0.0,8.3333,0.0,3.3333,0.0,0.0,0.0,0.0,0.0,6.6667,0.0,0.0,0.0,1.6667,0.0,8.3333,18.3333,0.0,0.0,0.0,0.0,0.0,11.6667,0.0,0.0,0.0,0.0,1.6667,0.0,0.0,0.0,10.0,25.0,0.0,3.3333,1.6667,0.0,0.0,RP
950104,,,,1.0,32.0,0.0,0.0,0.0,0.0,0.0,0.0,1.0,28.0,0.0,0.0,8.0,1.0,4.0,18.0,44.0,0.0,0.0,1.0,0.0,0.0,25.0,0.0,0.0,0.0,0.0,0.0,0.0,0.0,0.0,21.0,120.0,1.0,4.0,2.0,0.0,0.0,311,19,5,0.3215,10.2894,0.0,0.0,0.0,0.0,0.0,0.0,0.3215,9.0032,0.0,0.0,2.5723,0.3215,1.2862,5.7878,14.1479,0.0,0.0,0.3215,0.0,0.0,8.0386,0.0,0.0,0.0,0.0,0.0,0.0,0.0,0.0,6.7524,38.5852,0.3215,1.2862,0.6431,0.0,0.0,RP
950105,,,,6.0,119.0,0.0,6.0,1.0,0.0,5.0,1.0,7.0,92.0,0.0,0.0,14.0,4.0,7.0,70.0,167.0,2.0,6.0,0.0,2.0,3.0,60.0,2.0,1.0,4.0,3.0,1.0,1.0,0.0,1.0,65.0,520.0,1.0,10.0,7.0,3.0,12.0,1203,137,36,0.4988,9.8919,0.0,0.4988,0.0831,0.0,0.4156,0.0831,0.5819,7.6475,0.0,0.0,1.1638,0.3325,0.5819,5.8188,13.882,0.1663,0.4988,0.0,0.1663,0.2494,4.9875,0.1663,0.0831,0.3325,0.2494,0.0831,0.0831,0.0,0.0831,5.4032,43.2253,0.0831,0.8313,0.5819,0.2494,0.9975,RP
950106,,,,1.0,31.0,0.0,1.0,1.0,0.0,2.0,1.0,3.0,13.0,0.0,0.0,0.0,0.0,0.0,4.0,52.0,0.0,1.0,0.0,0.0,0.0,12.0,0.0,1.0,0.0,1.0,0.0,0.0,0.0,0.0,25.0,84.0,0.0,3.0,1.0,2.0,0.0,239,8,6,0.4184,12.9707,0.0,0.4184,0.4184,0.0,0.8368,0.4184,1.2552,5.4393,0.0,0.0,0.0,0.0,0.0,1.6736,21.7573,0.0,0.4184,0.0,0.0,0.0,5.0209,0.0,0.4184,0.0,0.4184,0.0,0.0,0.0,0.0,10.4603,35.1464,0.0,1.2552,0.4184,0.8368,0.0,RP
950201,,,,1.0,7.0,1.0,0.0,1.0,0.0,0.0,0.0,3.0,8.0,0.0,1.0,1.0,2.0,2.0,8.0,28.0,0.0,0.0,0.0,0.0,0.0,11.0,0.0,0.0,0.0,0.0,0.0,0.0,0.0,0.0,10.0,76.0,0.0,1.0,1.0,0.0,2.0,164,14,3,0.6098,4.2683,0.6098,0.0,0.6098,0.0,0.0,0.0,1.8293,4.878,0.0,0.6098,0.6098,1.2195,1.2195,4.878,17.0732,0.0,0.0,0.0,0.0,0.0,6.7073,0.0,0.0,0.0,0.0,0.0,0.0,0.0,0.0,6.0976,46.3415,0.0,0.6098,0.6098,0.0,1.2195,RP
950202,,,,0.0,4.0,0.0,4.0,0.0,0.0,0.0,0.0,0.0,4.0,0.0,0.0,0.0,0.0,0.0,3.0,14.0,0.0,0.0,0.0,0.0,1.0,8.0,0.0,1.0,0.0,0.0,1.0,0.0,0.0,0.0,2.0,23.0,0.0,0.0,0.0,0.0,0.0,65,3,2,0.0,6.1538,0.0,6.1538,0.0,0.0,0.0,0.0,0.0,6.1538,0.0,0.0,0.0,0.0,0.0,4.6154,21.5385,0.0,0.0,0.0,0.0,1.5385,12.3077,0.0,1.5385,0.0,0.0,1.5385,0.0,0.0,0.0,3.0769,35.3846,0.0,0.0,0.0,0.0,0.0,RP
